INSERT INTO MODEL(ID, MANUFACTURER_ID, NAME, URL) VALUES (11, 4, "Avalon", "https://toyota-usa.epc-data.com/avalon");
INSERT INTO FRAME(ID, MODEL_ID, NAME, URL) VALUES (126, 11, "GSX30L", "https://toyota-usa.epc-data.com/avalon/gsx30l");
INSERT INTO COMPLECTATION(ID, FRAME_ID, NAME, URL, ENGINE_MNEMONIC, ENGINE_LABEL, PRODUCTION_PERIOD, BODY_MNEMONIC, BODY_LABEL, GRADE_MNEMONIC, GRADE_LABEL, TRANSMISSION_MNEMONIC, TRANSMISSION_LABEL) VALUES (992, 126, "GSX30L-AEAGKA", "https://toyota-usa.epc-data.com/avalon/gsx30l/2118/", "2GRFE", "3500CC 24-VALVE DOHC EFI", "01.2005 - 07.2007", "", "", "XLS", "XLS TYPE", "ATM", "AUTOMATIC TRANSMISSION");
INSERT INTO COMPLECTATION_OPTIONS(COMPLECTATION_ID, OPTION_MNEMONIC, OPTION_LABEL) VALUES (992, "5FC", "ATM,5-SPEED FLOOR SHIFT");
INSERT INTO COMPLECTATION_OPTIONS(COMPLECTATION_ID, OPTION_MNEMONIC, OPTION_LABEL) VALUES (992, "USA", "UNITED STATES OF AMERICA");
INSERT INTO COMPLECTATION(ID, FRAME_ID, NAME, URL, ENGINE_MNEMONIC, ENGINE_LABEL, PRODUCTION_PERIOD, BODY_MNEMONIC, BODY_LABEL, GRADE_MNEMONIC, GRADE_LABEL, TRANSMISSION_MNEMONIC, TRANSMISSION_LABEL) VALUES (993, 126, "GSX30L-AEANKA", "https://toyota-usa.epc-data.com/avalon/gsx30l/2119/", "2GRFE", "3500CC 24-VALVE DOHC EFI", "01.2005 - 07.2007", "", "", "XL", "XL TYPE", "ATM", "AUTOMATIC TRANSMISSION");
INSERT INTO COMPLECTATION_OPTIONS(COMPLECTATION_ID, OPTION_MNEMONIC, OPTION_LABEL) VALUES (993, "5FC", "ATM,5-SPEED FLOOR SHIFT");
INSERT INTO COMPLECTATION_OPTIONS(COMPLECTATION_ID, OPTION_MNEMONIC, OPTION_LABEL) VALUES (993, "USA", "UNITED STATES OF AMERICA");
INSERT INTO COMPLECTATION(ID, FRAME_ID, NAME, URL, ENGINE_MNEMONIC, ENGINE_LABEL, PRODUCTION_PERIOD, BODY_MNEMONIC, BODY_LABEL, GRADE_MNEMONIC, GRADE_LABEL, TRANSMISSION_MNEMONIC, TRANSMISSION_LABEL) VALUES (994, 126, "GSX30L-AEAPKA", "https://toyota-usa.epc-data.com/avalon/gsx30l/2120/", "2GRFE", "3500CC 24-VALVE DOHC EFI", "01.2005 - 07.2007", "", "", "LIMD", "LIMITED TYPE", "ATM", "AUTOMATIC TRANSMISSION");
INSERT INTO COMPLECTATION_OPTIONS(COMPLECTATION_ID, OPTION_MNEMONIC, OPTION_LABEL) VALUES (994, "5FC", "ATM,5-SPEED FLOOR SHIFT");
INSERT INTO COMPLECTATION_OPTIONS(COMPLECTATION_ID, OPTION_MNEMONIC, OPTION_LABEL) VALUES (994, "USA", "UNITED STATES OF AMERICA");
INSERT INTO COMPLECTATION(ID, FRAME_ID, NAME, URL, ENGINE_MNEMONIC, ENGINE_LABEL, PRODUCTION_PERIOD, BODY_MNEMONIC, BODY_LABEL, GRADE_MNEMONIC, GRADE_LABEL, TRANSMISSION_MNEMONIC, TRANSMISSION_LABEL) VALUES (995, 126, "GSX30L-AETGKA", "https://toyota-usa.epc-data.com/avalon/gsx30l/2121/", "2GRFE", "3500CC 24-VALVE DOHC EFI", "07.2007", "", "", "XLS", "XLS TYPE", "ATM", "AUTOMATIC TRANSMISSION");
INSERT INTO COMPLECTATION_OPTIONS(COMPLECTATION_ID, OPTION_MNEMONIC, OPTION_LABEL) VALUES (995, "6FC", "ATM,6-SPEED FLOOR SHIFT");
INSERT INTO COMPLECTATION_OPTIONS(COMPLECTATION_ID, OPTION_MNEMONIC, OPTION_LABEL) VALUES (995, "USA", "UNITED STATES OF AMERICA");
INSERT INTO COMPLECTATION(ID, FRAME_ID, NAME, URL, ENGINE_MNEMONIC, ENGINE_LABEL, PRODUCTION_PERIOD, BODY_MNEMONIC, BODY_LABEL, GRADE_MNEMONIC, GRADE_LABEL, TRANSMISSION_MNEMONIC, TRANSMISSION_LABEL) VALUES (996, 126, "GSX30L-AETNKA", "https://toyota-usa.epc-data.com/avalon/gsx30l/2122/", "2GRFE", "3500CC 24-VALVE DOHC EFI", "07.2007", "", "", "XL", "XL TYPE", "ATM", "AUTOMATIC TRANSMISSION");
INSERT INTO COMPLECTATION_OPTIONS(COMPLECTATION_ID, OPTION_MNEMONIC, OPTION_LABEL) VALUES (996, "6FC", "ATM,6-SPEED FLOOR SHIFT");
INSERT INTO COMPLECTATION_OPTIONS(COMPLECTATION_ID, OPTION_MNEMONIC, OPTION_LABEL) VALUES (996, "USA", "UNITED STATES OF AMERICA");
INSERT INTO COMPLECTATION(ID, FRAME_ID, NAME, URL, ENGINE_MNEMONIC, ENGINE_LABEL, PRODUCTION_PERIOD, BODY_MNEMONIC, BODY_LABEL, GRADE_MNEMONIC, GRADE_LABEL, TRANSMISSION_MNEMONIC, TRANSMISSION_LABEL) VALUES (997, 126, "GSX30L-AETPKA", "https://toyota-usa.epc-data.com/avalon/gsx30l/2123/", "2GRFE", "3500CC 24-VALVE DOHC EFI", "07.2007", "", "", "LIMD", "LIMITED TYPE", "ATM", "AUTOMATIC TRANSMISSION");
INSERT INTO COMPLECTATION_OPTIONS(COMPLECTATION_ID, OPTION_MNEMONIC, OPTION_LABEL) VALUES (997, "6FC", "ATM,6-SPEED FLOOR SHIFT");
INSERT INTO COMPLECTATION_OPTIONS(COMPLECTATION_ID, OPTION_MNEMONIC, OPTION_LABEL) VALUES (997, "USA", "UNITED STATES OF AMERICA");
INSERT INTO FRAME(ID, MODEL_ID, NAME, URL) VALUES (127, 11, "MCX10L", "https://toyota-usa.epc-data.com/avalon/mcx10l");
INSERT INTO COMPLECTATION(ID, FRAME_ID, NAME, URL, ENGINE_MNEMONIC, ENGINE_LABEL, PRODUCTION_PERIOD, BODY_MNEMONIC, BODY_LABEL, GRADE_MNEMONIC, GRADE_LABEL, TRANSMISSION_MNEMONIC, TRANSMISSION_LABEL) VALUES (998, 127, "MCX10L-AEPGKA", "https://toyota-usa.epc-data.com/avalon/mcx10l/2087/", "1MZFE", "3000CC 24-VALVE DOHC EFI", "09.1994 - 08.1999", "", "", "XLS", "XLS TYPE", "ATM", "AUTOMATIC TRANSMISSION");
INSERT INTO COMPLECTATION_OPTIONS(COMPLECTATION_ID, OPTION_MNEMONIC, OPTION_LABEL) VALUES (998, "4FC", "ATM,4-SPEED FLOOR SHIFT");
INSERT INTO COMPLECTATION_OPTIONS(COMPLECTATION_ID, OPTION_MNEMONIC, OPTION_LABEL) VALUES (998, "USA", "UNITED STATES OF AMERICA");
INSERT INTO COMPLECTATION(ID, FRAME_ID, NAME, URL, ENGINE_MNEMONIC, ENGINE_LABEL, PRODUCTION_PERIOD, BODY_MNEMONIC, BODY_LABEL, GRADE_MNEMONIC, GRADE_LABEL, TRANSMISSION_MNEMONIC, TRANSMISSION_LABEL) VALUES (999, 127, "MCX10L-AEPGKK", "https://toyota-usa.epc-data.com/avalon/mcx10l/2088/", "1MZFE", "3000CC 24-VALVE DOHC EFI", "09.1994 - 08.1999", "", "", "XLS", "XLS TYPE", "ATM", "AUTOMATIC TRANSMISSION");
INSERT INTO COMPLECTATION_OPTIONS(COMPLECTATION_ID, OPTION_MNEMONIC, OPTION_LABEL) VALUES (999, "4FC", "ATM,4-SPEED FLOOR SHIFT");
INSERT INTO COMPLECTATION_OPTIONS(COMPLECTATION_ID, OPTION_MNEMONIC, OPTION_LABEL) VALUES (999, "CND", "CANADA");
INSERT INTO COMPLECTATION(ID, FRAME_ID, NAME, URL, ENGINE_MNEMONIC, ENGINE_LABEL, PRODUCTION_PERIOD, BODY_MNEMONIC, BODY_LABEL, GRADE_MNEMONIC, GRADE_LABEL, TRANSMISSION_MNEMONIC, TRANSMISSION_LABEL) VALUES (1000, 127, "MCX10L-AEPNKA", "https://toyota-usa.epc-data.com/avalon/mcx10l/2089/", "1MZFE", "3000CC 24-VALVE DOHC EFI", "09.1994 - 08.1999", "", "", "XL", "XL TYPE", "ATM", "AUTOMATIC TRANSMISSION");
INSERT INTO COMPLECTATION_OPTIONS(COMPLECTATION_ID, OPTION_MNEMONIC, OPTION_LABEL) VALUES (1000, "4FC", "ATM,4-SPEED FLOOR SHIFT");
INSERT INTO COMPLECTATION_OPTIONS(COMPLECTATION_ID, OPTION_MNEMONIC, OPTION_LABEL) VALUES (1000, "USA", "UNITED STATES OF AMERICA");
INSERT INTO COMPLECTATION(ID, FRAME_ID, NAME, URL, ENGINE_MNEMONIC, ENGINE_LABEL, PRODUCTION_PERIOD, BODY_MNEMONIC, BODY_LABEL, GRADE_MNEMONIC, GRADE_LABEL, TRANSMISSION_MNEMONIC, TRANSMISSION_LABEL) VALUES (1001, 127, "MCX10L-AEPNKK", "https://toyota-usa.epc-data.com/avalon/mcx10l/2090/", "1MZFE", "3000CC 24-VALVE DOHC EFI", "12.1995 - 08.1999", "", "", "XL", "XL TYPE", "ATM", "AUTOMATIC TRANSMISSION");
INSERT INTO COMPLECTATION_OPTIONS(COMPLECTATION_ID, OPTION_MNEMONIC, OPTION_LABEL) VALUES (1001, "4FC", "ATM,4-SPEED FLOOR SHIFT");
INSERT INTO COMPLECTATION_OPTIONS(COMPLECTATION_ID, OPTION_MNEMONIC, OPTION_LABEL) VALUES (1001, "CND", "CANADA");
INSERT INTO COMPLECTATION(ID, FRAME_ID, NAME, URL, ENGINE_MNEMONIC, ENGINE_LABEL, PRODUCTION_PERIOD, BODY_MNEMONIC, BODY_LABEL, GRADE_MNEMONIC, GRADE_LABEL, TRANSMISSION_MNEMONIC, TRANSMISSION_LABEL) VALUES (1002, 127, "MCX10L-AESGKA", "https://toyota-usa.epc-data.com/avalon/mcx10l/2091/", "1MZFE", "3000CC 24-VALVE DOHC EFI", "09.1994 - 08.1999", "", "", "XLS", "XLS TYPE", "ATM", "AUTOMATIC TRANSMISSION");
INSERT INTO COMPLECTATION_OPTIONS(COMPLECTATION_ID, OPTION_MNEMONIC, OPTION_LABEL) VALUES (1002, "4HC", "ATM,4-SPEED COLUMN SHIFT");
INSERT INTO COMPLECTATION_OPTIONS(COMPLECTATION_ID, OPTION_MNEMONIC, OPTION_LABEL) VALUES (1002, "USA", "UNITED STATES OF AMERICA");
INSERT INTO COMPLECTATION(ID, FRAME_ID, NAME, URL, ENGINE_MNEMONIC, ENGINE_LABEL, PRODUCTION_PERIOD, BODY_MNEMONIC, BODY_LABEL, GRADE_MNEMONIC, GRADE_LABEL, TRANSMISSION_MNEMONIC, TRANSMISSION_LABEL) VALUES (1003, 127, "MCX10L-AESGKK", "https://toyota-usa.epc-data.com/avalon/mcx10l/2092/", "1MZFE", "3000CC 24-VALVE DOHC EFI", "09.1994 - 08.1998", "", "", "XLS", "XLS TYPE", "ATM", "AUTOMATIC TRANSMISSION");
INSERT INTO COMPLECTATION_OPTIONS(COMPLECTATION_ID, OPTION_MNEMONIC, OPTION_LABEL) VALUES (1003, "4HC", "ATM,4-SPEED COLUMN SHIFT");
INSERT INTO COMPLECTATION_OPTIONS(COMPLECTATION_ID, OPTION_MNEMONIC, OPTION_LABEL) VALUES (1003, "CND", "CANADA");
INSERT INTO COMPLECTATION(ID, FRAME_ID, NAME, URL, ENGINE_MNEMONIC, ENGINE_LABEL, PRODUCTION_PERIOD, BODY_MNEMONIC, BODY_LABEL, GRADE_MNEMONIC, GRADE_LABEL, TRANSMISSION_MNEMONIC, TRANSMISSION_LABEL) VALUES (1004, 127, "MCX10L-AESNKA", "https://toyota-usa.epc-data.com/avalon/mcx10l/2093/", "1MZFE", "3000CC 24-VALVE DOHC EFI", "09.1994 - 08.1999", "", "", "XL", "XL TYPE", "ATM", "AUTOMATIC TRANSMISSION");
INSERT INTO COMPLECTATION_OPTIONS(COMPLECTATION_ID, OPTION_MNEMONIC, OPTION_LABEL) VALUES (1004, "4HC", "ATM,4-SPEED COLUMN SHIFT");
INSERT INTO COMPLECTATION_OPTIONS(COMPLECTATION_ID, OPTION_MNEMONIC, OPTION_LABEL) VALUES (1004, "USA", "UNITED STATES OF AMERICA");
INSERT INTO COMPLECTATION(ID, FRAME_ID, NAME, URL, ENGINE_MNEMONIC, ENGINE_LABEL, PRODUCTION_PERIOD, BODY_MNEMONIC, BODY_LABEL, GRADE_MNEMONIC, GRADE_LABEL, TRANSMISSION_MNEMONIC, TRANSMISSION_LABEL) VALUES (1005, 127, "MCX10L-AESNKK", "https://toyota-usa.epc-data.com/avalon/mcx10l/2094/", "1MZFE", "3000CC 24-VALVE DOHC EFI", "09.1994 - 08.1998", "", "", "XL", "XL TYPE", "ATM", "AUTOMATIC TRANSMISSION");
INSERT INTO COMPLECTATION_OPTIONS(COMPLECTATION_ID, OPTION_MNEMONIC, OPTION_LABEL) VALUES (1005, "4HC", "ATM,4-SPEED COLUMN SHIFT");
INSERT INTO COMPLECTATION_OPTIONS(COMPLECTATION_ID, OPTION_MNEMONIC, OPTION_LABEL) VALUES (1005, "CND", "CANADA");
INSERT INTO FRAME(ID, MODEL_ID, NAME, URL) VALUES (128, 11, "MCX20L", "https://toyota-usa.epc-data.com/avalon/mcx20l");
INSERT INTO COMPLECTATION(ID, FRAME_ID, NAME, URL, ENGINE_MNEMONIC, ENGINE_LABEL, PRODUCTION_PERIOD, BODY_MNEMONIC, BODY_LABEL, GRADE_MNEMONIC, GRADE_LABEL, TRANSMISSION_MNEMONIC, TRANSMISSION_LABEL) VALUES (1006, 128, "MCX20L-AEPGKA", "https://toyota-usa.epc-data.com/avalon/mcx20l/2112/", "1MZFE", "3000CC 24-VALVE DOHC EFI", "08.1999 - 01.2005", "", "", "XLS", "XLS TYPE", "ATM", "AUTOMATIC TRANSMISSION");
INSERT INTO COMPLECTATION_OPTIONS(COMPLECTATION_ID, OPTION_MNEMONIC, OPTION_LABEL) VALUES (1006, "4FC", "ATM,4-SPEED FLOOR SHIFT");
INSERT INTO COMPLECTATION_OPTIONS(COMPLECTATION_ID, OPTION_MNEMONIC, OPTION_LABEL) VALUES (1006, "USA", "UNITED STATES OF AMERICA");
INSERT INTO COMPLECTATION(ID, FRAME_ID, NAME, URL, ENGINE_MNEMONIC, ENGINE_LABEL, PRODUCTION_PERIOD, BODY_MNEMONIC, BODY_LABEL, GRADE_MNEMONIC, GRADE_LABEL, TRANSMISSION_MNEMONIC, TRANSMISSION_LABEL) VALUES (1007, 128, "MCX20L-AEPGKK", "https://toyota-usa.epc-data.com/avalon/mcx20l/2113/", "1MZFE", "3000CC 24-VALVE DOHC EFI", "08.1999 - 01.2005", "", "", "XLS", "XLS TYPE", "ATM", "AUTOMATIC TRANSMISSION");
INSERT INTO COMPLECTATION_OPTIONS(COMPLECTATION_ID, OPTION_MNEMONIC, OPTION_LABEL) VALUES (1007, "4FC", "ATM,4-SPEED FLOOR SHIFT");
INSERT INTO COMPLECTATION_OPTIONS(COMPLECTATION_ID, OPTION_MNEMONIC, OPTION_LABEL) VALUES (1007, "CND", "CANADA");
INSERT INTO COMPLECTATION(ID, FRAME_ID, NAME, URL, ENGINE_MNEMONIC, ENGINE_LABEL, PRODUCTION_PERIOD, BODY_MNEMONIC, BODY_LABEL, GRADE_MNEMONIC, GRADE_LABEL, TRANSMISSION_MNEMONIC, TRANSMISSION_LABEL) VALUES (1008, 128, "MCX20L-AEPNKA", "https://toyota-usa.epc-data.com/avalon/mcx20l/2114/", "1MZFE", "3000CC 24-VALVE DOHC EFI", "08.1999 - 01.2005", "", "", "XL", "XL TYPE", "ATM", "AUTOMATIC TRANSMISSION");
INSERT INTO COMPLECTATION_OPTIONS(COMPLECTATION_ID, OPTION_MNEMONIC, OPTION_LABEL) VALUES (1008, "4FC", "ATM,4-SPEED FLOOR SHIFT");
INSERT INTO COMPLECTATION_OPTIONS(COMPLECTATION_ID, OPTION_MNEMONIC, OPTION_LABEL) VALUES (1008, "USA", "UNITED STATES OF AMERICA");
INSERT INTO COMPLECTATION(ID, FRAME_ID, NAME, URL, ENGINE_MNEMONIC, ENGINE_LABEL, PRODUCTION_PERIOD, BODY_MNEMONIC, BODY_LABEL, GRADE_MNEMONIC, GRADE_LABEL, TRANSMISSION_MNEMONIC, TRANSMISSION_LABEL) VALUES (1009, 128, "MCX20L-AEPNKK", "https://toyota-usa.epc-data.com/avalon/mcx20l/2115/", "1MZFE", "3000CC 24-VALVE DOHC EFI", "08.1999 - 01.2005", "", "", "XL", "XL TYPE", "ATM", "AUTOMATIC TRANSMISSION");
INSERT INTO COMPLECTATION_OPTIONS(COMPLECTATION_ID, OPTION_MNEMONIC, OPTION_LABEL) VALUES (1009, "4FC", "ATM,4-SPEED FLOOR SHIFT");
INSERT INTO COMPLECTATION_OPTIONS(COMPLECTATION_ID, OPTION_MNEMONIC, OPTION_LABEL) VALUES (1009, "CND", "CANADA");
INSERT INTO COMPLECTATION(ID, FRAME_ID, NAME, URL, ENGINE_MNEMONIC, ENGINE_LABEL, PRODUCTION_PERIOD, BODY_MNEMONIC, BODY_LABEL, GRADE_MNEMONIC, GRADE_LABEL, TRANSMISSION_MNEMONIC, TRANSMISSION_LABEL) VALUES (1010, 128, "MCX20L-AESGKA", "https://toyota-usa.epc-data.com/avalon/mcx20l/2116/", "1MZFE", "3000CC 24-VALVE DOHC EFI", "08.1999 - 01.2005", "", "", "XLS", "XLS TYPE", "ATM", "AUTOMATIC TRANSMISSION");
INSERT INTO COMPLECTATION_OPTIONS(COMPLECTATION_ID, OPTION_MNEMONIC, OPTION_LABEL) VALUES (1010, "4HC", "ATM,4-SPEED COLUMN SHIFT");
INSERT INTO COMPLECTATION_OPTIONS(COMPLECTATION_ID, OPTION_MNEMONIC, OPTION_LABEL) VALUES (1010, "USA", "UNITED STATES OF AMERICA");
INSERT INTO COMPLECTATION(ID, FRAME_ID, NAME, URL, ENGINE_MNEMONIC, ENGINE_LABEL, PRODUCTION_PERIOD, BODY_MNEMONIC, BODY_LABEL, GRADE_MNEMONIC, GRADE_LABEL, TRANSMISSION_MNEMONIC, TRANSMISSION_LABEL) VALUES (1011, 128, "MCX20L-AESNKA", "https://toyota-usa.epc-data.com/avalon/mcx20l/2117/", "1MZFE", "3000CC 24-VALVE DOHC EFI", "08.1999 - 01.2005", "", "", "XL", "XL TYPE", "ATM", "AUTOMATIC TRANSMISSION");
INSERT INTO COMPLECTATION_OPTIONS(COMPLECTATION_ID, OPTION_MNEMONIC, OPTION_LABEL) VALUES (1011, "4HC", "ATM,4-SPEED COLUMN SHIFT");
INSERT INTO COMPLECTATION_OPTIONS(COMPLECTATION_ID, OPTION_MNEMONIC, OPTION_LABEL) VALUES (1011, "USA", "UNITED STATES OF AMERICA");
