INSERT INTO MODEL(ID, MANUFACTURER_ID, NAME, URL) VALUES (6, 2, "Auris", "https://toyota-europe.epc-data.com/auris");
INSERT INTO FRAME(ID, MODEL_ID, NAME, URL) VALUES (59, 6, "ADE150L", "https://toyota-europe.epc-data.com/auris/ade150l");
INSERT INTO COMPLECTATION(ID, FRAME_ID, NAME, URL, ENGINE_MNEMONIC, ENGINE_LABEL, PRODUCTION_PERIOD, BODY_MNEMONIC, BODY_LABEL, GRADE_MNEMONIC, GRADE_LABEL, TRANSMISSION_MNEMONIC, TRANSMISSION_LABEL) VALUES (465, 59, "ADE150L-AHFDXW", "https://toyota-europe.epc-data.com/auris/ade150l/2303/", "1ADFTV", "2000CC DIESEL TURBO", "10.2006", "", "", "TERRA", "TERRA TYPE", "MTM", "MANUAL TRANSMISSION");
INSERT INTO COMPLECTATION_OPTIONS(COMPLECTATION_ID, OPTION_MNEMONIC, OPTION_LABEL) VALUES (465, "6F", "MTM,6-SPEED FLOOR SHIFT");
INSERT INTO COMPLECTATION_OPTIONS(COMPLECTATION_ID, OPTION_MNEMONIC, OPTION_LABEL) VALUES (465, "LHD", "LEFT-HAND DRIVE VEHICLES");
INSERT INTO COMPLECTATION_OPTIONS(COMPLECTATION_ID, OPTION_MNEMONIC, OPTION_LABEL) VALUES (465, "DCRL", "DIESEL COMMON RAIL INJECTION SYSTEM(LOWEST-POLLUTION ENGINE)");
INSERT INTO COMPLECTATION(ID, FRAME_ID, NAME, URL, ENGINE_MNEMONIC, ENGINE_LABEL, PRODUCTION_PERIOD, BODY_MNEMONIC, BODY_LABEL, GRADE_MNEMONIC, GRADE_LABEL, TRANSMISSION_MNEMONIC, TRANSMISSION_LABEL) VALUES (466, 59, "ADE150L-AHFDYW", "https://toyota-europe.epc-data.com/auris/ade150l/2297/", "1ADFTV", "2000CC DIESEL TURBO", "10.2006", "", "", "TERRA", "TERRA TYPE", "MTM", "MANUAL TRANSMISSION");
INSERT INTO COMPLECTATION_OPTIONS(COMPLECTATION_ID, OPTION_MNEMONIC, OPTION_LABEL) VALUES (466, "6F", "MTM,6-SPEED FLOOR SHIFT");
INSERT INTO COMPLECTATION_OPTIONS(COMPLECTATION_ID, OPTION_MNEMONIC, OPTION_LABEL) VALUES (466, "LHD", "LEFT-HAND DRIVE VEHICLES");
INSERT INTO COMPLECTATION_OPTIONS(COMPLECTATION_ID, OPTION_MNEMONIC, OPTION_LABEL) VALUES (466, "DCR", "DIESEL COMMON RAIL INJECTION SYSTEM");
INSERT INTO COMPLECTATION(ID, FRAME_ID, NAME, URL, ENGINE_MNEMONIC, ENGINE_LABEL, PRODUCTION_PERIOD, BODY_MNEMONIC, BODY_LABEL, GRADE_MNEMONIC, GRADE_LABEL, TRANSMISSION_MNEMONIC, TRANSMISSION_LABEL) VALUES (467, 59, "ADE150L-AHFNXW", "https://toyota-europe.epc-data.com/auris/ade150l/2304/", "1ADFTV", "2000CC DIESEL TURBO", "10.2006", "", "", "SOL", "SOL TYPE", "MTM", "MANUAL TRANSMISSION");
INSERT INTO COMPLECTATION_OPTIONS(COMPLECTATION_ID, OPTION_MNEMONIC, OPTION_LABEL) VALUES (467, "6F", "MTM,6-SPEED FLOOR SHIFT");
INSERT INTO COMPLECTATION_OPTIONS(COMPLECTATION_ID, OPTION_MNEMONIC, OPTION_LABEL) VALUES (467, "LHD", "LEFT-HAND DRIVE VEHICLES");
INSERT INTO COMPLECTATION_OPTIONS(COMPLECTATION_ID, OPTION_MNEMONIC, OPTION_LABEL) VALUES (467, "DCRL", "DIESEL COMMON RAIL INJECTION SYSTEM(LOWEST-POLLUTION ENGINE)");
INSERT INTO COMPLECTATION(ID, FRAME_ID, NAME, URL, ENGINE_MNEMONIC, ENGINE_LABEL, PRODUCTION_PERIOD, BODY_MNEMONIC, BODY_LABEL, GRADE_MNEMONIC, GRADE_LABEL, TRANSMISSION_MNEMONIC, TRANSMISSION_LABEL) VALUES (468, 59, "ADE150L-AHFNYW", "https://toyota-europe.epc-data.com/auris/ade150l/2298/", "1ADFTV", "2000CC DIESEL TURBO", "10.2006", "", "", "SOL", "SOL TYPE", "MTM", "MANUAL TRANSMISSION");
INSERT INTO COMPLECTATION_OPTIONS(COMPLECTATION_ID, OPTION_MNEMONIC, OPTION_LABEL) VALUES (468, "6F", "MTM,6-SPEED FLOOR SHIFT");
INSERT INTO COMPLECTATION_OPTIONS(COMPLECTATION_ID, OPTION_MNEMONIC, OPTION_LABEL) VALUES (468, "LHD", "LEFT-HAND DRIVE VEHICLES");
INSERT INTO COMPLECTATION_OPTIONS(COMPLECTATION_ID, OPTION_MNEMONIC, OPTION_LABEL) VALUES (468, "DCR", "DIESEL COMMON RAIL INJECTION SYSTEM");
INSERT INTO COMPLECTATION(ID, FRAME_ID, NAME, URL, ENGINE_MNEMONIC, ENGINE_LABEL, PRODUCTION_PERIOD, BODY_MNEMONIC, BODY_LABEL, GRADE_MNEMONIC, GRADE_LABEL, TRANSMISSION_MNEMONIC, TRANSMISSION_LABEL) VALUES (469, 59, "ADE150L-DGFDXW", "https://toyota-europe.epc-data.com/auris/ade150l/2345/", "1ADFTV", "2000CC DIESEL TURBO", "02.2007", "", "", "TERRA", "TERRA TYPE", "MTM", "MANUAL TRANSMISSION");
INSERT INTO COMPLECTATION_OPTIONS(COMPLECTATION_ID, OPTION_MNEMONIC, OPTION_LABEL) VALUES (469, "6F", "MTM,6-SPEED FLOOR SHIFT");
INSERT INTO COMPLECTATION_OPTIONS(COMPLECTATION_ID, OPTION_MNEMONIC, OPTION_LABEL) VALUES (469, "LHD", "LEFT-HAND DRIVE VEHICLES");
INSERT INTO COMPLECTATION_OPTIONS(COMPLECTATION_ID, OPTION_MNEMONIC, OPTION_LABEL) VALUES (469, "3D", "3-DOOR");
INSERT INTO COMPLECTATION_OPTIONS(COMPLECTATION_ID, OPTION_MNEMONIC, OPTION_LABEL) VALUES (469, "DCRL", "DIESEL COMMON RAIL INJECTION SYSTEM(LOWEST-POLLUTION ENGINE)");
INSERT INTO COMPLECTATION(ID, FRAME_ID, NAME, URL, ENGINE_MNEMONIC, ENGINE_LABEL, PRODUCTION_PERIOD, BODY_MNEMONIC, BODY_LABEL, GRADE_MNEMONIC, GRADE_LABEL, TRANSMISSION_MNEMONIC, TRANSMISSION_LABEL) VALUES (470, 59, "ADE150L-DGFDYW", "https://toyota-europe.epc-data.com/auris/ade150l/2346/", "1ADFTV", "2000CC DIESEL TURBO", "02.2007", "", "", "TERRA", "TERRA TYPE", "MTM", "MANUAL TRANSMISSION");
INSERT INTO COMPLECTATION_OPTIONS(COMPLECTATION_ID, OPTION_MNEMONIC, OPTION_LABEL) VALUES (470, "6F", "MTM,6-SPEED FLOOR SHIFT");
INSERT INTO COMPLECTATION_OPTIONS(COMPLECTATION_ID, OPTION_MNEMONIC, OPTION_LABEL) VALUES (470, "LHD", "LEFT-HAND DRIVE VEHICLES");
INSERT INTO COMPLECTATION_OPTIONS(COMPLECTATION_ID, OPTION_MNEMONIC, OPTION_LABEL) VALUES (470, "3D", "3-DOOR");
INSERT INTO COMPLECTATION_OPTIONS(COMPLECTATION_ID, OPTION_MNEMONIC, OPTION_LABEL) VALUES (470, "DCR", "DIESEL COMMON RAIL INJECTION SYSTEM");
INSERT INTO COMPLECTATION(ID, FRAME_ID, NAME, URL, ENGINE_MNEMONIC, ENGINE_LABEL, PRODUCTION_PERIOD, BODY_MNEMONIC, BODY_LABEL, GRADE_MNEMONIC, GRADE_LABEL, TRANSMISSION_MNEMONIC, TRANSMISSION_LABEL) VALUES (471, 59, "ADE150L-DGFNXW", "https://toyota-europe.epc-data.com/auris/ade150l/2347/", "1ADFTV", "2000CC DIESEL TURBO", "02.2007", "", "", "SOL", "SOL TYPE", "MTM", "MANUAL TRANSMISSION");
INSERT INTO COMPLECTATION_OPTIONS(COMPLECTATION_ID, OPTION_MNEMONIC, OPTION_LABEL) VALUES (471, "6F", "MTM,6-SPEED FLOOR SHIFT");
INSERT INTO COMPLECTATION_OPTIONS(COMPLECTATION_ID, OPTION_MNEMONIC, OPTION_LABEL) VALUES (471, "LHD", "LEFT-HAND DRIVE VEHICLES");
INSERT INTO COMPLECTATION_OPTIONS(COMPLECTATION_ID, OPTION_MNEMONIC, OPTION_LABEL) VALUES (471, "3D", "3-DOOR");
INSERT INTO COMPLECTATION_OPTIONS(COMPLECTATION_ID, OPTION_MNEMONIC, OPTION_LABEL) VALUES (471, "DCRL", "DIESEL COMMON RAIL INJECTION SYSTEM(LOWEST-POLLUTION ENGINE)");
INSERT INTO COMPLECTATION(ID, FRAME_ID, NAME, URL, ENGINE_MNEMONIC, ENGINE_LABEL, PRODUCTION_PERIOD, BODY_MNEMONIC, BODY_LABEL, GRADE_MNEMONIC, GRADE_LABEL, TRANSMISSION_MNEMONIC, TRANSMISSION_LABEL) VALUES (472, 59, "ADE150L-DGFNYW", "https://toyota-europe.epc-data.com/auris/ade150l/2348/", "1ADFTV", "2000CC DIESEL TURBO", "02.2007", "", "", "SOL", "SOL TYPE", "MTM", "MANUAL TRANSMISSION");
INSERT INTO COMPLECTATION_OPTIONS(COMPLECTATION_ID, OPTION_MNEMONIC, OPTION_LABEL) VALUES (472, "6F", "MTM,6-SPEED FLOOR SHIFT");
INSERT INTO COMPLECTATION_OPTIONS(COMPLECTATION_ID, OPTION_MNEMONIC, OPTION_LABEL) VALUES (472, "LHD", "LEFT-HAND DRIVE VEHICLES");
INSERT INTO COMPLECTATION_OPTIONS(COMPLECTATION_ID, OPTION_MNEMONIC, OPTION_LABEL) VALUES (472, "3D", "3-DOOR");
INSERT INTO COMPLECTATION_OPTIONS(COMPLECTATION_ID, OPTION_MNEMONIC, OPTION_LABEL) VALUES (472, "DCR", "DIESEL COMMON RAIL INJECTION SYSTEM");
INSERT INTO COMPLECTATION(ID, FRAME_ID, NAME, URL, ENGINE_MNEMONIC, ENGINE_LABEL, PRODUCTION_PERIOD, BODY_MNEMONIC, BODY_LABEL, GRADE_MNEMONIC, GRADE_LABEL, TRANSMISSION_MNEMONIC, TRANSMISSION_LABEL) VALUES (473, 59, "ADE150L-DHFDXW", "https://toyota-europe.epc-data.com/auris/ade150l/2397/", "1ADFTV", "2000CC DIESEL TURBO", "02.2007", "", "", "TERRA", "TERRA TYPE", "MTM", "MANUAL TRANSMISSION");
INSERT INTO COMPLECTATION_OPTIONS(COMPLECTATION_ID, OPTION_MNEMONIC, OPTION_LABEL) VALUES (473, "6F", "MTM,6-SPEED FLOOR SHIFT");
INSERT INTO COMPLECTATION_OPTIONS(COMPLECTATION_ID, OPTION_MNEMONIC, OPTION_LABEL) VALUES (473, "LHD", "LEFT-HAND DRIVE VEHICLES");
INSERT INTO COMPLECTATION_OPTIONS(COMPLECTATION_ID, OPTION_MNEMONIC, OPTION_LABEL) VALUES (473, "5D", "5-DOOR");
INSERT INTO COMPLECTATION_OPTIONS(COMPLECTATION_ID, OPTION_MNEMONIC, OPTION_LABEL) VALUES (473, "DCRL", "DIESEL COMMON RAIL INJECTION SYSTEM(LOWEST-POLLUTION ENGINE)");
INSERT INTO COMPLECTATION(ID, FRAME_ID, NAME, URL, ENGINE_MNEMONIC, ENGINE_LABEL, PRODUCTION_PERIOD, BODY_MNEMONIC, BODY_LABEL, GRADE_MNEMONIC, GRADE_LABEL, TRANSMISSION_MNEMONIC, TRANSMISSION_LABEL) VALUES (474, 59, "ADE150L-DHFDYW", "https://toyota-europe.epc-data.com/auris/ade150l/2398/", "1ADFTV", "2000CC DIESEL TURBO", "02.2007", "", "", "TERRA", "TERRA TYPE", "MTM", "MANUAL TRANSMISSION");
INSERT INTO COMPLECTATION_OPTIONS(COMPLECTATION_ID, OPTION_MNEMONIC, OPTION_LABEL) VALUES (474, "6F", "MTM,6-SPEED FLOOR SHIFT");
INSERT INTO COMPLECTATION_OPTIONS(COMPLECTATION_ID, OPTION_MNEMONIC, OPTION_LABEL) VALUES (474, "LHD", "LEFT-HAND DRIVE VEHICLES");
INSERT INTO COMPLECTATION_OPTIONS(COMPLECTATION_ID, OPTION_MNEMONIC, OPTION_LABEL) VALUES (474, "5D", "5-DOOR");
INSERT INTO COMPLECTATION_OPTIONS(COMPLECTATION_ID, OPTION_MNEMONIC, OPTION_LABEL) VALUES (474, "DCR", "DIESEL COMMON RAIL INJECTION SYSTEM");
INSERT INTO COMPLECTATION(ID, FRAME_ID, NAME, URL, ENGINE_MNEMONIC, ENGINE_LABEL, PRODUCTION_PERIOD, BODY_MNEMONIC, BODY_LABEL, GRADE_MNEMONIC, GRADE_LABEL, TRANSMISSION_MNEMONIC, TRANSMISSION_LABEL) VALUES (475, 59, "ADE150L-DHFNXW", "https://toyota-europe.epc-data.com/auris/ade150l/2399/", "1ADFTV", "2000CC DIESEL TURBO", "02.2007", "", "", "SOL", "SOL TYPE", "MTM", "MANUAL TRANSMISSION");
INSERT INTO COMPLECTATION_OPTIONS(COMPLECTATION_ID, OPTION_MNEMONIC, OPTION_LABEL) VALUES (475, "6F", "MTM,6-SPEED FLOOR SHIFT");
INSERT INTO COMPLECTATION_OPTIONS(COMPLECTATION_ID, OPTION_MNEMONIC, OPTION_LABEL) VALUES (475, "LHD", "LEFT-HAND DRIVE VEHICLES");
INSERT INTO COMPLECTATION_OPTIONS(COMPLECTATION_ID, OPTION_MNEMONIC, OPTION_LABEL) VALUES (475, "5D", "5-DOOR");
INSERT INTO COMPLECTATION_OPTIONS(COMPLECTATION_ID, OPTION_MNEMONIC, OPTION_LABEL) VALUES (475, "DCRL", "DIESEL COMMON RAIL INJECTION SYSTEM(LOWEST-POLLUTION ENGINE)");
INSERT INTO COMPLECTATION(ID, FRAME_ID, NAME, URL, ENGINE_MNEMONIC, ENGINE_LABEL, PRODUCTION_PERIOD, BODY_MNEMONIC, BODY_LABEL, GRADE_MNEMONIC, GRADE_LABEL, TRANSMISSION_MNEMONIC, TRANSMISSION_LABEL) VALUES (476, 59, "ADE150L-DHFNYW", "https://toyota-europe.epc-data.com/auris/ade150l/2400/", "1ADFTV", "2000CC DIESEL TURBO", "02.2007", "", "", "SOL", "SOL TYPE", "MTM", "MANUAL TRANSMISSION");
INSERT INTO COMPLECTATION_OPTIONS(COMPLECTATION_ID, OPTION_MNEMONIC, OPTION_LABEL) VALUES (476, "6F", "MTM,6-SPEED FLOOR SHIFT");
INSERT INTO COMPLECTATION_OPTIONS(COMPLECTATION_ID, OPTION_MNEMONIC, OPTION_LABEL) VALUES (476, "LHD", "LEFT-HAND DRIVE VEHICLES");
INSERT INTO COMPLECTATION_OPTIONS(COMPLECTATION_ID, OPTION_MNEMONIC, OPTION_LABEL) VALUES (476, "5D", "5-DOOR");
INSERT INTO COMPLECTATION_OPTIONS(COMPLECTATION_ID, OPTION_MNEMONIC, OPTION_LABEL) VALUES (476, "DCR", "DIESEL COMMON RAIL INJECTION SYSTEM");
INSERT INTO FRAME(ID, MODEL_ID, NAME, URL) VALUES (60, 6, "ADE150R", "https://toyota-europe.epc-data.com/auris/ade150r");
INSERT INTO COMPLECTATION(ID, FRAME_ID, NAME, URL, ENGINE_MNEMONIC, ENGINE_LABEL, PRODUCTION_PERIOD, BODY_MNEMONIC, BODY_LABEL, GRADE_MNEMONIC, GRADE_LABEL, TRANSMISSION_MNEMONIC, TRANSMISSION_LABEL) VALUES (477, 60, "ADE150R-AHFNYW", "https://toyota-europe.epc-data.com/auris/ade150r/2299/", "1ADFTV", "2000CC DIESEL TURBO", "10.2006", "", "", "SOL", "SOL TYPE", "MTM", "MANUAL TRANSMISSION");
INSERT INTO COMPLECTATION_OPTIONS(COMPLECTATION_ID, OPTION_MNEMONIC, OPTION_LABEL) VALUES (477, "6F", "MTM,6-SPEED FLOOR SHIFT");
INSERT INTO COMPLECTATION_OPTIONS(COMPLECTATION_ID, OPTION_MNEMONIC, OPTION_LABEL) VALUES (477, "RHD", "RIGHT-HAND DRIVE VEHICLES");
INSERT INTO COMPLECTATION_OPTIONS(COMPLECTATION_ID, OPTION_MNEMONIC, OPTION_LABEL) VALUES (477, "DCR", "DIESEL COMMON RAIL INJECTION SYSTEM");
INSERT INTO COMPLECTATION(ID, FRAME_ID, NAME, URL, ENGINE_MNEMONIC, ENGINE_LABEL, PRODUCTION_PERIOD, BODY_MNEMONIC, BODY_LABEL, GRADE_MNEMONIC, GRADE_LABEL, TRANSMISSION_MNEMONIC, TRANSMISSION_LABEL) VALUES (478, 60, "ADE150R-DGFNYW", "https://toyota-europe.epc-data.com/auris/ade150r/2349/", "1ADFTV", "2000CC DIESEL TURBO", "02.2007", "", "", "SOL", "SOL TYPE", "MTM", "MANUAL TRANSMISSION");
INSERT INTO COMPLECTATION_OPTIONS(COMPLECTATION_ID, OPTION_MNEMONIC, OPTION_LABEL) VALUES (478, "6F", "MTM,6-SPEED FLOOR SHIFT");
INSERT INTO COMPLECTATION_OPTIONS(COMPLECTATION_ID, OPTION_MNEMONIC, OPTION_LABEL) VALUES (478, "RHD", "RIGHT-HAND DRIVE VEHICLES");
INSERT INTO COMPLECTATION_OPTIONS(COMPLECTATION_ID, OPTION_MNEMONIC, OPTION_LABEL) VALUES (478, "3D", "3-DOOR");
INSERT INTO COMPLECTATION_OPTIONS(COMPLECTATION_ID, OPTION_MNEMONIC, OPTION_LABEL) VALUES (478, "DCR", "DIESEL COMMON RAIL INJECTION SYSTEM");
INSERT INTO COMPLECTATION(ID, FRAME_ID, NAME, URL, ENGINE_MNEMONIC, ENGINE_LABEL, PRODUCTION_PERIOD, BODY_MNEMONIC, BODY_LABEL, GRADE_MNEMONIC, GRADE_LABEL, TRANSMISSION_MNEMONIC, TRANSMISSION_LABEL) VALUES (479, 60, "ADE150R-DHFNYW", "https://toyota-europe.epc-data.com/auris/ade150r/2401/", "1ADFTV", "2000CC DIESEL TURBO", "02.2007", "", "", "SOL", "SOL TYPE", "MTM", "MANUAL TRANSMISSION");
INSERT INTO COMPLECTATION_OPTIONS(COMPLECTATION_ID, OPTION_MNEMONIC, OPTION_LABEL) VALUES (479, "6F", "MTM,6-SPEED FLOOR SHIFT");
INSERT INTO COMPLECTATION_OPTIONS(COMPLECTATION_ID, OPTION_MNEMONIC, OPTION_LABEL) VALUES (479, "RHD", "RIGHT-HAND DRIVE VEHICLES");
INSERT INTO COMPLECTATION_OPTIONS(COMPLECTATION_ID, OPTION_MNEMONIC, OPTION_LABEL) VALUES (479, "5D", "5-DOOR");
INSERT INTO COMPLECTATION_OPTIONS(COMPLECTATION_ID, OPTION_MNEMONIC, OPTION_LABEL) VALUES (479, "DCR", "DIESEL COMMON RAIL INJECTION SYSTEM");
INSERT INTO FRAME(ID, MODEL_ID, NAME, URL) VALUES (61, 6, "ADE157L", "https://toyota-europe.epc-data.com/auris/ade157l");
INSERT INTO COMPLECTATION(ID, FRAME_ID, NAME, URL, ENGINE_MNEMONIC, ENGINE_LABEL, PRODUCTION_PERIOD, BODY_MNEMONIC, BODY_LABEL, GRADE_MNEMONIC, GRADE_LABEL, TRANSMISSION_MNEMONIC, TRANSMISSION_LABEL) VALUES (480, 61, "ADE157L-DGFNXW", "https://toyota-europe.epc-data.com/auris/ade157l/2327/", "2ADFHV", "2200CC DIESEL TURBO", "02.2007", "", "", "SOL", "SOL TYPE", "MTM", "MANUAL TRANSMISSION");
INSERT INTO COMPLECTATION_OPTIONS(COMPLECTATION_ID, OPTION_MNEMONIC, OPTION_LABEL) VALUES (480, "6F", "MTM,6-SPEED FLOOR SHIFT");
INSERT INTO COMPLECTATION_OPTIONS(COMPLECTATION_ID, OPTION_MNEMONIC, OPTION_LABEL) VALUES (480, "LHD", "LEFT-HAND DRIVE VEHICLES");
INSERT INTO COMPLECTATION_OPTIONS(COMPLECTATION_ID, OPTION_MNEMONIC, OPTION_LABEL) VALUES (480, "3D", "3-DOOR");
INSERT INTO COMPLECTATION_OPTIONS(COMPLECTATION_ID, OPTION_MNEMONIC, OPTION_LABEL) VALUES (480, "DCRL", "DIESEL COMMON RAIL INJECTION SYSTEM(LOWEST-POLLUTION ENGINE)");
INSERT INTO COMPLECTATION(ID, FRAME_ID, NAME, URL, ENGINE_MNEMONIC, ENGINE_LABEL, PRODUCTION_PERIOD, BODY_MNEMONIC, BODY_LABEL, GRADE_MNEMONIC, GRADE_LABEL, TRANSMISSION_MNEMONIC, TRANSMISSION_LABEL) VALUES (481, 61, "ADE157L-DHFNXW", "https://toyota-europe.epc-data.com/auris/ade157l/2379/", "2ADFHV", "2200CC DIESEL TURBO", "02.2007", "", "", "SOL", "SOL TYPE", "MTM", "MANUAL TRANSMISSION");
INSERT INTO COMPLECTATION_OPTIONS(COMPLECTATION_ID, OPTION_MNEMONIC, OPTION_LABEL) VALUES (481, "6F", "MTM,6-SPEED FLOOR SHIFT");
INSERT INTO COMPLECTATION_OPTIONS(COMPLECTATION_ID, OPTION_MNEMONIC, OPTION_LABEL) VALUES (481, "LHD", "LEFT-HAND DRIVE VEHICLES");
INSERT INTO COMPLECTATION_OPTIONS(COMPLECTATION_ID, OPTION_MNEMONIC, OPTION_LABEL) VALUES (481, "5D", "5-DOOR");
INSERT INTO COMPLECTATION_OPTIONS(COMPLECTATION_ID, OPTION_MNEMONIC, OPTION_LABEL) VALUES (481, "DCRL", "DIESEL COMMON RAIL INJECTION SYSTEM(LOWEST-POLLUTION ENGINE)");
INSERT INTO FRAME(ID, MODEL_ID, NAME, URL) VALUES (62, 6, "ADE157R", "https://toyota-europe.epc-data.com/auris/ade157r");
INSERT INTO COMPLECTATION(ID, FRAME_ID, NAME, URL, ENGINE_MNEMONIC, ENGINE_LABEL, PRODUCTION_PERIOD, BODY_MNEMONIC, BODY_LABEL, GRADE_MNEMONIC, GRADE_LABEL, TRANSMISSION_MNEMONIC, TRANSMISSION_LABEL) VALUES (482, 62, "ADE157R-DGFNXW", "https://toyota-europe.epc-data.com/auris/ade157r/2328/", "2ADFHV", "2200CC DIESEL TURBO", "02.2007", "", "", "SOL", "SOL TYPE", "MTM", "MANUAL TRANSMISSION");
INSERT INTO COMPLECTATION_OPTIONS(COMPLECTATION_ID, OPTION_MNEMONIC, OPTION_LABEL) VALUES (482, "6F", "MTM,6-SPEED FLOOR SHIFT");
INSERT INTO COMPLECTATION_OPTIONS(COMPLECTATION_ID, OPTION_MNEMONIC, OPTION_LABEL) VALUES (482, "RHD", "RIGHT-HAND DRIVE VEHICLES");
INSERT INTO COMPLECTATION_OPTIONS(COMPLECTATION_ID, OPTION_MNEMONIC, OPTION_LABEL) VALUES (482, "3D", "3-DOOR");
INSERT INTO COMPLECTATION_OPTIONS(COMPLECTATION_ID, OPTION_MNEMONIC, OPTION_LABEL) VALUES (482, "DCRL", "DIESEL COMMON RAIL INJECTION SYSTEM(LOWEST-POLLUTION ENGINE)");
INSERT INTO COMPLECTATION(ID, FRAME_ID, NAME, URL, ENGINE_MNEMONIC, ENGINE_LABEL, PRODUCTION_PERIOD, BODY_MNEMONIC, BODY_LABEL, GRADE_MNEMONIC, GRADE_LABEL, TRANSMISSION_MNEMONIC, TRANSMISSION_LABEL) VALUES (483, 62, "ADE157R-DHFNXW", "https://toyota-europe.epc-data.com/auris/ade157r/2380/", "2ADFHV", "2200CC DIESEL TURBO", "02.2007", "", "", "SOL", "SOL TYPE", "MTM", "MANUAL TRANSMISSION");
INSERT INTO COMPLECTATION_OPTIONS(COMPLECTATION_ID, OPTION_MNEMONIC, OPTION_LABEL) VALUES (483, "6F", "MTM,6-SPEED FLOOR SHIFT");
INSERT INTO COMPLECTATION_OPTIONS(COMPLECTATION_ID, OPTION_MNEMONIC, OPTION_LABEL) VALUES (483, "RHD", "RIGHT-HAND DRIVE VEHICLES");
INSERT INTO COMPLECTATION_OPTIONS(COMPLECTATION_ID, OPTION_MNEMONIC, OPTION_LABEL) VALUES (483, "5D", "5-DOOR");
INSERT INTO COMPLECTATION_OPTIONS(COMPLECTATION_ID, OPTION_MNEMONIC, OPTION_LABEL) VALUES (483, "DCRL", "DIESEL COMMON RAIL INJECTION SYSTEM(LOWEST-POLLUTION ENGINE)");
INSERT INTO FRAME(ID, MODEL_ID, NAME, URL) VALUES (63, 6, "NDE150L", "https://toyota-europe.epc-data.com/auris/nde150l");
INSERT INTO COMPLECTATION(ID, FRAME_ID, NAME, URL, ENGINE_MNEMONIC, ENGINE_LABEL, PRODUCTION_PERIOD, BODY_MNEMONIC, BODY_LABEL, GRADE_MNEMONIC, GRADE_LABEL, TRANSMISSION_MNEMONIC, TRANSMISSION_LABEL) VALUES (484, 63, "NDE150L-AHGDYW", "https://toyota-europe.epc-data.com/auris/nde150l/2283/", "1NDTV", "1400CC DIESEL TURBO", "10.2006", "", "", "TERRA", "TERRA TYPE", "MTM", "MANUAL TRANSMISSION");
INSERT INTO COMPLECTATION_OPTIONS(COMPLECTATION_ID, OPTION_MNEMONIC, OPTION_LABEL) VALUES (484, "5FS", "MTM,5-SPEED FLOOR SHIFT(SEQUENTIAL)");
INSERT INTO COMPLECTATION_OPTIONS(COMPLECTATION_ID, OPTION_MNEMONIC, OPTION_LABEL) VALUES (484, "LHD", "LEFT-HAND DRIVE VEHICLES");
INSERT INTO COMPLECTATION_OPTIONS(COMPLECTATION_ID, OPTION_MNEMONIC, OPTION_LABEL) VALUES (484, "DCR", "DIESEL COMMON RAIL INJECTION SYSTEM");
INSERT INTO COMPLECTATION(ID, FRAME_ID, NAME, URL, ENGINE_MNEMONIC, ENGINE_LABEL, PRODUCTION_PERIOD, BODY_MNEMONIC, BODY_LABEL, GRADE_MNEMONIC, GRADE_LABEL, TRANSMISSION_MNEMONIC, TRANSMISSION_LABEL) VALUES (485, 63, "NDE150L-AHGNYW", "https://toyota-europe.epc-data.com/auris/nde150l/2284/", "1NDTV", "1400CC DIESEL TURBO", "10.2006", "", "", "SOL", "SOL TYPE", "MTM", "MANUAL TRANSMISSION");
INSERT INTO COMPLECTATION_OPTIONS(COMPLECTATION_ID, OPTION_MNEMONIC, OPTION_LABEL) VALUES (485, "5FS", "MTM,5-SPEED FLOOR SHIFT(SEQUENTIAL)");
INSERT INTO COMPLECTATION_OPTIONS(COMPLECTATION_ID, OPTION_MNEMONIC, OPTION_LABEL) VALUES (485, "LHD", "LEFT-HAND DRIVE VEHICLES");
INSERT INTO COMPLECTATION_OPTIONS(COMPLECTATION_ID, OPTION_MNEMONIC, OPTION_LABEL) VALUES (485, "DCR", "DIESEL COMMON RAIL INJECTION SYSTEM");
INSERT INTO COMPLECTATION(ID, FRAME_ID, NAME, URL, ENGINE_MNEMONIC, ENGINE_LABEL, PRODUCTION_PERIOD, BODY_MNEMONIC, BODY_LABEL, GRADE_MNEMONIC, GRADE_LABEL, TRANSMISSION_MNEMONIC, TRANSMISSION_LABEL) VALUES (486, 63, "NDE150L-AHMDYW", "https://toyota-europe.epc-data.com/auris/nde150l/2285/", "1NDTV", "1400CC DIESEL TURBO", "10.2006", "", "", "TERRA", "TERRA TYPE", "MTM", "MANUAL TRANSMISSION");
INSERT INTO COMPLECTATION_OPTIONS(COMPLECTATION_ID, OPTION_MNEMONIC, OPTION_LABEL) VALUES (486, "5F", "MTM,5-SPEED FLOOR SHIFT");
INSERT INTO COMPLECTATION_OPTIONS(COMPLECTATION_ID, OPTION_MNEMONIC, OPTION_LABEL) VALUES (486, "LHD", "LEFT-HAND DRIVE VEHICLES");
INSERT INTO COMPLECTATION_OPTIONS(COMPLECTATION_ID, OPTION_MNEMONIC, OPTION_LABEL) VALUES (486, "DCR", "DIESEL COMMON RAIL INJECTION SYSTEM");
INSERT INTO COMPLECTATION(ID, FRAME_ID, NAME, URL, ENGINE_MNEMONIC, ENGINE_LABEL, PRODUCTION_PERIOD, BODY_MNEMONIC, BODY_LABEL, GRADE_MNEMONIC, GRADE_LABEL, TRANSMISSION_MNEMONIC, TRANSMISSION_LABEL) VALUES (487, 63, "NDE150L-AHMNYW", "https://toyota-europe.epc-data.com/auris/nde150l/2286/", "1NDTV", "1400CC DIESEL TURBO", "10.2006", "", "", "SOL", "SOL TYPE", "MTM", "MANUAL TRANSMISSION");
INSERT INTO COMPLECTATION_OPTIONS(COMPLECTATION_ID, OPTION_MNEMONIC, OPTION_LABEL) VALUES (487, "5F", "MTM,5-SPEED FLOOR SHIFT");
INSERT INTO COMPLECTATION_OPTIONS(COMPLECTATION_ID, OPTION_MNEMONIC, OPTION_LABEL) VALUES (487, "LHD", "LEFT-HAND DRIVE VEHICLES");
INSERT INTO COMPLECTATION_OPTIONS(COMPLECTATION_ID, OPTION_MNEMONIC, OPTION_LABEL) VALUES (487, "DCR", "DIESEL COMMON RAIL INJECTION SYSTEM");
INSERT INTO COMPLECTATION(ID, FRAME_ID, NAME, URL, ENGINE_MNEMONIC, ENGINE_LABEL, PRODUCTION_PERIOD, BODY_MNEMONIC, BODY_LABEL, GRADE_MNEMONIC, GRADE_LABEL, TRANSMISSION_MNEMONIC, TRANSMISSION_LABEL) VALUES (488, 63, "NDE150L-DGGDYW", "https://toyota-europe.epc-data.com/auris/nde150l/2331/", "1NDTV", "1400CC DIESEL TURBO", "02.2007", "", "", "TERRA", "TERRA TYPE", "MTM", "MANUAL TRANSMISSION");
INSERT INTO COMPLECTATION_OPTIONS(COMPLECTATION_ID, OPTION_MNEMONIC, OPTION_LABEL) VALUES (488, "5FS", "MTM,5-SPEED FLOOR SHIFT(SEQUENTIAL)");
INSERT INTO COMPLECTATION_OPTIONS(COMPLECTATION_ID, OPTION_MNEMONIC, OPTION_LABEL) VALUES (488, "LHD", "LEFT-HAND DRIVE VEHICLES");
INSERT INTO COMPLECTATION_OPTIONS(COMPLECTATION_ID, OPTION_MNEMONIC, OPTION_LABEL) VALUES (488, "3D", "3-DOOR");
INSERT INTO COMPLECTATION_OPTIONS(COMPLECTATION_ID, OPTION_MNEMONIC, OPTION_LABEL) VALUES (488, "DCR", "DIESEL COMMON RAIL INJECTION SYSTEM");
INSERT INTO COMPLECTATION(ID, FRAME_ID, NAME, URL, ENGINE_MNEMONIC, ENGINE_LABEL, PRODUCTION_PERIOD, BODY_MNEMONIC, BODY_LABEL, GRADE_MNEMONIC, GRADE_LABEL, TRANSMISSION_MNEMONIC, TRANSMISSION_LABEL) VALUES (489, 63, "NDE150L-DGGNYW", "https://toyota-europe.epc-data.com/auris/nde150l/2332/", "1NDTV", "1400CC DIESEL TURBO", "02.2007", "", "", "SOL", "SOL TYPE", "MTM", "MANUAL TRANSMISSION");
INSERT INTO COMPLECTATION_OPTIONS(COMPLECTATION_ID, OPTION_MNEMONIC, OPTION_LABEL) VALUES (489, "5FS", "MTM,5-SPEED FLOOR SHIFT(SEQUENTIAL)");
INSERT INTO COMPLECTATION_OPTIONS(COMPLECTATION_ID, OPTION_MNEMONIC, OPTION_LABEL) VALUES (489, "LHD", "LEFT-HAND DRIVE VEHICLES");
INSERT INTO COMPLECTATION_OPTIONS(COMPLECTATION_ID, OPTION_MNEMONIC, OPTION_LABEL) VALUES (489, "3D", "3-DOOR");
INSERT INTO COMPLECTATION_OPTIONS(COMPLECTATION_ID, OPTION_MNEMONIC, OPTION_LABEL) VALUES (489, "DCR", "DIESEL COMMON RAIL INJECTION SYSTEM");
INSERT INTO COMPLECTATION(ID, FRAME_ID, NAME, URL, ENGINE_MNEMONIC, ENGINE_LABEL, PRODUCTION_PERIOD, BODY_MNEMONIC, BODY_LABEL, GRADE_MNEMONIC, GRADE_LABEL, TRANSMISSION_MNEMONIC, TRANSMISSION_LABEL) VALUES (490, 63, "NDE150L-DGMDYW", "https://toyota-europe.epc-data.com/auris/nde150l/2333/", "1NDTV", "1400CC DIESEL TURBO", "02.2007", "", "", "TERRA", "TERRA TYPE", "MTM", "MANUAL TRANSMISSION");
INSERT INTO COMPLECTATION_OPTIONS(COMPLECTATION_ID, OPTION_MNEMONIC, OPTION_LABEL) VALUES (490, "5F", "MTM,5-SPEED FLOOR SHIFT");
INSERT INTO COMPLECTATION_OPTIONS(COMPLECTATION_ID, OPTION_MNEMONIC, OPTION_LABEL) VALUES (490, "LHD", "LEFT-HAND DRIVE VEHICLES");
INSERT INTO COMPLECTATION_OPTIONS(COMPLECTATION_ID, OPTION_MNEMONIC, OPTION_LABEL) VALUES (490, "3D", "3-DOOR");
INSERT INTO COMPLECTATION_OPTIONS(COMPLECTATION_ID, OPTION_MNEMONIC, OPTION_LABEL) VALUES (490, "DCR", "DIESEL COMMON RAIL INJECTION SYSTEM");
INSERT INTO COMPLECTATION(ID, FRAME_ID, NAME, URL, ENGINE_MNEMONIC, ENGINE_LABEL, PRODUCTION_PERIOD, BODY_MNEMONIC, BODY_LABEL, GRADE_MNEMONIC, GRADE_LABEL, TRANSMISSION_MNEMONIC, TRANSMISSION_LABEL) VALUES (491, 63, "NDE150L-DGMNYW", "https://toyota-europe.epc-data.com/auris/nde150l/2334/", "1NDTV", "1400CC DIESEL TURBO", "02.2007", "", "", "SOL", "SOL TYPE", "MTM", "MANUAL TRANSMISSION");
INSERT INTO COMPLECTATION_OPTIONS(COMPLECTATION_ID, OPTION_MNEMONIC, OPTION_LABEL) VALUES (491, "5F", "MTM,5-SPEED FLOOR SHIFT");
INSERT INTO COMPLECTATION_OPTIONS(COMPLECTATION_ID, OPTION_MNEMONIC, OPTION_LABEL) VALUES (491, "LHD", "LEFT-HAND DRIVE VEHICLES");
INSERT INTO COMPLECTATION_OPTIONS(COMPLECTATION_ID, OPTION_MNEMONIC, OPTION_LABEL) VALUES (491, "3D", "3-DOOR");
INSERT INTO COMPLECTATION_OPTIONS(COMPLECTATION_ID, OPTION_MNEMONIC, OPTION_LABEL) VALUES (491, "DCR", "DIESEL COMMON RAIL INJECTION SYSTEM");
INSERT INTO COMPLECTATION(ID, FRAME_ID, NAME, URL, ENGINE_MNEMONIC, ENGINE_LABEL, PRODUCTION_PERIOD, BODY_MNEMONIC, BODY_LABEL, GRADE_MNEMONIC, GRADE_LABEL, TRANSMISSION_MNEMONIC, TRANSMISSION_LABEL) VALUES (492, 63, "NDE150L-DHGDYW", "https://toyota-europe.epc-data.com/auris/nde150l/2383/", "1NDTV", "1400CC DIESEL TURBO", "02.2007", "", "", "TERRA", "TERRA TYPE", "MTM", "MANUAL TRANSMISSION");
INSERT INTO COMPLECTATION_OPTIONS(COMPLECTATION_ID, OPTION_MNEMONIC, OPTION_LABEL) VALUES (492, "5FS", "MTM,5-SPEED FLOOR SHIFT(SEQUENTIAL)");
INSERT INTO COMPLECTATION_OPTIONS(COMPLECTATION_ID, OPTION_MNEMONIC, OPTION_LABEL) VALUES (492, "LHD", "LEFT-HAND DRIVE VEHICLES");
INSERT INTO COMPLECTATION_OPTIONS(COMPLECTATION_ID, OPTION_MNEMONIC, OPTION_LABEL) VALUES (492, "5D", "5-DOOR");
INSERT INTO COMPLECTATION_OPTIONS(COMPLECTATION_ID, OPTION_MNEMONIC, OPTION_LABEL) VALUES (492, "DCR", "DIESEL COMMON RAIL INJECTION SYSTEM");
INSERT INTO COMPLECTATION(ID, FRAME_ID, NAME, URL, ENGINE_MNEMONIC, ENGINE_LABEL, PRODUCTION_PERIOD, BODY_MNEMONIC, BODY_LABEL, GRADE_MNEMONIC, GRADE_LABEL, TRANSMISSION_MNEMONIC, TRANSMISSION_LABEL) VALUES (493, 63, "NDE150L-DHGNYW", "https://toyota-europe.epc-data.com/auris/nde150l/2384/", "1NDTV", "1400CC DIESEL TURBO", "02.2007", "", "", "SOL", "SOL TYPE", "MTM", "MANUAL TRANSMISSION");
INSERT INTO COMPLECTATION_OPTIONS(COMPLECTATION_ID, OPTION_MNEMONIC, OPTION_LABEL) VALUES (493, "5FS", "MTM,5-SPEED FLOOR SHIFT(SEQUENTIAL)");
INSERT INTO COMPLECTATION_OPTIONS(COMPLECTATION_ID, OPTION_MNEMONIC, OPTION_LABEL) VALUES (493, "LHD", "LEFT-HAND DRIVE VEHICLES");
INSERT INTO COMPLECTATION_OPTIONS(COMPLECTATION_ID, OPTION_MNEMONIC, OPTION_LABEL) VALUES (493, "5D", "5-DOOR");
INSERT INTO COMPLECTATION_OPTIONS(COMPLECTATION_ID, OPTION_MNEMONIC, OPTION_LABEL) VALUES (493, "DCR", "DIESEL COMMON RAIL INJECTION SYSTEM");
INSERT INTO COMPLECTATION(ID, FRAME_ID, NAME, URL, ENGINE_MNEMONIC, ENGINE_LABEL, PRODUCTION_PERIOD, BODY_MNEMONIC, BODY_LABEL, GRADE_MNEMONIC, GRADE_LABEL, TRANSMISSION_MNEMONIC, TRANSMISSION_LABEL) VALUES (494, 63, "NDE150L-DHMDYW", "https://toyota-europe.epc-data.com/auris/nde150l/2385/", "1NDTV", "1400CC DIESEL TURBO", "02.2007", "", "", "TERRA", "TERRA TYPE", "MTM", "MANUAL TRANSMISSION");
INSERT INTO COMPLECTATION_OPTIONS(COMPLECTATION_ID, OPTION_MNEMONIC, OPTION_LABEL) VALUES (494, "5F", "MTM,5-SPEED FLOOR SHIFT");
INSERT INTO COMPLECTATION_OPTIONS(COMPLECTATION_ID, OPTION_MNEMONIC, OPTION_LABEL) VALUES (494, "LHD", "LEFT-HAND DRIVE VEHICLES");
INSERT INTO COMPLECTATION_OPTIONS(COMPLECTATION_ID, OPTION_MNEMONIC, OPTION_LABEL) VALUES (494, "5D", "5-DOOR");
INSERT INTO COMPLECTATION_OPTIONS(COMPLECTATION_ID, OPTION_MNEMONIC, OPTION_LABEL) VALUES (494, "DCR", "DIESEL COMMON RAIL INJECTION SYSTEM");
INSERT INTO COMPLECTATION(ID, FRAME_ID, NAME, URL, ENGINE_MNEMONIC, ENGINE_LABEL, PRODUCTION_PERIOD, BODY_MNEMONIC, BODY_LABEL, GRADE_MNEMONIC, GRADE_LABEL, TRANSMISSION_MNEMONIC, TRANSMISSION_LABEL) VALUES (495, 63, "NDE150L-DHMNYW", "https://toyota-europe.epc-data.com/auris/nde150l/2386/", "1NDTV", "1400CC DIESEL TURBO", "02.2007", "", "", "SOL", "SOL TYPE", "MTM", "MANUAL TRANSMISSION");
INSERT INTO COMPLECTATION_OPTIONS(COMPLECTATION_ID, OPTION_MNEMONIC, OPTION_LABEL) VALUES (495, "5F", "MTM,5-SPEED FLOOR SHIFT");
INSERT INTO COMPLECTATION_OPTIONS(COMPLECTATION_ID, OPTION_MNEMONIC, OPTION_LABEL) VALUES (495, "LHD", "LEFT-HAND DRIVE VEHICLES");
INSERT INTO COMPLECTATION_OPTIONS(COMPLECTATION_ID, OPTION_MNEMONIC, OPTION_LABEL) VALUES (495, "5D", "5-DOOR");
INSERT INTO COMPLECTATION_OPTIONS(COMPLECTATION_ID, OPTION_MNEMONIC, OPTION_LABEL) VALUES (495, "DCR", "DIESEL COMMON RAIL INJECTION SYSTEM");
INSERT INTO FRAME(ID, MODEL_ID, NAME, URL) VALUES (64, 6, "NDE150R", "https://toyota-europe.epc-data.com/auris/nde150r");
INSERT INTO COMPLECTATION(ID, FRAME_ID, NAME, URL, ENGINE_MNEMONIC, ENGINE_LABEL, PRODUCTION_PERIOD, BODY_MNEMONIC, BODY_LABEL, GRADE_MNEMONIC, GRADE_LABEL, TRANSMISSION_MNEMONIC, TRANSMISSION_LABEL) VALUES (496, 64, "NDE150R-AHGNYW", "https://toyota-europe.epc-data.com/auris/nde150r/2287/", "1NDTV", "1400CC DIESEL TURBO", "10.2006", "", "", "SOL", "SOL TYPE", "MTM", "MANUAL TRANSMISSION");
INSERT INTO COMPLECTATION_OPTIONS(COMPLECTATION_ID, OPTION_MNEMONIC, OPTION_LABEL) VALUES (496, "5FS", "MTM,5-SPEED FLOOR SHIFT(SEQUENTIAL)");
INSERT INTO COMPLECTATION_OPTIONS(COMPLECTATION_ID, OPTION_MNEMONIC, OPTION_LABEL) VALUES (496, "RHD", "RIGHT-HAND DRIVE VEHICLES");
INSERT INTO COMPLECTATION_OPTIONS(COMPLECTATION_ID, OPTION_MNEMONIC, OPTION_LABEL) VALUES (496, "DCR", "DIESEL COMMON RAIL INJECTION SYSTEM");
INSERT INTO COMPLECTATION(ID, FRAME_ID, NAME, URL, ENGINE_MNEMONIC, ENGINE_LABEL, PRODUCTION_PERIOD, BODY_MNEMONIC, BODY_LABEL, GRADE_MNEMONIC, GRADE_LABEL, TRANSMISSION_MNEMONIC, TRANSMISSION_LABEL) VALUES (497, 64, "NDE150R-AHMDYW", "https://toyota-europe.epc-data.com/auris/nde150r/2288/", "1NDTV", "1400CC DIESEL TURBO", "10.2006", "", "", "TERRA", "TERRA TYPE", "MTM", "MANUAL TRANSMISSION");
INSERT INTO COMPLECTATION_OPTIONS(COMPLECTATION_ID, OPTION_MNEMONIC, OPTION_LABEL) VALUES (497, "5F", "MTM,5-SPEED FLOOR SHIFT");
INSERT INTO COMPLECTATION_OPTIONS(COMPLECTATION_ID, OPTION_MNEMONIC, OPTION_LABEL) VALUES (497, "RHD", "RIGHT-HAND DRIVE VEHICLES");
INSERT INTO COMPLECTATION_OPTIONS(COMPLECTATION_ID, OPTION_MNEMONIC, OPTION_LABEL) VALUES (497, "DCR", "DIESEL COMMON RAIL INJECTION SYSTEM");
INSERT INTO COMPLECTATION(ID, FRAME_ID, NAME, URL, ENGINE_MNEMONIC, ENGINE_LABEL, PRODUCTION_PERIOD, BODY_MNEMONIC, BODY_LABEL, GRADE_MNEMONIC, GRADE_LABEL, TRANSMISSION_MNEMONIC, TRANSMISSION_LABEL) VALUES (498, 64, "NDE150R-AHMNYW", "https://toyota-europe.epc-data.com/auris/nde150r/2289/", "1NDTV", "1400CC DIESEL TURBO", "10.2006", "", "", "SOL", "SOL TYPE", "MTM", "MANUAL TRANSMISSION");
INSERT INTO COMPLECTATION_OPTIONS(COMPLECTATION_ID, OPTION_MNEMONIC, OPTION_LABEL) VALUES (498, "5F", "MTM,5-SPEED FLOOR SHIFT");
INSERT INTO COMPLECTATION_OPTIONS(COMPLECTATION_ID, OPTION_MNEMONIC, OPTION_LABEL) VALUES (498, "RHD", "RIGHT-HAND DRIVE VEHICLES");
INSERT INTO COMPLECTATION_OPTIONS(COMPLECTATION_ID, OPTION_MNEMONIC, OPTION_LABEL) VALUES (498, "DCR", "DIESEL COMMON RAIL INJECTION SYSTEM");
INSERT INTO COMPLECTATION(ID, FRAME_ID, NAME, URL, ENGINE_MNEMONIC, ENGINE_LABEL, PRODUCTION_PERIOD, BODY_MNEMONIC, BODY_LABEL, GRADE_MNEMONIC, GRADE_LABEL, TRANSMISSION_MNEMONIC, TRANSMISSION_LABEL) VALUES (499, 64, "NDE150R-DGGNYW", "https://toyota-europe.epc-data.com/auris/nde150r/2335/", "1NDTV", "1400CC DIESEL TURBO", "02.2007", "", "", "SOL", "SOL TYPE", "MTM", "MANUAL TRANSMISSION");
INSERT INTO COMPLECTATION_OPTIONS(COMPLECTATION_ID, OPTION_MNEMONIC, OPTION_LABEL) VALUES (499, "5FS", "MTM,5-SPEED FLOOR SHIFT(SEQUENTIAL)");
INSERT INTO COMPLECTATION_OPTIONS(COMPLECTATION_ID, OPTION_MNEMONIC, OPTION_LABEL) VALUES (499, "RHD", "RIGHT-HAND DRIVE VEHICLES");
INSERT INTO COMPLECTATION_OPTIONS(COMPLECTATION_ID, OPTION_MNEMONIC, OPTION_LABEL) VALUES (499, "3D", "3-DOOR");
INSERT INTO COMPLECTATION_OPTIONS(COMPLECTATION_ID, OPTION_MNEMONIC, OPTION_LABEL) VALUES (499, "DCR", "DIESEL COMMON RAIL INJECTION SYSTEM");
INSERT INTO COMPLECTATION(ID, FRAME_ID, NAME, URL, ENGINE_MNEMONIC, ENGINE_LABEL, PRODUCTION_PERIOD, BODY_MNEMONIC, BODY_LABEL, GRADE_MNEMONIC, GRADE_LABEL, TRANSMISSION_MNEMONIC, TRANSMISSION_LABEL) VALUES (500, 64, "NDE150R-DGMDYW", "https://toyota-europe.epc-data.com/auris/nde150r/2336/", "1NDTV", "1400CC DIESEL TURBO", "02.2007", "", "", "TERRA", "TERRA TYPE", "MTM", "MANUAL TRANSMISSION");
INSERT INTO COMPLECTATION_OPTIONS(COMPLECTATION_ID, OPTION_MNEMONIC, OPTION_LABEL) VALUES (500, "5F", "MTM,5-SPEED FLOOR SHIFT");
INSERT INTO COMPLECTATION_OPTIONS(COMPLECTATION_ID, OPTION_MNEMONIC, OPTION_LABEL) VALUES (500, "RHD", "RIGHT-HAND DRIVE VEHICLES");
INSERT INTO COMPLECTATION_OPTIONS(COMPLECTATION_ID, OPTION_MNEMONIC, OPTION_LABEL) VALUES (500, "3D", "3-DOOR");
INSERT INTO COMPLECTATION_OPTIONS(COMPLECTATION_ID, OPTION_MNEMONIC, OPTION_LABEL) VALUES (500, "DCR", "DIESEL COMMON RAIL INJECTION SYSTEM");
INSERT INTO COMPLECTATION(ID, FRAME_ID, NAME, URL, ENGINE_MNEMONIC, ENGINE_LABEL, PRODUCTION_PERIOD, BODY_MNEMONIC, BODY_LABEL, GRADE_MNEMONIC, GRADE_LABEL, TRANSMISSION_MNEMONIC, TRANSMISSION_LABEL) VALUES (501, 64, "NDE150R-DGMNYW", "https://toyota-europe.epc-data.com/auris/nde150r/2337/", "1NDTV", "1400CC DIESEL TURBO", "02.2007", "", "", "SOL", "SOL TYPE", "MTM", "MANUAL TRANSMISSION");
INSERT INTO COMPLECTATION_OPTIONS(COMPLECTATION_ID, OPTION_MNEMONIC, OPTION_LABEL) VALUES (501, "5F", "MTM,5-SPEED FLOOR SHIFT");
INSERT INTO COMPLECTATION_OPTIONS(COMPLECTATION_ID, OPTION_MNEMONIC, OPTION_LABEL) VALUES (501, "RHD", "RIGHT-HAND DRIVE VEHICLES");
INSERT INTO COMPLECTATION_OPTIONS(COMPLECTATION_ID, OPTION_MNEMONIC, OPTION_LABEL) VALUES (501, "3D", "3-DOOR");
INSERT INTO COMPLECTATION_OPTIONS(COMPLECTATION_ID, OPTION_MNEMONIC, OPTION_LABEL) VALUES (501, "DCR", "DIESEL COMMON RAIL INJECTION SYSTEM");
INSERT INTO COMPLECTATION(ID, FRAME_ID, NAME, URL, ENGINE_MNEMONIC, ENGINE_LABEL, PRODUCTION_PERIOD, BODY_MNEMONIC, BODY_LABEL, GRADE_MNEMONIC, GRADE_LABEL, TRANSMISSION_MNEMONIC, TRANSMISSION_LABEL) VALUES (502, 64, "NDE150R-DHGNYW", "https://toyota-europe.epc-data.com/auris/nde150r/2387/", "1NDTV", "1400CC DIESEL TURBO", "02.2007", "", "", "SOL", "SOL TYPE", "MTM", "MANUAL TRANSMISSION");
INSERT INTO COMPLECTATION_OPTIONS(COMPLECTATION_ID, OPTION_MNEMONIC, OPTION_LABEL) VALUES (502, "5FS", "MTM,5-SPEED FLOOR SHIFT(SEQUENTIAL)");
INSERT INTO COMPLECTATION_OPTIONS(COMPLECTATION_ID, OPTION_MNEMONIC, OPTION_LABEL) VALUES (502, "RHD", "RIGHT-HAND DRIVE VEHICLES");
INSERT INTO COMPLECTATION_OPTIONS(COMPLECTATION_ID, OPTION_MNEMONIC, OPTION_LABEL) VALUES (502, "5D", "5-DOOR");
INSERT INTO COMPLECTATION_OPTIONS(COMPLECTATION_ID, OPTION_MNEMONIC, OPTION_LABEL) VALUES (502, "DCR", "DIESEL COMMON RAIL INJECTION SYSTEM");
INSERT INTO COMPLECTATION(ID, FRAME_ID, NAME, URL, ENGINE_MNEMONIC, ENGINE_LABEL, PRODUCTION_PERIOD, BODY_MNEMONIC, BODY_LABEL, GRADE_MNEMONIC, GRADE_LABEL, TRANSMISSION_MNEMONIC, TRANSMISSION_LABEL) VALUES (503, 64, "NDE150R-DHMDYW", "https://toyota-europe.epc-data.com/auris/nde150r/2388/", "1NDTV", "1400CC DIESEL TURBO", "02.2007", "", "", "TERRA", "TERRA TYPE", "MTM", "MANUAL TRANSMISSION");
INSERT INTO COMPLECTATION_OPTIONS(COMPLECTATION_ID, OPTION_MNEMONIC, OPTION_LABEL) VALUES (503, "5F", "MTM,5-SPEED FLOOR SHIFT");
INSERT INTO COMPLECTATION_OPTIONS(COMPLECTATION_ID, OPTION_MNEMONIC, OPTION_LABEL) VALUES (503, "RHD", "RIGHT-HAND DRIVE VEHICLES");
INSERT INTO COMPLECTATION_OPTIONS(COMPLECTATION_ID, OPTION_MNEMONIC, OPTION_LABEL) VALUES (503, "5D", "5-DOOR");
INSERT INTO COMPLECTATION_OPTIONS(COMPLECTATION_ID, OPTION_MNEMONIC, OPTION_LABEL) VALUES (503, "DCR", "DIESEL COMMON RAIL INJECTION SYSTEM");
INSERT INTO COMPLECTATION(ID, FRAME_ID, NAME, URL, ENGINE_MNEMONIC, ENGINE_LABEL, PRODUCTION_PERIOD, BODY_MNEMONIC, BODY_LABEL, GRADE_MNEMONIC, GRADE_LABEL, TRANSMISSION_MNEMONIC, TRANSMISSION_LABEL) VALUES (504, 64, "NDE150R-DHMNYW", "https://toyota-europe.epc-data.com/auris/nde150r/2389/", "1NDTV", "1400CC DIESEL TURBO", "02.2007", "", "", "SOL", "SOL TYPE", "MTM", "MANUAL TRANSMISSION");
INSERT INTO COMPLECTATION_OPTIONS(COMPLECTATION_ID, OPTION_MNEMONIC, OPTION_LABEL) VALUES (504, "5F", "MTM,5-SPEED FLOOR SHIFT");
INSERT INTO COMPLECTATION_OPTIONS(COMPLECTATION_ID, OPTION_MNEMONIC, OPTION_LABEL) VALUES (504, "RHD", "RIGHT-HAND DRIVE VEHICLES");
INSERT INTO COMPLECTATION_OPTIONS(COMPLECTATION_ID, OPTION_MNEMONIC, OPTION_LABEL) VALUES (504, "5D", "5-DOOR");
INSERT INTO COMPLECTATION_OPTIONS(COMPLECTATION_ID, OPTION_MNEMONIC, OPTION_LABEL) VALUES (504, "DCR", "DIESEL COMMON RAIL INJECTION SYSTEM");
INSERT INTO FRAME(ID, MODEL_ID, NAME, URL) VALUES (65, 6, "ZRE151L", "https://toyota-europe.epc-data.com/auris/zre151l");
INSERT INTO COMPLECTATION(ID, FRAME_ID, NAME, URL, ENGINE_MNEMONIC, ENGINE_LABEL, PRODUCTION_PERIOD, BODY_MNEMONIC, BODY_LABEL, GRADE_MNEMONIC, GRADE_LABEL, TRANSMISSION_MNEMONIC, TRANSMISSION_LABEL) VALUES (505, 65, "ZRE151L-AHGDKW", "https://toyota-europe.epc-data.com/auris/zre151l/2315/", "1ZRFE", "1600CC 16-VALVE DOHC EFI", "10.2006", "", "", "TERRA", "TERRA TYPE", "MTM", "MANUAL TRANSMISSION");
INSERT INTO COMPLECTATION_OPTIONS(COMPLECTATION_ID, OPTION_MNEMONIC, OPTION_LABEL) VALUES (505, "5FS", "MTM,5-SPEED FLOOR SHIFT(SEQUENTIAL)");
INSERT INTO COMPLECTATION_OPTIONS(COMPLECTATION_ID, OPTION_MNEMONIC, OPTION_LABEL) VALUES (505, "LHD", "LEFT-HAND DRIVE VEHICLES");
INSERT INTO COMPLECTATION_OPTIONS(COMPLECTATION_ID, OPTION_MNEMONIC, OPTION_LABEL) VALUES (505, "HTWC", "HIGH EFFICIENCY TWIN CAM");
INSERT INTO COMPLECTATION(ID, FRAME_ID, NAME, URL, ENGINE_MNEMONIC, ENGINE_LABEL, PRODUCTION_PERIOD, BODY_MNEMONIC, BODY_LABEL, GRADE_MNEMONIC, GRADE_LABEL, TRANSMISSION_MNEMONIC, TRANSMISSION_LABEL) VALUES (506, 65, "ZRE151L-AHGNKW", "https://toyota-europe.epc-data.com/auris/zre151l/2316/", "1ZRFE", "1600CC 16-VALVE DOHC EFI", "10.2006", "", "", "SOL", "SOL TYPE", "MTM", "MANUAL TRANSMISSION");
INSERT INTO COMPLECTATION_OPTIONS(COMPLECTATION_ID, OPTION_MNEMONIC, OPTION_LABEL) VALUES (506, "5FS", "MTM,5-SPEED FLOOR SHIFT(SEQUENTIAL)");
INSERT INTO COMPLECTATION_OPTIONS(COMPLECTATION_ID, OPTION_MNEMONIC, OPTION_LABEL) VALUES (506, "LHD", "LEFT-HAND DRIVE VEHICLES");
INSERT INTO COMPLECTATION_OPTIONS(COMPLECTATION_ID, OPTION_MNEMONIC, OPTION_LABEL) VALUES (506, "HTWC", "HIGH EFFICIENCY TWIN CAM");
INSERT INTO COMPLECTATION(ID, FRAME_ID, NAME, URL, ENGINE_MNEMONIC, ENGINE_LABEL, PRODUCTION_PERIOD, BODY_MNEMONIC, BODY_LABEL, GRADE_MNEMONIC, GRADE_LABEL, TRANSMISSION_MNEMONIC, TRANSMISSION_LABEL) VALUES (507, 65, "ZRE151L-AHMDKW", "https://toyota-europe.epc-data.com/auris/zre151l/2317/", "1ZRFE", "1600CC 16-VALVE DOHC EFI", "10.2006", "", "", "TERRA", "TERRA TYPE", "MTM", "MANUAL TRANSMISSION");
INSERT INTO COMPLECTATION_OPTIONS(COMPLECTATION_ID, OPTION_MNEMONIC, OPTION_LABEL) VALUES (507, "5F", "MTM,5-SPEED FLOOR SHIFT");
INSERT INTO COMPLECTATION_OPTIONS(COMPLECTATION_ID, OPTION_MNEMONIC, OPTION_LABEL) VALUES (507, "LHD", "LEFT-HAND DRIVE VEHICLES");
INSERT INTO COMPLECTATION_OPTIONS(COMPLECTATION_ID, OPTION_MNEMONIC, OPTION_LABEL) VALUES (507, "HTWC", "HIGH EFFICIENCY TWIN CAM");
INSERT INTO COMPLECTATION(ID, FRAME_ID, NAME, URL, ENGINE_MNEMONIC, ENGINE_LABEL, PRODUCTION_PERIOD, BODY_MNEMONIC, BODY_LABEL, GRADE_MNEMONIC, GRADE_LABEL, TRANSMISSION_MNEMONIC, TRANSMISSION_LABEL) VALUES (508, 65, "ZRE151L-AHMNKW", "https://toyota-europe.epc-data.com/auris/zre151l/2318/", "1ZRFE", "1600CC 16-VALVE DOHC EFI", "10.2006", "", "", "SOL", "SOL TYPE", "MTM", "MANUAL TRANSMISSION");
INSERT INTO COMPLECTATION_OPTIONS(COMPLECTATION_ID, OPTION_MNEMONIC, OPTION_LABEL) VALUES (508, "5F", "MTM,5-SPEED FLOOR SHIFT");
INSERT INTO COMPLECTATION_OPTIONS(COMPLECTATION_ID, OPTION_MNEMONIC, OPTION_LABEL) VALUES (508, "LHD", "LEFT-HAND DRIVE VEHICLES");
INSERT INTO COMPLECTATION_OPTIONS(COMPLECTATION_ID, OPTION_MNEMONIC, OPTION_LABEL) VALUES (508, "HTWC", "HIGH EFFICIENCY TWIN CAM");
INSERT INTO COMPLECTATION(ID, FRAME_ID, NAME, URL, ENGINE_MNEMONIC, ENGINE_LABEL, PRODUCTION_PERIOD, BODY_MNEMONIC, BODY_LABEL, GRADE_MNEMONIC, GRADE_LABEL, TRANSMISSION_MNEMONIC, TRANSMISSION_LABEL) VALUES (509, 65, "ZRE151L-DGGDKW", "https://toyota-europe.epc-data.com/auris/zre151l/2367/", "1ZRFE", "1600CC 16-VALVE DOHC EFI", "02.2007", "", "", "TERRA", "TERRA TYPE", "MTM", "MANUAL TRANSMISSION");
INSERT INTO COMPLECTATION_OPTIONS(COMPLECTATION_ID, OPTION_MNEMONIC, OPTION_LABEL) VALUES (509, "5FS", "MTM,5-SPEED FLOOR SHIFT(SEQUENTIAL)");
INSERT INTO COMPLECTATION_OPTIONS(COMPLECTATION_ID, OPTION_MNEMONIC, OPTION_LABEL) VALUES (509, "LHD", "LEFT-HAND DRIVE VEHICLES");
INSERT INTO COMPLECTATION_OPTIONS(COMPLECTATION_ID, OPTION_MNEMONIC, OPTION_LABEL) VALUES (509, "3D", "3-DOOR");
INSERT INTO COMPLECTATION_OPTIONS(COMPLECTATION_ID, OPTION_MNEMONIC, OPTION_LABEL) VALUES (509, "HTWC", "HIGH EFFICIENCY TWIN CAM");
INSERT INTO COMPLECTATION(ID, FRAME_ID, NAME, URL, ENGINE_MNEMONIC, ENGINE_LABEL, PRODUCTION_PERIOD, BODY_MNEMONIC, BODY_LABEL, GRADE_MNEMONIC, GRADE_LABEL, TRANSMISSION_MNEMONIC, TRANSMISSION_LABEL) VALUES (510, 65, "ZRE151L-DGGNKW", "https://toyota-europe.epc-data.com/auris/zre151l/2368/", "1ZRFE", "1600CC 16-VALVE DOHC EFI", "02.2007", "", "", "SOL", "SOL TYPE", "MTM", "MANUAL TRANSMISSION");
INSERT INTO COMPLECTATION_OPTIONS(COMPLECTATION_ID, OPTION_MNEMONIC, OPTION_LABEL) VALUES (510, "5FS", "MTM,5-SPEED FLOOR SHIFT(SEQUENTIAL)");
INSERT INTO COMPLECTATION_OPTIONS(COMPLECTATION_ID, OPTION_MNEMONIC, OPTION_LABEL) VALUES (510, "LHD", "LEFT-HAND DRIVE VEHICLES");
INSERT INTO COMPLECTATION_OPTIONS(COMPLECTATION_ID, OPTION_MNEMONIC, OPTION_LABEL) VALUES (510, "3D", "3-DOOR");
INSERT INTO COMPLECTATION_OPTIONS(COMPLECTATION_ID, OPTION_MNEMONIC, OPTION_LABEL) VALUES (510, "HTWC", "HIGH EFFICIENCY TWIN CAM");
INSERT INTO COMPLECTATION(ID, FRAME_ID, NAME, URL, ENGINE_MNEMONIC, ENGINE_LABEL, PRODUCTION_PERIOD, BODY_MNEMONIC, BODY_LABEL, GRADE_MNEMONIC, GRADE_LABEL, TRANSMISSION_MNEMONIC, TRANSMISSION_LABEL) VALUES (511, 65, "ZRE151L-DGMDKW", "https://toyota-europe.epc-data.com/auris/zre151l/2369/", "1ZRFE", "1600CC 16-VALVE DOHC EFI", "02.2007", "", "", "TERRA", "TERRA TYPE", "MTM", "MANUAL TRANSMISSION");
INSERT INTO COMPLECTATION_OPTIONS(COMPLECTATION_ID, OPTION_MNEMONIC, OPTION_LABEL) VALUES (511, "5F", "MTM,5-SPEED FLOOR SHIFT");
INSERT INTO COMPLECTATION_OPTIONS(COMPLECTATION_ID, OPTION_MNEMONIC, OPTION_LABEL) VALUES (511, "LHD", "LEFT-HAND DRIVE VEHICLES");
INSERT INTO COMPLECTATION_OPTIONS(COMPLECTATION_ID, OPTION_MNEMONIC, OPTION_LABEL) VALUES (511, "3D", "3-DOOR");
INSERT INTO COMPLECTATION_OPTIONS(COMPLECTATION_ID, OPTION_MNEMONIC, OPTION_LABEL) VALUES (511, "HTWC", "HIGH EFFICIENCY TWIN CAM");
INSERT INTO COMPLECTATION(ID, FRAME_ID, NAME, URL, ENGINE_MNEMONIC, ENGINE_LABEL, PRODUCTION_PERIOD, BODY_MNEMONIC, BODY_LABEL, GRADE_MNEMONIC, GRADE_LABEL, TRANSMISSION_MNEMONIC, TRANSMISSION_LABEL) VALUES (512, 65, "ZRE151L-DGMNKW", "https://toyota-europe.epc-data.com/auris/zre151l/2370/", "1ZRFE", "1600CC 16-VALVE DOHC EFI", "02.2007", "", "", "SOL", "SOL TYPE", "MTM", "MANUAL TRANSMISSION");
INSERT INTO COMPLECTATION_OPTIONS(COMPLECTATION_ID, OPTION_MNEMONIC, OPTION_LABEL) VALUES (512, "5F", "MTM,5-SPEED FLOOR SHIFT");
INSERT INTO COMPLECTATION_OPTIONS(COMPLECTATION_ID, OPTION_MNEMONIC, OPTION_LABEL) VALUES (512, "LHD", "LEFT-HAND DRIVE VEHICLES");
INSERT INTO COMPLECTATION_OPTIONS(COMPLECTATION_ID, OPTION_MNEMONIC, OPTION_LABEL) VALUES (512, "3D", "3-DOOR");
INSERT INTO COMPLECTATION_OPTIONS(COMPLECTATION_ID, OPTION_MNEMONIC, OPTION_LABEL) VALUES (512, "HTWC", "HIGH EFFICIENCY TWIN CAM");
INSERT INTO COMPLECTATION(ID, FRAME_ID, NAME, URL, ENGINE_MNEMONIC, ENGINE_LABEL, PRODUCTION_PERIOD, BODY_MNEMONIC, BODY_LABEL, GRADE_MNEMONIC, GRADE_LABEL, TRANSMISSION_MNEMONIC, TRANSMISSION_LABEL) VALUES (513, 65, "ZRE151L-DHGDKW", "https://toyota-europe.epc-data.com/auris/zre151l/2420/", "1ZRFE", "1600CC 16-VALVE DOHC EFI", "02.2007", "", "", "TERRA", "TERRA TYPE", "MTM", "MANUAL TRANSMISSION");
INSERT INTO COMPLECTATION_OPTIONS(COMPLECTATION_ID, OPTION_MNEMONIC, OPTION_LABEL) VALUES (513, "5FS", "MTM,5-SPEED FLOOR SHIFT(SEQUENTIAL)");
INSERT INTO COMPLECTATION_OPTIONS(COMPLECTATION_ID, OPTION_MNEMONIC, OPTION_LABEL) VALUES (513, "LHD", "LEFT-HAND DRIVE VEHICLES");
INSERT INTO COMPLECTATION_OPTIONS(COMPLECTATION_ID, OPTION_MNEMONIC, OPTION_LABEL) VALUES (513, "5D", "5-DOOR");
INSERT INTO COMPLECTATION_OPTIONS(COMPLECTATION_ID, OPTION_MNEMONIC, OPTION_LABEL) VALUES (513, "HTWC", "HIGH EFFICIENCY TWIN CAM");
INSERT INTO COMPLECTATION(ID, FRAME_ID, NAME, URL, ENGINE_MNEMONIC, ENGINE_LABEL, PRODUCTION_PERIOD, BODY_MNEMONIC, BODY_LABEL, GRADE_MNEMONIC, GRADE_LABEL, TRANSMISSION_MNEMONIC, TRANSMISSION_LABEL) VALUES (514, 65, "ZRE151L-DHGNKW", "https://toyota-europe.epc-data.com/auris/zre151l/2421/", "1ZRFE", "1600CC 16-VALVE DOHC EFI", "02.2007", "", "", "SOL", "SOL TYPE", "MTM", "MANUAL TRANSMISSION");
INSERT INTO COMPLECTATION_OPTIONS(COMPLECTATION_ID, OPTION_MNEMONIC, OPTION_LABEL) VALUES (514, "5FS", "MTM,5-SPEED FLOOR SHIFT(SEQUENTIAL)");
INSERT INTO COMPLECTATION_OPTIONS(COMPLECTATION_ID, OPTION_MNEMONIC, OPTION_LABEL) VALUES (514, "LHD", "LEFT-HAND DRIVE VEHICLES");
INSERT INTO COMPLECTATION_OPTIONS(COMPLECTATION_ID, OPTION_MNEMONIC, OPTION_LABEL) VALUES (514, "5D", "5-DOOR");
INSERT INTO COMPLECTATION_OPTIONS(COMPLECTATION_ID, OPTION_MNEMONIC, OPTION_LABEL) VALUES (514, "HTWC", "HIGH EFFICIENCY TWIN CAM");
INSERT INTO COMPLECTATION(ID, FRAME_ID, NAME, URL, ENGINE_MNEMONIC, ENGINE_LABEL, PRODUCTION_PERIOD, BODY_MNEMONIC, BODY_LABEL, GRADE_MNEMONIC, GRADE_LABEL, TRANSMISSION_MNEMONIC, TRANSMISSION_LABEL) VALUES (515, 65, "ZRE151L-DHMDKW", "https://toyota-europe.epc-data.com/auris/zre151l/2422/", "1ZRFE", "1600CC 16-VALVE DOHC EFI", "02.2007", "", "", "TERRA", "TERRA TYPE", "MTM", "MANUAL TRANSMISSION");
INSERT INTO COMPLECTATION_OPTIONS(COMPLECTATION_ID, OPTION_MNEMONIC, OPTION_LABEL) VALUES (515, "5F", "MTM,5-SPEED FLOOR SHIFT");
INSERT INTO COMPLECTATION_OPTIONS(COMPLECTATION_ID, OPTION_MNEMONIC, OPTION_LABEL) VALUES (515, "LHD", "LEFT-HAND DRIVE VEHICLES");
INSERT INTO COMPLECTATION_OPTIONS(COMPLECTATION_ID, OPTION_MNEMONIC, OPTION_LABEL) VALUES (515, "5D", "5-DOOR");
INSERT INTO COMPLECTATION_OPTIONS(COMPLECTATION_ID, OPTION_MNEMONIC, OPTION_LABEL) VALUES (515, "HTWC", "HIGH EFFICIENCY TWIN CAM");
INSERT INTO COMPLECTATION(ID, FRAME_ID, NAME, URL, ENGINE_MNEMONIC, ENGINE_LABEL, PRODUCTION_PERIOD, BODY_MNEMONIC, BODY_LABEL, GRADE_MNEMONIC, GRADE_LABEL, TRANSMISSION_MNEMONIC, TRANSMISSION_LABEL) VALUES (516, 65, "ZRE151L-DHMNKW", "https://toyota-europe.epc-data.com/auris/zre151l/2423/", "1ZRFE", "1600CC 16-VALVE DOHC EFI", "02.2007", "", "", "SOL", "SOL TYPE", "MTM", "MANUAL TRANSMISSION");
INSERT INTO COMPLECTATION_OPTIONS(COMPLECTATION_ID, OPTION_MNEMONIC, OPTION_LABEL) VALUES (516, "5F", "MTM,5-SPEED FLOOR SHIFT");
INSERT INTO COMPLECTATION_OPTIONS(COMPLECTATION_ID, OPTION_MNEMONIC, OPTION_LABEL) VALUES (516, "LHD", "LEFT-HAND DRIVE VEHICLES");
INSERT INTO COMPLECTATION_OPTIONS(COMPLECTATION_ID, OPTION_MNEMONIC, OPTION_LABEL) VALUES (516, "5D", "5-DOOR");
INSERT INTO COMPLECTATION_OPTIONS(COMPLECTATION_ID, OPTION_MNEMONIC, OPTION_LABEL) VALUES (516, "HTWC", "HIGH EFFICIENCY TWIN CAM");
INSERT INTO FRAME(ID, MODEL_ID, NAME, URL) VALUES (66, 6, "ZRE151R", "https://toyota-europe.epc-data.com/auris/zre151r");
INSERT INTO COMPLECTATION(ID, FRAME_ID, NAME, URL, ENGINE_MNEMONIC, ENGINE_LABEL, PRODUCTION_PERIOD, BODY_MNEMONIC, BODY_LABEL, GRADE_MNEMONIC, GRADE_LABEL, TRANSMISSION_MNEMONIC, TRANSMISSION_LABEL) VALUES (517, 66, "ZRE151R-AHGNKW", "https://toyota-europe.epc-data.com/auris/zre151r/2319/", "1ZRFE", "1600CC 16-VALVE DOHC EFI", "10.2006", "", "", "SOL", "SOL TYPE", "MTM", "MANUAL TRANSMISSION");
INSERT INTO COMPLECTATION_OPTIONS(COMPLECTATION_ID, OPTION_MNEMONIC, OPTION_LABEL) VALUES (517, "5FS", "MTM,5-SPEED FLOOR SHIFT(SEQUENTIAL)");
INSERT INTO COMPLECTATION_OPTIONS(COMPLECTATION_ID, OPTION_MNEMONIC, OPTION_LABEL) VALUES (517, "RHD", "RIGHT-HAND DRIVE VEHICLES");
INSERT INTO COMPLECTATION_OPTIONS(COMPLECTATION_ID, OPTION_MNEMONIC, OPTION_LABEL) VALUES (517, "HTWC", "HIGH EFFICIENCY TWIN CAM");
INSERT INTO COMPLECTATION(ID, FRAME_ID, NAME, URL, ENGINE_MNEMONIC, ENGINE_LABEL, PRODUCTION_PERIOD, BODY_MNEMONIC, BODY_LABEL, GRADE_MNEMONIC, GRADE_LABEL, TRANSMISSION_MNEMONIC, TRANSMISSION_LABEL) VALUES (518, 66, "ZRE151R-AHMNKW", "https://toyota-europe.epc-data.com/auris/zre151r/2320/", "1ZRFE", "1600CC 16-VALVE DOHC EFI", "10.2006", "", "", "SOL", "SOL TYPE", "MTM", "MANUAL TRANSMISSION");
INSERT INTO COMPLECTATION_OPTIONS(COMPLECTATION_ID, OPTION_MNEMONIC, OPTION_LABEL) VALUES (518, "5F", "MTM,5-SPEED FLOOR SHIFT");
INSERT INTO COMPLECTATION_OPTIONS(COMPLECTATION_ID, OPTION_MNEMONIC, OPTION_LABEL) VALUES (518, "RHD", "RIGHT-HAND DRIVE VEHICLES");
INSERT INTO COMPLECTATION_OPTIONS(COMPLECTATION_ID, OPTION_MNEMONIC, OPTION_LABEL) VALUES (518, "HTWC", "HIGH EFFICIENCY TWIN CAM");
INSERT INTO COMPLECTATION(ID, FRAME_ID, NAME, URL, ENGINE_MNEMONIC, ENGINE_LABEL, PRODUCTION_PERIOD, BODY_MNEMONIC, BODY_LABEL, GRADE_MNEMONIC, GRADE_LABEL, TRANSMISSION_MNEMONIC, TRANSMISSION_LABEL) VALUES (519, 66, "ZRE151R-DGGNKW", "https://toyota-europe.epc-data.com/auris/zre151r/2371/", "1ZRFE", "1600CC 16-VALVE DOHC EFI", "02.2007", "", "", "SOL", "SOL TYPE", "MTM", "MANUAL TRANSMISSION");
INSERT INTO COMPLECTATION_OPTIONS(COMPLECTATION_ID, OPTION_MNEMONIC, OPTION_LABEL) VALUES (519, "5FS", "MTM,5-SPEED FLOOR SHIFT(SEQUENTIAL)");
INSERT INTO COMPLECTATION_OPTIONS(COMPLECTATION_ID, OPTION_MNEMONIC, OPTION_LABEL) VALUES (519, "RHD", "RIGHT-HAND DRIVE VEHICLES");
INSERT INTO COMPLECTATION_OPTIONS(COMPLECTATION_ID, OPTION_MNEMONIC, OPTION_LABEL) VALUES (519, "3D", "3-DOOR");
INSERT INTO COMPLECTATION_OPTIONS(COMPLECTATION_ID, OPTION_MNEMONIC, OPTION_LABEL) VALUES (519, "HTWC", "HIGH EFFICIENCY TWIN CAM");
INSERT INTO COMPLECTATION(ID, FRAME_ID, NAME, URL, ENGINE_MNEMONIC, ENGINE_LABEL, PRODUCTION_PERIOD, BODY_MNEMONIC, BODY_LABEL, GRADE_MNEMONIC, GRADE_LABEL, TRANSMISSION_MNEMONIC, TRANSMISSION_LABEL) VALUES (520, 66, "ZRE151R-DGMNKW", "https://toyota-europe.epc-data.com/auris/zre151r/2372/", "1ZRFE", "1600CC 16-VALVE DOHC EFI", "02.2007", "", "", "SOL", "SOL TYPE", "MTM", "MANUAL TRANSMISSION");
INSERT INTO COMPLECTATION_OPTIONS(COMPLECTATION_ID, OPTION_MNEMONIC, OPTION_LABEL) VALUES (520, "5F", "MTM,5-SPEED FLOOR SHIFT");
INSERT INTO COMPLECTATION_OPTIONS(COMPLECTATION_ID, OPTION_MNEMONIC, OPTION_LABEL) VALUES (520, "RHD", "RIGHT-HAND DRIVE VEHICLES");
INSERT INTO COMPLECTATION_OPTIONS(COMPLECTATION_ID, OPTION_MNEMONIC, OPTION_LABEL) VALUES (520, "3D", "3-DOOR");
INSERT INTO COMPLECTATION_OPTIONS(COMPLECTATION_ID, OPTION_MNEMONIC, OPTION_LABEL) VALUES (520, "HTWC", "HIGH EFFICIENCY TWIN CAM");
INSERT INTO COMPLECTATION(ID, FRAME_ID, NAME, URL, ENGINE_MNEMONIC, ENGINE_LABEL, PRODUCTION_PERIOD, BODY_MNEMONIC, BODY_LABEL, GRADE_MNEMONIC, GRADE_LABEL, TRANSMISSION_MNEMONIC, TRANSMISSION_LABEL) VALUES (521, 66, "ZRE151R-DHGNKW", "https://toyota-europe.epc-data.com/auris/zre151r/2424/", "1ZRFE", "1600CC 16-VALVE DOHC EFI", "02.2007", "", "", "SOL", "SOL TYPE", "MTM", "MANUAL TRANSMISSION");
INSERT INTO COMPLECTATION_OPTIONS(COMPLECTATION_ID, OPTION_MNEMONIC, OPTION_LABEL) VALUES (521, "5FS", "MTM,5-SPEED FLOOR SHIFT(SEQUENTIAL)");
INSERT INTO COMPLECTATION_OPTIONS(COMPLECTATION_ID, OPTION_MNEMONIC, OPTION_LABEL) VALUES (521, "RHD", "RIGHT-HAND DRIVE VEHICLES");
INSERT INTO COMPLECTATION_OPTIONS(COMPLECTATION_ID, OPTION_MNEMONIC, OPTION_LABEL) VALUES (521, "5D", "5-DOOR");
INSERT INTO COMPLECTATION_OPTIONS(COMPLECTATION_ID, OPTION_MNEMONIC, OPTION_LABEL) VALUES (521, "HTWC", "HIGH EFFICIENCY TWIN CAM");
INSERT INTO COMPLECTATION(ID, FRAME_ID, NAME, URL, ENGINE_MNEMONIC, ENGINE_LABEL, PRODUCTION_PERIOD, BODY_MNEMONIC, BODY_LABEL, GRADE_MNEMONIC, GRADE_LABEL, TRANSMISSION_MNEMONIC, TRANSMISSION_LABEL) VALUES (522, 66, "ZRE151R-DHMNKW", "https://toyota-europe.epc-data.com/auris/zre151r/2425/", "1ZRFE", "1600CC 16-VALVE DOHC EFI", "02.2007", "", "", "SOL", "SOL TYPE", "MTM", "MANUAL TRANSMISSION");
INSERT INTO COMPLECTATION_OPTIONS(COMPLECTATION_ID, OPTION_MNEMONIC, OPTION_LABEL) VALUES (522, "5F", "MTM,5-SPEED FLOOR SHIFT");
INSERT INTO COMPLECTATION_OPTIONS(COMPLECTATION_ID, OPTION_MNEMONIC, OPTION_LABEL) VALUES (522, "RHD", "RIGHT-HAND DRIVE VEHICLES");
INSERT INTO COMPLECTATION_OPTIONS(COMPLECTATION_ID, OPTION_MNEMONIC, OPTION_LABEL) VALUES (522, "5D", "5-DOOR");
INSERT INTO COMPLECTATION_OPTIONS(COMPLECTATION_ID, OPTION_MNEMONIC, OPTION_LABEL) VALUES (522, "HTWC", "HIGH EFFICIENCY TWIN CAM");
INSERT INTO FRAME(ID, MODEL_ID, NAME, URL) VALUES (67, 6, "ZZE150L", "https://toyota-europe.epc-data.com/auris/zze150l");
INSERT INTO COMPLECTATION(ID, FRAME_ID, NAME, URL, ENGINE_MNEMONIC, ENGINE_LABEL, PRODUCTION_PERIOD, BODY_MNEMONIC, BODY_LABEL, GRADE_MNEMONIC, GRADE_LABEL, TRANSMISSION_MNEMONIC, TRANSMISSION_LABEL) VALUES (523, 67, "ZZE150L-AHMDKW", "https://toyota-europe.epc-data.com/auris/zze150l/2307/", "4ZZFE", "1400CC 16-VALVE DOHC EFI", "10.2006", "", "", "TERRA", "TERRA TYPE", "MTM", "MANUAL TRANSMISSION");
INSERT INTO COMPLECTATION_OPTIONS(COMPLECTATION_ID, OPTION_MNEMONIC, OPTION_LABEL) VALUES (523, "5F", "MTM,5-SPEED FLOOR SHIFT");
INSERT INTO COMPLECTATION_OPTIONS(COMPLECTATION_ID, OPTION_MNEMONIC, OPTION_LABEL) VALUES (523, "LHD", "LEFT-HAND DRIVE VEHICLES");
INSERT INTO COMPLECTATION_OPTIONS(COMPLECTATION_ID, OPTION_MNEMONIC, OPTION_LABEL) VALUES (523, "HTWC", "HIGH EFFICIENCY TWIN CAM");
INSERT INTO COMPLECTATION(ID, FRAME_ID, NAME, URL, ENGINE_MNEMONIC, ENGINE_LABEL, PRODUCTION_PERIOD, BODY_MNEMONIC, BODY_LABEL, GRADE_MNEMONIC, GRADE_LABEL, TRANSMISSION_MNEMONIC, TRANSMISSION_LABEL) VALUES (524, 67, "ZZE150L-AHMNKW", "https://toyota-europe.epc-data.com/auris/zze150l/2308/", "4ZZFE", "1400CC 16-VALVE DOHC EFI", "10.2006", "", "", "SOL", "SOL TYPE", "MTM", "MANUAL TRANSMISSION");
INSERT INTO COMPLECTATION_OPTIONS(COMPLECTATION_ID, OPTION_MNEMONIC, OPTION_LABEL) VALUES (524, "5F", "MTM,5-SPEED FLOOR SHIFT");
INSERT INTO COMPLECTATION_OPTIONS(COMPLECTATION_ID, OPTION_MNEMONIC, OPTION_LABEL) VALUES (524, "LHD", "LEFT-HAND DRIVE VEHICLES");
INSERT INTO COMPLECTATION_OPTIONS(COMPLECTATION_ID, OPTION_MNEMONIC, OPTION_LABEL) VALUES (524, "HTWC", "HIGH EFFICIENCY TWIN CAM");
INSERT INTO COMPLECTATION(ID, FRAME_ID, NAME, URL, ENGINE_MNEMONIC, ENGINE_LABEL, PRODUCTION_PERIOD, BODY_MNEMONIC, BODY_LABEL, GRADE_MNEMONIC, GRADE_LABEL, TRANSMISSION_MNEMONIC, TRANSMISSION_LABEL) VALUES (525, 67, "ZZE150L-DGMDKW", "https://toyota-europe.epc-data.com/auris/zze150l/2359/", "4ZZFE", "1400CC 16-VALVE DOHC EFI", "02.2007", "", "", "TERRA", "TERRA TYPE", "MTM", "MANUAL TRANSMISSION");
INSERT INTO COMPLECTATION_OPTIONS(COMPLECTATION_ID, OPTION_MNEMONIC, OPTION_LABEL) VALUES (525, "5F", "MTM,5-SPEED FLOOR SHIFT");
INSERT INTO COMPLECTATION_OPTIONS(COMPLECTATION_ID, OPTION_MNEMONIC, OPTION_LABEL) VALUES (525, "LHD", "LEFT-HAND DRIVE VEHICLES");
INSERT INTO COMPLECTATION_OPTIONS(COMPLECTATION_ID, OPTION_MNEMONIC, OPTION_LABEL) VALUES (525, "3D", "3-DOOR");
INSERT INTO COMPLECTATION_OPTIONS(COMPLECTATION_ID, OPTION_MNEMONIC, OPTION_LABEL) VALUES (525, "HTWC", "HIGH EFFICIENCY TWIN CAM");
INSERT INTO COMPLECTATION(ID, FRAME_ID, NAME, URL, ENGINE_MNEMONIC, ENGINE_LABEL, PRODUCTION_PERIOD, BODY_MNEMONIC, BODY_LABEL, GRADE_MNEMONIC, GRADE_LABEL, TRANSMISSION_MNEMONIC, TRANSMISSION_LABEL) VALUES (526, 67, "ZZE150L-DGMNKW", "https://toyota-europe.epc-data.com/auris/zze150l/2360/", "4ZZFE", "1400CC 16-VALVE DOHC EFI", "02.2007", "", "", "SOL", "SOL TYPE", "MTM", "MANUAL TRANSMISSION");
INSERT INTO COMPLECTATION_OPTIONS(COMPLECTATION_ID, OPTION_MNEMONIC, OPTION_LABEL) VALUES (526, "5F", "MTM,5-SPEED FLOOR SHIFT");
INSERT INTO COMPLECTATION_OPTIONS(COMPLECTATION_ID, OPTION_MNEMONIC, OPTION_LABEL) VALUES (526, "LHD", "LEFT-HAND DRIVE VEHICLES");
INSERT INTO COMPLECTATION_OPTIONS(COMPLECTATION_ID, OPTION_MNEMONIC, OPTION_LABEL) VALUES (526, "3D", "3-DOOR");
INSERT INTO COMPLECTATION_OPTIONS(COMPLECTATION_ID, OPTION_MNEMONIC, OPTION_LABEL) VALUES (526, "HTWC", "HIGH EFFICIENCY TWIN CAM");
INSERT INTO COMPLECTATION(ID, FRAME_ID, NAME, URL, ENGINE_MNEMONIC, ENGINE_LABEL, PRODUCTION_PERIOD, BODY_MNEMONIC, BODY_LABEL, GRADE_MNEMONIC, GRADE_LABEL, TRANSMISSION_MNEMONIC, TRANSMISSION_LABEL) VALUES (527, 67, "ZZE150L-DHMDKW", "https://toyota-europe.epc-data.com/auris/zze150l/2412/", "4ZZFE", "1400CC 16-VALVE DOHC EFI", "02.2007", "", "", "TERRA", "TERRA TYPE", "MTM", "MANUAL TRANSMISSION");
INSERT INTO COMPLECTATION_OPTIONS(COMPLECTATION_ID, OPTION_MNEMONIC, OPTION_LABEL) VALUES (527, "5F", "MTM,5-SPEED FLOOR SHIFT");
INSERT INTO COMPLECTATION_OPTIONS(COMPLECTATION_ID, OPTION_MNEMONIC, OPTION_LABEL) VALUES (527, "LHD", "LEFT-HAND DRIVE VEHICLES");
INSERT INTO COMPLECTATION_OPTIONS(COMPLECTATION_ID, OPTION_MNEMONIC, OPTION_LABEL) VALUES (527, "5D", "5-DOOR");
INSERT INTO COMPLECTATION_OPTIONS(COMPLECTATION_ID, OPTION_MNEMONIC, OPTION_LABEL) VALUES (527, "HTWC", "HIGH EFFICIENCY TWIN CAM");
INSERT INTO COMPLECTATION(ID, FRAME_ID, NAME, URL, ENGINE_MNEMONIC, ENGINE_LABEL, PRODUCTION_PERIOD, BODY_MNEMONIC, BODY_LABEL, GRADE_MNEMONIC, GRADE_LABEL, TRANSMISSION_MNEMONIC, TRANSMISSION_LABEL) VALUES (528, 67, "ZZE150L-DHMNKW", "https://toyota-europe.epc-data.com/auris/zze150l/2413/", "4ZZFE", "1400CC 16-VALVE DOHC EFI", "02.2007", "", "", "SOL", "SOL TYPE", "MTM", "MANUAL TRANSMISSION");
INSERT INTO COMPLECTATION_OPTIONS(COMPLECTATION_ID, OPTION_MNEMONIC, OPTION_LABEL) VALUES (528, "5F", "MTM,5-SPEED FLOOR SHIFT");
INSERT INTO COMPLECTATION_OPTIONS(COMPLECTATION_ID, OPTION_MNEMONIC, OPTION_LABEL) VALUES (528, "LHD", "LEFT-HAND DRIVE VEHICLES");
INSERT INTO COMPLECTATION_OPTIONS(COMPLECTATION_ID, OPTION_MNEMONIC, OPTION_LABEL) VALUES (528, "5D", "5-DOOR");
INSERT INTO COMPLECTATION_OPTIONS(COMPLECTATION_ID, OPTION_MNEMONIC, OPTION_LABEL) VALUES (528, "HTWC", "HIGH EFFICIENCY TWIN CAM");
INSERT INTO FRAME(ID, MODEL_ID, NAME, URL) VALUES (68, 6, "ZZE150R", "https://toyota-europe.epc-data.com/auris/zze150r");
INSERT INTO COMPLECTATION(ID, FRAME_ID, NAME, URL, ENGINE_MNEMONIC, ENGINE_LABEL, PRODUCTION_PERIOD, BODY_MNEMONIC, BODY_LABEL, GRADE_MNEMONIC, GRADE_LABEL, TRANSMISSION_MNEMONIC, TRANSMISSION_LABEL) VALUES (529, 68, "ZZE150R-AHMDKW", "https://toyota-europe.epc-data.com/auris/zze150r/2309/", "4ZZFE", "1400CC 16-VALVE DOHC EFI", "10.2006", "", "", "TERRA", "TERRA TYPE", "MTM", "MANUAL TRANSMISSION");
INSERT INTO COMPLECTATION_OPTIONS(COMPLECTATION_ID, OPTION_MNEMONIC, OPTION_LABEL) VALUES (529, "5F", "MTM,5-SPEED FLOOR SHIFT");
INSERT INTO COMPLECTATION_OPTIONS(COMPLECTATION_ID, OPTION_MNEMONIC, OPTION_LABEL) VALUES (529, "RHD", "RIGHT-HAND DRIVE VEHICLES");
INSERT INTO COMPLECTATION_OPTIONS(COMPLECTATION_ID, OPTION_MNEMONIC, OPTION_LABEL) VALUES (529, "HTWC", "HIGH EFFICIENCY TWIN CAM");
INSERT INTO COMPLECTATION(ID, FRAME_ID, NAME, URL, ENGINE_MNEMONIC, ENGINE_LABEL, PRODUCTION_PERIOD, BODY_MNEMONIC, BODY_LABEL, GRADE_MNEMONIC, GRADE_LABEL, TRANSMISSION_MNEMONIC, TRANSMISSION_LABEL) VALUES (530, 68, "ZZE150R-AHMNKW", "https://toyota-europe.epc-data.com/auris/zze150r/2310/", "4ZZFE", "1400CC 16-VALVE DOHC EFI", "10.2006", "", "", "SOL", "SOL TYPE", "MTM", "MANUAL TRANSMISSION");
INSERT INTO COMPLECTATION_OPTIONS(COMPLECTATION_ID, OPTION_MNEMONIC, OPTION_LABEL) VALUES (530, "5F", "MTM,5-SPEED FLOOR SHIFT");
INSERT INTO COMPLECTATION_OPTIONS(COMPLECTATION_ID, OPTION_MNEMONIC, OPTION_LABEL) VALUES (530, "RHD", "RIGHT-HAND DRIVE VEHICLES");
INSERT INTO COMPLECTATION_OPTIONS(COMPLECTATION_ID, OPTION_MNEMONIC, OPTION_LABEL) VALUES (530, "HTWC", "HIGH EFFICIENCY TWIN CAM");
INSERT INTO COMPLECTATION(ID, FRAME_ID, NAME, URL, ENGINE_MNEMONIC, ENGINE_LABEL, PRODUCTION_PERIOD, BODY_MNEMONIC, BODY_LABEL, GRADE_MNEMONIC, GRADE_LABEL, TRANSMISSION_MNEMONIC, TRANSMISSION_LABEL) VALUES (531, 68, "ZZE150R-DGMDKW", "https://toyota-europe.epc-data.com/auris/zze150r/2361/", "4ZZFE", "1400CC 16-VALVE DOHC EFI", "02.2007", "", "", "TERRA", "TERRA TYPE", "MTM", "MANUAL TRANSMISSION");
INSERT INTO COMPLECTATION_OPTIONS(COMPLECTATION_ID, OPTION_MNEMONIC, OPTION_LABEL) VALUES (531, "5F", "MTM,5-SPEED FLOOR SHIFT");
INSERT INTO COMPLECTATION_OPTIONS(COMPLECTATION_ID, OPTION_MNEMONIC, OPTION_LABEL) VALUES (531, "RHD", "RIGHT-HAND DRIVE VEHICLES");
INSERT INTO COMPLECTATION_OPTIONS(COMPLECTATION_ID, OPTION_MNEMONIC, OPTION_LABEL) VALUES (531, "3D", "3-DOOR");
INSERT INTO COMPLECTATION_OPTIONS(COMPLECTATION_ID, OPTION_MNEMONIC, OPTION_LABEL) VALUES (531, "HTWC", "HIGH EFFICIENCY TWIN CAM");
INSERT INTO COMPLECTATION(ID, FRAME_ID, NAME, URL, ENGINE_MNEMONIC, ENGINE_LABEL, PRODUCTION_PERIOD, BODY_MNEMONIC, BODY_LABEL, GRADE_MNEMONIC, GRADE_LABEL, TRANSMISSION_MNEMONIC, TRANSMISSION_LABEL) VALUES (532, 68, "ZZE150R-DGMNKW", "https://toyota-europe.epc-data.com/auris/zze150r/2362/", "4ZZFE", "1400CC 16-VALVE DOHC EFI", "02.2007", "", "", "SOL", "SOL TYPE", "MTM", "MANUAL TRANSMISSION");
INSERT INTO COMPLECTATION_OPTIONS(COMPLECTATION_ID, OPTION_MNEMONIC, OPTION_LABEL) VALUES (532, "5F", "MTM,5-SPEED FLOOR SHIFT");
INSERT INTO COMPLECTATION_OPTIONS(COMPLECTATION_ID, OPTION_MNEMONIC, OPTION_LABEL) VALUES (532, "RHD", "RIGHT-HAND DRIVE VEHICLES");
INSERT INTO COMPLECTATION_OPTIONS(COMPLECTATION_ID, OPTION_MNEMONIC, OPTION_LABEL) VALUES (532, "3D", "3-DOOR");
INSERT INTO COMPLECTATION_OPTIONS(COMPLECTATION_ID, OPTION_MNEMONIC, OPTION_LABEL) VALUES (532, "HTWC", "HIGH EFFICIENCY TWIN CAM");
INSERT INTO COMPLECTATION(ID, FRAME_ID, NAME, URL, ENGINE_MNEMONIC, ENGINE_LABEL, PRODUCTION_PERIOD, BODY_MNEMONIC, BODY_LABEL, GRADE_MNEMONIC, GRADE_LABEL, TRANSMISSION_MNEMONIC, TRANSMISSION_LABEL) VALUES (533, 68, "ZZE150R-DHMDKW", "https://toyota-europe.epc-data.com/auris/zze150r/2411/", "4ZZFE", "1400CC 16-VALVE DOHC EFI", "02.2007", "", "", "TERRA", "TERRA TYPE", "MTM", "MANUAL TRANSMISSION");
INSERT INTO COMPLECTATION_OPTIONS(COMPLECTATION_ID, OPTION_MNEMONIC, OPTION_LABEL) VALUES (533, "5F", "MTM,5-SPEED FLOOR SHIFT");
INSERT INTO COMPLECTATION_OPTIONS(COMPLECTATION_ID, OPTION_MNEMONIC, OPTION_LABEL) VALUES (533, "RHD", "RIGHT-HAND DRIVE VEHICLES");
INSERT INTO COMPLECTATION_OPTIONS(COMPLECTATION_ID, OPTION_MNEMONIC, OPTION_LABEL) VALUES (533, "5D", "5-DOOR");
INSERT INTO COMPLECTATION_OPTIONS(COMPLECTATION_ID, OPTION_MNEMONIC, OPTION_LABEL) VALUES (533, "HTWC", "HIGH EFFICIENCY TWIN CAM");
INSERT INTO COMPLECTATION(ID, FRAME_ID, NAME, URL, ENGINE_MNEMONIC, ENGINE_LABEL, PRODUCTION_PERIOD, BODY_MNEMONIC, BODY_LABEL, GRADE_MNEMONIC, GRADE_LABEL, TRANSMISSION_MNEMONIC, TRANSMISSION_LABEL) VALUES (534, 68, "ZZE150R-DHMNKW", "https://toyota-europe.epc-data.com/auris/zze150r/2415/", "4ZZFE", "1400CC 16-VALVE DOHC EFI", "02.2007", "", "", "SOL", "SOL TYPE", "MTM", "MANUAL TRANSMISSION");
INSERT INTO COMPLECTATION_OPTIONS(COMPLECTATION_ID, OPTION_MNEMONIC, OPTION_LABEL) VALUES (534, "5F", "MTM,5-SPEED FLOOR SHIFT");
INSERT INTO COMPLECTATION_OPTIONS(COMPLECTATION_ID, OPTION_MNEMONIC, OPTION_LABEL) VALUES (534, "RHD", "RIGHT-HAND DRIVE VEHICLES");
INSERT INTO COMPLECTATION_OPTIONS(COMPLECTATION_ID, OPTION_MNEMONIC, OPTION_LABEL) VALUES (534, "5D", "5-DOOR");
INSERT INTO COMPLECTATION_OPTIONS(COMPLECTATION_ID, OPTION_MNEMONIC, OPTION_LABEL) VALUES (534, "HTWC", "HIGH EFFICIENCY TWIN CAM");
