INSERT INTO MODEL(ID, MANUFACTURER_ID, NAME, URL) VALUES (12, 4, "Avanza", "https://toyota-usa.epc-data.com/avanza");
INSERT INTO FRAME(ID, MODEL_ID, NAME, URL) VALUES (129, 12, "F601LM", "https://toyota-usa.epc-data.com/avanza/f601lm");
INSERT INTO COMPLECTATION(ID, FRAME_ID, NAME, URL, ENGINE_MNEMONIC, ENGINE_LABEL, PRODUCTION_PERIOD, BODY_MNEMONIC, BODY_LABEL, GRADE_MNEMONIC, GRADE_LABEL, TRANSMISSION_MNEMONIC, TRANSMISSION_LABEL) VALUES (1012, 129, "F601LM-GMDFJ", "https://toyota-usa.epc-data.com/avanza/f601lm/2203/", "K3VE", "1300CC 16-VALVE DOHC EFI", "08.2006", "VAN", "VAN", "DLX", "DELUXE TYPE", "", "");
INSERT INTO COMPLECTATION_OPTIONS(COMPLECTATION_ID, OPTION_MNEMONIC, OPTION_LABEL) VALUES (1012, "5F", "MTM,5-SPEED FLOOR SHIFT");
INSERT INTO COMPLECTATION_OPTIONS(COMPLECTATION_ID, OPTION_MNEMONIC, OPTION_LABEL) VALUES (1012, "LHD", "LEFT-HAND DRIVE VEHICLES");
INSERT INTO COMPLECTATION_OPTIONS(COMPLECTATION_ID, OPTION_MNEMONIC, OPTION_LABEL) VALUES (1012, "WVVT", "WITH VVT");
INSERT INTO COMPLECTATION_OPTIONS(COMPLECTATION_ID, OPTION_MNEMONIC, OPTION_LABEL) VALUES (1012, "GEN", "GENERAL COUNTRIES");
INSERT INTO COMPLECTATION(ID, FRAME_ID, NAME, URL, ENGINE_MNEMONIC, ENGINE_LABEL, PRODUCTION_PERIOD, BODY_MNEMONIC, BODY_LABEL, GRADE_MNEMONIC, GRADE_LABEL, TRANSMISSION_MNEMONIC, TRANSMISSION_LABEL) VALUES (1013, 129, "F601LM-GMDFJF", "https://toyota-usa.epc-data.com/avanza/f601lm/2204/", "K3VE", "1300CC 16-VALVE DOHC EFI", "10.2006", "VAN", "VAN", "J", "FIXED TYPE REAR SEAT (SEATING CAPACITY=9)", "", "");
INSERT INTO COMPLECTATION_OPTIONS(COMPLECTATION_ID, OPTION_MNEMONIC, OPTION_LABEL) VALUES (1013, "5F", "MTM,5-SPEED FLOOR SHIFT");
INSERT INTO COMPLECTATION_OPTIONS(COMPLECTATION_ID, OPTION_MNEMONIC, OPTION_LABEL) VALUES (1013, "LHD", "LEFT-HAND DRIVE VEHICLES");
INSERT INTO COMPLECTATION_OPTIONS(COMPLECTATION_ID, OPTION_MNEMONIC, OPTION_LABEL) VALUES (1013, "WVVT", "WITH VVT");
INSERT INTO COMPLECTATION_OPTIONS(COMPLECTATION_ID, OPTION_MNEMONIC, OPTION_LABEL) VALUES (1013, "PHL", "PHILIPPINE");
INSERT INTO FRAME(ID, MODEL_ID, NAME, URL) VALUES (130, 12, "F601RM", "https://toyota-usa.epc-data.com/avanza/f601rm");
INSERT INTO COMPLECTATION(ID, FRAME_ID, NAME, URL, ENGINE_MNEMONIC, ENGINE_LABEL, PRODUCTION_PERIOD, BODY_MNEMONIC, BODY_LABEL, GRADE_MNEMONIC, GRADE_LABEL, TRANSMISSION_MNEMONIC, TRANSMISSION_LABEL) VALUES (1014, 130, "F601RM-GMDEJ", "https://toyota-usa.epc-data.com/avanza/f601rm/2188/", "K3DE", "1300CC 16-VALVE EFI", "12.2003 - 08.2006", "VAN", "VAN", "E", "E TYPE", "", "");
INSERT INTO COMPLECTATION_OPTIONS(COMPLECTATION_ID, OPTION_MNEMONIC, OPTION_LABEL) VALUES (1014, "5F", "MTM,5-SPEED FLOOR SHIFT");
INSERT INTO COMPLECTATION_OPTIONS(COMPLECTATION_ID, OPTION_MNEMONIC, OPTION_LABEL) VALUES (1014, "RHD", "RIGHT-HAND DRIVE VEHICLES");
INSERT INTO COMPLECTATION_OPTIONS(COMPLECTATION_ID, OPTION_MNEMONIC, OPTION_LABEL) VALUES (1014, "LVVT", "LESS VVT");
INSERT INTO COMPLECTATION_OPTIONS(COMPLECTATION_ID, OPTION_MNEMONIC, OPTION_LABEL) VALUES (1014, "IDN", "INDONESIA");
INSERT INTO COMPLECTATION(ID, FRAME_ID, NAME, URL, ENGINE_MNEMONIC, ENGINE_LABEL, PRODUCTION_PERIOD, BODY_MNEMONIC, BODY_LABEL, GRADE_MNEMONIC, GRADE_LABEL, TRANSMISSION_MNEMONIC, TRANSMISSION_LABEL) VALUES (1015, 130, "F601RM-GMDFJJ", "https://toyota-usa.epc-data.com/avanza/f601rm/2199/", "K3VE", "1300CC 16-VALVE DOHC EFI", "08.2006", "VAN", "VAN", "E", "E TYPE", "", "");
INSERT INTO COMPLECTATION_OPTIONS(COMPLECTATION_ID, OPTION_MNEMONIC, OPTION_LABEL) VALUES (1015, "5F", "MTM,5-SPEED FLOOR SHIFT");
INSERT INTO COMPLECTATION_OPTIONS(COMPLECTATION_ID, OPTION_MNEMONIC, OPTION_LABEL) VALUES (1015, "RHD", "RIGHT-HAND DRIVE VEHICLES");
INSERT INTO COMPLECTATION_OPTIONS(COMPLECTATION_ID, OPTION_MNEMONIC, OPTION_LABEL) VALUES (1015, "WVVT", "WITH VVT");
INSERT INTO COMPLECTATION_OPTIONS(COMPLECTATION_ID, OPTION_MNEMONIC, OPTION_LABEL) VALUES (1015, "IDN", "INDONESIA");
INSERT INTO COMPLECTATION(ID, FRAME_ID, NAME, URL, ENGINE_MNEMONIC, ENGINE_LABEL, PRODUCTION_PERIOD, BODY_MNEMONIC, BODY_LABEL, GRADE_MNEMONIC, GRADE_LABEL, TRANSMISSION_MNEMONIC, TRANSMISSION_LABEL) VALUES (1016, 130, "F601RM-GMDFJN", "https://toyota-usa.epc-data.com/avanza/f601rm/2200/", "K3VE", "1300CC 16-VALVE DOHC EFI", "08.2006", "VAN", "VAN", "DLX", "DELUXE TYPE", "", "");
INSERT INTO COMPLECTATION_OPTIONS(COMPLECTATION_ID, OPTION_MNEMONIC, OPTION_LABEL) VALUES (1016, "5F", "MTM,5-SPEED FLOOR SHIFT");
INSERT INTO COMPLECTATION_OPTIONS(COMPLECTATION_ID, OPTION_MNEMONIC, OPTION_LABEL) VALUES (1016, "RHD", "RIGHT-HAND DRIVE VEHICLES");
INSERT INTO COMPLECTATION_OPTIONS(COMPLECTATION_ID, OPTION_MNEMONIC, OPTION_LABEL) VALUES (1016, "WVVT", "WITH VVT");
INSERT INTO COMPLECTATION_OPTIONS(COMPLECTATION_ID, OPTION_MNEMONIC, OPTION_LABEL) VALUES (1016, "SA", "SOUTH AFRICA");
INSERT INTO COMPLECTATION(ID, FRAME_ID, NAME, URL, ENGINE_MNEMONIC, ENGINE_LABEL, PRODUCTION_PERIOD, BODY_MNEMONIC, BODY_LABEL, GRADE_MNEMONIC, GRADE_LABEL, TRANSMISSION_MNEMONIC, TRANSMISSION_LABEL) VALUES (1017, 130, "F601RM-GMLFJN", "https://toyota-usa.epc-data.com/avanza/f601rm/2179/", "K3VE", "1300CC 16-VALVE DOHC EFI", "06.2007", "VAN", "VAN", "CTM", "CUSTOM TYPE", "", "");
INSERT INTO COMPLECTATION_OPTIONS(COMPLECTATION_ID, OPTION_MNEMONIC, OPTION_LABEL) VALUES (1017, "5F", "MTM,5-SPEED FLOOR SHIFT");
INSERT INTO COMPLECTATION_OPTIONS(COMPLECTATION_ID, OPTION_MNEMONIC, OPTION_LABEL) VALUES (1017, "RHD", "RIGHT-HAND DRIVE VEHICLES");
INSERT INTO COMPLECTATION_OPTIONS(COMPLECTATION_ID, OPTION_MNEMONIC, OPTION_LABEL) VALUES (1017, "WVVT", "WITH VVT");
INSERT INTO COMPLECTATION_OPTIONS(COMPLECTATION_ID, OPTION_MNEMONIC, OPTION_LABEL) VALUES (1017, "SA", "SOUTH AFRICA");
INSERT INTO COMPLECTATION(ID, FRAME_ID, NAME, URL, ENGINE_MNEMONIC, ENGINE_LABEL, PRODUCTION_PERIOD, BODY_MNEMONIC, BODY_LABEL, GRADE_MNEMONIC, GRADE_LABEL, TRANSMISSION_MNEMONIC, TRANSMISSION_LABEL) VALUES (1018, 130, "F601RM-GMMEJ", "https://toyota-usa.epc-data.com/avanza/f601rm/2189/", "K3DE", "1300CC 16-VALVE EFI", "12.2003 - 08.2006", "VAN", "VAN", "G", "G TYPE", "", "");
INSERT INTO COMPLECTATION_OPTIONS(COMPLECTATION_ID, OPTION_MNEMONIC, OPTION_LABEL) VALUES (1018, "5F", "MTM,5-SPEED FLOOR SHIFT");
INSERT INTO COMPLECTATION_OPTIONS(COMPLECTATION_ID, OPTION_MNEMONIC, OPTION_LABEL) VALUES (1018, "RHD", "RIGHT-HAND DRIVE VEHICLES");
INSERT INTO COMPLECTATION_OPTIONS(COMPLECTATION_ID, OPTION_MNEMONIC, OPTION_LABEL) VALUES (1018, "LVVT", "LESS VVT");
INSERT INTO COMPLECTATION_OPTIONS(COMPLECTATION_ID, OPTION_MNEMONIC, OPTION_LABEL) VALUES (1018, "IDN", "INDONESIA");
INSERT INTO COMPLECTATION(ID, FRAME_ID, NAME, URL, ENGINE_MNEMONIC, ENGINE_LABEL, PRODUCTION_PERIOD, BODY_MNEMONIC, BODY_LABEL, GRADE_MNEMONIC, GRADE_LABEL, TRANSMISSION_MNEMONIC, TRANSMISSION_LABEL) VALUES (1019, 130, "F601RM-GMMFJ", "https://toyota-usa.epc-data.com/avanza/f601rm/2201/", "K3VE", "1300CC 16-VALVE DOHC EFI", "08.2006", "VAN", "VAN", "G", "G TYPE", "", "");
INSERT INTO COMPLECTATION_OPTIONS(COMPLECTATION_ID, OPTION_MNEMONIC, OPTION_LABEL) VALUES (1019, "5F", "MTM,5-SPEED FLOOR SHIFT");
INSERT INTO COMPLECTATION_OPTIONS(COMPLECTATION_ID, OPTION_MNEMONIC, OPTION_LABEL) VALUES (1019, "RHD", "RIGHT-HAND DRIVE VEHICLES");
INSERT INTO COMPLECTATION_OPTIONS(COMPLECTATION_ID, OPTION_MNEMONIC, OPTION_LABEL) VALUES (1019, "WVVT", "WITH VVT");
INSERT INTO COMPLECTATION_OPTIONS(COMPLECTATION_ID, OPTION_MNEMONIC, OPTION_LABEL) VALUES (1019, "GEN", "GENERAL COUNTRIES");
INSERT INTO COMPLECTATION(ID, FRAME_ID, NAME, URL, ENGINE_MNEMONIC, ENGINE_LABEL, PRODUCTION_PERIOD, BODY_MNEMONIC, BODY_LABEL, GRADE_MNEMONIC, GRADE_LABEL, TRANSMISSION_MNEMONIC, TRANSMISSION_LABEL) VALUES (1020, 130, "F601RM-GMMFJB", "https://toyota-usa.epc-data.com/avanza/f601rm/2180/", "K3VE", "1300CC 16-VALVE DOHC EFI", "12.2005 - 08.2006", "VAN", "VAN", "GL", "GL TYPE", "", "");
INSERT INTO COMPLECTATION_OPTIONS(COMPLECTATION_ID, OPTION_MNEMONIC, OPTION_LABEL) VALUES (1020, "5F", "MTM,5-SPEED FLOOR SHIFT");
INSERT INTO COMPLECTATION_OPTIONS(COMPLECTATION_ID, OPTION_MNEMONIC, OPTION_LABEL) VALUES (1020, "RHD", "RIGHT-HAND DRIVE VEHICLES");
INSERT INTO COMPLECTATION_OPTIONS(COMPLECTATION_ID, OPTION_MNEMONIC, OPTION_LABEL) VALUES (1020, "WVVT", "WITH VVT");
INSERT INTO COMPLECTATION_OPTIONS(COMPLECTATION_ID, OPTION_MNEMONIC, OPTION_LABEL) VALUES (1020, "BRU", "BRUNEI");
INSERT INTO COMPLECTATION(ID, FRAME_ID, NAME, URL, ENGINE_MNEMONIC, ENGINE_LABEL, PRODUCTION_PERIOD, BODY_MNEMONIC, BODY_LABEL, GRADE_MNEMONIC, GRADE_LABEL, TRANSMISSION_MNEMONIC, TRANSMISSION_LABEL) VALUES (1021, 130, "F601RM-GMMFJJ", "https://toyota-usa.epc-data.com/avanza/f601rm/2202/", "K3VE", "1300CC 16-VALVE DOHC EFI", "08.2006", "VAN", "VAN", "G", "G TYPE", "", "");
INSERT INTO COMPLECTATION_OPTIONS(COMPLECTATION_ID, OPTION_MNEMONIC, OPTION_LABEL) VALUES (1021, "5F", "MTM,5-SPEED FLOOR SHIFT");
INSERT INTO COMPLECTATION_OPTIONS(COMPLECTATION_ID, OPTION_MNEMONIC, OPTION_LABEL) VALUES (1021, "RHD", "RIGHT-HAND DRIVE VEHICLES");
INSERT INTO COMPLECTATION_OPTIONS(COMPLECTATION_ID, OPTION_MNEMONIC, OPTION_LABEL) VALUES (1021, "WVVT", "WITH VVT");
INSERT INTO COMPLECTATION_OPTIONS(COMPLECTATION_ID, OPTION_MNEMONIC, OPTION_LABEL) VALUES (1021, "IDN", "INDONESIA");
INSERT INTO COMPLECTATION(ID, FRAME_ID, NAME, URL, ENGINE_MNEMONIC, ENGINE_LABEL, PRODUCTION_PERIOD, BODY_MNEMONIC, BODY_LABEL, GRADE_MNEMONIC, GRADE_LABEL, TRANSMISSION_MNEMONIC, TRANSMISSION_LABEL) VALUES (1022, 130, "F601RM-GMMFJT", "https://toyota-usa.epc-data.com/avanza/f601rm/2191/", "K3VE", "1300CC 16-VALVE DOHC EFI", "04.2004 - 08.2006", "VAN", "VAN", "E", "E TYPE", "", "");
INSERT INTO COMPLECTATION_OPTIONS(COMPLECTATION_ID, OPTION_MNEMONIC, OPTION_LABEL) VALUES (1022, "5F", "MTM,5-SPEED FLOOR SHIFT");
INSERT INTO COMPLECTATION_OPTIONS(COMPLECTATION_ID, OPTION_MNEMONIC, OPTION_LABEL) VALUES (1022, "RHD", "RIGHT-HAND DRIVE VEHICLES");
INSERT INTO COMPLECTATION_OPTIONS(COMPLECTATION_ID, OPTION_MNEMONIC, OPTION_LABEL) VALUES (1022, "WVVT", "WITH VVT");
INSERT INTO COMPLECTATION_OPTIONS(COMPLECTATION_ID, OPTION_MNEMONIC, OPTION_LABEL) VALUES (1022, "TH", "FOR THAILAND");
INSERT INTO COMPLECTATION(ID, FRAME_ID, NAME, URL, ENGINE_MNEMONIC, ENGINE_LABEL, PRODUCTION_PERIOD, BODY_MNEMONIC, BODY_LABEL, GRADE_MNEMONIC, GRADE_LABEL, TRANSMISSION_MNEMONIC, TRANSMISSION_LABEL) VALUES (1023, 130, "F601RM-GMMFM", "https://toyota-usa.epc-data.com/avanza/f601rm/2181/", "K3VE", "1300CC 16-VALVE DOHC EFI", "10.2004 - 08.2006", "VAN", "VAN", "GL", "GL TYPE", "", "");
INSERT INTO COMPLECTATION_OPTIONS(COMPLECTATION_ID, OPTION_MNEMONIC, OPTION_LABEL) VALUES (1023, "5F", "MTM,5-SPEED FLOOR SHIFT");
INSERT INTO COMPLECTATION_OPTIONS(COMPLECTATION_ID, OPTION_MNEMONIC, OPTION_LABEL) VALUES (1023, "RHD", "RIGHT-HAND DRIVE VEHICLES");
INSERT INTO COMPLECTATION_OPTIONS(COMPLECTATION_ID, OPTION_MNEMONIC, OPTION_LABEL) VALUES (1023, "WVVT", "WITH VVT");
INSERT INTO COMPLECTATION_OPTIONS(COMPLECTATION_ID, OPTION_MNEMONIC, OPTION_LABEL) VALUES (1023, "MA", "FOR MALAYSIA");
INSERT INTO COMPLECTATION(ID, FRAME_ID, NAME, URL, ENGINE_MNEMONIC, ENGINE_LABEL, PRODUCTION_PERIOD, BODY_MNEMONIC, BODY_LABEL, GRADE_MNEMONIC, GRADE_LABEL, TRANSMISSION_MNEMONIC, TRANSMISSION_LABEL) VALUES (1024, 130, "F601RM-GMMFMM", "https://toyota-usa.epc-data.com/avanza/f601rm/2182/", "K3VE", "1300CC 16-VALVE DOHC EFI", "09.2006", "VAN", "VAN", "E", "E TYPE", "", "");
INSERT INTO COMPLECTATION_OPTIONS(COMPLECTATION_ID, OPTION_MNEMONIC, OPTION_LABEL) VALUES (1024, "5F", "MTM,5-SPEED FLOOR SHIFT");
INSERT INTO COMPLECTATION_OPTIONS(COMPLECTATION_ID, OPTION_MNEMONIC, OPTION_LABEL) VALUES (1024, "RHD", "RIGHT-HAND DRIVE VEHICLES");
INSERT INTO COMPLECTATION_OPTIONS(COMPLECTATION_ID, OPTION_MNEMONIC, OPTION_LABEL) VALUES (1024, "WVVT", "WITH VVT");
INSERT INTO COMPLECTATION_OPTIONS(COMPLECTATION_ID, OPTION_MNEMONIC, OPTION_LABEL) VALUES (1024, "MA", "FOR MALAYSIA");
INSERT INTO COMPLECTATION(ID, FRAME_ID, NAME, URL, ENGINE_MNEMONIC, ENGINE_LABEL, PRODUCTION_PERIOD, BODY_MNEMONIC, BODY_LABEL, GRADE_MNEMONIC, GRADE_LABEL, TRANSMISSION_MNEMONIC, TRANSMISSION_LABEL) VALUES (1025, 130, "F601RM-GMRFJN", "https://toyota-usa.epc-data.com/avanza/f601rm/2198/", "K3VE", "1300CC 16-VALVE DOHC EFI", "08.2006", "VAN", "VAN", "STD", "STANDARD TYPE", "", "");
INSERT INTO COMPLECTATION_OPTIONS(COMPLECTATION_ID, OPTION_MNEMONIC, OPTION_LABEL) VALUES (1025, "5F", "MTM,5-SPEED FLOOR SHIFT");
INSERT INTO COMPLECTATION_OPTIONS(COMPLECTATION_ID, OPTION_MNEMONIC, OPTION_LABEL) VALUES (1025, "RHD", "RIGHT-HAND DRIVE VEHICLES");
INSERT INTO COMPLECTATION_OPTIONS(COMPLECTATION_ID, OPTION_MNEMONIC, OPTION_LABEL) VALUES (1025, "WVVT", "WITH VVT");
INSERT INTO COMPLECTATION_OPTIONS(COMPLECTATION_ID, OPTION_MNEMONIC, OPTION_LABEL) VALUES (1025, "SA", "SOUTH AFRICA");
INSERT INTO COMPLECTATION(ID, FRAME_ID, NAME, URL, ENGINE_MNEMONIC, ENGINE_LABEL, PRODUCTION_PERIOD, BODY_MNEMONIC, BODY_LABEL, GRADE_MNEMONIC, GRADE_LABEL, TRANSMISSION_MNEMONIC, TRANSMISSION_LABEL) VALUES (1026, 130, "F601RM-GQEFJT", "https://toyota-usa.epc-data.com/avanza/f601rm/2193/", "K3VE", "1300CC 16-VALVE DOHC EFI", "12.2004 - 08.2006", "VAN", "VAN", "LIMD", "LIMITED TYPE", "", "");
INSERT INTO COMPLECTATION_OPTIONS(COMPLECTATION_ID, OPTION_MNEMONIC, OPTION_LABEL) VALUES (1026, "4AT", "ATM,4-SPEED");
INSERT INTO COMPLECTATION_OPTIONS(COMPLECTATION_ID, OPTION_MNEMONIC, OPTION_LABEL) VALUES (1026, "RHD", "RIGHT-HAND DRIVE VEHICLES");
INSERT INTO COMPLECTATION_OPTIONS(COMPLECTATION_ID, OPTION_MNEMONIC, OPTION_LABEL) VALUES (1026, "WVVT", "WITH VVT");
INSERT INTO COMPLECTATION_OPTIONS(COMPLECTATION_ID, OPTION_MNEMONIC, OPTION_LABEL) VALUES (1026, "TH", "FOR THAILAND");
INSERT INTO COMPLECTATION(ID, FRAME_ID, NAME, URL, ENGINE_MNEMONIC, ENGINE_LABEL, PRODUCTION_PERIOD, BODY_MNEMONIC, BODY_LABEL, GRADE_MNEMONIC, GRADE_LABEL, TRANSMISSION_MNEMONIC, TRANSMISSION_LABEL) VALUES (1027, 130, "F601RM-GQMFJ", "https://toyota-usa.epc-data.com/avanza/f601rm/2190/", "K3VE", "1300CC 16-VALVE DOHC EFI", "08.2004 - 08.2006", "VAN", "VAN", "G", "G TYPE", "", "");
INSERT INTO COMPLECTATION_OPTIONS(COMPLECTATION_ID, OPTION_MNEMONIC, OPTION_LABEL) VALUES (1027, "4AT", "ATM,4-SPEED");
INSERT INTO COMPLECTATION_OPTIONS(COMPLECTATION_ID, OPTION_MNEMONIC, OPTION_LABEL) VALUES (1027, "RHD", "RIGHT-HAND DRIVE VEHICLES");
INSERT INTO COMPLECTATION_OPTIONS(COMPLECTATION_ID, OPTION_MNEMONIC, OPTION_LABEL) VALUES (1027, "WVVT", "WITH VVT");
INSERT INTO COMPLECTATION_OPTIONS(COMPLECTATION_ID, OPTION_MNEMONIC, OPTION_LABEL) VALUES (1027, "IDN", "INDONESIA");
INSERT INTO COMPLECTATION(ID, FRAME_ID, NAME, URL, ENGINE_MNEMONIC, ENGINE_LABEL, PRODUCTION_PERIOD, BODY_MNEMONIC, BODY_LABEL, GRADE_MNEMONIC, GRADE_LABEL, TRANSMISSION_MNEMONIC, TRANSMISSION_LABEL) VALUES (1028, 130, "F601RM-GQMFJB", "https://toyota-usa.epc-data.com/avanza/f601rm/2183/", "K3VE", "1300CC 16-VALVE DOHC EFI", "12.2005 - 08.2006", "VAN", "VAN", "G", "G TYPE", "", "");
INSERT INTO COMPLECTATION_OPTIONS(COMPLECTATION_ID, OPTION_MNEMONIC, OPTION_LABEL) VALUES (1028, "4AT", "ATM,4-SPEED");
INSERT INTO COMPLECTATION_OPTIONS(COMPLECTATION_ID, OPTION_MNEMONIC, OPTION_LABEL) VALUES (1028, "RHD", "RIGHT-HAND DRIVE VEHICLES");
INSERT INTO COMPLECTATION_OPTIONS(COMPLECTATION_ID, OPTION_MNEMONIC, OPTION_LABEL) VALUES (1028, "WVVT", "WITH VVT");
INSERT INTO COMPLECTATION_OPTIONS(COMPLECTATION_ID, OPTION_MNEMONIC, OPTION_LABEL) VALUES (1028, "BRU", "BRUNEI");
INSERT INTO COMPLECTATION(ID, FRAME_ID, NAME, URL, ENGINE_MNEMONIC, ENGINE_LABEL, PRODUCTION_PERIOD, BODY_MNEMONIC, BODY_LABEL, GRADE_MNEMONIC, GRADE_LABEL, TRANSMISSION_MNEMONIC, TRANSMISSION_LABEL) VALUES (1029, 130, "F601RM-GQMFJT", "https://toyota-usa.epc-data.com/avanza/f601rm/2192/", "K3VE", "1300CC 16-VALVE DOHC EFI", "04.2004 - 08.2006", "VAN", "VAN", "E", "E TYPE", "", "");
INSERT INTO COMPLECTATION_OPTIONS(COMPLECTATION_ID, OPTION_MNEMONIC, OPTION_LABEL) VALUES (1029, "4AT", "ATM,4-SPEED");
INSERT INTO COMPLECTATION_OPTIONS(COMPLECTATION_ID, OPTION_MNEMONIC, OPTION_LABEL) VALUES (1029, "RHD", "RIGHT-HAND DRIVE VEHICLES");
INSERT INTO COMPLECTATION_OPTIONS(COMPLECTATION_ID, OPTION_MNEMONIC, OPTION_LABEL) VALUES (1029, "WVVT", "WITH VVT");
INSERT INTO COMPLECTATION_OPTIONS(COMPLECTATION_ID, OPTION_MNEMONIC, OPTION_LABEL) VALUES (1029, "TH", "FOR THAILAND");
INSERT INTO COMPLECTATION(ID, FRAME_ID, NAME, URL, ENGINE_MNEMONIC, ENGINE_LABEL, PRODUCTION_PERIOD, BODY_MNEMONIC, BODY_LABEL, GRADE_MNEMONIC, GRADE_LABEL, TRANSMISSION_MNEMONIC, TRANSMISSION_LABEL) VALUES (1030, 130, "F601RM-GQMFM", "https://toyota-usa.epc-data.com/avanza/f601rm/2184/", "K3VE", "1300CC 16-VALVE DOHC EFI", "10.2004 - 08.2006", "VAN", "VAN", "GL", "GL TYPE", "", "");
INSERT INTO COMPLECTATION_OPTIONS(COMPLECTATION_ID, OPTION_MNEMONIC, OPTION_LABEL) VALUES (1030, "4AT", "ATM,4-SPEED");
INSERT INTO COMPLECTATION_OPTIONS(COMPLECTATION_ID, OPTION_MNEMONIC, OPTION_LABEL) VALUES (1030, "RHD", "RIGHT-HAND DRIVE VEHICLES");
INSERT INTO COMPLECTATION_OPTIONS(COMPLECTATION_ID, OPTION_MNEMONIC, OPTION_LABEL) VALUES (1030, "WVVT", "WITH VVT");
INSERT INTO COMPLECTATION_OPTIONS(COMPLECTATION_ID, OPTION_MNEMONIC, OPTION_LABEL) VALUES (1030, "MA", "FOR MALAYSIA");
INSERT INTO COMPLECTATION(ID, FRAME_ID, NAME, URL, ENGINE_MNEMONIC, ENGINE_LABEL, PRODUCTION_PERIOD, BODY_MNEMONIC, BODY_LABEL, GRADE_MNEMONIC, GRADE_LABEL, TRANSMISSION_MNEMONIC, TRANSMISSION_LABEL) VALUES (1031, 130, "F601RM-GQMFMM", "https://toyota-usa.epc-data.com/avanza/f601rm/2185/", "K3VE", "1300CC 16-VALVE DOHC EFI", "09.2006", "VAN", "VAN", "E", "E TYPE", "", "");
INSERT INTO COMPLECTATION_OPTIONS(COMPLECTATION_ID, OPTION_MNEMONIC, OPTION_LABEL) VALUES (1031, "4AT", "ATM,4-SPEED");
INSERT INTO COMPLECTATION_OPTIONS(COMPLECTATION_ID, OPTION_MNEMONIC, OPTION_LABEL) VALUES (1031, "RHD", "RIGHT-HAND DRIVE VEHICLES");
INSERT INTO COMPLECTATION_OPTIONS(COMPLECTATION_ID, OPTION_MNEMONIC, OPTION_LABEL) VALUES (1031, "WVVT", "WITH VVT");
INSERT INTO COMPLECTATION_OPTIONS(COMPLECTATION_ID, OPTION_MNEMONIC, OPTION_LABEL) VALUES (1031, "MA", "FOR MALAYSIA");
INSERT INTO COMPLECTATION(ID, FRAME_ID, NAME, URL, ENGINE_MNEMONIC, ENGINE_LABEL, PRODUCTION_PERIOD, BODY_MNEMONIC, BODY_LABEL, GRADE_MNEMONIC, GRADE_LABEL, TRANSMISSION_MNEMONIC, TRANSMISSION_LABEL) VALUES (1032, 130, "F601RM-GQSFJB", "https://toyota-usa.epc-data.com/avanza/f601rm/2186/", "K3VE", "1300CC 16-VALVE DOHC EFI", "12.2005 - 08.2006", "VAN", "VAN", "S", "S TYPE", "", "");
INSERT INTO COMPLECTATION_OPTIONS(COMPLECTATION_ID, OPTION_MNEMONIC, OPTION_LABEL) VALUES (1032, "4AT", "ATM,4-SPEED");
INSERT INTO COMPLECTATION_OPTIONS(COMPLECTATION_ID, OPTION_MNEMONIC, OPTION_LABEL) VALUES (1032, "RHD", "RIGHT-HAND DRIVE VEHICLES");
INSERT INTO COMPLECTATION_OPTIONS(COMPLECTATION_ID, OPTION_MNEMONIC, OPTION_LABEL) VALUES (1032, "WVVT", "WITH VVT");
INSERT INTO COMPLECTATION_OPTIONS(COMPLECTATION_ID, OPTION_MNEMONIC, OPTION_LABEL) VALUES (1032, "BRU", "BRUNEI");
INSERT INTO COMPLECTATION(ID, FRAME_ID, NAME, URL, ENGINE_MNEMONIC, ENGINE_LABEL, PRODUCTION_PERIOD, BODY_MNEMONIC, BODY_LABEL, GRADE_MNEMONIC, GRADE_LABEL, TRANSMISSION_MNEMONIC, TRANSMISSION_LABEL) VALUES (1033, 130, "F601RM-GQSFJT", "https://toyota-usa.epc-data.com/avanza/f601rm/2194/", "K3VE", "1300CC 16-VALVE DOHC EFI", "08.2004 - 08.2006", "VAN", "VAN", "S", "S TYPE", "", "");
INSERT INTO COMPLECTATION_OPTIONS(COMPLECTATION_ID, OPTION_MNEMONIC, OPTION_LABEL) VALUES (1033, "4AT", "ATM,4-SPEED");
INSERT INTO COMPLECTATION_OPTIONS(COMPLECTATION_ID, OPTION_MNEMONIC, OPTION_LABEL) VALUES (1033, "RHD", "RIGHT-HAND DRIVE VEHICLES");
INSERT INTO COMPLECTATION_OPTIONS(COMPLECTATION_ID, OPTION_MNEMONIC, OPTION_LABEL) VALUES (1033, "WVVT", "WITH VVT");
INSERT INTO COMPLECTATION_OPTIONS(COMPLECTATION_ID, OPTION_MNEMONIC, OPTION_LABEL) VALUES (1033, "TH", "FOR THAILAND");
INSERT INTO FRAME(ID, MODEL_ID, NAME, URL) VALUES (131, 12, "F602LM", "https://toyota-usa.epc-data.com/avanza/f602lm");
INSERT INTO COMPLECTATION(ID, FRAME_ID, NAME, URL, ENGINE_MNEMONIC, ENGINE_LABEL, PRODUCTION_PERIOD, BODY_MNEMONIC, BODY_LABEL, GRADE_MNEMONIC, GRADE_LABEL, TRANSMISSION_MNEMONIC, TRANSMISSION_LABEL) VALUES (1034, 131, "F602LM-GMMFJ", "https://toyota-usa.epc-data.com/avanza/f602lm/2214/", "3SZVE", "1500CC 16-VALVE DOHC EFI", "10.2006", "VAN", "VAN", "G", "G TYPE", "", "");
INSERT INTO COMPLECTATION_OPTIONS(COMPLECTATION_ID, OPTION_MNEMONIC, OPTION_LABEL) VALUES (1034, "5F", "MTM,5-SPEED FLOOR SHIFT");
INSERT INTO COMPLECTATION_OPTIONS(COMPLECTATION_ID, OPTION_MNEMONIC, OPTION_LABEL) VALUES (1034, "LHD", "LEFT-HAND DRIVE VEHICLES");
INSERT INTO COMPLECTATION_OPTIONS(COMPLECTATION_ID, OPTION_MNEMONIC, OPTION_LABEL) VALUES (1034, "WVVT", "WITH VVT");
INSERT INTO COMPLECTATION_OPTIONS(COMPLECTATION_ID, OPTION_MNEMONIC, OPTION_LABEL) VALUES (1034, "GEN", "GENERAL COUNTRIES");
INSERT INTO COMPLECTATION(ID, FRAME_ID, NAME, URL, ENGINE_MNEMONIC, ENGINE_LABEL, PRODUCTION_PERIOD, BODY_MNEMONIC, BODY_LABEL, GRADE_MNEMONIC, GRADE_LABEL, TRANSMISSION_MNEMONIC, TRANSMISSION_LABEL) VALUES (1035, 131, "F602LM-GMMFJF", "https://toyota-usa.epc-data.com/avanza/f602lm/2215/", "3SZVE", "1500CC 16-VALVE DOHC EFI", "10.2006", "VAN", "VAN", "G", "G TYPE", "", "");
INSERT INTO COMPLECTATION_OPTIONS(COMPLECTATION_ID, OPTION_MNEMONIC, OPTION_LABEL) VALUES (1035, "5F", "MTM,5-SPEED FLOOR SHIFT");
INSERT INTO COMPLECTATION_OPTIONS(COMPLECTATION_ID, OPTION_MNEMONIC, OPTION_LABEL) VALUES (1035, "LHD", "LEFT-HAND DRIVE VEHICLES");
INSERT INTO COMPLECTATION_OPTIONS(COMPLECTATION_ID, OPTION_MNEMONIC, OPTION_LABEL) VALUES (1035, "WVVT", "WITH VVT");
INSERT INTO COMPLECTATION_OPTIONS(COMPLECTATION_ID, OPTION_MNEMONIC, OPTION_LABEL) VALUES (1035, "PHL", "PHILIPPINE");
INSERT INTO COMPLECTATION(ID, FRAME_ID, NAME, URL, ENGINE_MNEMONIC, ENGINE_LABEL, PRODUCTION_PERIOD, BODY_MNEMONIC, BODY_LABEL, GRADE_MNEMONIC, GRADE_LABEL, TRANSMISSION_MNEMONIC, TRANSMISSION_LABEL) VALUES (1036, 131, "F602LM-GMMFJX", "https://toyota-usa.epc-data.com/avanza/f602lm/2218/", "3SZVE", "1500CC 16-VALVE DOHC EFI", "10.2006", "VAN", "VAN", "GL", "GL TYPE", "", "");
INSERT INTO COMPLECTATION_OPTIONS(COMPLECTATION_ID, OPTION_MNEMONIC, OPTION_LABEL) VALUES (1036, "5F", "MTM,5-SPEED FLOOR SHIFT");
INSERT INTO COMPLECTATION_OPTIONS(COMPLECTATION_ID, OPTION_MNEMONIC, OPTION_LABEL) VALUES (1036, "LHD", "LEFT-HAND DRIVE VEHICLES");
INSERT INTO COMPLECTATION_OPTIONS(COMPLECTATION_ID, OPTION_MNEMONIC, OPTION_LABEL) VALUES (1036, "WVVT", "WITH VVT");
INSERT INTO COMPLECTATION_OPTIONS(COMPLECTATION_ID, OPTION_MNEMONIC, OPTION_LABEL) VALUES (1036, "MXC", "MEXICO");
INSERT INTO COMPLECTATION(ID, FRAME_ID, NAME, URL, ENGINE_MNEMONIC, ENGINE_LABEL, PRODUCTION_PERIOD, BODY_MNEMONIC, BODY_LABEL, GRADE_MNEMONIC, GRADE_LABEL, TRANSMISSION_MNEMONIC, TRANSMISSION_LABEL) VALUES (1037, 131, "F602LM-GQMFJ", "https://toyota-usa.epc-data.com/avanza/f602lm/2216/", "3SZVE", "1500CC 16-VALVE DOHC EFI", "10.2006", "VAN", "VAN", "G", "G TYPE", "", "");
INSERT INTO COMPLECTATION_OPTIONS(COMPLECTATION_ID, OPTION_MNEMONIC, OPTION_LABEL) VALUES (1037, "4AT", "ATM,4-SPEED");
INSERT INTO COMPLECTATION_OPTIONS(COMPLECTATION_ID, OPTION_MNEMONIC, OPTION_LABEL) VALUES (1037, "LHD", "LEFT-HAND DRIVE VEHICLES");
INSERT INTO COMPLECTATION_OPTIONS(COMPLECTATION_ID, OPTION_MNEMONIC, OPTION_LABEL) VALUES (1037, "WVVT", "WITH VVT");
INSERT INTO COMPLECTATION_OPTIONS(COMPLECTATION_ID, OPTION_MNEMONIC, OPTION_LABEL) VALUES (1037, "GEN", "GENERAL COUNTRIES");
INSERT INTO COMPLECTATION(ID, FRAME_ID, NAME, URL, ENGINE_MNEMONIC, ENGINE_LABEL, PRODUCTION_PERIOD, BODY_MNEMONIC, BODY_LABEL, GRADE_MNEMONIC, GRADE_LABEL, TRANSMISSION_MNEMONIC, TRANSMISSION_LABEL) VALUES (1038, 131, "F602LM-GQMFJF", "https://toyota-usa.epc-data.com/avanza/f602lm/2217/", "3SZVE", "1500CC 16-VALVE DOHC EFI", "10.2006", "VAN", "VAN", "G", "G TYPE", "", "");
INSERT INTO COMPLECTATION_OPTIONS(COMPLECTATION_ID, OPTION_MNEMONIC, OPTION_LABEL) VALUES (1038, "4AT", "ATM,4-SPEED");
INSERT INTO COMPLECTATION_OPTIONS(COMPLECTATION_ID, OPTION_MNEMONIC, OPTION_LABEL) VALUES (1038, "LHD", "LEFT-HAND DRIVE VEHICLES");
INSERT INTO COMPLECTATION_OPTIONS(COMPLECTATION_ID, OPTION_MNEMONIC, OPTION_LABEL) VALUES (1038, "WVVT", "WITH VVT");
INSERT INTO COMPLECTATION_OPTIONS(COMPLECTATION_ID, OPTION_MNEMONIC, OPTION_LABEL) VALUES (1038, "PHL", "PHILIPPINE");
INSERT INTO COMPLECTATION(ID, FRAME_ID, NAME, URL, ENGINE_MNEMONIC, ENGINE_LABEL, PRODUCTION_PERIOD, BODY_MNEMONIC, BODY_LABEL, GRADE_MNEMONIC, GRADE_LABEL, TRANSMISSION_MNEMONIC, TRANSMISSION_LABEL) VALUES (1039, 131, "F602LM-GQMFJX", "https://toyota-usa.epc-data.com/avanza/f602lm/2219/", "3SZVE", "1500CC 16-VALVE DOHC EFI", "10.2006", "VAN", "VAN", "GL", "GL TYPE", "", "");
INSERT INTO COMPLECTATION_OPTIONS(COMPLECTATION_ID, OPTION_MNEMONIC, OPTION_LABEL) VALUES (1039, "4AT", "ATM,4-SPEED");
INSERT INTO COMPLECTATION_OPTIONS(COMPLECTATION_ID, OPTION_MNEMONIC, OPTION_LABEL) VALUES (1039, "LHD", "LEFT-HAND DRIVE VEHICLES");
INSERT INTO COMPLECTATION_OPTIONS(COMPLECTATION_ID, OPTION_MNEMONIC, OPTION_LABEL) VALUES (1039, "WVVT", "WITH VVT");
INSERT INTO COMPLECTATION_OPTIONS(COMPLECTATION_ID, OPTION_MNEMONIC, OPTION_LABEL) VALUES (1039, "MXC", "MEXICO");
INSERT INTO FRAME(ID, MODEL_ID, NAME, URL) VALUES (132, 12, "F602RM", "https://toyota-usa.epc-data.com/avanza/f602rm");
INSERT INTO COMPLECTATION(ID, FRAME_ID, NAME, URL, ENGINE_MNEMONIC, ENGINE_LABEL, PRODUCTION_PERIOD, BODY_MNEMONIC, BODY_LABEL, GRADE_MNEMONIC, GRADE_LABEL, TRANSMISSION_MNEMONIC, TRANSMISSION_LABEL) VALUES (1040, 132, "F602RM-GMDFJN", "https://toyota-usa.epc-data.com/avanza/f602rm/2205/", "3SZVE", "1500CC 16-VALVE DOHC EFI", "08.2006", "VAN", "VAN", "DLX", "DELUXE TYPE", "", "");
INSERT INTO COMPLECTATION_OPTIONS(COMPLECTATION_ID, OPTION_MNEMONIC, OPTION_LABEL) VALUES (1040, "5F", "MTM,5-SPEED FLOOR SHIFT");
INSERT INTO COMPLECTATION_OPTIONS(COMPLECTATION_ID, OPTION_MNEMONIC, OPTION_LABEL) VALUES (1040, "RHD", "RIGHT-HAND DRIVE VEHICLES");
INSERT INTO COMPLECTATION_OPTIONS(COMPLECTATION_ID, OPTION_MNEMONIC, OPTION_LABEL) VALUES (1040, "WVVT", "WITH VVT");
INSERT INTO COMPLECTATION_OPTIONS(COMPLECTATION_ID, OPTION_MNEMONIC, OPTION_LABEL) VALUES (1040, "SA", "SOUTH AFRICA");
INSERT INTO COMPLECTATION(ID, FRAME_ID, NAME, URL, ENGINE_MNEMONIC, ENGINE_LABEL, PRODUCTION_PERIOD, BODY_MNEMONIC, BODY_LABEL, GRADE_MNEMONIC, GRADE_LABEL, TRANSMISSION_MNEMONIC, TRANSMISSION_LABEL) VALUES (1041, 132, "F602RM-GMDFJT", "https://toyota-usa.epc-data.com/avanza/f602rm/2206/", "3SZVE", "1500CC 16-VALVE DOHC EFI", "08.2006", "VAN", "VAN", "J", "FIXED TYPE REAR SEAT (SEATING CAPACITY=9)", "", "");
INSERT INTO COMPLECTATION_OPTIONS(COMPLECTATION_ID, OPTION_MNEMONIC, OPTION_LABEL) VALUES (1041, "5F", "MTM,5-SPEED FLOOR SHIFT");
INSERT INTO COMPLECTATION_OPTIONS(COMPLECTATION_ID, OPTION_MNEMONIC, OPTION_LABEL) VALUES (1041, "RHD", "RIGHT-HAND DRIVE VEHICLES");
INSERT INTO COMPLECTATION_OPTIONS(COMPLECTATION_ID, OPTION_MNEMONIC, OPTION_LABEL) VALUES (1041, "WVVT", "WITH VVT");
INSERT INTO COMPLECTATION_OPTIONS(COMPLECTATION_ID, OPTION_MNEMONIC, OPTION_LABEL) VALUES (1041, "TH", "FOR THAILAND");
INSERT INTO COMPLECTATION(ID, FRAME_ID, NAME, URL, ENGINE_MNEMONIC, ENGINE_LABEL, PRODUCTION_PERIOD, BODY_MNEMONIC, BODY_LABEL, GRADE_MNEMONIC, GRADE_LABEL, TRANSMISSION_MNEMONIC, TRANSMISSION_LABEL) VALUES (1042, 132, "F602RM-GMMFJN", "https://toyota-usa.epc-data.com/avanza/f602rm/2207/", "3SZVE", "1500CC 16-VALVE DOHC EFI", "08.2006", "VAN", "VAN", "GL", "GL TYPE", "", "");
INSERT INTO COMPLECTATION_OPTIONS(COMPLECTATION_ID, OPTION_MNEMONIC, OPTION_LABEL) VALUES (1042, "5F", "MTM,5-SPEED FLOOR SHIFT");
INSERT INTO COMPLECTATION_OPTIONS(COMPLECTATION_ID, OPTION_MNEMONIC, OPTION_LABEL) VALUES (1042, "RHD", "RIGHT-HAND DRIVE VEHICLES");
INSERT INTO COMPLECTATION_OPTIONS(COMPLECTATION_ID, OPTION_MNEMONIC, OPTION_LABEL) VALUES (1042, "WVVT", "WITH VVT");
INSERT INTO COMPLECTATION_OPTIONS(COMPLECTATION_ID, OPTION_MNEMONIC, OPTION_LABEL) VALUES (1042, "SA", "SOUTH AFRICA");
INSERT INTO COMPLECTATION(ID, FRAME_ID, NAME, URL, ENGINE_MNEMONIC, ENGINE_LABEL, PRODUCTION_PERIOD, BODY_MNEMONIC, BODY_LABEL, GRADE_MNEMONIC, GRADE_LABEL, TRANSMISSION_MNEMONIC, TRANSMISSION_LABEL) VALUES (1043, 132, "F602RM-GMSFJ", "https://toyota-usa.epc-data.com/avanza/f602rm/2208/", "3SZVE", "1500CC 16-VALVE DOHC EFI", "08.2006", "VAN", "VAN", "S", "S TYPE", "", "");
INSERT INTO COMPLECTATION_OPTIONS(COMPLECTATION_ID, OPTION_MNEMONIC, OPTION_LABEL) VALUES (1043, "5F", "MTM,5-SPEED FLOOR SHIFT");
INSERT INTO COMPLECTATION_OPTIONS(COMPLECTATION_ID, OPTION_MNEMONIC, OPTION_LABEL) VALUES (1043, "RHD", "RIGHT-HAND DRIVE VEHICLES");
INSERT INTO COMPLECTATION_OPTIONS(COMPLECTATION_ID, OPTION_MNEMONIC, OPTION_LABEL) VALUES (1043, "WVVT", "WITH VVT");
INSERT INTO COMPLECTATION_OPTIONS(COMPLECTATION_ID, OPTION_MNEMONIC, OPTION_LABEL) VALUES (1043, "GEN", "GENERAL COUNTRIES");
INSERT INTO COMPLECTATION(ID, FRAME_ID, NAME, URL, ENGINE_MNEMONIC, ENGINE_LABEL, PRODUCTION_PERIOD, BODY_MNEMONIC, BODY_LABEL, GRADE_MNEMONIC, GRADE_LABEL, TRANSMISSION_MNEMONIC, TRANSMISSION_LABEL) VALUES (1044, 132, "F602RM-GMSFJJ", "https://toyota-usa.epc-data.com/avanza/f602rm/2209/", "3SZVE", "1500CC 16-VALVE DOHC EFI", "10.2006", "VAN", "VAN", "S", "S TYPE", "", "");
INSERT INTO COMPLECTATION_OPTIONS(COMPLECTATION_ID, OPTION_MNEMONIC, OPTION_LABEL) VALUES (1044, "5F", "MTM,5-SPEED FLOOR SHIFT");
INSERT INTO COMPLECTATION_OPTIONS(COMPLECTATION_ID, OPTION_MNEMONIC, OPTION_LABEL) VALUES (1044, "RHD", "RIGHT-HAND DRIVE VEHICLES");
INSERT INTO COMPLECTATION_OPTIONS(COMPLECTATION_ID, OPTION_MNEMONIC, OPTION_LABEL) VALUES (1044, "WVVT", "WITH VVT");
INSERT INTO COMPLECTATION_OPTIONS(COMPLECTATION_ID, OPTION_MNEMONIC, OPTION_LABEL) VALUES (1044, "IDN", "INDONESIA");
INSERT INTO COMPLECTATION(ID, FRAME_ID, NAME, URL, ENGINE_MNEMONIC, ENGINE_LABEL, PRODUCTION_PERIOD, BODY_MNEMONIC, BODY_LABEL, GRADE_MNEMONIC, GRADE_LABEL, TRANSMISSION_MNEMONIC, TRANSMISSION_LABEL) VALUES (1045, 132, "F602RM-GQMFJT", "https://toyota-usa.epc-data.com/avanza/f602rm/2210/", "3SZVE", "1500CC 16-VALVE DOHC EFI", "08.2006", "VAN", "VAN", "E", "E TYPE", "", "");
INSERT INTO COMPLECTATION_OPTIONS(COMPLECTATION_ID, OPTION_MNEMONIC, OPTION_LABEL) VALUES (1045, "4AT", "ATM,4-SPEED");
INSERT INTO COMPLECTATION_OPTIONS(COMPLECTATION_ID, OPTION_MNEMONIC, OPTION_LABEL) VALUES (1045, "RHD", "RIGHT-HAND DRIVE VEHICLES");
INSERT INTO COMPLECTATION_OPTIONS(COMPLECTATION_ID, OPTION_MNEMONIC, OPTION_LABEL) VALUES (1045, "WVVT", "WITH VVT");
INSERT INTO COMPLECTATION_OPTIONS(COMPLECTATION_ID, OPTION_MNEMONIC, OPTION_LABEL) VALUES (1045, "TH", "FOR THAILAND");
INSERT INTO COMPLECTATION(ID, FRAME_ID, NAME, URL, ENGINE_MNEMONIC, ENGINE_LABEL, PRODUCTION_PERIOD, BODY_MNEMONIC, BODY_LABEL, GRADE_MNEMONIC, GRADE_LABEL, TRANSMISSION_MNEMONIC, TRANSMISSION_LABEL) VALUES (1046, 132, "F602RM-GQMFMM", "https://toyota-usa.epc-data.com/avanza/f602rm/2187/", "3SZVE", "1500CC 16-VALVE DOHC EFI", "08.2006", "VAN", "VAN", "G", "G TYPE", "", "");
INSERT INTO COMPLECTATION_OPTIONS(COMPLECTATION_ID, OPTION_MNEMONIC, OPTION_LABEL) VALUES (1046, "4AT", "ATM,4-SPEED");
INSERT INTO COMPLECTATION_OPTIONS(COMPLECTATION_ID, OPTION_MNEMONIC, OPTION_LABEL) VALUES (1046, "RHD", "RIGHT-HAND DRIVE VEHICLES");
INSERT INTO COMPLECTATION_OPTIONS(COMPLECTATION_ID, OPTION_MNEMONIC, OPTION_LABEL) VALUES (1046, "WVVT", "WITH VVT");
INSERT INTO COMPLECTATION_OPTIONS(COMPLECTATION_ID, OPTION_MNEMONIC, OPTION_LABEL) VALUES (1046, "MA", "FOR MALAYSIA");
INSERT INTO COMPLECTATION(ID, FRAME_ID, NAME, URL, ENGINE_MNEMONIC, ENGINE_LABEL, PRODUCTION_PERIOD, BODY_MNEMONIC, BODY_LABEL, GRADE_MNEMONIC, GRADE_LABEL, TRANSMISSION_MNEMONIC, TRANSMISSION_LABEL) VALUES (1047, 132, "F602RM-GQSFJ", "https://toyota-usa.epc-data.com/avanza/f602rm/2211/", "3SZVE", "1500CC 16-VALVE DOHC EFI", "10.2006", "VAN", "VAN", "S", "S TYPE", "", "");
INSERT INTO COMPLECTATION_OPTIONS(COMPLECTATION_ID, OPTION_MNEMONIC, OPTION_LABEL) VALUES (1047, "4AT", "ATM,4-SPEED");
INSERT INTO COMPLECTATION_OPTIONS(COMPLECTATION_ID, OPTION_MNEMONIC, OPTION_LABEL) VALUES (1047, "RHD", "RIGHT-HAND DRIVE VEHICLES");
INSERT INTO COMPLECTATION_OPTIONS(COMPLECTATION_ID, OPTION_MNEMONIC, OPTION_LABEL) VALUES (1047, "WVVT", "WITH VVT");
INSERT INTO COMPLECTATION_OPTIONS(COMPLECTATION_ID, OPTION_MNEMONIC, OPTION_LABEL) VALUES (1047, "GEN", "GENERAL COUNTRIES");
INSERT INTO COMPLECTATION(ID, FRAME_ID, NAME, URL, ENGINE_MNEMONIC, ENGINE_LABEL, PRODUCTION_PERIOD, BODY_MNEMONIC, BODY_LABEL, GRADE_MNEMONIC, GRADE_LABEL, TRANSMISSION_MNEMONIC, TRANSMISSION_LABEL) VALUES (1048, 132, "F602RM-GQSFJJ", "https://toyota-usa.epc-data.com/avanza/f602rm/2212/", "3SZVE", "1500CC 16-VALVE DOHC EFI", "10.2006", "VAN", "VAN", "S", "S TYPE", "", "");
INSERT INTO COMPLECTATION_OPTIONS(COMPLECTATION_ID, OPTION_MNEMONIC, OPTION_LABEL) VALUES (1048, "4AT", "ATM,4-SPEED");
INSERT INTO COMPLECTATION_OPTIONS(COMPLECTATION_ID, OPTION_MNEMONIC, OPTION_LABEL) VALUES (1048, "RHD", "RIGHT-HAND DRIVE VEHICLES");
INSERT INTO COMPLECTATION_OPTIONS(COMPLECTATION_ID, OPTION_MNEMONIC, OPTION_LABEL) VALUES (1048, "WVVT", "WITH VVT");
INSERT INTO COMPLECTATION_OPTIONS(COMPLECTATION_ID, OPTION_MNEMONIC, OPTION_LABEL) VALUES (1048, "IDN", "INDONESIA");
INSERT INTO COMPLECTATION(ID, FRAME_ID, NAME, URL, ENGINE_MNEMONIC, ENGINE_LABEL, PRODUCTION_PERIOD, BODY_MNEMONIC, BODY_LABEL, GRADE_MNEMONIC, GRADE_LABEL, TRANSMISSION_MNEMONIC, TRANSMISSION_LABEL) VALUES (1049, 132, "F602RM-GQSFJT", "https://toyota-usa.epc-data.com/avanza/f602rm/2213/", "3SZVE", "1500CC 16-VALVE DOHC EFI", "10.2006", "VAN", "VAN", "S", "S TYPE", "", "");
INSERT INTO COMPLECTATION_OPTIONS(COMPLECTATION_ID, OPTION_MNEMONIC, OPTION_LABEL) VALUES (1049, "4AT", "ATM,4-SPEED");
INSERT INTO COMPLECTATION_OPTIONS(COMPLECTATION_ID, OPTION_MNEMONIC, OPTION_LABEL) VALUES (1049, "RHD", "RIGHT-HAND DRIVE VEHICLES");
INSERT INTO COMPLECTATION_OPTIONS(COMPLECTATION_ID, OPTION_MNEMONIC, OPTION_LABEL) VALUES (1049, "WVVT", "WITH VVT");
INSERT INTO COMPLECTATION_OPTIONS(COMPLECTATION_ID, OPTION_MNEMONIC, OPTION_LABEL) VALUES (1049, "TH", "FOR THAILAND");
