INSERT INTO MODEL(ID, MANUFACTURER_ID, NAME, URL) VALUES (5, 2, "4Runner", "https://toyota-europe.epc-data.com/4runner");
INSERT INTO FRAME(ID, MODEL_ID, NAME, URL) VALUES (16, 5, "LN51L", "https://toyota-europe.epc-data.com/4runner/ln51l");
INSERT INTO COMPLECTATION(ID, FRAME_ID, NAME, URL, ENGINE_MNEMONIC, ENGINE_LABEL, PRODUCTION_PERIOD, BODY_MNEMONIC, BODY_LABEL, GRADE_MNEMONIC, GRADE_LABEL, TRANSMISSION_MNEMONIC, TRANSMISSION_LABEL) VALUES (50, 16, "LN51L-KRA", "https://toyota-europe.epc-data.com/4runner/ln51l/6041/", "2L", "2400CC DIESEL", "08.1984 - 08.1985", "T1", "TRUCK(STANDARD DECK 1-SIDE OPEN)", "STD", "STANDARD TYPE", "MTM", "MANUAL TRANSMISSION");
INSERT INTO COMPLECTATION_OPTIONS(COMPLECTATION_ID, OPTION_MNEMONIC, OPTION_LABEL) VALUES (50, "4F", "MTM,4-SPEED FLOOR SHIFT");
INSERT INTO COMPLECTATION_OPTIONS(COMPLECTATION_ID, OPTION_MNEMONIC, OPTION_LABEL) VALUES (50, "RCB", "REGULAR CAB");
INSERT INTO COMPLECTATION_OPTIONS(COMPLECTATION_ID, OPTION_MNEMONIC, OPTION_LABEL) VALUES (50, "G", "G TYPE TRANSMISSION");
INSERT INTO COMPLECTATION_OPTIONS(COMPLECTATION_ID, OPTION_MNEMONIC, OPTION_LABEL) VALUES (50, "HLF", "0.5TONS");
INSERT INTO COMPLECTATION_OPTIONS(COMPLECTATION_ID, OPTION_MNEMONIC, OPTION_LABEL) VALUES (50, "ST", "SINGLE TIRE");
INSERT INTO COMPLECTATION_OPTIONS(COMPLECTATION_ID, OPTION_MNEMONIC, OPTION_LABEL) VALUES (50, "USA", "UNITED STATES OF AMERICA");
INSERT INTO COMPLECTATION_OPTIONS(COMPLECTATION_ID, OPTION_MNEMONIC, OPTION_LABEL) VALUES (50, "DSL", "DIESEL");
INSERT INTO COMPLECTATION_OPTIONS(COMPLECTATION_ID, OPTION_MNEMONIC, OPTION_LABEL) VALUES (50, "CBU", "COMPLETELY BUILT UNIT");
INSERT INTO COMPLECTATION(ID, FRAME_ID, NAME, URL, ENGINE_MNEMONIC, ENGINE_LABEL, PRODUCTION_PERIOD, BODY_MNEMONIC, BODY_LABEL, GRADE_MNEMONIC, GRADE_LABEL, TRANSMISSION_MNEMONIC, TRANSMISSION_LABEL) VALUES (51, 16, "LN51L-KRA3", "https://toyota-europe.epc-data.com/4runner/ln51l/6042/", "2L", "2400CC DIESEL", "08.1983 - 08.1984", "T1", "TRUCK(STANDARD DECK 1-SIDE OPEN)", "STD", "STANDARD TYPE", "MTM", "MANUAL TRANSMISSION");
INSERT INTO COMPLECTATION_OPTIONS(COMPLECTATION_ID, OPTION_MNEMONIC, OPTION_LABEL) VALUES (51, "4F", "MTM,4-SPEED FLOOR SHIFT");
INSERT INTO COMPLECTATION_OPTIONS(COMPLECTATION_ID, OPTION_MNEMONIC, OPTION_LABEL) VALUES (51, "RCB", "REGULAR CAB");
INSERT INTO COMPLECTATION_OPTIONS(COMPLECTATION_ID, OPTION_MNEMONIC, OPTION_LABEL) VALUES (51, "G", "G TYPE TRANSMISSION");
INSERT INTO COMPLECTATION_OPTIONS(COMPLECTATION_ID, OPTION_MNEMONIC, OPTION_LABEL) VALUES (51, "HLF", "0.5TONS");
INSERT INTO COMPLECTATION_OPTIONS(COMPLECTATION_ID, OPTION_MNEMONIC, OPTION_LABEL) VALUES (51, "ST", "SINGLE TIRE");
INSERT INTO COMPLECTATION_OPTIONS(COMPLECTATION_ID, OPTION_MNEMONIC, OPTION_LABEL) VALUES (51, "USA", "UNITED STATES OF AMERICA");
INSERT INTO COMPLECTATION_OPTIONS(COMPLECTATION_ID, OPTION_MNEMONIC, OPTION_LABEL) VALUES (51, "DSL", "DIESEL");
INSERT INTO COMPLECTATION_OPTIONS(COMPLECTATION_ID, OPTION_MNEMONIC, OPTION_LABEL) VALUES (51, "IV", "INCOMPLETE VEHICLES (CHASSIS & CAB)");
INSERT INTO FRAME(ID, MODEL_ID, NAME, URL) VALUES (17, 5, "LN56L", "https://toyota-europe.epc-data.com/4runner/ln56l");
INSERT INTO COMPLECTATION(ID, FRAME_ID, NAME, URL, ENGINE_MNEMONIC, ENGINE_LABEL, PRODUCTION_PERIOD, BODY_MNEMONIC, BODY_LABEL, GRADE_MNEMONIC, GRADE_LABEL, TRANSMISSION_MNEMONIC, TRANSMISSION_LABEL) VALUES (52, 17, "LN56L-MDA3", "https://toyota-europe.epc-data.com/4runner/ln56l/6043/", "2L", "2400CC DIESEL", "08.1983 - 08.1985", "T1", "TRUCK(STANDARD DECK 1-SIDE OPEN)", "DLX", "DELUXE TYPE", "MTM", "MANUAL TRANSMISSION");
INSERT INTO COMPLECTATION_OPTIONS(COMPLECTATION_ID, OPTION_MNEMONIC, OPTION_LABEL) VALUES (52, "5F", "MTM,5-SPEED FLOOR SHIFT");
INSERT INTO COMPLECTATION_OPTIONS(COMPLECTATION_ID, OPTION_MNEMONIC, OPTION_LABEL) VALUES (52, "RCB", "REGULAR CAB");
INSERT INTO COMPLECTATION_OPTIONS(COMPLECTATION_ID, OPTION_MNEMONIC, OPTION_LABEL) VALUES (52, "G", "G TYPE TRANSMISSION");
INSERT INTO COMPLECTATION_OPTIONS(COMPLECTATION_ID, OPTION_MNEMONIC, OPTION_LABEL) VALUES (52, "HLF", "0.5TONS");
INSERT INTO COMPLECTATION_OPTIONS(COMPLECTATION_ID, OPTION_MNEMONIC, OPTION_LABEL) VALUES (52, "ST", "SINGLE TIRE");
INSERT INTO COMPLECTATION_OPTIONS(COMPLECTATION_ID, OPTION_MNEMONIC, OPTION_LABEL) VALUES (52, "USA", "UNITED STATES OF AMERICA");
INSERT INTO COMPLECTATION_OPTIONS(COMPLECTATION_ID, OPTION_MNEMONIC, OPTION_LABEL) VALUES (52, "DSL", "DIESEL");
INSERT INTO COMPLECTATION_OPTIONS(COMPLECTATION_ID, OPTION_MNEMONIC, OPTION_LABEL) VALUES (52, "IV", "INCOMPLETE VEHICLES (CHASSIS & CAB)");
INSERT INTO COMPLECTATION(ID, FRAME_ID, NAME, URL, ENGINE_MNEMONIC, ENGINE_LABEL, PRODUCTION_PERIOD, BODY_MNEMONIC, BODY_LABEL, GRADE_MNEMONIC, GRADE_LABEL, TRANSMISSION_MNEMONIC, TRANSMISSION_LABEL) VALUES (53, 17, "LN56L-MDCA", "https://toyota-europe.epc-data.com/4runner/ln56l/6046/", "2L", "2400CC DIESEL", "08.1984 - 08.1985", "T1", "TRUCK(STANDARD DECK 1-SIDE OPEN)", "DLX", "DELUXE TYPE", "MTM", "MANUAL TRANSMISSION");
INSERT INTO COMPLECTATION_OPTIONS(COMPLECTATION_ID, OPTION_MNEMONIC, OPTION_LABEL) VALUES (53, "5F", "MTM,5-SPEED FLOOR SHIFT");
INSERT INTO COMPLECTATION_OPTIONS(COMPLECTATION_ID, OPTION_MNEMONIC, OPTION_LABEL) VALUES (53, "XTR", "EXTRA CAB");
INSERT INTO COMPLECTATION_OPTIONS(COMPLECTATION_ID, OPTION_MNEMONIC, OPTION_LABEL) VALUES (53, "G", "G TYPE TRANSMISSION");
INSERT INTO COMPLECTATION_OPTIONS(COMPLECTATION_ID, OPTION_MNEMONIC, OPTION_LABEL) VALUES (53, "HLF", "0.5TONS");
INSERT INTO COMPLECTATION_OPTIONS(COMPLECTATION_ID, OPTION_MNEMONIC, OPTION_LABEL) VALUES (53, "ST", "SINGLE TIRE");
INSERT INTO COMPLECTATION_OPTIONS(COMPLECTATION_ID, OPTION_MNEMONIC, OPTION_LABEL) VALUES (53, "USA", "UNITED STATES OF AMERICA");
INSERT INTO COMPLECTATION_OPTIONS(COMPLECTATION_ID, OPTION_MNEMONIC, OPTION_LABEL) VALUES (53, "DSL", "DIESEL");
INSERT INTO COMPLECTATION_OPTIONS(COMPLECTATION_ID, OPTION_MNEMONIC, OPTION_LABEL) VALUES (53, "CBU", "COMPLETELY BUILT UNIT");
INSERT INTO COMPLECTATION(ID, FRAME_ID, NAME, URL, ENGINE_MNEMONIC, ENGINE_LABEL, PRODUCTION_PERIOD, BODY_MNEMONIC, BODY_LABEL, GRADE_MNEMONIC, GRADE_LABEL, TRANSMISSION_MNEMONIC, TRANSMISSION_LABEL) VALUES (54, 17, "LN56L-MDCA3", "https://toyota-europe.epc-data.com/4runner/ln56l/6047/", "2L", "2400CC DIESEL", "09.1983 - 08.1985", "T1", "TRUCK(STANDARD DECK 1-SIDE OPEN)", "DLX", "DELUXE TYPE", "MTM", "MANUAL TRANSMISSION");
INSERT INTO COMPLECTATION_OPTIONS(COMPLECTATION_ID, OPTION_MNEMONIC, OPTION_LABEL) VALUES (54, "5F", "MTM,5-SPEED FLOOR SHIFT");
INSERT INTO COMPLECTATION_OPTIONS(COMPLECTATION_ID, OPTION_MNEMONIC, OPTION_LABEL) VALUES (54, "XTR", "EXTRA CAB");
INSERT INTO COMPLECTATION_OPTIONS(COMPLECTATION_ID, OPTION_MNEMONIC, OPTION_LABEL) VALUES (54, "G", "G TYPE TRANSMISSION");
INSERT INTO COMPLECTATION_OPTIONS(COMPLECTATION_ID, OPTION_MNEMONIC, OPTION_LABEL) VALUES (54, "HLF", "0.5TONS");
INSERT INTO COMPLECTATION_OPTIONS(COMPLECTATION_ID, OPTION_MNEMONIC, OPTION_LABEL) VALUES (54, "ST", "SINGLE TIRE");
INSERT INTO COMPLECTATION_OPTIONS(COMPLECTATION_ID, OPTION_MNEMONIC, OPTION_LABEL) VALUES (54, "USA", "UNITED STATES OF AMERICA");
INSERT INTO COMPLECTATION_OPTIONS(COMPLECTATION_ID, OPTION_MNEMONIC, OPTION_LABEL) VALUES (54, "DSL", "DIESEL");
INSERT INTO COMPLECTATION_OPTIONS(COMPLECTATION_ID, OPTION_MNEMONIC, OPTION_LABEL) VALUES (54, "IV", "INCOMPLETE VEHICLES (CHASSIS & CAB)");
INSERT INTO COMPLECTATION(ID, FRAME_ID, NAME, URL, ENGINE_MNEMONIC, ENGINE_LABEL, PRODUCTION_PERIOD, BODY_MNEMONIC, BODY_LABEL, GRADE_MNEMONIC, GRADE_LABEL, TRANSMISSION_MNEMONIC, TRANSMISSION_LABEL) VALUES (55, 17, "LN56L-MDCK", "https://toyota-europe.epc-data.com/4runner/ln56l/6048/", "2L", "2400CC DIESEL", "09.1983 - 08.1985", "T1", "TRUCK(STANDARD DECK 1-SIDE OPEN)", "DLX", "DELUXE TYPE", "MTM", "MANUAL TRANSMISSION");
INSERT INTO COMPLECTATION_OPTIONS(COMPLECTATION_ID, OPTION_MNEMONIC, OPTION_LABEL) VALUES (55, "5F", "MTM,5-SPEED FLOOR SHIFT");
INSERT INTO COMPLECTATION_OPTIONS(COMPLECTATION_ID, OPTION_MNEMONIC, OPTION_LABEL) VALUES (55, "XTR", "EXTRA CAB");
INSERT INTO COMPLECTATION_OPTIONS(COMPLECTATION_ID, OPTION_MNEMONIC, OPTION_LABEL) VALUES (55, "G", "G TYPE TRANSMISSION");
INSERT INTO COMPLECTATION_OPTIONS(COMPLECTATION_ID, OPTION_MNEMONIC, OPTION_LABEL) VALUES (55, "HLF", "0.5TONS");
INSERT INTO COMPLECTATION_OPTIONS(COMPLECTATION_ID, OPTION_MNEMONIC, OPTION_LABEL) VALUES (55, "ST", "SINGLE TIRE");
INSERT INTO COMPLECTATION_OPTIONS(COMPLECTATION_ID, OPTION_MNEMONIC, OPTION_LABEL) VALUES (55, "CND", "CANADA");
INSERT INTO COMPLECTATION_OPTIONS(COMPLECTATION_ID, OPTION_MNEMONIC, OPTION_LABEL) VALUES (55, "DSL", "DIESEL");
INSERT INTO COMPLECTATION_OPTIONS(COMPLECTATION_ID, OPTION_MNEMONIC, OPTION_LABEL) VALUES (55, "CBU", "COMPLETELY BUILT UNIT");
INSERT INTO COMPLECTATION(ID, FRAME_ID, NAME, URL, ENGINE_MNEMONIC, ENGINE_LABEL, PRODUCTION_PERIOD, BODY_MNEMONIC, BODY_LABEL, GRADE_MNEMONIC, GRADE_LABEL, TRANSMISSION_MNEMONIC, TRANSMISSION_LABEL) VALUES (56, 17, "LN56L-MDCXA3", "https://toyota-europe.epc-data.com/4runner/ln56l/6050/", "2LT", "2400CC DIESEL TURBO", "08.1984 - 08.1985", "T1", "TRUCK(STANDARD DECK 1-SIDE OPEN)", "DLX", "DELUXE TYPE", "MTM", "MANUAL TRANSMISSION");
INSERT INTO COMPLECTATION_OPTIONS(COMPLECTATION_ID, OPTION_MNEMONIC, OPTION_LABEL) VALUES (56, "5F", "MTM,5-SPEED FLOOR SHIFT");
INSERT INTO COMPLECTATION_OPTIONS(COMPLECTATION_ID, OPTION_MNEMONIC, OPTION_LABEL) VALUES (56, "XTR", "EXTRA CAB");
INSERT INTO COMPLECTATION_OPTIONS(COMPLECTATION_ID, OPTION_MNEMONIC, OPTION_LABEL) VALUES (56, "W", "W TYPE TRANSMISSION");
INSERT INTO COMPLECTATION_OPTIONS(COMPLECTATION_ID, OPTION_MNEMONIC, OPTION_LABEL) VALUES (56, "HLF", "0.5TONS");
INSERT INTO COMPLECTATION_OPTIONS(COMPLECTATION_ID, OPTION_MNEMONIC, OPTION_LABEL) VALUES (56, "ST", "SINGLE TIRE");
INSERT INTO COMPLECTATION_OPTIONS(COMPLECTATION_ID, OPTION_MNEMONIC, OPTION_LABEL) VALUES (56, "USA", "UNITED STATES OF AMERICA");
INSERT INTO COMPLECTATION_OPTIONS(COMPLECTATION_ID, OPTION_MNEMONIC, OPTION_LABEL) VALUES (56, "TD", "TURBO DIESEL");
INSERT INTO COMPLECTATION_OPTIONS(COMPLECTATION_ID, OPTION_MNEMONIC, OPTION_LABEL) VALUES (56, "IV", "INCOMPLETE VEHICLES (CHASSIS & CAB)");
INSERT INTO COMPLECTATION(ID, FRAME_ID, NAME, URL, ENGINE_MNEMONIC, ENGINE_LABEL, PRODUCTION_PERIOD, BODY_MNEMONIC, BODY_LABEL, GRADE_MNEMONIC, GRADE_LABEL, TRANSMISSION_MNEMONIC, TRANSMISSION_LABEL) VALUES (57, 17, "LN56L-MDK", "https://toyota-europe.epc-data.com/4runner/ln56l/6044/", "2L", "2400CC DIESEL", "08.1983 - 08.1986", "T1", "TRUCK(STANDARD DECK 1-SIDE OPEN)", "DLX", "DELUXE TYPE", "MTM", "MANUAL TRANSMISSION");
INSERT INTO COMPLECTATION_OPTIONS(COMPLECTATION_ID, OPTION_MNEMONIC, OPTION_LABEL) VALUES (57, "5F", "MTM,5-SPEED FLOOR SHIFT");
INSERT INTO COMPLECTATION_OPTIONS(COMPLECTATION_ID, OPTION_MNEMONIC, OPTION_LABEL) VALUES (57, "RCB", "REGULAR CAB");
INSERT INTO COMPLECTATION_OPTIONS(COMPLECTATION_ID, OPTION_MNEMONIC, OPTION_LABEL) VALUES (57, "G", "G TYPE TRANSMISSION");
INSERT INTO COMPLECTATION_OPTIONS(COMPLECTATION_ID, OPTION_MNEMONIC, OPTION_LABEL) VALUES (57, "HLF", "0.5TONS");
INSERT INTO COMPLECTATION_OPTIONS(COMPLECTATION_ID, OPTION_MNEMONIC, OPTION_LABEL) VALUES (57, "ST", "SINGLE TIRE");
INSERT INTO COMPLECTATION_OPTIONS(COMPLECTATION_ID, OPTION_MNEMONIC, OPTION_LABEL) VALUES (57, "CND", "CANADA");
INSERT INTO COMPLECTATION_OPTIONS(COMPLECTATION_ID, OPTION_MNEMONIC, OPTION_LABEL) VALUES (57, "DSL", "DIESEL");
INSERT INTO COMPLECTATION_OPTIONS(COMPLECTATION_ID, OPTION_MNEMONIC, OPTION_LABEL) VALUES (57, "CBU", "COMPLETELY BUILT UNIT");
INSERT INTO COMPLECTATION(ID, FRAME_ID, NAME, URL, ENGINE_MNEMONIC, ENGINE_LABEL, PRODUCTION_PERIOD, BODY_MNEMONIC, BODY_LABEL, GRADE_MNEMONIC, GRADE_LABEL, TRANSMISSION_MNEMONIC, TRANSMISSION_LABEL) VALUES (58, 17, "LN56L-MDXA3", "https://toyota-europe.epc-data.com/4runner/ln56l/6049/", "2LT", "2400CC DIESEL TURBO", "08.1984 - 08.1985", "T1", "TRUCK(STANDARD DECK 1-SIDE OPEN)", "DLX", "DELUXE TYPE", "MTM", "MANUAL TRANSMISSION");
INSERT INTO COMPLECTATION_OPTIONS(COMPLECTATION_ID, OPTION_MNEMONIC, OPTION_LABEL) VALUES (58, "5F", "MTM,5-SPEED FLOOR SHIFT");
INSERT INTO COMPLECTATION_OPTIONS(COMPLECTATION_ID, OPTION_MNEMONIC, OPTION_LABEL) VALUES (58, "RCB", "REGULAR CAB");
INSERT INTO COMPLECTATION_OPTIONS(COMPLECTATION_ID, OPTION_MNEMONIC, OPTION_LABEL) VALUES (58, "W", "W TYPE TRANSMISSION");
INSERT INTO COMPLECTATION_OPTIONS(COMPLECTATION_ID, OPTION_MNEMONIC, OPTION_LABEL) VALUES (58, "HLF", "0.5TONS");
INSERT INTO COMPLECTATION_OPTIONS(COMPLECTATION_ID, OPTION_MNEMONIC, OPTION_LABEL) VALUES (58, "ST", "SINGLE TIRE");
INSERT INTO COMPLECTATION_OPTIONS(COMPLECTATION_ID, OPTION_MNEMONIC, OPTION_LABEL) VALUES (58, "USA", "UNITED STATES OF AMERICA");
INSERT INTO COMPLECTATION_OPTIONS(COMPLECTATION_ID, OPTION_MNEMONIC, OPTION_LABEL) VALUES (58, "TD", "TURBO DIESEL");
INSERT INTO COMPLECTATION_OPTIONS(COMPLECTATION_ID, OPTION_MNEMONIC, OPTION_LABEL) VALUES (58, "IV", "INCOMPLETE VEHICLES (CHASSIS & CAB)");
INSERT INTO COMPLECTATION(ID, FRAME_ID, NAME, URL, ENGINE_MNEMONIC, ENGINE_LABEL, PRODUCTION_PERIOD, BODY_MNEMONIC, BODY_LABEL, GRADE_MNEMONIC, GRADE_LABEL, TRANSMISSION_MNEMONIC, TRANSMISSION_LABEL) VALUES (59, 17, "LN56L-MRK", "https://toyota-europe.epc-data.com/4runner/ln56l/6045/", "2L", "2400CC DIESEL", "08.1986 - 08.1987", "T1", "TRUCK(STANDARD DECK 1-SIDE OPEN)", "STD", "STANDARD TYPE", "MTM", "MANUAL TRANSMISSION");
INSERT INTO COMPLECTATION_OPTIONS(COMPLECTATION_ID, OPTION_MNEMONIC, OPTION_LABEL) VALUES (59, "5F", "MTM,5-SPEED FLOOR SHIFT");
INSERT INTO COMPLECTATION_OPTIONS(COMPLECTATION_ID, OPTION_MNEMONIC, OPTION_LABEL) VALUES (59, "RCB", "REGULAR CAB");
INSERT INTO COMPLECTATION_OPTIONS(COMPLECTATION_ID, OPTION_MNEMONIC, OPTION_LABEL) VALUES (59, "G", "G TYPE TRANSMISSION");
INSERT INTO COMPLECTATION_OPTIONS(COMPLECTATION_ID, OPTION_MNEMONIC, OPTION_LABEL) VALUES (59, "HLF", "0.5TONS");
INSERT INTO COMPLECTATION_OPTIONS(COMPLECTATION_ID, OPTION_MNEMONIC, OPTION_LABEL) VALUES (59, "ST", "SINGLE TIRE");
INSERT INTO COMPLECTATION_OPTIONS(COMPLECTATION_ID, OPTION_MNEMONIC, OPTION_LABEL) VALUES (59, "CND", "CANADA");
INSERT INTO COMPLECTATION_OPTIONS(COMPLECTATION_ID, OPTION_MNEMONIC, OPTION_LABEL) VALUES (59, "DSL", "DIESEL");
INSERT INTO COMPLECTATION_OPTIONS(COMPLECTATION_ID, OPTION_MNEMONIC, OPTION_LABEL) VALUES (59, "CBU", "COMPLETELY BUILT UNIT");
INSERT INTO FRAME(ID, MODEL_ID, NAME, URL) VALUES (18, 5, "LN65L", "https://toyota-europe.epc-data.com/4runner/ln65l");
INSERT INTO COMPLECTATION(ID, FRAME_ID, NAME, URL, ENGINE_MNEMONIC, ENGINE_LABEL, PRODUCTION_PERIOD, BODY_MNEMONIC, BODY_LABEL, GRADE_MNEMONIC, GRADE_LABEL, TRANSMISSION_MNEMONIC, TRANSMISSION_LABEL) VALUES (60, 18, "LN65L-MDA", "https://toyota-europe.epc-data.com/4runner/ln65l/6051/", "2L", "2400CC DIESEL", "08.1983 - 08.1984", "T1", "TRUCK(STANDARD DECK 1-SIDE OPEN)", "DLX", "DELUXE TYPE", "MTM", "MANUAL TRANSMISSION");
INSERT INTO COMPLECTATION_OPTIONS(COMPLECTATION_ID, OPTION_MNEMONIC, OPTION_LABEL) VALUES (60, "5F", "MTM,5-SPEED FLOOR SHIFT");
INSERT INTO COMPLECTATION_OPTIONS(COMPLECTATION_ID, OPTION_MNEMONIC, OPTION_LABEL) VALUES (60, "RCB", "REGULAR CAB");
INSERT INTO COMPLECTATION_OPTIONS(COMPLECTATION_ID, OPTION_MNEMONIC, OPTION_LABEL) VALUES (60, "G", "G TYPE TRANSMISSION");
INSERT INTO COMPLECTATION_OPTIONS(COMPLECTATION_ID, OPTION_MNEMONIC, OPTION_LABEL) VALUES (60, "HLF", "0.5TONS");
INSERT INTO COMPLECTATION_OPTIONS(COMPLECTATION_ID, OPTION_MNEMONIC, OPTION_LABEL) VALUES (60, "ST", "SINGLE TIRE");
INSERT INTO COMPLECTATION_OPTIONS(COMPLECTATION_ID, OPTION_MNEMONIC, OPTION_LABEL) VALUES (60, "USA", "UNITED STATES OF AMERICA");
INSERT INTO COMPLECTATION_OPTIONS(COMPLECTATION_ID, OPTION_MNEMONIC, OPTION_LABEL) VALUES (60, "DSL", "DIESEL");
INSERT INTO COMPLECTATION_OPTIONS(COMPLECTATION_ID, OPTION_MNEMONIC, OPTION_LABEL) VALUES (60, "CBU", "COMPLETELY BUILT UNIT");
INSERT INTO COMPLECTATION(ID, FRAME_ID, NAME, URL, ENGINE_MNEMONIC, ENGINE_LABEL, PRODUCTION_PERIOD, BODY_MNEMONIC, BODY_LABEL, GRADE_MNEMONIC, GRADE_LABEL, TRANSMISSION_MNEMONIC, TRANSMISSION_LABEL) VALUES (61, 18, "LN65L-MDA3", "https://toyota-europe.epc-data.com/4runner/ln65l/6052/", "2L", "2400CC DIESEL", "08.1983 - 08.1984", "T1", "TRUCK(STANDARD DECK 1-SIDE OPEN)", "DLX", "DELUXE TYPE", "MTM", "MANUAL TRANSMISSION");
INSERT INTO COMPLECTATION_OPTIONS(COMPLECTATION_ID, OPTION_MNEMONIC, OPTION_LABEL) VALUES (61, "5F", "MTM,5-SPEED FLOOR SHIFT");
INSERT INTO COMPLECTATION_OPTIONS(COMPLECTATION_ID, OPTION_MNEMONIC, OPTION_LABEL) VALUES (61, "RCB", "REGULAR CAB");
INSERT INTO COMPLECTATION_OPTIONS(COMPLECTATION_ID, OPTION_MNEMONIC, OPTION_LABEL) VALUES (61, "G", "G TYPE TRANSMISSION");
INSERT INTO COMPLECTATION_OPTIONS(COMPLECTATION_ID, OPTION_MNEMONIC, OPTION_LABEL) VALUES (61, "HLF", "0.5TONS");
INSERT INTO COMPLECTATION_OPTIONS(COMPLECTATION_ID, OPTION_MNEMONIC, OPTION_LABEL) VALUES (61, "ST", "SINGLE TIRE");
INSERT INTO COMPLECTATION_OPTIONS(COMPLECTATION_ID, OPTION_MNEMONIC, OPTION_LABEL) VALUES (61, "USA", "UNITED STATES OF AMERICA");
INSERT INTO COMPLECTATION_OPTIONS(COMPLECTATION_ID, OPTION_MNEMONIC, OPTION_LABEL) VALUES (61, "DSL", "DIESEL");
INSERT INTO COMPLECTATION_OPTIONS(COMPLECTATION_ID, OPTION_MNEMONIC, OPTION_LABEL) VALUES (61, "IV", "INCOMPLETE VEHICLES (CHASSIS & CAB)");
INSERT INTO COMPLECTATION(ID, FRAME_ID, NAME, URL, ENGINE_MNEMONIC, ENGINE_LABEL, PRODUCTION_PERIOD, BODY_MNEMONIC, BODY_LABEL, GRADE_MNEMONIC, GRADE_LABEL, TRANSMISSION_MNEMONIC, TRANSMISSION_LABEL) VALUES (62, 18, "LN65L-MDCA3", "https://toyota-europe.epc-data.com/4runner/ln65l/6053/", "2L", "2400CC DIESEL", "09.1983 - 08.1984", "T1", "TRUCK(STANDARD DECK 1-SIDE OPEN)", "DLX", "DELUXE TYPE", "MTM", "MANUAL TRANSMISSION");
INSERT INTO COMPLECTATION_OPTIONS(COMPLECTATION_ID, OPTION_MNEMONIC, OPTION_LABEL) VALUES (62, "5F", "MTM,5-SPEED FLOOR SHIFT");
INSERT INTO COMPLECTATION_OPTIONS(COMPLECTATION_ID, OPTION_MNEMONIC, OPTION_LABEL) VALUES (62, "XTR", "EXTRA CAB");
INSERT INTO COMPLECTATION_OPTIONS(COMPLECTATION_ID, OPTION_MNEMONIC, OPTION_LABEL) VALUES (62, "G", "G TYPE TRANSMISSION");
INSERT INTO COMPLECTATION_OPTIONS(COMPLECTATION_ID, OPTION_MNEMONIC, OPTION_LABEL) VALUES (62, "HLF", "0.5TONS");
INSERT INTO COMPLECTATION_OPTIONS(COMPLECTATION_ID, OPTION_MNEMONIC, OPTION_LABEL) VALUES (62, "ST", "SINGLE TIRE");
INSERT INTO COMPLECTATION_OPTIONS(COMPLECTATION_ID, OPTION_MNEMONIC, OPTION_LABEL) VALUES (62, "USA", "UNITED STATES OF AMERICA");
INSERT INTO COMPLECTATION_OPTIONS(COMPLECTATION_ID, OPTION_MNEMONIC, OPTION_LABEL) VALUES (62, "DSL", "DIESEL");
INSERT INTO COMPLECTATION_OPTIONS(COMPLECTATION_ID, OPTION_MNEMONIC, OPTION_LABEL) VALUES (62, "IV", "INCOMPLETE VEHICLES (CHASSIS & CAB)");
INSERT INTO COMPLECTATION(ID, FRAME_ID, NAME, URL, ENGINE_MNEMONIC, ENGINE_LABEL, PRODUCTION_PERIOD, BODY_MNEMONIC, BODY_LABEL, GRADE_MNEMONIC, GRADE_LABEL, TRANSMISSION_MNEMONIC, TRANSMISSION_LABEL) VALUES (63, 18, "LN65L-MDCK", "https://toyota-europe.epc-data.com/4runner/ln65l/6054/", "2L", "2400CC DIESEL", "09.1983 - 08.1984", "T1", "TRUCK(STANDARD DECK 1-SIDE OPEN)", "DLX", "DELUXE TYPE", "MTM", "MANUAL TRANSMISSION");
INSERT INTO COMPLECTATION_OPTIONS(COMPLECTATION_ID, OPTION_MNEMONIC, OPTION_LABEL) VALUES (63, "5F", "MTM,5-SPEED FLOOR SHIFT");
INSERT INTO COMPLECTATION_OPTIONS(COMPLECTATION_ID, OPTION_MNEMONIC, OPTION_LABEL) VALUES (63, "XTR", "EXTRA CAB");
INSERT INTO COMPLECTATION_OPTIONS(COMPLECTATION_ID, OPTION_MNEMONIC, OPTION_LABEL) VALUES (63, "G", "G TYPE TRANSMISSION");
INSERT INTO COMPLECTATION_OPTIONS(COMPLECTATION_ID, OPTION_MNEMONIC, OPTION_LABEL) VALUES (63, "HLF", "0.5TONS");
INSERT INTO COMPLECTATION_OPTIONS(COMPLECTATION_ID, OPTION_MNEMONIC, OPTION_LABEL) VALUES (63, "ST", "SINGLE TIRE");
INSERT INTO COMPLECTATION_OPTIONS(COMPLECTATION_ID, OPTION_MNEMONIC, OPTION_LABEL) VALUES (63, "CND", "CANADA");
INSERT INTO COMPLECTATION_OPTIONS(COMPLECTATION_ID, OPTION_MNEMONIC, OPTION_LABEL) VALUES (63, "DSL", "DIESEL");
INSERT INTO COMPLECTATION_OPTIONS(COMPLECTATION_ID, OPTION_MNEMONIC, OPTION_LABEL) VALUES (63, "CBU", "COMPLETELY BUILT UNIT");
INSERT INTO COMPLECTATION(ID, FRAME_ID, NAME, URL, ENGINE_MNEMONIC, ENGINE_LABEL, PRODUCTION_PERIOD, BODY_MNEMONIC, BODY_LABEL, GRADE_MNEMONIC, GRADE_LABEL, TRANSMISSION_MNEMONIC, TRANSMISSION_LABEL) VALUES (64, 18, "LN65L-MDXA", "https://toyota-europe.epc-data.com/4runner/ln65l/6056/", "2LT", "2400CC DIESEL TURBO", "08.1984 - 08.1985", "T1", "TRUCK(STANDARD DECK 1-SIDE OPEN)", "DLX", "DELUXE TYPE", "MTM", "MANUAL TRANSMISSION");
INSERT INTO COMPLECTATION_OPTIONS(COMPLECTATION_ID, OPTION_MNEMONIC, OPTION_LABEL) VALUES (64, "5F", "MTM,5-SPEED FLOOR SHIFT");
INSERT INTO COMPLECTATION_OPTIONS(COMPLECTATION_ID, OPTION_MNEMONIC, OPTION_LABEL) VALUES (64, "RCB", "REGULAR CAB");
INSERT INTO COMPLECTATION_OPTIONS(COMPLECTATION_ID, OPTION_MNEMONIC, OPTION_LABEL) VALUES (64, "W", "W TYPE TRANSMISSION");
INSERT INTO COMPLECTATION_OPTIONS(COMPLECTATION_ID, OPTION_MNEMONIC, OPTION_LABEL) VALUES (64, "HLF", "0.5TONS");
INSERT INTO COMPLECTATION_OPTIONS(COMPLECTATION_ID, OPTION_MNEMONIC, OPTION_LABEL) VALUES (64, "ST", "SINGLE TIRE");
INSERT INTO COMPLECTATION_OPTIONS(COMPLECTATION_ID, OPTION_MNEMONIC, OPTION_LABEL) VALUES (64, "USA", "UNITED STATES OF AMERICA");
INSERT INTO COMPLECTATION_OPTIONS(COMPLECTATION_ID, OPTION_MNEMONIC, OPTION_LABEL) VALUES (64, "TD", "TURBO DIESEL");
INSERT INTO COMPLECTATION_OPTIONS(COMPLECTATION_ID, OPTION_MNEMONIC, OPTION_LABEL) VALUES (64, "CBU", "COMPLETELY BUILT UNIT");
INSERT INTO COMPLECTATION(ID, FRAME_ID, NAME, URL, ENGINE_MNEMONIC, ENGINE_LABEL, PRODUCTION_PERIOD, BODY_MNEMONIC, BODY_LABEL, GRADE_MNEMONIC, GRADE_LABEL, TRANSMISSION_MNEMONIC, TRANSMISSION_LABEL) VALUES (65, 18, "LN65L-MDXA3", "https://toyota-europe.epc-data.com/4runner/ln65l/6057/", "2LT", "2400CC DIESEL TURBO", "08.1984 - 08.1985", "T1", "TRUCK(STANDARD DECK 1-SIDE OPEN)", "DLX", "DELUXE TYPE", "MTM", "MANUAL TRANSMISSION");
INSERT INTO COMPLECTATION_OPTIONS(COMPLECTATION_ID, OPTION_MNEMONIC, OPTION_LABEL) VALUES (65, "5F", "MTM,5-SPEED FLOOR SHIFT");
INSERT INTO COMPLECTATION_OPTIONS(COMPLECTATION_ID, OPTION_MNEMONIC, OPTION_LABEL) VALUES (65, "RCB", "REGULAR CAB");
INSERT INTO COMPLECTATION_OPTIONS(COMPLECTATION_ID, OPTION_MNEMONIC, OPTION_LABEL) VALUES (65, "W", "W TYPE TRANSMISSION");
INSERT INTO COMPLECTATION_OPTIONS(COMPLECTATION_ID, OPTION_MNEMONIC, OPTION_LABEL) VALUES (65, "HLF", "0.5TONS");
INSERT INTO COMPLECTATION_OPTIONS(COMPLECTATION_ID, OPTION_MNEMONIC, OPTION_LABEL) VALUES (65, "ST", "SINGLE TIRE");
INSERT INTO COMPLECTATION_OPTIONS(COMPLECTATION_ID, OPTION_MNEMONIC, OPTION_LABEL) VALUES (65, "USA", "UNITED STATES OF AMERICA");
INSERT INTO COMPLECTATION_OPTIONS(COMPLECTATION_ID, OPTION_MNEMONIC, OPTION_LABEL) VALUES (65, "TD", "TURBO DIESEL");
INSERT INTO COMPLECTATION_OPTIONS(COMPLECTATION_ID, OPTION_MNEMONIC, OPTION_LABEL) VALUES (65, "IV", "INCOMPLETE VEHICLES (CHASSIS & CAB)");
INSERT INTO COMPLECTATION(ID, FRAME_ID, NAME, URL, ENGINE_MNEMONIC, ENGINE_LABEL, PRODUCTION_PERIOD, BODY_MNEMONIC, BODY_LABEL, GRADE_MNEMONIC, GRADE_LABEL, TRANSMISSION_MNEMONIC, TRANSMISSION_LABEL) VALUES (66, 18, "LN65L-MDXK", "https://toyota-europe.epc-data.com/4runner/ln65l/6058/", "2LT", "2400CC DIESEL TURBO", "08.1984 - 08.1985", "T1", "TRUCK(STANDARD DECK 1-SIDE OPEN)", "DLX", "DELUXE TYPE", "MTM", "MANUAL TRANSMISSION");
INSERT INTO COMPLECTATION_OPTIONS(COMPLECTATION_ID, OPTION_MNEMONIC, OPTION_LABEL) VALUES (66, "5F", "MTM,5-SPEED FLOOR SHIFT");
INSERT INTO COMPLECTATION_OPTIONS(COMPLECTATION_ID, OPTION_MNEMONIC, OPTION_LABEL) VALUES (66, "RCB", "REGULAR CAB");
INSERT INTO COMPLECTATION_OPTIONS(COMPLECTATION_ID, OPTION_MNEMONIC, OPTION_LABEL) VALUES (66, "W", "W TYPE TRANSMISSION");
INSERT INTO COMPLECTATION_OPTIONS(COMPLECTATION_ID, OPTION_MNEMONIC, OPTION_LABEL) VALUES (66, "HLF", "0.5TONS");
INSERT INTO COMPLECTATION_OPTIONS(COMPLECTATION_ID, OPTION_MNEMONIC, OPTION_LABEL) VALUES (66, "ST", "SINGLE TIRE");
INSERT INTO COMPLECTATION_OPTIONS(COMPLECTATION_ID, OPTION_MNEMONIC, OPTION_LABEL) VALUES (66, "CND", "CANADA");
INSERT INTO COMPLECTATION_OPTIONS(COMPLECTATION_ID, OPTION_MNEMONIC, OPTION_LABEL) VALUES (66, "TD", "TURBO DIESEL");
INSERT INTO COMPLECTATION_OPTIONS(COMPLECTATION_ID, OPTION_MNEMONIC, OPTION_LABEL) VALUES (66, "CBU", "COMPLETELY BUILT UNIT");
INSERT INTO FRAME(ID, MODEL_ID, NAME, URL) VALUES (19, 5, "LN66L", "https://toyota-europe.epc-data.com/4runner/ln66l");
INSERT INTO COMPLECTATION(ID, FRAME_ID, NAME, URL, ENGINE_MNEMONIC, ENGINE_LABEL, PRODUCTION_PERIOD, BODY_MNEMONIC, BODY_LABEL, GRADE_MNEMONIC, GRADE_LABEL, TRANSMISSION_MNEMONIC, TRANSMISSION_LABEL) VALUES (67, 19, "LN66L-MDCXK", "https://toyota-europe.epc-data.com/4runner/ln66l/6055/", "2LT", "2400CC DIESEL TURBO", "08.1985 - 08.1987", "T1", "TRUCK(STANDARD DECK 1-SIDE OPEN)", "DLX", "DELUXE TYPE", "MTM", "MANUAL TRANSMISSION");
INSERT INTO COMPLECTATION_OPTIONS(COMPLECTATION_ID, OPTION_MNEMONIC, OPTION_LABEL) VALUES (67, "5F", "MTM,5-SPEED FLOOR SHIFT");
INSERT INTO COMPLECTATION_OPTIONS(COMPLECTATION_ID, OPTION_MNEMONIC, OPTION_LABEL) VALUES (67, "XTR", "EXTRA CAB");
INSERT INTO COMPLECTATION_OPTIONS(COMPLECTATION_ID, OPTION_MNEMONIC, OPTION_LABEL) VALUES (67, "W", "W TYPE TRANSMISSION");
INSERT INTO COMPLECTATION_OPTIONS(COMPLECTATION_ID, OPTION_MNEMONIC, OPTION_LABEL) VALUES (67, "HLF", "0.5TONS");
INSERT INTO COMPLECTATION_OPTIONS(COMPLECTATION_ID, OPTION_MNEMONIC, OPTION_LABEL) VALUES (67, "ST", "SINGLE TIRE");
INSERT INTO COMPLECTATION_OPTIONS(COMPLECTATION_ID, OPTION_MNEMONIC, OPTION_LABEL) VALUES (67, "CND", "CANADA");
INSERT INTO COMPLECTATION_OPTIONS(COMPLECTATION_ID, OPTION_MNEMONIC, OPTION_LABEL) VALUES (67, "TD", "TURBO DIESEL");
INSERT INTO COMPLECTATION_OPTIONS(COMPLECTATION_ID, OPTION_MNEMONIC, OPTION_LABEL) VALUES (67, "CBU", "COMPLETELY BUILT UNIT");
INSERT INTO FRAME(ID, MODEL_ID, NAME, URL) VALUES (20, 5, "RN101L", "https://toyota-europe.epc-data.com/4runner/rn101l");
INSERT INTO COMPLECTATION(ID, FRAME_ID, NAME, URL, ENGINE_MNEMONIC, ENGINE_LABEL, PRODUCTION_PERIOD, BODY_MNEMONIC, BODY_LABEL, GRADE_MNEMONIC, GRADE_LABEL, TRANSMISSION_MNEMONIC, TRANSMISSION_LABEL) VALUES (68, 20, "RN101L-TRLDEA", "https://toyota-europe.epc-data.com/4runner/rn101l/6264/", "22RE", "2400CC EFI", "08.1990 - 10.1994", "T1", "TRUCK(STANDARD DECK 1-SIDE OPEN)", "DLX", "DELUXE TYPE", "MTM", "MANUAL TRANSMISSION");
INSERT INTO COMPLECTATION_OPTIONS(COMPLECTATION_ID, OPTION_MNEMONIC, OPTION_LABEL) VALUES (68, "5F", "MTM,5-SPEED FLOOR SHIFT");
INSERT INTO COMPLECTATION_OPTIONS(COMPLECTATION_ID, OPTION_MNEMONIC, OPTION_LABEL) VALUES (68, "RCB", "REGULAR CAB");
INSERT INTO COMPLECTATION_OPTIONS(COMPLECTATION_ID, OPTION_MNEMONIC, OPTION_LABEL) VALUES (68, "G", "G TYPE TRANSMISSION");
INSERT INTO COMPLECTATION_OPTIONS(COMPLECTATION_ID, OPTION_MNEMONIC, OPTION_LABEL) VALUES (68, "EFI", "ELECTRIC FUEL INJECTION SYSTEM");
INSERT INTO COMPLECTATION_OPTIONS(COMPLECTATION_ID, OPTION_MNEMONIC, OPTION_LABEL) VALUES (68, "USA", "UNITED STATES OF AMERICA");
INSERT INTO COMPLECTATION_OPTIONS(COMPLECTATION_ID, OPTION_MNEMONIC, OPTION_LABEL) VALUES (68, "CBU", "COMPLETELY BUILT UNIT");
INSERT INTO COMPLECTATION_OPTIONS(COMPLECTATION_ID, OPTION_MNEMONIC, OPTION_LABEL) VALUES (68, "JPP", "JAPAN PRODUCT PARTS");
INSERT INTO COMPLECTATION(ID, FRAME_ID, NAME, URL, ENGINE_MNEMONIC, ENGINE_LABEL, PRODUCTION_PERIOD, BODY_MNEMONIC, BODY_LABEL, GRADE_MNEMONIC, GRADE_LABEL, TRANSMISSION_MNEMONIC, TRANSMISSION_LABEL) VALUES (69, 20, "RN101L-TRLDEK", "https://toyota-europe.epc-data.com/4runner/rn101l/6265/", "22RE", "2400CC EFI", "08.1990 - 01.1995", "T1", "TRUCK(STANDARD DECK 1-SIDE OPEN)", "DLX", "DELUXE TYPE", "MTM", "MANUAL TRANSMISSION");
INSERT INTO COMPLECTATION_OPTIONS(COMPLECTATION_ID, OPTION_MNEMONIC, OPTION_LABEL) VALUES (69, "5F", "MTM,5-SPEED FLOOR SHIFT");
INSERT INTO COMPLECTATION_OPTIONS(COMPLECTATION_ID, OPTION_MNEMONIC, OPTION_LABEL) VALUES (69, "RCB", "REGULAR CAB");
INSERT INTO COMPLECTATION_OPTIONS(COMPLECTATION_ID, OPTION_MNEMONIC, OPTION_LABEL) VALUES (69, "G", "G TYPE TRANSMISSION");
INSERT INTO COMPLECTATION_OPTIONS(COMPLECTATION_ID, OPTION_MNEMONIC, OPTION_LABEL) VALUES (69, "EFI", "ELECTRIC FUEL INJECTION SYSTEM");
INSERT INTO COMPLECTATION_OPTIONS(COMPLECTATION_ID, OPTION_MNEMONIC, OPTION_LABEL) VALUES (69, "CND", "CANADA");
INSERT INTO COMPLECTATION_OPTIONS(COMPLECTATION_ID, OPTION_MNEMONIC, OPTION_LABEL) VALUES (69, "CBU", "COMPLETELY BUILT UNIT");
INSERT INTO COMPLECTATION_OPTIONS(COMPLECTATION_ID, OPTION_MNEMONIC, OPTION_LABEL) VALUES (69, "JPP", "JAPAN PRODUCT PARTS");
INSERT INTO COMPLECTATION(ID, FRAME_ID, NAME, URL, ENGINE_MNEMONIC, ENGINE_LABEL, PRODUCTION_PERIOD, BODY_MNEMONIC, BODY_LABEL, GRADE_MNEMONIC, GRADE_LABEL, TRANSMISSION_MNEMONIC, TRANSMISSION_LABEL) VALUES (70, 20, "RN101L-TRLSEA", "https://toyota-europe.epc-data.com/4runner/rn101l/6270/", "22RE", "2400CC EFI", "08.1988 - 08.1990", "T1", "TRUCK(STANDARD DECK 1-SIDE OPEN)", "SR5", "SR-5 TYPE", "MTM", "MANUAL TRANSMISSION");
INSERT INTO COMPLECTATION_OPTIONS(COMPLECTATION_ID, OPTION_MNEMONIC, OPTION_LABEL) VALUES (70, "5F", "MTM,5-SPEED FLOOR SHIFT");
INSERT INTO COMPLECTATION_OPTIONS(COMPLECTATION_ID, OPTION_MNEMONIC, OPTION_LABEL) VALUES (70, "RCB", "REGULAR CAB");
INSERT INTO COMPLECTATION_OPTIONS(COMPLECTATION_ID, OPTION_MNEMONIC, OPTION_LABEL) VALUES (70, "G", "G TYPE TRANSMISSION");
INSERT INTO COMPLECTATION_OPTIONS(COMPLECTATION_ID, OPTION_MNEMONIC, OPTION_LABEL) VALUES (70, "EFI", "ELECTRIC FUEL INJECTION SYSTEM");
INSERT INTO COMPLECTATION_OPTIONS(COMPLECTATION_ID, OPTION_MNEMONIC, OPTION_LABEL) VALUES (70, "USA", "UNITED STATES OF AMERICA");
INSERT INTO COMPLECTATION_OPTIONS(COMPLECTATION_ID, OPTION_MNEMONIC, OPTION_LABEL) VALUES (70, "CBU", "COMPLETELY BUILT UNIT");
INSERT INTO COMPLECTATION_OPTIONS(COMPLECTATION_ID, OPTION_MNEMONIC, OPTION_LABEL) VALUES (70, "JPP", "JAPAN PRODUCT PARTS");
INSERT INTO COMPLECTATION(ID, FRAME_ID, NAME, URL, ENGINE_MNEMONIC, ENGINE_LABEL, PRODUCTION_PERIOD, BODY_MNEMONIC, BODY_LABEL, GRADE_MNEMONIC, GRADE_LABEL, TRANSMISSION_MNEMONIC, TRANSMISSION_LABEL) VALUES (71, 20, "RN101L-TRLSEA3", "https://toyota-europe.epc-data.com/4runner/rn101l/6271/", "22RE", "2400CC EFI", "08.1988 - 08.1989", "T1", "TRUCK(STANDARD DECK 1-SIDE OPEN)", "SR5", "SR-5 TYPE", "MTM", "MANUAL TRANSMISSION");
INSERT INTO COMPLECTATION_OPTIONS(COMPLECTATION_ID, OPTION_MNEMONIC, OPTION_LABEL) VALUES (71, "5F", "MTM,5-SPEED FLOOR SHIFT");
INSERT INTO COMPLECTATION_OPTIONS(COMPLECTATION_ID, OPTION_MNEMONIC, OPTION_LABEL) VALUES (71, "RCB", "REGULAR CAB");
INSERT INTO COMPLECTATION_OPTIONS(COMPLECTATION_ID, OPTION_MNEMONIC, OPTION_LABEL) VALUES (71, "G", "G TYPE TRANSMISSION");
INSERT INTO COMPLECTATION_OPTIONS(COMPLECTATION_ID, OPTION_MNEMONIC, OPTION_LABEL) VALUES (71, "EFI", "ELECTRIC FUEL INJECTION SYSTEM");
INSERT INTO COMPLECTATION_OPTIONS(COMPLECTATION_ID, OPTION_MNEMONIC, OPTION_LABEL) VALUES (71, "USA", "UNITED STATES OF AMERICA");
INSERT INTO COMPLECTATION_OPTIONS(COMPLECTATION_ID, OPTION_MNEMONIC, OPTION_LABEL) VALUES (71, "IV3", "INCOMPLETE VEHICLES (CAB & CHASSIS)");
INSERT INTO COMPLECTATION_OPTIONS(COMPLECTATION_ID, OPTION_MNEMONIC, OPTION_LABEL) VALUES (71, "JPP", "JAPAN PRODUCT PARTS");
INSERT INTO COMPLECTATION(ID, FRAME_ID, NAME, URL, ENGINE_MNEMONIC, ENGINE_LABEL, PRODUCTION_PERIOD, BODY_MNEMONIC, BODY_LABEL, GRADE_MNEMONIC, GRADE_LABEL, TRANSMISSION_MNEMONIC, TRANSMISSION_LABEL) VALUES (72, 20, "RN101L-TRMDEA", "https://toyota-europe.epc-data.com/4runner/rn101l/6266/", "22RE", "2400CC EFI", "08.1988 - 01.1995", "T1", "TRUCK(STANDARD DECK 1-SIDE OPEN)", "DLX", "DELUXE TYPE", "MTM", "MANUAL TRANSMISSION");
INSERT INTO COMPLECTATION_OPTIONS(COMPLECTATION_ID, OPTION_MNEMONIC, OPTION_LABEL) VALUES (72, "5F", "MTM,5-SPEED FLOOR SHIFT");
INSERT INTO COMPLECTATION_OPTIONS(COMPLECTATION_ID, OPTION_MNEMONIC, OPTION_LABEL) VALUES (72, "RCB", "REGULAR CAB");
INSERT INTO COMPLECTATION_OPTIONS(COMPLECTATION_ID, OPTION_MNEMONIC, OPTION_LABEL) VALUES (72, "W", "W TYPE TRANSMISSION");
INSERT INTO COMPLECTATION_OPTIONS(COMPLECTATION_ID, OPTION_MNEMONIC, OPTION_LABEL) VALUES (72, "EFI", "ELECTRIC FUEL INJECTION SYSTEM");
INSERT INTO COMPLECTATION_OPTIONS(COMPLECTATION_ID, OPTION_MNEMONIC, OPTION_LABEL) VALUES (72, "USA", "UNITED STATES OF AMERICA");
INSERT INTO COMPLECTATION_OPTIONS(COMPLECTATION_ID, OPTION_MNEMONIC, OPTION_LABEL) VALUES (72, "CBU", "COMPLETELY BUILT UNIT");
INSERT INTO COMPLECTATION_OPTIONS(COMPLECTATION_ID, OPTION_MNEMONIC, OPTION_LABEL) VALUES (72, "JPP", "JAPAN PRODUCT PARTS");
INSERT INTO COMPLECTATION(ID, FRAME_ID, NAME, URL, ENGINE_MNEMONIC, ENGINE_LABEL, PRODUCTION_PERIOD, BODY_MNEMONIC, BODY_LABEL, GRADE_MNEMONIC, GRADE_LABEL, TRANSMISSION_MNEMONIC, TRANSMISSION_LABEL) VALUES (73, 20, "RN101L-TRMDEA3", "https://toyota-europe.epc-data.com/4runner/rn101l/6267/", "22RE", "2400CC EFI", "08.1988 - 08.1989", "T1", "TRUCK(STANDARD DECK 1-SIDE OPEN)", "DLX", "DELUXE TYPE", "MTM", "MANUAL TRANSMISSION");
INSERT INTO COMPLECTATION_OPTIONS(COMPLECTATION_ID, OPTION_MNEMONIC, OPTION_LABEL) VALUES (73, "5F", "MTM,5-SPEED FLOOR SHIFT");
INSERT INTO COMPLECTATION_OPTIONS(COMPLECTATION_ID, OPTION_MNEMONIC, OPTION_LABEL) VALUES (73, "RCB", "REGULAR CAB");
INSERT INTO COMPLECTATION_OPTIONS(COMPLECTATION_ID, OPTION_MNEMONIC, OPTION_LABEL) VALUES (73, "W", "W TYPE TRANSMISSION");
INSERT INTO COMPLECTATION_OPTIONS(COMPLECTATION_ID, OPTION_MNEMONIC, OPTION_LABEL) VALUES (73, "EFI", "ELECTRIC FUEL INJECTION SYSTEM");
INSERT INTO COMPLECTATION_OPTIONS(COMPLECTATION_ID, OPTION_MNEMONIC, OPTION_LABEL) VALUES (73, "USA", "UNITED STATES OF AMERICA");
INSERT INTO COMPLECTATION_OPTIONS(COMPLECTATION_ID, OPTION_MNEMONIC, OPTION_LABEL) VALUES (73, "IV3", "INCOMPLETE VEHICLES (CAB & CHASSIS)");
INSERT INTO COMPLECTATION_OPTIONS(COMPLECTATION_ID, OPTION_MNEMONIC, OPTION_LABEL) VALUES (73, "JPP", "JAPAN PRODUCT PARTS");
INSERT INTO COMPLECTATION(ID, FRAME_ID, NAME, URL, ENGINE_MNEMONIC, ENGINE_LABEL, PRODUCTION_PERIOD, BODY_MNEMONIC, BODY_LABEL, GRADE_MNEMONIC, GRADE_LABEL, TRANSMISSION_MNEMONIC, TRANSMISSION_LABEL) VALUES (74, 20, "RN101L-TRMDEK", "https://toyota-europe.epc-data.com/4runner/rn101l/6268/", "22RE", "2400CC EFI", "08.1988 - 08.1990", "T1", "TRUCK(STANDARD DECK 1-SIDE OPEN)", "DLX", "DELUXE TYPE", "MTM", "MANUAL TRANSMISSION");
INSERT INTO COMPLECTATION_OPTIONS(COMPLECTATION_ID, OPTION_MNEMONIC, OPTION_LABEL) VALUES (74, "5F", "MTM,5-SPEED FLOOR SHIFT");
INSERT INTO COMPLECTATION_OPTIONS(COMPLECTATION_ID, OPTION_MNEMONIC, OPTION_LABEL) VALUES (74, "RCB", "REGULAR CAB");
INSERT INTO COMPLECTATION_OPTIONS(COMPLECTATION_ID, OPTION_MNEMONIC, OPTION_LABEL) VALUES (74, "W", "W TYPE TRANSMISSION");
INSERT INTO COMPLECTATION_OPTIONS(COMPLECTATION_ID, OPTION_MNEMONIC, OPTION_LABEL) VALUES (74, "EFI", "ELECTRIC FUEL INJECTION SYSTEM");
INSERT INTO COMPLECTATION_OPTIONS(COMPLECTATION_ID, OPTION_MNEMONIC, OPTION_LABEL) VALUES (74, "CND", "CANADA");
INSERT INTO COMPLECTATION_OPTIONS(COMPLECTATION_ID, OPTION_MNEMONIC, OPTION_LABEL) VALUES (74, "CBU", "COMPLETELY BUILT UNIT");
INSERT INTO COMPLECTATION_OPTIONS(COMPLECTATION_ID, OPTION_MNEMONIC, OPTION_LABEL) VALUES (74, "JPP", "JAPAN PRODUCT PARTS");
INSERT INTO COMPLECTATION(ID, FRAME_ID, NAME, URL, ENGINE_MNEMONIC, ENGINE_LABEL, PRODUCTION_PERIOD, BODY_MNEMONIC, BODY_LABEL, GRADE_MNEMONIC, GRADE_LABEL, TRANSMISSION_MNEMONIC, TRANSMISSION_LABEL) VALUES (75, 20, "RN101L-TRMSEA", "https://toyota-europe.epc-data.com/4runner/rn101l/6272/", "22RE", "2400CC EFI", "08.1988 - 08.1990", "T1", "TRUCK(STANDARD DECK 1-SIDE OPEN)", "SR5", "SR-5 TYPE", "MTM", "MANUAL TRANSMISSION");
INSERT INTO COMPLECTATION_OPTIONS(COMPLECTATION_ID, OPTION_MNEMONIC, OPTION_LABEL) VALUES (75, "5F", "MTM,5-SPEED FLOOR SHIFT");
INSERT INTO COMPLECTATION_OPTIONS(COMPLECTATION_ID, OPTION_MNEMONIC, OPTION_LABEL) VALUES (75, "RCB", "REGULAR CAB");
INSERT INTO COMPLECTATION_OPTIONS(COMPLECTATION_ID, OPTION_MNEMONIC, OPTION_LABEL) VALUES (75, "W", "W TYPE TRANSMISSION");
INSERT INTO COMPLECTATION_OPTIONS(COMPLECTATION_ID, OPTION_MNEMONIC, OPTION_LABEL) VALUES (75, "EFI", "ELECTRIC FUEL INJECTION SYSTEM");
INSERT INTO COMPLECTATION_OPTIONS(COMPLECTATION_ID, OPTION_MNEMONIC, OPTION_LABEL) VALUES (75, "USA", "UNITED STATES OF AMERICA");
INSERT INTO COMPLECTATION_OPTIONS(COMPLECTATION_ID, OPTION_MNEMONIC, OPTION_LABEL) VALUES (75, "CBU", "COMPLETELY BUILT UNIT");
INSERT INTO COMPLECTATION_OPTIONS(COMPLECTATION_ID, OPTION_MNEMONIC, OPTION_LABEL) VALUES (75, "JPP", "JAPAN PRODUCT PARTS");
INSERT INTO COMPLECTATION(ID, FRAME_ID, NAME, URL, ENGINE_MNEMONIC, ENGINE_LABEL, PRODUCTION_PERIOD, BODY_MNEMONIC, BODY_LABEL, GRADE_MNEMONIC, GRADE_LABEL, TRANSMISSION_MNEMONIC, TRANSMISSION_LABEL) VALUES (76, 20, "RN101L-TRMSEA3", "https://toyota-europe.epc-data.com/4runner/rn101l/6273/", "22RE", "2400CC EFI", "08.1988 - 08.1989", "T1", "TRUCK(STANDARD DECK 1-SIDE OPEN)", "SR5", "SR-5 TYPE", "MTM", "MANUAL TRANSMISSION");
INSERT INTO COMPLECTATION_OPTIONS(COMPLECTATION_ID, OPTION_MNEMONIC, OPTION_LABEL) VALUES (76, "5F", "MTM,5-SPEED FLOOR SHIFT");
INSERT INTO COMPLECTATION_OPTIONS(COMPLECTATION_ID, OPTION_MNEMONIC, OPTION_LABEL) VALUES (76, "RCB", "REGULAR CAB");
INSERT INTO COMPLECTATION_OPTIONS(COMPLECTATION_ID, OPTION_MNEMONIC, OPTION_LABEL) VALUES (76, "W", "W TYPE TRANSMISSION");
INSERT INTO COMPLECTATION_OPTIONS(COMPLECTATION_ID, OPTION_MNEMONIC, OPTION_LABEL) VALUES (76, "EFI", "ELECTRIC FUEL INJECTION SYSTEM");
INSERT INTO COMPLECTATION_OPTIONS(COMPLECTATION_ID, OPTION_MNEMONIC, OPTION_LABEL) VALUES (76, "USA", "UNITED STATES OF AMERICA");
INSERT INTO COMPLECTATION_OPTIONS(COMPLECTATION_ID, OPTION_MNEMONIC, OPTION_LABEL) VALUES (76, "IV3", "INCOMPLETE VEHICLES (CAB & CHASSIS)");
INSERT INTO COMPLECTATION_OPTIONS(COMPLECTATION_ID, OPTION_MNEMONIC, OPTION_LABEL) VALUES (76, "JPP", "JAPAN PRODUCT PARTS");
INSERT INTO COMPLECTATION(ID, FRAME_ID, NAME, URL, ENGINE_MNEMONIC, ENGINE_LABEL, PRODUCTION_PERIOD, BODY_MNEMONIC, BODY_LABEL, GRADE_MNEMONIC, GRADE_LABEL, TRANSMISSION_MNEMONIC, TRANSMISSION_LABEL) VALUES (77, 20, "RN101L-TRPDEA", "https://toyota-europe.epc-data.com/4runner/rn101l/6269/", "22RE", "2400CC EFI", "08.1989 - 01.1995", "T1", "TRUCK(STANDARD DECK 1-SIDE OPEN)", "DLX", "DELUXE TYPE", "ATM", "AUTOMATIC TRANSMISSION");
INSERT INTO COMPLECTATION_OPTIONS(COMPLECTATION_ID, OPTION_MNEMONIC, OPTION_LABEL) VALUES (77, "4FC", "ATM,4-SPEED FLOOR SHIFT");
INSERT INTO COMPLECTATION_OPTIONS(COMPLECTATION_ID, OPTION_MNEMONIC, OPTION_LABEL) VALUES (77, "RCB", "REGULAR CAB");
INSERT INTO COMPLECTATION_OPTIONS(COMPLECTATION_ID, OPTION_MNEMONIC, OPTION_LABEL) VALUES (77, "EFI", "ELECTRIC FUEL INJECTION SYSTEM");
INSERT INTO COMPLECTATION_OPTIONS(COMPLECTATION_ID, OPTION_MNEMONIC, OPTION_LABEL) VALUES (77, "USA", "UNITED STATES OF AMERICA");
INSERT INTO COMPLECTATION_OPTIONS(COMPLECTATION_ID, OPTION_MNEMONIC, OPTION_LABEL) VALUES (77, "CBU", "COMPLETELY BUILT UNIT");
INSERT INTO COMPLECTATION_OPTIONS(COMPLECTATION_ID, OPTION_MNEMONIC, OPTION_LABEL) VALUES (77, "JPP", "JAPAN PRODUCT PARTS");
INSERT INTO FRAME(ID, MODEL_ID, NAME, URL) VALUES (21, 5, "RN106L", "https://toyota-europe.epc-data.com/4runner/rn106l");
INSERT INTO COMPLECTATION(ID, FRAME_ID, NAME, URL, ENGINE_MNEMONIC, ENGINE_LABEL, PRODUCTION_PERIOD, BODY_MNEMONIC, BODY_LABEL, GRADE_MNEMONIC, GRADE_LABEL, TRANSMISSION_MNEMONIC, TRANSMISSION_LABEL) VALUES (78, 21, "RN106L-TRLDEA", "https://toyota-europe.epc-data.com/4runner/rn106l/6274/", "22RE", "2400CC EFI", "08.1990 - 08.1992", "T1", "TRUCK(STANDARD DECK 1-SIDE OPEN)", "DLX", "DELUXE TYPE", "MTM", "MANUAL TRANSMISSION");
INSERT INTO COMPLECTATION_OPTIONS(COMPLECTATION_ID, OPTION_MNEMONIC, OPTION_LABEL) VALUES (78, "5F", "MTM,5-SPEED FLOOR SHIFT");
INSERT INTO COMPLECTATION_OPTIONS(COMPLECTATION_ID, OPTION_MNEMONIC, OPTION_LABEL) VALUES (78, "RCB", "REGULAR CAB");
INSERT INTO COMPLECTATION_OPTIONS(COMPLECTATION_ID, OPTION_MNEMONIC, OPTION_LABEL) VALUES (78, "G", "G TYPE TRANSMISSION");
INSERT INTO COMPLECTATION_OPTIONS(COMPLECTATION_ID, OPTION_MNEMONIC, OPTION_LABEL) VALUES (78, "EFI", "ELECTRIC FUEL INJECTION SYSTEM");
INSERT INTO COMPLECTATION_OPTIONS(COMPLECTATION_ID, OPTION_MNEMONIC, OPTION_LABEL) VALUES (78, "USA", "UNITED STATES OF AMERICA");
INSERT INTO COMPLECTATION_OPTIONS(COMPLECTATION_ID, OPTION_MNEMONIC, OPTION_LABEL) VALUES (78, "CBU", "COMPLETELY BUILT UNIT");
INSERT INTO COMPLECTATION_OPTIONS(COMPLECTATION_ID, OPTION_MNEMONIC, OPTION_LABEL) VALUES (78, "JPP", "JAPAN PRODUCT PARTS");
INSERT INTO COMPLECTATION(ID, FRAME_ID, NAME, URL, ENGINE_MNEMONIC, ENGINE_LABEL, PRODUCTION_PERIOD, BODY_MNEMONIC, BODY_LABEL, GRADE_MNEMONIC, GRADE_LABEL, TRANSMISSION_MNEMONIC, TRANSMISSION_LABEL) VALUES (79, 21, "RN106L-TRLDEK", "https://toyota-europe.epc-data.com/4runner/rn106l/6275/", "22RE", "2400CC EFI", "08.1990 - 10.1994", "T1", "TRUCK(STANDARD DECK 1-SIDE OPEN)", "DLX", "DELUXE TYPE", "MTM", "MANUAL TRANSMISSION");
INSERT INTO COMPLECTATION_OPTIONS(COMPLECTATION_ID, OPTION_MNEMONIC, OPTION_LABEL) VALUES (79, "5F", "MTM,5-SPEED FLOOR SHIFT");
INSERT INTO COMPLECTATION_OPTIONS(COMPLECTATION_ID, OPTION_MNEMONIC, OPTION_LABEL) VALUES (79, "RCB", "REGULAR CAB");
INSERT INTO COMPLECTATION_OPTIONS(COMPLECTATION_ID, OPTION_MNEMONIC, OPTION_LABEL) VALUES (79, "G", "G TYPE TRANSMISSION");
INSERT INTO COMPLECTATION_OPTIONS(COMPLECTATION_ID, OPTION_MNEMONIC, OPTION_LABEL) VALUES (79, "EFI", "ELECTRIC FUEL INJECTION SYSTEM");
INSERT INTO COMPLECTATION_OPTIONS(COMPLECTATION_ID, OPTION_MNEMONIC, OPTION_LABEL) VALUES (79, "CND", "CANADA");
INSERT INTO COMPLECTATION_OPTIONS(COMPLECTATION_ID, OPTION_MNEMONIC, OPTION_LABEL) VALUES (79, "CBU", "COMPLETELY BUILT UNIT");
INSERT INTO COMPLECTATION_OPTIONS(COMPLECTATION_ID, OPTION_MNEMONIC, OPTION_LABEL) VALUES (79, "JPP", "JAPAN PRODUCT PARTS");
INSERT INTO COMPLECTATION(ID, FRAME_ID, NAME, URL, ENGINE_MNEMONIC, ENGINE_LABEL, PRODUCTION_PERIOD, BODY_MNEMONIC, BODY_LABEL, GRADE_MNEMONIC, GRADE_LABEL, TRANSMISSION_MNEMONIC, TRANSMISSION_LABEL) VALUES (80, 21, "RN106L-TRMDEA", "https://toyota-europe.epc-data.com/4runner/rn106l/6276/", "22RE", "2400CC EFI", "08.1988 - 08.1992", "T1", "TRUCK(STANDARD DECK 1-SIDE OPEN)", "DLX", "DELUXE TYPE", "MTM", "MANUAL TRANSMISSION");
INSERT INTO COMPLECTATION_OPTIONS(COMPLECTATION_ID, OPTION_MNEMONIC, OPTION_LABEL) VALUES (80, "5F", "MTM,5-SPEED FLOOR SHIFT");
INSERT INTO COMPLECTATION_OPTIONS(COMPLECTATION_ID, OPTION_MNEMONIC, OPTION_LABEL) VALUES (80, "RCB", "REGULAR CAB");
INSERT INTO COMPLECTATION_OPTIONS(COMPLECTATION_ID, OPTION_MNEMONIC, OPTION_LABEL) VALUES (80, "W", "W TYPE TRANSMISSION");
INSERT INTO COMPLECTATION_OPTIONS(COMPLECTATION_ID, OPTION_MNEMONIC, OPTION_LABEL) VALUES (80, "EFI", "ELECTRIC FUEL INJECTION SYSTEM");
INSERT INTO COMPLECTATION_OPTIONS(COMPLECTATION_ID, OPTION_MNEMONIC, OPTION_LABEL) VALUES (80, "USA", "UNITED STATES OF AMERICA");
INSERT INTO COMPLECTATION_OPTIONS(COMPLECTATION_ID, OPTION_MNEMONIC, OPTION_LABEL) VALUES (80, "CBU", "COMPLETELY BUILT UNIT");
INSERT INTO COMPLECTATION_OPTIONS(COMPLECTATION_ID, OPTION_MNEMONIC, OPTION_LABEL) VALUES (80, "JPP", "JAPAN PRODUCT PARTS");
INSERT INTO COMPLECTATION(ID, FRAME_ID, NAME, URL, ENGINE_MNEMONIC, ENGINE_LABEL, PRODUCTION_PERIOD, BODY_MNEMONIC, BODY_LABEL, GRADE_MNEMONIC, GRADE_LABEL, TRANSMISSION_MNEMONIC, TRANSMISSION_LABEL) VALUES (81, 21, "RN106L-TRMDEA3", "https://toyota-europe.epc-data.com/4runner/rn106l/6277/", "22RE", "2400CC EFI", "08.1988 - 08.1989", "T1", "TRUCK(STANDARD DECK 1-SIDE OPEN)", "DLX", "DELUXE TYPE", "MTM", "MANUAL TRANSMISSION");
INSERT INTO COMPLECTATION_OPTIONS(COMPLECTATION_ID, OPTION_MNEMONIC, OPTION_LABEL) VALUES (81, "5F", "MTM,5-SPEED FLOOR SHIFT");
INSERT INTO COMPLECTATION_OPTIONS(COMPLECTATION_ID, OPTION_MNEMONIC, OPTION_LABEL) VALUES (81, "RCB", "REGULAR CAB");
INSERT INTO COMPLECTATION_OPTIONS(COMPLECTATION_ID, OPTION_MNEMONIC, OPTION_LABEL) VALUES (81, "W", "W TYPE TRANSMISSION");
INSERT INTO COMPLECTATION_OPTIONS(COMPLECTATION_ID, OPTION_MNEMONIC, OPTION_LABEL) VALUES (81, "EFI", "ELECTRIC FUEL INJECTION SYSTEM");
INSERT INTO COMPLECTATION_OPTIONS(COMPLECTATION_ID, OPTION_MNEMONIC, OPTION_LABEL) VALUES (81, "USA", "UNITED STATES OF AMERICA");
INSERT INTO COMPLECTATION_OPTIONS(COMPLECTATION_ID, OPTION_MNEMONIC, OPTION_LABEL) VALUES (81, "IV3", "INCOMPLETE VEHICLES (CAB & CHASSIS)");
INSERT INTO COMPLECTATION_OPTIONS(COMPLECTATION_ID, OPTION_MNEMONIC, OPTION_LABEL) VALUES (81, "JPP", "JAPAN PRODUCT PARTS");
INSERT INTO COMPLECTATION(ID, FRAME_ID, NAME, URL, ENGINE_MNEMONIC, ENGINE_LABEL, PRODUCTION_PERIOD, BODY_MNEMONIC, BODY_LABEL, GRADE_MNEMONIC, GRADE_LABEL, TRANSMISSION_MNEMONIC, TRANSMISSION_LABEL) VALUES (82, 21, "RN106L-TRMDEK", "https://toyota-europe.epc-data.com/4runner/rn106l/6278/", "22RE", "2400CC EFI", "08.1988 - 08.1990", "T1", "TRUCK(STANDARD DECK 1-SIDE OPEN)", "DLX", "DELUXE TYPE", "MTM", "MANUAL TRANSMISSION");
INSERT INTO COMPLECTATION_OPTIONS(COMPLECTATION_ID, OPTION_MNEMONIC, OPTION_LABEL) VALUES (82, "5F", "MTM,5-SPEED FLOOR SHIFT");
INSERT INTO COMPLECTATION_OPTIONS(COMPLECTATION_ID, OPTION_MNEMONIC, OPTION_LABEL) VALUES (82, "RCB", "REGULAR CAB");
INSERT INTO COMPLECTATION_OPTIONS(COMPLECTATION_ID, OPTION_MNEMONIC, OPTION_LABEL) VALUES (82, "W", "W TYPE TRANSMISSION");
INSERT INTO COMPLECTATION_OPTIONS(COMPLECTATION_ID, OPTION_MNEMONIC, OPTION_LABEL) VALUES (82, "EFI", "ELECTRIC FUEL INJECTION SYSTEM");
INSERT INTO COMPLECTATION_OPTIONS(COMPLECTATION_ID, OPTION_MNEMONIC, OPTION_LABEL) VALUES (82, "CND", "CANADA");
INSERT INTO COMPLECTATION_OPTIONS(COMPLECTATION_ID, OPTION_MNEMONIC, OPTION_LABEL) VALUES (82, "CBU", "COMPLETELY BUILT UNIT");
INSERT INTO COMPLECTATION_OPTIONS(COMPLECTATION_ID, OPTION_MNEMONIC, OPTION_LABEL) VALUES (82, "JPP", "JAPAN PRODUCT PARTS");
INSERT INTO COMPLECTATION(ID, FRAME_ID, NAME, URL, ENGINE_MNEMONIC, ENGINE_LABEL, PRODUCTION_PERIOD, BODY_MNEMONIC, BODY_LABEL, GRADE_MNEMONIC, GRADE_LABEL, TRANSMISSION_MNEMONIC, TRANSMISSION_LABEL) VALUES (83, 21, "RN106L-TRPDEA", "https://toyota-europe.epc-data.com/4runner/rn106l/6279/", "22RE", "2400CC EFI", "08.1988 - 08.1990", "T1", "TRUCK(STANDARD DECK 1-SIDE OPEN)", "DLX", "DELUXE TYPE", "ATM", "AUTOMATIC TRANSMISSION");
INSERT INTO COMPLECTATION_OPTIONS(COMPLECTATION_ID, OPTION_MNEMONIC, OPTION_LABEL) VALUES (83, "4FC", "ATM,4-SPEED FLOOR SHIFT");
INSERT INTO COMPLECTATION_OPTIONS(COMPLECTATION_ID, OPTION_MNEMONIC, OPTION_LABEL) VALUES (83, "RCB", "REGULAR CAB");
INSERT INTO COMPLECTATION_OPTIONS(COMPLECTATION_ID, OPTION_MNEMONIC, OPTION_LABEL) VALUES (83, "EFI", "ELECTRIC FUEL INJECTION SYSTEM");
INSERT INTO COMPLECTATION_OPTIONS(COMPLECTATION_ID, OPTION_MNEMONIC, OPTION_LABEL) VALUES (83, "USA", "UNITED STATES OF AMERICA");
INSERT INTO COMPLECTATION_OPTIONS(COMPLECTATION_ID, OPTION_MNEMONIC, OPTION_LABEL) VALUES (83, "CBU", "COMPLETELY BUILT UNIT");
INSERT INTO COMPLECTATION_OPTIONS(COMPLECTATION_ID, OPTION_MNEMONIC, OPTION_LABEL) VALUES (83, "JPP", "JAPAN PRODUCT PARTS");
INSERT INTO COMPLECTATION(ID, FRAME_ID, NAME, URL, ENGINE_MNEMONIC, ENGINE_LABEL, PRODUCTION_PERIOD, BODY_MNEMONIC, BODY_LABEL, GRADE_MNEMONIC, GRADE_LABEL, TRANSMISSION_MNEMONIC, TRANSMISSION_LABEL) VALUES (84, 21, "RN106L-TRPDEA3", "https://toyota-europe.epc-data.com/4runner/rn106l/6280/", "22RE", "2400CC EFI", "08.1988 - 08.1989", "T1", "TRUCK(STANDARD DECK 1-SIDE OPEN)", "DLX", "DELUXE TYPE", "ATM", "AUTOMATIC TRANSMISSION");
INSERT INTO COMPLECTATION_OPTIONS(COMPLECTATION_ID, OPTION_MNEMONIC, OPTION_LABEL) VALUES (84, "4FC", "ATM,4-SPEED FLOOR SHIFT");
INSERT INTO COMPLECTATION_OPTIONS(COMPLECTATION_ID, OPTION_MNEMONIC, OPTION_LABEL) VALUES (84, "RCB", "REGULAR CAB");
INSERT INTO COMPLECTATION_OPTIONS(COMPLECTATION_ID, OPTION_MNEMONIC, OPTION_LABEL) VALUES (84, "EFI", "ELECTRIC FUEL INJECTION SYSTEM");
INSERT INTO COMPLECTATION_OPTIONS(COMPLECTATION_ID, OPTION_MNEMONIC, OPTION_LABEL) VALUES (84, "USA", "UNITED STATES OF AMERICA");
INSERT INTO COMPLECTATION_OPTIONS(COMPLECTATION_ID, OPTION_MNEMONIC, OPTION_LABEL) VALUES (84, "IV3", "INCOMPLETE VEHICLES (CAB & CHASSIS)");
INSERT INTO COMPLECTATION_OPTIONS(COMPLECTATION_ID, OPTION_MNEMONIC, OPTION_LABEL) VALUES (84, "JPP", "JAPAN PRODUCT PARTS");
INSERT INTO COMPLECTATION(ID, FRAME_ID, NAME, URL, ENGINE_MNEMONIC, ENGINE_LABEL, PRODUCTION_PERIOD, BODY_MNEMONIC, BODY_LABEL, GRADE_MNEMONIC, GRADE_LABEL, TRANSMISSION_MNEMONIC, TRANSMISSION_LABEL) VALUES (85, 21, "RN106L-TRPDEK", "https://toyota-europe.epc-data.com/4runner/rn106l/6281/", "22RE", "2400CC EFI", "08.1988 - 08.1990", "T1", "TRUCK(STANDARD DECK 1-SIDE OPEN)", "DLX", "DELUXE TYPE", "ATM", "AUTOMATIC TRANSMISSION");
INSERT INTO COMPLECTATION_OPTIONS(COMPLECTATION_ID, OPTION_MNEMONIC, OPTION_LABEL) VALUES (85, "4FC", "ATM,4-SPEED FLOOR SHIFT");
INSERT INTO COMPLECTATION_OPTIONS(COMPLECTATION_ID, OPTION_MNEMONIC, OPTION_LABEL) VALUES (85, "RCB", "REGULAR CAB");
INSERT INTO COMPLECTATION_OPTIONS(COMPLECTATION_ID, OPTION_MNEMONIC, OPTION_LABEL) VALUES (85, "EFI", "ELECTRIC FUEL INJECTION SYSTEM");
INSERT INTO COMPLECTATION_OPTIONS(COMPLECTATION_ID, OPTION_MNEMONIC, OPTION_LABEL) VALUES (85, "CND", "CANADA");
INSERT INTO COMPLECTATION_OPTIONS(COMPLECTATION_ID, OPTION_MNEMONIC, OPTION_LABEL) VALUES (85, "CBU", "COMPLETELY BUILT UNIT");
INSERT INTO COMPLECTATION_OPTIONS(COMPLECTATION_ID, OPTION_MNEMONIC, OPTION_LABEL) VALUES (85, "JPP", "JAPAN PRODUCT PARTS");
INSERT INTO FRAME(ID, MODEL_ID, NAME, URL) VALUES (22, 5, "RN110L", "https://toyota-europe.epc-data.com/4runner/rn110l");
INSERT INTO COMPLECTATION(ID, FRAME_ID, NAME, URL, ENGINE_MNEMONIC, ENGINE_LABEL, PRODUCTION_PERIOD, BODY_MNEMONIC, BODY_LABEL, GRADE_MNEMONIC, GRADE_LABEL, TRANSMISSION_MNEMONIC, TRANSMISSION_LABEL) VALUES (86, 22, "RN110L-CRLDEA", "https://toyota-europe.epc-data.com/4runner/rn110l/6282/", "22RE", "2400CC EFI", "08.1990 - 10.1994", "T1", "TRUCK(STANDARD DECK 1-SIDE OPEN)", "DLX", "DELUXE TYPE", "MTM", "MANUAL TRANSMISSION");
INSERT INTO COMPLECTATION_OPTIONS(COMPLECTATION_ID, OPTION_MNEMONIC, OPTION_LABEL) VALUES (86, "5F", "MTM,5-SPEED FLOOR SHIFT");
INSERT INTO COMPLECTATION_OPTIONS(COMPLECTATION_ID, OPTION_MNEMONIC, OPTION_LABEL) VALUES (86, "XTR", "EXTRA CAB");
INSERT INTO COMPLECTATION_OPTIONS(COMPLECTATION_ID, OPTION_MNEMONIC, OPTION_LABEL) VALUES (86, "G", "G TYPE TRANSMISSION");
INSERT INTO COMPLECTATION_OPTIONS(COMPLECTATION_ID, OPTION_MNEMONIC, OPTION_LABEL) VALUES (86, "EFI", "ELECTRIC FUEL INJECTION SYSTEM");
INSERT INTO COMPLECTATION_OPTIONS(COMPLECTATION_ID, OPTION_MNEMONIC, OPTION_LABEL) VALUES (86, "USA", "UNITED STATES OF AMERICA");
INSERT INTO COMPLECTATION_OPTIONS(COMPLECTATION_ID, OPTION_MNEMONIC, OPTION_LABEL) VALUES (86, "CBU", "COMPLETELY BUILT UNIT");
INSERT INTO COMPLECTATION_OPTIONS(COMPLECTATION_ID, OPTION_MNEMONIC, OPTION_LABEL) VALUES (86, "JPP", "JAPAN PRODUCT PARTS");
INSERT INTO COMPLECTATION(ID, FRAME_ID, NAME, URL, ENGINE_MNEMONIC, ENGINE_LABEL, PRODUCTION_PERIOD, BODY_MNEMONIC, BODY_LABEL, GRADE_MNEMONIC, GRADE_LABEL, TRANSMISSION_MNEMONIC, TRANSMISSION_LABEL) VALUES (87, 22, "RN110L-CRLDEK", "https://toyota-europe.epc-data.com/4runner/rn110l/6283/", "22RE", "2400CC EFI", "08.1990 - 01.1995", "T1", "TRUCK(STANDARD DECK 1-SIDE OPEN)", "DLX", "DELUXE TYPE", "MTM", "MANUAL TRANSMISSION");
INSERT INTO COMPLECTATION_OPTIONS(COMPLECTATION_ID, OPTION_MNEMONIC, OPTION_LABEL) VALUES (87, "5F", "MTM,5-SPEED FLOOR SHIFT");
INSERT INTO COMPLECTATION_OPTIONS(COMPLECTATION_ID, OPTION_MNEMONIC, OPTION_LABEL) VALUES (87, "XTR", "EXTRA CAB");
INSERT INTO COMPLECTATION_OPTIONS(COMPLECTATION_ID, OPTION_MNEMONIC, OPTION_LABEL) VALUES (87, "G", "G TYPE TRANSMISSION");
INSERT INTO COMPLECTATION_OPTIONS(COMPLECTATION_ID, OPTION_MNEMONIC, OPTION_LABEL) VALUES (87, "EFI", "ELECTRIC FUEL INJECTION SYSTEM");
INSERT INTO COMPLECTATION_OPTIONS(COMPLECTATION_ID, OPTION_MNEMONIC, OPTION_LABEL) VALUES (87, "CND", "CANADA");
INSERT INTO COMPLECTATION_OPTIONS(COMPLECTATION_ID, OPTION_MNEMONIC, OPTION_LABEL) VALUES (87, "CBU", "COMPLETELY BUILT UNIT");
INSERT INTO COMPLECTATION_OPTIONS(COMPLECTATION_ID, OPTION_MNEMONIC, OPTION_LABEL) VALUES (87, "JPP", "JAPAN PRODUCT PARTS");
INSERT INTO COMPLECTATION(ID, FRAME_ID, NAME, URL, ENGINE_MNEMONIC, ENGINE_LABEL, PRODUCTION_PERIOD, BODY_MNEMONIC, BODY_LABEL, GRADE_MNEMONIC, GRADE_LABEL, TRANSMISSION_MNEMONIC, TRANSMISSION_LABEL) VALUES (88, 22, "RN110L-CRLSEA", "https://toyota-europe.epc-data.com/4runner/rn110l/6289/", "22RE", "2400CC EFI", "08.1988 - 08.1990", "T1", "TRUCK(STANDARD DECK 1-SIDE OPEN)", "SR5", "SR-5 TYPE", "MTM", "MANUAL TRANSMISSION");
INSERT INTO COMPLECTATION_OPTIONS(COMPLECTATION_ID, OPTION_MNEMONIC, OPTION_LABEL) VALUES (88, "5F", "MTM,5-SPEED FLOOR SHIFT");
INSERT INTO COMPLECTATION_OPTIONS(COMPLECTATION_ID, OPTION_MNEMONIC, OPTION_LABEL) VALUES (88, "XTR", "EXTRA CAB");
INSERT INTO COMPLECTATION_OPTIONS(COMPLECTATION_ID, OPTION_MNEMONIC, OPTION_LABEL) VALUES (88, "G", "G TYPE TRANSMISSION");
INSERT INTO COMPLECTATION_OPTIONS(COMPLECTATION_ID, OPTION_MNEMONIC, OPTION_LABEL) VALUES (88, "EFI", "ELECTRIC FUEL INJECTION SYSTEM");
INSERT INTO COMPLECTATION_OPTIONS(COMPLECTATION_ID, OPTION_MNEMONIC, OPTION_LABEL) VALUES (88, "USA", "UNITED STATES OF AMERICA");
INSERT INTO COMPLECTATION_OPTIONS(COMPLECTATION_ID, OPTION_MNEMONIC, OPTION_LABEL) VALUES (88, "CBU", "COMPLETELY BUILT UNIT");
INSERT INTO COMPLECTATION_OPTIONS(COMPLECTATION_ID, OPTION_MNEMONIC, OPTION_LABEL) VALUES (88, "JPP", "JAPAN PRODUCT PARTS");
INSERT INTO COMPLECTATION(ID, FRAME_ID, NAME, URL, ENGINE_MNEMONIC, ENGINE_LABEL, PRODUCTION_PERIOD, BODY_MNEMONIC, BODY_LABEL, GRADE_MNEMONIC, GRADE_LABEL, TRANSMISSION_MNEMONIC, TRANSMISSION_LABEL) VALUES (89, 22, "RN110L-CRLSEA3", "https://toyota-europe.epc-data.com/4runner/rn110l/6290/", "22RE", "2400CC EFI", "08.1988 - 08.1989", "T1", "TRUCK(STANDARD DECK 1-SIDE OPEN)", "SR5", "SR-5 TYPE", "MTM", "MANUAL TRANSMISSION");
INSERT INTO COMPLECTATION_OPTIONS(COMPLECTATION_ID, OPTION_MNEMONIC, OPTION_LABEL) VALUES (89, "5F", "MTM,5-SPEED FLOOR SHIFT");
INSERT INTO COMPLECTATION_OPTIONS(COMPLECTATION_ID, OPTION_MNEMONIC, OPTION_LABEL) VALUES (89, "XTR", "EXTRA CAB");
INSERT INTO COMPLECTATION_OPTIONS(COMPLECTATION_ID, OPTION_MNEMONIC, OPTION_LABEL) VALUES (89, "G", "G TYPE TRANSMISSION");
INSERT INTO COMPLECTATION_OPTIONS(COMPLECTATION_ID, OPTION_MNEMONIC, OPTION_LABEL) VALUES (89, "EFI", "ELECTRIC FUEL INJECTION SYSTEM");
INSERT INTO COMPLECTATION_OPTIONS(COMPLECTATION_ID, OPTION_MNEMONIC, OPTION_LABEL) VALUES (89, "USA", "UNITED STATES OF AMERICA");
INSERT INTO COMPLECTATION_OPTIONS(COMPLECTATION_ID, OPTION_MNEMONIC, OPTION_LABEL) VALUES (89, "IV3", "INCOMPLETE VEHICLES (CAB & CHASSIS)");
INSERT INTO COMPLECTATION_OPTIONS(COMPLECTATION_ID, OPTION_MNEMONIC, OPTION_LABEL) VALUES (89, "JPP", "JAPAN PRODUCT PARTS");
INSERT INTO COMPLECTATION(ID, FRAME_ID, NAME, URL, ENGINE_MNEMONIC, ENGINE_LABEL, PRODUCTION_PERIOD, BODY_MNEMONIC, BODY_LABEL, GRADE_MNEMONIC, GRADE_LABEL, TRANSMISSION_MNEMONIC, TRANSMISSION_LABEL) VALUES (90, 22, "RN110L-CRMDEA", "https://toyota-europe.epc-data.com/4runner/rn110l/6284/", "22RE", "2400CC EFI", "08.1988 - 01.1995", "T1", "TRUCK(STANDARD DECK 1-SIDE OPEN)", "DLX", "DELUXE TYPE", "MTM", "MANUAL TRANSMISSION");
INSERT INTO COMPLECTATION_OPTIONS(COMPLECTATION_ID, OPTION_MNEMONIC, OPTION_LABEL) VALUES (90, "5F", "MTM,5-SPEED FLOOR SHIFT");
INSERT INTO COMPLECTATION_OPTIONS(COMPLECTATION_ID, OPTION_MNEMONIC, OPTION_LABEL) VALUES (90, "XTR", "EXTRA CAB");
INSERT INTO COMPLECTATION_OPTIONS(COMPLECTATION_ID, OPTION_MNEMONIC, OPTION_LABEL) VALUES (90, "W", "W TYPE TRANSMISSION");
INSERT INTO COMPLECTATION_OPTIONS(COMPLECTATION_ID, OPTION_MNEMONIC, OPTION_LABEL) VALUES (90, "EFI", "ELECTRIC FUEL INJECTION SYSTEM");
INSERT INTO COMPLECTATION_OPTIONS(COMPLECTATION_ID, OPTION_MNEMONIC, OPTION_LABEL) VALUES (90, "USA", "UNITED STATES OF AMERICA");
INSERT INTO COMPLECTATION_OPTIONS(COMPLECTATION_ID, OPTION_MNEMONIC, OPTION_LABEL) VALUES (90, "CBU", "COMPLETELY BUILT UNIT");
INSERT INTO COMPLECTATION_OPTIONS(COMPLECTATION_ID, OPTION_MNEMONIC, OPTION_LABEL) VALUES (90, "JPP", "JAPAN PRODUCT PARTS");
INSERT INTO COMPLECTATION(ID, FRAME_ID, NAME, URL, ENGINE_MNEMONIC, ENGINE_LABEL, PRODUCTION_PERIOD, BODY_MNEMONIC, BODY_LABEL, GRADE_MNEMONIC, GRADE_LABEL, TRANSMISSION_MNEMONIC, TRANSMISSION_LABEL) VALUES (91, 22, "RN110L-CRMDEA3", "https://toyota-europe.epc-data.com/4runner/rn110l/6285/", "22RE", "2400CC EFI", "08.1988 - 08.1989", "T1", "TRUCK(STANDARD DECK 1-SIDE OPEN)", "DLX", "DELUXE TYPE", "MTM", "MANUAL TRANSMISSION");
INSERT INTO COMPLECTATION_OPTIONS(COMPLECTATION_ID, OPTION_MNEMONIC, OPTION_LABEL) VALUES (91, "5F", "MTM,5-SPEED FLOOR SHIFT");
INSERT INTO COMPLECTATION_OPTIONS(COMPLECTATION_ID, OPTION_MNEMONIC, OPTION_LABEL) VALUES (91, "XTR", "EXTRA CAB");
INSERT INTO COMPLECTATION_OPTIONS(COMPLECTATION_ID, OPTION_MNEMONIC, OPTION_LABEL) VALUES (91, "W", "W TYPE TRANSMISSION");
INSERT INTO COMPLECTATION_OPTIONS(COMPLECTATION_ID, OPTION_MNEMONIC, OPTION_LABEL) VALUES (91, "EFI", "ELECTRIC FUEL INJECTION SYSTEM");
INSERT INTO COMPLECTATION_OPTIONS(COMPLECTATION_ID, OPTION_MNEMONIC, OPTION_LABEL) VALUES (91, "USA", "UNITED STATES OF AMERICA");
INSERT INTO COMPLECTATION_OPTIONS(COMPLECTATION_ID, OPTION_MNEMONIC, OPTION_LABEL) VALUES (91, "IV3", "INCOMPLETE VEHICLES (CAB & CHASSIS)");
INSERT INTO COMPLECTATION_OPTIONS(COMPLECTATION_ID, OPTION_MNEMONIC, OPTION_LABEL) VALUES (91, "JPP", "JAPAN PRODUCT PARTS");
INSERT INTO COMPLECTATION(ID, FRAME_ID, NAME, URL, ENGINE_MNEMONIC, ENGINE_LABEL, PRODUCTION_PERIOD, BODY_MNEMONIC, BODY_LABEL, GRADE_MNEMONIC, GRADE_LABEL, TRANSMISSION_MNEMONIC, TRANSMISSION_LABEL) VALUES (92, 22, "RN110L-CRMDEK", "https://toyota-europe.epc-data.com/4runner/rn110l/6286/", "22RE", "2400CC EFI", "08.1988 - 08.1990", "T1", "TRUCK(STANDARD DECK 1-SIDE OPEN)", "DLX", "DELUXE TYPE", "MTM", "MANUAL TRANSMISSION");
INSERT INTO COMPLECTATION_OPTIONS(COMPLECTATION_ID, OPTION_MNEMONIC, OPTION_LABEL) VALUES (92, "5F", "MTM,5-SPEED FLOOR SHIFT");
INSERT INTO COMPLECTATION_OPTIONS(COMPLECTATION_ID, OPTION_MNEMONIC, OPTION_LABEL) VALUES (92, "XTR", "EXTRA CAB");
INSERT INTO COMPLECTATION_OPTIONS(COMPLECTATION_ID, OPTION_MNEMONIC, OPTION_LABEL) VALUES (92, "W", "W TYPE TRANSMISSION");
INSERT INTO COMPLECTATION_OPTIONS(COMPLECTATION_ID, OPTION_MNEMONIC, OPTION_LABEL) VALUES (92, "EFI", "ELECTRIC FUEL INJECTION SYSTEM");
INSERT INTO COMPLECTATION_OPTIONS(COMPLECTATION_ID, OPTION_MNEMONIC, OPTION_LABEL) VALUES (92, "CND", "CANADA");
INSERT INTO COMPLECTATION_OPTIONS(COMPLECTATION_ID, OPTION_MNEMONIC, OPTION_LABEL) VALUES (92, "CBU", "COMPLETELY BUILT UNIT");
INSERT INTO COMPLECTATION_OPTIONS(COMPLECTATION_ID, OPTION_MNEMONIC, OPTION_LABEL) VALUES (92, "JPP", "JAPAN PRODUCT PARTS");
INSERT INTO COMPLECTATION(ID, FRAME_ID, NAME, URL, ENGINE_MNEMONIC, ENGINE_LABEL, PRODUCTION_PERIOD, BODY_MNEMONIC, BODY_LABEL, GRADE_MNEMONIC, GRADE_LABEL, TRANSMISSION_MNEMONIC, TRANSMISSION_LABEL) VALUES (93, 22, "RN110L-CRMSEA", "https://toyota-europe.epc-data.com/4runner/rn110l/6291/", "22RE", "2400CC EFI", "08.1988 - 08.1990", "T1", "TRUCK(STANDARD DECK 1-SIDE OPEN)", "SR5", "SR-5 TYPE", "MTM", "MANUAL TRANSMISSION");
INSERT INTO COMPLECTATION_OPTIONS(COMPLECTATION_ID, OPTION_MNEMONIC, OPTION_LABEL) VALUES (93, "5F", "MTM,5-SPEED FLOOR SHIFT");
INSERT INTO COMPLECTATION_OPTIONS(COMPLECTATION_ID, OPTION_MNEMONIC, OPTION_LABEL) VALUES (93, "XTR", "EXTRA CAB");
INSERT INTO COMPLECTATION_OPTIONS(COMPLECTATION_ID, OPTION_MNEMONIC, OPTION_LABEL) VALUES (93, "W", "W TYPE TRANSMISSION");
INSERT INTO COMPLECTATION_OPTIONS(COMPLECTATION_ID, OPTION_MNEMONIC, OPTION_LABEL) VALUES (93, "EFI", "ELECTRIC FUEL INJECTION SYSTEM");
INSERT INTO COMPLECTATION_OPTIONS(COMPLECTATION_ID, OPTION_MNEMONIC, OPTION_LABEL) VALUES (93, "USA", "UNITED STATES OF AMERICA");
INSERT INTO COMPLECTATION_OPTIONS(COMPLECTATION_ID, OPTION_MNEMONIC, OPTION_LABEL) VALUES (93, "CBU", "COMPLETELY BUILT UNIT");
INSERT INTO COMPLECTATION_OPTIONS(COMPLECTATION_ID, OPTION_MNEMONIC, OPTION_LABEL) VALUES (93, "JPP", "JAPAN PRODUCT PARTS");
INSERT INTO COMPLECTATION(ID, FRAME_ID, NAME, URL, ENGINE_MNEMONIC, ENGINE_LABEL, PRODUCTION_PERIOD, BODY_MNEMONIC, BODY_LABEL, GRADE_MNEMONIC, GRADE_LABEL, TRANSMISSION_MNEMONIC, TRANSMISSION_LABEL) VALUES (94, 22, "RN110L-CRMSEA3", "https://toyota-europe.epc-data.com/4runner/rn110l/6292/", "22RE", "2400CC EFI", "08.1988 - 08.1989", "T1", "TRUCK(STANDARD DECK 1-SIDE OPEN)", "SR5", "SR-5 TYPE", "MTM", "MANUAL TRANSMISSION");
INSERT INTO COMPLECTATION_OPTIONS(COMPLECTATION_ID, OPTION_MNEMONIC, OPTION_LABEL) VALUES (94, "5F", "MTM,5-SPEED FLOOR SHIFT");
INSERT INTO COMPLECTATION_OPTIONS(COMPLECTATION_ID, OPTION_MNEMONIC, OPTION_LABEL) VALUES (94, "XTR", "EXTRA CAB");
INSERT INTO COMPLECTATION_OPTIONS(COMPLECTATION_ID, OPTION_MNEMONIC, OPTION_LABEL) VALUES (94, "W", "W TYPE TRANSMISSION");
INSERT INTO COMPLECTATION_OPTIONS(COMPLECTATION_ID, OPTION_MNEMONIC, OPTION_LABEL) VALUES (94, "EFI", "ELECTRIC FUEL INJECTION SYSTEM");
INSERT INTO COMPLECTATION_OPTIONS(COMPLECTATION_ID, OPTION_MNEMONIC, OPTION_LABEL) VALUES (94, "USA", "UNITED STATES OF AMERICA");
INSERT INTO COMPLECTATION_OPTIONS(COMPLECTATION_ID, OPTION_MNEMONIC, OPTION_LABEL) VALUES (94, "IV3", "INCOMPLETE VEHICLES (CAB & CHASSIS)");
INSERT INTO COMPLECTATION_OPTIONS(COMPLECTATION_ID, OPTION_MNEMONIC, OPTION_LABEL) VALUES (94, "JPP", "JAPAN PRODUCT PARTS");
INSERT INTO COMPLECTATION(ID, FRAME_ID, NAME, URL, ENGINE_MNEMONIC, ENGINE_LABEL, PRODUCTION_PERIOD, BODY_MNEMONIC, BODY_LABEL, GRADE_MNEMONIC, GRADE_LABEL, TRANSMISSION_MNEMONIC, TRANSMISSION_LABEL) VALUES (95, 22, "RN110L-CRPDEA", "https://toyota-europe.epc-data.com/4runner/rn110l/6287/", "22RE", "2400CC EFI", "08.1988 - 10.1994", "T1", "TRUCK(STANDARD DECK 1-SIDE OPEN)", "DLX", "DELUXE TYPE", "ATM", "AUTOMATIC TRANSMISSION");
INSERT INTO COMPLECTATION_OPTIONS(COMPLECTATION_ID, OPTION_MNEMONIC, OPTION_LABEL) VALUES (95, "4FC", "ATM,4-SPEED FLOOR SHIFT");
INSERT INTO COMPLECTATION_OPTIONS(COMPLECTATION_ID, OPTION_MNEMONIC, OPTION_LABEL) VALUES (95, "XTR", "EXTRA CAB");
INSERT INTO COMPLECTATION_OPTIONS(COMPLECTATION_ID, OPTION_MNEMONIC, OPTION_LABEL) VALUES (95, "EFI", "ELECTRIC FUEL INJECTION SYSTEM");
INSERT INTO COMPLECTATION_OPTIONS(COMPLECTATION_ID, OPTION_MNEMONIC, OPTION_LABEL) VALUES (95, "USA", "UNITED STATES OF AMERICA");
INSERT INTO COMPLECTATION_OPTIONS(COMPLECTATION_ID, OPTION_MNEMONIC, OPTION_LABEL) VALUES (95, "CBU", "COMPLETELY BUILT UNIT");
INSERT INTO COMPLECTATION_OPTIONS(COMPLECTATION_ID, OPTION_MNEMONIC, OPTION_LABEL) VALUES (95, "JPP", "JAPAN PRODUCT PARTS");
INSERT INTO COMPLECTATION(ID, FRAME_ID, NAME, URL, ENGINE_MNEMONIC, ENGINE_LABEL, PRODUCTION_PERIOD, BODY_MNEMONIC, BODY_LABEL, GRADE_MNEMONIC, GRADE_LABEL, TRANSMISSION_MNEMONIC, TRANSMISSION_LABEL) VALUES (96, 22, "RN110L-CRPDEA3", "https://toyota-europe.epc-data.com/4runner/rn110l/6288/", "22RE", "2400CC EFI", "08.1988 - 08.1989", "T1", "TRUCK(STANDARD DECK 1-SIDE OPEN)", "DLX", "DELUXE TYPE", "ATM", "AUTOMATIC TRANSMISSION");
INSERT INTO COMPLECTATION_OPTIONS(COMPLECTATION_ID, OPTION_MNEMONIC, OPTION_LABEL) VALUES (96, "4FC", "ATM,4-SPEED FLOOR SHIFT");
INSERT INTO COMPLECTATION_OPTIONS(COMPLECTATION_ID, OPTION_MNEMONIC, OPTION_LABEL) VALUES (96, "XTR", "EXTRA CAB");
INSERT INTO COMPLECTATION_OPTIONS(COMPLECTATION_ID, OPTION_MNEMONIC, OPTION_LABEL) VALUES (96, "EFI", "ELECTRIC FUEL INJECTION SYSTEM");
INSERT INTO COMPLECTATION_OPTIONS(COMPLECTATION_ID, OPTION_MNEMONIC, OPTION_LABEL) VALUES (96, "USA", "UNITED STATES OF AMERICA");
INSERT INTO COMPLECTATION_OPTIONS(COMPLECTATION_ID, OPTION_MNEMONIC, OPTION_LABEL) VALUES (96, "IV3", "INCOMPLETE VEHICLES (CAB & CHASSIS)");
INSERT INTO COMPLECTATION_OPTIONS(COMPLECTATION_ID, OPTION_MNEMONIC, OPTION_LABEL) VALUES (96, "JPP", "JAPAN PRODUCT PARTS");
INSERT INTO COMPLECTATION(ID, FRAME_ID, NAME, URL, ENGINE_MNEMONIC, ENGINE_LABEL, PRODUCTION_PERIOD, BODY_MNEMONIC, BODY_LABEL, GRADE_MNEMONIC, GRADE_LABEL, TRANSMISSION_MNEMONIC, TRANSMISSION_LABEL) VALUES (97, 22, "RN110L-CRPSEA", "https://toyota-europe.epc-data.com/4runner/rn110l/6293/", "22RE", "2400CC EFI", "08.1988 - 08.1990", "T1", "TRUCK(STANDARD DECK 1-SIDE OPEN)", "SR5", "SR-5 TYPE", "ATM", "AUTOMATIC TRANSMISSION");
INSERT INTO COMPLECTATION_OPTIONS(COMPLECTATION_ID, OPTION_MNEMONIC, OPTION_LABEL) VALUES (97, "4FC", "ATM,4-SPEED FLOOR SHIFT");
INSERT INTO COMPLECTATION_OPTIONS(COMPLECTATION_ID, OPTION_MNEMONIC, OPTION_LABEL) VALUES (97, "XTR", "EXTRA CAB");
INSERT INTO COMPLECTATION_OPTIONS(COMPLECTATION_ID, OPTION_MNEMONIC, OPTION_LABEL) VALUES (97, "EFI", "ELECTRIC FUEL INJECTION SYSTEM");
INSERT INTO COMPLECTATION_OPTIONS(COMPLECTATION_ID, OPTION_MNEMONIC, OPTION_LABEL) VALUES (97, "USA", "UNITED STATES OF AMERICA");
INSERT INTO COMPLECTATION_OPTIONS(COMPLECTATION_ID, OPTION_MNEMONIC, OPTION_LABEL) VALUES (97, "CBU", "COMPLETELY BUILT UNIT");
INSERT INTO COMPLECTATION_OPTIONS(COMPLECTATION_ID, OPTION_MNEMONIC, OPTION_LABEL) VALUES (97, "JPP", "JAPAN PRODUCT PARTS");
INSERT INTO COMPLECTATION(ID, FRAME_ID, NAME, URL, ENGINE_MNEMONIC, ENGINE_LABEL, PRODUCTION_PERIOD, BODY_MNEMONIC, BODY_LABEL, GRADE_MNEMONIC, GRADE_LABEL, TRANSMISSION_MNEMONIC, TRANSMISSION_LABEL) VALUES (98, 22, "RN110L-CRPSEA3", "https://toyota-europe.epc-data.com/4runner/rn110l/6294/", "22RE", "2400CC EFI", "08.1988 - 08.1989", "T1", "TRUCK(STANDARD DECK 1-SIDE OPEN)", "SR5", "SR-5 TYPE", "ATM", "AUTOMATIC TRANSMISSION");
INSERT INTO COMPLECTATION_OPTIONS(COMPLECTATION_ID, OPTION_MNEMONIC, OPTION_LABEL) VALUES (98, "4FC", "ATM,4-SPEED FLOOR SHIFT");
INSERT INTO COMPLECTATION_OPTIONS(COMPLECTATION_ID, OPTION_MNEMONIC, OPTION_LABEL) VALUES (98, "XTR", "EXTRA CAB");
INSERT INTO COMPLECTATION_OPTIONS(COMPLECTATION_ID, OPTION_MNEMONIC, OPTION_LABEL) VALUES (98, "EFI", "ELECTRIC FUEL INJECTION SYSTEM");
INSERT INTO COMPLECTATION_OPTIONS(COMPLECTATION_ID, OPTION_MNEMONIC, OPTION_LABEL) VALUES (98, "USA", "UNITED STATES OF AMERICA");
INSERT INTO COMPLECTATION_OPTIONS(COMPLECTATION_ID, OPTION_MNEMONIC, OPTION_LABEL) VALUES (98, "IV3", "INCOMPLETE VEHICLES (CAB & CHASSIS)");
INSERT INTO COMPLECTATION_OPTIONS(COMPLECTATION_ID, OPTION_MNEMONIC, OPTION_LABEL) VALUES (98, "JPP", "JAPAN PRODUCT PARTS");
INSERT INTO FRAME(ID, MODEL_ID, NAME, URL) VALUES (23, 5, "RN120L", "https://toyota-europe.epc-data.com/4runner/rn120l");
INSERT INTO COMPLECTATION(ID, FRAME_ID, NAME, URL, ENGINE_MNEMONIC, ENGINE_LABEL, PRODUCTION_PERIOD, BODY_MNEMONIC, BODY_LABEL, GRADE_MNEMONIC, GRADE_LABEL, TRANSMISSION_MNEMONIC, TRANSMISSION_LABEL) VALUES (99, 23, "RN120L-GKPSEA", "https://toyota-europe.epc-data.com/4runner/rn120l/6371/", "22RE", "2400CC EFI", "04.1989 - 08.1991", "", "", "SR5", "SR-5 TYPE", "ATM", "AUTOMATIC TRANSMISSION");
INSERT INTO COMPLECTATION_OPTIONS(COMPLECTATION_ID, OPTION_MNEMONIC, OPTION_LABEL) VALUES (99, "4FC", "ATM,4-SPEED FLOOR SHIFT");
INSERT INTO COMPLECTATION_OPTIONS(COMPLECTATION_ID, OPTION_MNEMONIC, OPTION_LABEL) VALUES (99, "WG", "WAGON(4-RUNNER)");
INSERT INTO COMPLECTATION_OPTIONS(COMPLECTATION_ID, OPTION_MNEMONIC, OPTION_LABEL) VALUES (99, "EFI", "ELECTRIC FUEL INJECTION SYSTEM");
INSERT INTO COMPLECTATION_OPTIONS(COMPLECTATION_ID, OPTION_MNEMONIC, OPTION_LABEL) VALUES (99, "USA", "UNITED STATES OF AMERICA");
INSERT INTO COMPLECTATION_OPTIONS(COMPLECTATION_ID, OPTION_MNEMONIC, OPTION_LABEL) VALUES (99, "CBU", "COMPLETELY BUILT UNIT");
INSERT INTO COMPLECTATION_OPTIONS(COMPLECTATION_ID, OPTION_MNEMONIC, OPTION_LABEL) VALUES (99, "4D", "4-DOOR WAGON");
INSERT INTO COMPLECTATION_OPTIONS(COMPLECTATION_ID, OPTION_MNEMONIC, OPTION_LABEL) VALUES (99, "JPP", "JAPAN PRODUCT PARTS");
INSERT INTO FRAME(ID, MODEL_ID, NAME, URL) VALUES (24, 5, "RN121L", "https://toyota-europe.epc-data.com/4runner/rn121l");
INSERT INTO COMPLECTATION(ID, FRAME_ID, NAME, URL, ENGINE_MNEMONIC, ENGINE_LABEL, PRODUCTION_PERIOD, BODY_MNEMONIC, BODY_LABEL, GRADE_MNEMONIC, GRADE_LABEL, TRANSMISSION_MNEMONIC, TRANSMISSION_LABEL) VALUES (100, 24, "RN121L-RKMSEK", "https://toyota-europe.epc-data.com/4runner/rn121l/6373/", "22RE", "2400CC EFI", "04.1989 - 08.1991", "", "", "SR5", "SR-5 TYPE", "MTM", "MANUAL TRANSMISSION");
INSERT INTO COMPLECTATION_OPTIONS(COMPLECTATION_ID, OPTION_MNEMONIC, OPTION_LABEL) VALUES (100, "5F", "MTM,5-SPEED FLOOR SHIFT");
INSERT INTO COMPLECTATION_OPTIONS(COMPLECTATION_ID, OPTION_MNEMONIC, OPTION_LABEL) VALUES (100, "WG", "WAGON(4-RUNNER)");
INSERT INTO COMPLECTATION_OPTIONS(COMPLECTATION_ID, OPTION_MNEMONIC, OPTION_LABEL) VALUES (100, "W", "W TYPE TRANSMISSION");
INSERT INTO COMPLECTATION_OPTIONS(COMPLECTATION_ID, OPTION_MNEMONIC, OPTION_LABEL) VALUES (100, "EFI", "ELECTRIC FUEL INJECTION SYSTEM");
INSERT INTO COMPLECTATION_OPTIONS(COMPLECTATION_ID, OPTION_MNEMONIC, OPTION_LABEL) VALUES (100, "CND", "CANADA");
INSERT INTO COMPLECTATION_OPTIONS(COMPLECTATION_ID, OPTION_MNEMONIC, OPTION_LABEL) VALUES (100, "CBU", "COMPLETELY BUILT UNIT");
INSERT INTO COMPLECTATION_OPTIONS(COMPLECTATION_ID, OPTION_MNEMONIC, OPTION_LABEL) VALUES (100, "4D", "4-DOOR WAGON");
INSERT INTO COMPLECTATION_OPTIONS(COMPLECTATION_ID, OPTION_MNEMONIC, OPTION_LABEL) VALUES (100, "JPP", "JAPAN PRODUCT PARTS");
INSERT INTO COMPLECTATION(ID, FRAME_ID, NAME, URL, ENGINE_MNEMONIC, ENGINE_LABEL, PRODUCTION_PERIOD, BODY_MNEMONIC, BODY_LABEL, GRADE_MNEMONIC, GRADE_LABEL, TRANSMISSION_MNEMONIC, TRANSMISSION_LABEL) VALUES (101, 24, "RN121L-RKPSEK", "https://toyota-europe.epc-data.com/4runner/rn121l/6374/", "22RE", "2400CC EFI", "04.1989 - 08.1991", "", "", "SR5", "SR-5 TYPE", "ATM", "AUTOMATIC TRANSMISSION");
INSERT INTO COMPLECTATION_OPTIONS(COMPLECTATION_ID, OPTION_MNEMONIC, OPTION_LABEL) VALUES (101, "4FC", "ATM,4-SPEED FLOOR SHIFT");
INSERT INTO COMPLECTATION_OPTIONS(COMPLECTATION_ID, OPTION_MNEMONIC, OPTION_LABEL) VALUES (101, "WG", "WAGON(4-RUNNER)");
INSERT INTO COMPLECTATION_OPTIONS(COMPLECTATION_ID, OPTION_MNEMONIC, OPTION_LABEL) VALUES (101, "EFI", "ELECTRIC FUEL INJECTION SYSTEM");
INSERT INTO COMPLECTATION_OPTIONS(COMPLECTATION_ID, OPTION_MNEMONIC, OPTION_LABEL) VALUES (101, "CND", "CANADA");
INSERT INTO COMPLECTATION_OPTIONS(COMPLECTATION_ID, OPTION_MNEMONIC, OPTION_LABEL) VALUES (101, "CBU", "COMPLETELY BUILT UNIT");
INSERT INTO COMPLECTATION_OPTIONS(COMPLECTATION_ID, OPTION_MNEMONIC, OPTION_LABEL) VALUES (101, "4D", "4-DOOR WAGON");
INSERT INTO COMPLECTATION_OPTIONS(COMPLECTATION_ID, OPTION_MNEMONIC, OPTION_LABEL) VALUES (101, "JPP", "JAPAN PRODUCT PARTS");
INSERT INTO FRAME(ID, MODEL_ID, NAME, URL) VALUES (25, 5, "RN130L", "https://toyota-europe.epc-data.com/4runner/rn130l");
INSERT INTO COMPLECTATION(ID, FRAME_ID, NAME, URL, ENGINE_MNEMONIC, ENGINE_LABEL, PRODUCTION_PERIOD, BODY_MNEMONIC, BODY_LABEL, GRADE_MNEMONIC, GRADE_LABEL, TRANSMISSION_MNEMONIC, TRANSMISSION_LABEL) VALUES (102, 25, "RN130L-GJLSEA", "https://toyota-europe.epc-data.com/4runner/rn130l/6254/", "22RE", "2400CC EFI", "04.1989 - 08.1991", "2D", "2-DOOR WAGON", "SR5", "SR-5 TYPE", "MTM", "MANUAL TRANSMISSION");
INSERT INTO COMPLECTATION_OPTIONS(COMPLECTATION_ID, OPTION_MNEMONIC, OPTION_LABEL) VALUES (102, "5F", "MTM,5-SPEED FLOOR SHIFT");
INSERT INTO COMPLECTATION_OPTIONS(COMPLECTATION_ID, OPTION_MNEMONIC, OPTION_LABEL) VALUES (102, "WG", "WAGON(4-RUNNER)");
INSERT INTO COMPLECTATION_OPTIONS(COMPLECTATION_ID, OPTION_MNEMONIC, OPTION_LABEL) VALUES (102, "G", "G TYPE TRANSMISSION");
INSERT INTO COMPLECTATION_OPTIONS(COMPLECTATION_ID, OPTION_MNEMONIC, OPTION_LABEL) VALUES (102, "EFI", "ELECTRIC FUEL INJECTION SYSTEM");
INSERT INTO COMPLECTATION_OPTIONS(COMPLECTATION_ID, OPTION_MNEMONIC, OPTION_LABEL) VALUES (102, "USA", "UNITED STATES OF AMERICA");
INSERT INTO COMPLECTATION_OPTIONS(COMPLECTATION_ID, OPTION_MNEMONIC, OPTION_LABEL) VALUES (102, "CBU", "COMPLETELY BUILT UNIT");
INSERT INTO COMPLECTATION_OPTIONS(COMPLECTATION_ID, OPTION_MNEMONIC, OPTION_LABEL) VALUES (102, "JPP", "JAPAN PRODUCT PARTS");
INSERT INTO COMPLECTATION(ID, FRAME_ID, NAME, URL, ENGINE_MNEMONIC, ENGINE_LABEL, PRODUCTION_PERIOD, BODY_MNEMONIC, BODY_LABEL, GRADE_MNEMONIC, GRADE_LABEL, TRANSMISSION_MNEMONIC, TRANSMISSION_LABEL) VALUES (103, 25, "RN130L-GJMSEA", "https://toyota-europe.epc-data.com/4runner/rn130l/6255/", "22RE", "2400CC EFI", "04.1989 - 08.1991", "2D", "2-DOOR WAGON", "SR5", "SR-5 TYPE", "MTM", "MANUAL TRANSMISSION");
INSERT INTO COMPLECTATION_OPTIONS(COMPLECTATION_ID, OPTION_MNEMONIC, OPTION_LABEL) VALUES (103, "5F", "MTM,5-SPEED FLOOR SHIFT");
INSERT INTO COMPLECTATION_OPTIONS(COMPLECTATION_ID, OPTION_MNEMONIC, OPTION_LABEL) VALUES (103, "WG", "WAGON(4-RUNNER)");
INSERT INTO COMPLECTATION_OPTIONS(COMPLECTATION_ID, OPTION_MNEMONIC, OPTION_LABEL) VALUES (103, "W", "W TYPE TRANSMISSION");
INSERT INTO COMPLECTATION_OPTIONS(COMPLECTATION_ID, OPTION_MNEMONIC, OPTION_LABEL) VALUES (103, "EFI", "ELECTRIC FUEL INJECTION SYSTEM");
INSERT INTO COMPLECTATION_OPTIONS(COMPLECTATION_ID, OPTION_MNEMONIC, OPTION_LABEL) VALUES (103, "USA", "UNITED STATES OF AMERICA");
INSERT INTO COMPLECTATION_OPTIONS(COMPLECTATION_ID, OPTION_MNEMONIC, OPTION_LABEL) VALUES (103, "CBU", "COMPLETELY BUILT UNIT");
INSERT INTO COMPLECTATION_OPTIONS(COMPLECTATION_ID, OPTION_MNEMONIC, OPTION_LABEL) VALUES (103, "JPP", "JAPAN PRODUCT PARTS");
INSERT INTO COMPLECTATION(ID, FRAME_ID, NAME, URL, ENGINE_MNEMONIC, ENGINE_LABEL, PRODUCTION_PERIOD, BODY_MNEMONIC, BODY_LABEL, GRADE_MNEMONIC, GRADE_LABEL, TRANSMISSION_MNEMONIC, TRANSMISSION_LABEL) VALUES (104, 25, "RN130L-GJPSEA", "https://toyota-europe.epc-data.com/4runner/rn130l/6256/", "22RE", "2400CC EFI", "04.1989 - 08.1991", "2D", "2-DOOR WAGON", "SR5", "SR-5 TYPE", "ATM", "AUTOMATIC TRANSMISSION");
INSERT INTO COMPLECTATION_OPTIONS(COMPLECTATION_ID, OPTION_MNEMONIC, OPTION_LABEL) VALUES (104, "4FC", "ATM,4-SPEED FLOOR SHIFT");
INSERT INTO COMPLECTATION_OPTIONS(COMPLECTATION_ID, OPTION_MNEMONIC, OPTION_LABEL) VALUES (104, "WG", "WAGON(4-RUNNER)");
INSERT INTO COMPLECTATION_OPTIONS(COMPLECTATION_ID, OPTION_MNEMONIC, OPTION_LABEL) VALUES (104, "EFI", "ELECTRIC FUEL INJECTION SYSTEM");
INSERT INTO COMPLECTATION_OPTIONS(COMPLECTATION_ID, OPTION_MNEMONIC, OPTION_LABEL) VALUES (104, "USA", "UNITED STATES OF AMERICA");
INSERT INTO COMPLECTATION_OPTIONS(COMPLECTATION_ID, OPTION_MNEMONIC, OPTION_LABEL) VALUES (104, "CBU", "COMPLETELY BUILT UNIT");
INSERT INTO COMPLECTATION_OPTIONS(COMPLECTATION_ID, OPTION_MNEMONIC, OPTION_LABEL) VALUES (104, "JPP", "JAPAN PRODUCT PARTS");
INSERT INTO COMPLECTATION(ID, FRAME_ID, NAME, URL, ENGINE_MNEMONIC, ENGINE_LABEL, PRODUCTION_PERIOD, BODY_MNEMONIC, BODY_LABEL, GRADE_MNEMONIC, GRADE_LABEL, TRANSMISSION_MNEMONIC, TRANSMISSION_LABEL) VALUES (105, 25, "RN130L-GKLSEA", "https://toyota-europe.epc-data.com/4runner/rn130l/6257/", "22RE", "2400CC EFI", "04.1989 - 11.1995", "4D", "4-DOOR WAGON", "SR5", "SR-5 TYPE", "MTM", "MANUAL TRANSMISSION");
INSERT INTO COMPLECTATION_OPTIONS(COMPLECTATION_ID, OPTION_MNEMONIC, OPTION_LABEL) VALUES (105, "5F", "MTM,5-SPEED FLOOR SHIFT");
INSERT INTO COMPLECTATION_OPTIONS(COMPLECTATION_ID, OPTION_MNEMONIC, OPTION_LABEL) VALUES (105, "WG", "WAGON(4-RUNNER)");
INSERT INTO COMPLECTATION_OPTIONS(COMPLECTATION_ID, OPTION_MNEMONIC, OPTION_LABEL) VALUES (105, "G", "G TYPE TRANSMISSION");
INSERT INTO COMPLECTATION_OPTIONS(COMPLECTATION_ID, OPTION_MNEMONIC, OPTION_LABEL) VALUES (105, "EFI", "ELECTRIC FUEL INJECTION SYSTEM");
INSERT INTO COMPLECTATION_OPTIONS(COMPLECTATION_ID, OPTION_MNEMONIC, OPTION_LABEL) VALUES (105, "USA", "UNITED STATES OF AMERICA");
INSERT INTO COMPLECTATION_OPTIONS(COMPLECTATION_ID, OPTION_MNEMONIC, OPTION_LABEL) VALUES (105, "CBU", "COMPLETELY BUILT UNIT");
INSERT INTO COMPLECTATION_OPTIONS(COMPLECTATION_ID, OPTION_MNEMONIC, OPTION_LABEL) VALUES (105, "JPP", "JAPAN PRODUCT PARTS");
INSERT INTO COMPLECTATION(ID, FRAME_ID, NAME, URL, ENGINE_MNEMONIC, ENGINE_LABEL, PRODUCTION_PERIOD, BODY_MNEMONIC, BODY_LABEL, GRADE_MNEMONIC, GRADE_LABEL, TRANSMISSION_MNEMONIC, TRANSMISSION_LABEL) VALUES (106, 25, "RN130L-GKMSEA", "https://toyota-europe.epc-data.com/4runner/rn130l/6258/", "22RE", "2400CC EFI", "04.1989 - 08.1992", "4D", "4-DOOR WAGON", "SR5", "SR-5 TYPE", "MTM", "MANUAL TRANSMISSION");
INSERT INTO COMPLECTATION_OPTIONS(COMPLECTATION_ID, OPTION_MNEMONIC, OPTION_LABEL) VALUES (106, "5F", "MTM,5-SPEED FLOOR SHIFT");
INSERT INTO COMPLECTATION_OPTIONS(COMPLECTATION_ID, OPTION_MNEMONIC, OPTION_LABEL) VALUES (106, "WG", "WAGON(4-RUNNER)");
INSERT INTO COMPLECTATION_OPTIONS(COMPLECTATION_ID, OPTION_MNEMONIC, OPTION_LABEL) VALUES (106, "W", "W TYPE TRANSMISSION");
INSERT INTO COMPLECTATION_OPTIONS(COMPLECTATION_ID, OPTION_MNEMONIC, OPTION_LABEL) VALUES (106, "EFI", "ELECTRIC FUEL INJECTION SYSTEM");
INSERT INTO COMPLECTATION_OPTIONS(COMPLECTATION_ID, OPTION_MNEMONIC, OPTION_LABEL) VALUES (106, "USA", "UNITED STATES OF AMERICA");
INSERT INTO COMPLECTATION_OPTIONS(COMPLECTATION_ID, OPTION_MNEMONIC, OPTION_LABEL) VALUES (106, "CBU", "COMPLETELY BUILT UNIT");
INSERT INTO COMPLECTATION_OPTIONS(COMPLECTATION_ID, OPTION_MNEMONIC, OPTION_LABEL) VALUES (106, "JPP", "JAPAN PRODUCT PARTS");
INSERT INTO COMPLECTATION(ID, FRAME_ID, NAME, URL, ENGINE_MNEMONIC, ENGINE_LABEL, PRODUCTION_PERIOD, BODY_MNEMONIC, BODY_LABEL, GRADE_MNEMONIC, GRADE_LABEL, TRANSMISSION_MNEMONIC, TRANSMISSION_LABEL) VALUES (107, 25, "RN130L-GKPSEA", "https://toyota-europe.epc-data.com/4runner/rn130l/6259/", "22RE", "2400CC EFI", "04.1989 - 08.1993", "4D", "4-DOOR WAGON", "SR5", "SR-5 TYPE", "ATM", "AUTOMATIC TRANSMISSION");
INSERT INTO COMPLECTATION_OPTIONS(COMPLECTATION_ID, OPTION_MNEMONIC, OPTION_LABEL) VALUES (107, "4FC", "ATM,4-SPEED FLOOR SHIFT");
INSERT INTO COMPLECTATION_OPTIONS(COMPLECTATION_ID, OPTION_MNEMONIC, OPTION_LABEL) VALUES (107, "WG", "WAGON(4-RUNNER)");
INSERT INTO COMPLECTATION_OPTIONS(COMPLECTATION_ID, OPTION_MNEMONIC, OPTION_LABEL) VALUES (107, "EFI", "ELECTRIC FUEL INJECTION SYSTEM");
INSERT INTO COMPLECTATION_OPTIONS(COMPLECTATION_ID, OPTION_MNEMONIC, OPTION_LABEL) VALUES (107, "USA", "UNITED STATES OF AMERICA");
INSERT INTO COMPLECTATION_OPTIONS(COMPLECTATION_ID, OPTION_MNEMONIC, OPTION_LABEL) VALUES (107, "CBU", "COMPLETELY BUILT UNIT");
INSERT INTO COMPLECTATION_OPTIONS(COMPLECTATION_ID, OPTION_MNEMONIC, OPTION_LABEL) VALUES (107, "JPP", "JAPAN PRODUCT PARTS");
INSERT INTO FRAME(ID, MODEL_ID, NAME, URL) VALUES (26, 5, "RN131L", "https://toyota-europe.epc-data.com/4runner/rn131l");
INSERT INTO COMPLECTATION(ID, FRAME_ID, NAME, URL, ENGINE_MNEMONIC, ENGINE_LABEL, PRODUCTION_PERIOD, BODY_MNEMONIC, BODY_LABEL, GRADE_MNEMONIC, GRADE_LABEL, TRANSMISSION_MNEMONIC, TRANSMISSION_LABEL) VALUES (108, 26, "RN131L-RJLSEK", "https://toyota-europe.epc-data.com/4runner/rn131l/6295/", "22RE", "2400CC EFI", "04.1989 - 08.1993", "2D", "2-DOOR WAGON", "SR5", "SR-5 TYPE", "MTM", "MANUAL TRANSMISSION");
INSERT INTO COMPLECTATION_OPTIONS(COMPLECTATION_ID, OPTION_MNEMONIC, OPTION_LABEL) VALUES (108, "5F", "MTM,5-SPEED FLOOR SHIFT");
INSERT INTO COMPLECTATION_OPTIONS(COMPLECTATION_ID, OPTION_MNEMONIC, OPTION_LABEL) VALUES (108, "WG", "WAGON(4-RUNNER)");
INSERT INTO COMPLECTATION_OPTIONS(COMPLECTATION_ID, OPTION_MNEMONIC, OPTION_LABEL) VALUES (108, "G", "G TYPE TRANSMISSION");
INSERT INTO COMPLECTATION_OPTIONS(COMPLECTATION_ID, OPTION_MNEMONIC, OPTION_LABEL) VALUES (108, "EFI", "ELECTRIC FUEL INJECTION SYSTEM");
INSERT INTO COMPLECTATION_OPTIONS(COMPLECTATION_ID, OPTION_MNEMONIC, OPTION_LABEL) VALUES (108, "CND", "CANADA");
INSERT INTO COMPLECTATION_OPTIONS(COMPLECTATION_ID, OPTION_MNEMONIC, OPTION_LABEL) VALUES (108, "CBU", "COMPLETELY BUILT UNIT");
INSERT INTO COMPLECTATION_OPTIONS(COMPLECTATION_ID, OPTION_MNEMONIC, OPTION_LABEL) VALUES (108, "JPP", "JAPAN PRODUCT PARTS");
INSERT INTO COMPLECTATION(ID, FRAME_ID, NAME, URL, ENGINE_MNEMONIC, ENGINE_LABEL, PRODUCTION_PERIOD, BODY_MNEMONIC, BODY_LABEL, GRADE_MNEMONIC, GRADE_LABEL, TRANSMISSION_MNEMONIC, TRANSMISSION_LABEL) VALUES (109, 26, "RN131L-RJMSEK", "https://toyota-europe.epc-data.com/4runner/rn131l/6296/", "22RE", "2400CC EFI", "04.1989 - 08.1990", "2D", "2-DOOR WAGON", "SR5", "SR-5 TYPE", "MTM", "MANUAL TRANSMISSION");
INSERT INTO COMPLECTATION_OPTIONS(COMPLECTATION_ID, OPTION_MNEMONIC, OPTION_LABEL) VALUES (109, "5F", "MTM,5-SPEED FLOOR SHIFT");
INSERT INTO COMPLECTATION_OPTIONS(COMPLECTATION_ID, OPTION_MNEMONIC, OPTION_LABEL) VALUES (109, "WG", "WAGON(4-RUNNER)");
INSERT INTO COMPLECTATION_OPTIONS(COMPLECTATION_ID, OPTION_MNEMONIC, OPTION_LABEL) VALUES (109, "W", "W TYPE TRANSMISSION");
INSERT INTO COMPLECTATION_OPTIONS(COMPLECTATION_ID, OPTION_MNEMONIC, OPTION_LABEL) VALUES (109, "EFI", "ELECTRIC FUEL INJECTION SYSTEM");
INSERT INTO COMPLECTATION_OPTIONS(COMPLECTATION_ID, OPTION_MNEMONIC, OPTION_LABEL) VALUES (109, "CND", "CANADA");
INSERT INTO COMPLECTATION_OPTIONS(COMPLECTATION_ID, OPTION_MNEMONIC, OPTION_LABEL) VALUES (109, "CBU", "COMPLETELY BUILT UNIT");
INSERT INTO COMPLECTATION_OPTIONS(COMPLECTATION_ID, OPTION_MNEMONIC, OPTION_LABEL) VALUES (109, "JPP", "JAPAN PRODUCT PARTS");
INSERT INTO COMPLECTATION(ID, FRAME_ID, NAME, URL, ENGINE_MNEMONIC, ENGINE_LABEL, PRODUCTION_PERIOD, BODY_MNEMONIC, BODY_LABEL, GRADE_MNEMONIC, GRADE_LABEL, TRANSMISSION_MNEMONIC, TRANSMISSION_LABEL) VALUES (110, 26, "RN131L-RJPSEK", "https://toyota-europe.epc-data.com/4runner/rn131l/6297/", "22RE", "2400CC EFI", "04.1989 - 08.1991", "2D", "2-DOOR WAGON", "SR5", "SR-5 TYPE", "ATM", "AUTOMATIC TRANSMISSION");
INSERT INTO COMPLECTATION_OPTIONS(COMPLECTATION_ID, OPTION_MNEMONIC, OPTION_LABEL) VALUES (110, "4FC", "ATM,4-SPEED FLOOR SHIFT");
INSERT INTO COMPLECTATION_OPTIONS(COMPLECTATION_ID, OPTION_MNEMONIC, OPTION_LABEL) VALUES (110, "WG", "WAGON(4-RUNNER)");
INSERT INTO COMPLECTATION_OPTIONS(COMPLECTATION_ID, OPTION_MNEMONIC, OPTION_LABEL) VALUES (110, "EFI", "ELECTRIC FUEL INJECTION SYSTEM");
INSERT INTO COMPLECTATION_OPTIONS(COMPLECTATION_ID, OPTION_MNEMONIC, OPTION_LABEL) VALUES (110, "CND", "CANADA");
INSERT INTO COMPLECTATION_OPTIONS(COMPLECTATION_ID, OPTION_MNEMONIC, OPTION_LABEL) VALUES (110, "CBU", "COMPLETELY BUILT UNIT");
INSERT INTO COMPLECTATION_OPTIONS(COMPLECTATION_ID, OPTION_MNEMONIC, OPTION_LABEL) VALUES (110, "JPP", "JAPAN PRODUCT PARTS");
INSERT INTO COMPLECTATION(ID, FRAME_ID, NAME, URL, ENGINE_MNEMONIC, ENGINE_LABEL, PRODUCTION_PERIOD, BODY_MNEMONIC, BODY_LABEL, GRADE_MNEMONIC, GRADE_LABEL, TRANSMISSION_MNEMONIC, TRANSMISSION_LABEL) VALUES (111, 26, "RN131L-RKLSEK", "https://toyota-europe.epc-data.com/4runner/rn131l/6298/", "22RE", "2400CC EFI", "04.1989 - 11.1995", "4D", "4-DOOR WAGON", "SR5", "SR-5 TYPE", "MTM", "MANUAL TRANSMISSION");
INSERT INTO COMPLECTATION_OPTIONS(COMPLECTATION_ID, OPTION_MNEMONIC, OPTION_LABEL) VALUES (111, "5F", "MTM,5-SPEED FLOOR SHIFT");
INSERT INTO COMPLECTATION_OPTIONS(COMPLECTATION_ID, OPTION_MNEMONIC, OPTION_LABEL) VALUES (111, "WG", "WAGON(4-RUNNER)");
INSERT INTO COMPLECTATION_OPTIONS(COMPLECTATION_ID, OPTION_MNEMONIC, OPTION_LABEL) VALUES (111, "G", "G TYPE TRANSMISSION");
INSERT INTO COMPLECTATION_OPTIONS(COMPLECTATION_ID, OPTION_MNEMONIC, OPTION_LABEL) VALUES (111, "EFI", "ELECTRIC FUEL INJECTION SYSTEM");
INSERT INTO COMPLECTATION_OPTIONS(COMPLECTATION_ID, OPTION_MNEMONIC, OPTION_LABEL) VALUES (111, "CND", "CANADA");
INSERT INTO COMPLECTATION_OPTIONS(COMPLECTATION_ID, OPTION_MNEMONIC, OPTION_LABEL) VALUES (111, "CBU", "COMPLETELY BUILT UNIT");
INSERT INTO COMPLECTATION_OPTIONS(COMPLECTATION_ID, OPTION_MNEMONIC, OPTION_LABEL) VALUES (111, "JPP", "JAPAN PRODUCT PARTS");
INSERT INTO COMPLECTATION(ID, FRAME_ID, NAME, URL, ENGINE_MNEMONIC, ENGINE_LABEL, PRODUCTION_PERIOD, BODY_MNEMONIC, BODY_LABEL, GRADE_MNEMONIC, GRADE_LABEL, TRANSMISSION_MNEMONIC, TRANSMISSION_LABEL) VALUES (112, 26, "RN131L-RKMSEK", "https://toyota-europe.epc-data.com/4runner/rn131l/6299/", "22RE", "2400CC EFI", "04.1989 - 08.1990", "4D", "4-DOOR WAGON", "SR5", "SR-5 TYPE", "MTM", "MANUAL TRANSMISSION");
INSERT INTO COMPLECTATION_OPTIONS(COMPLECTATION_ID, OPTION_MNEMONIC, OPTION_LABEL) VALUES (112, "5F", "MTM,5-SPEED FLOOR SHIFT");
INSERT INTO COMPLECTATION_OPTIONS(COMPLECTATION_ID, OPTION_MNEMONIC, OPTION_LABEL) VALUES (112, "WG", "WAGON(4-RUNNER)");
INSERT INTO COMPLECTATION_OPTIONS(COMPLECTATION_ID, OPTION_MNEMONIC, OPTION_LABEL) VALUES (112, "W", "W TYPE TRANSMISSION");
INSERT INTO COMPLECTATION_OPTIONS(COMPLECTATION_ID, OPTION_MNEMONIC, OPTION_LABEL) VALUES (112, "EFI", "ELECTRIC FUEL INJECTION SYSTEM");
INSERT INTO COMPLECTATION_OPTIONS(COMPLECTATION_ID, OPTION_MNEMONIC, OPTION_LABEL) VALUES (112, "CND", "CANADA");
INSERT INTO COMPLECTATION_OPTIONS(COMPLECTATION_ID, OPTION_MNEMONIC, OPTION_LABEL) VALUES (112, "CBU", "COMPLETELY BUILT UNIT");
INSERT INTO COMPLECTATION_OPTIONS(COMPLECTATION_ID, OPTION_MNEMONIC, OPTION_LABEL) VALUES (112, "JPP", "JAPAN PRODUCT PARTS");
INSERT INTO COMPLECTATION(ID, FRAME_ID, NAME, URL, ENGINE_MNEMONIC, ENGINE_LABEL, PRODUCTION_PERIOD, BODY_MNEMONIC, BODY_LABEL, GRADE_MNEMONIC, GRADE_LABEL, TRANSMISSION_MNEMONIC, TRANSMISSION_LABEL) VALUES (113, 26, "RN131L-RKPSEK", "https://toyota-europe.epc-data.com/4runner/rn131l/6300/", "22RE", "2400CC EFI", "04.1989 - 11.1995", "4D", "4-DOOR WAGON", "SR5", "SR-5 TYPE", "ATM", "AUTOMATIC TRANSMISSION");
INSERT INTO COMPLECTATION_OPTIONS(COMPLECTATION_ID, OPTION_MNEMONIC, OPTION_LABEL) VALUES (113, "4FC", "ATM,4-SPEED FLOOR SHIFT");
INSERT INTO COMPLECTATION_OPTIONS(COMPLECTATION_ID, OPTION_MNEMONIC, OPTION_LABEL) VALUES (113, "WG", "WAGON(4-RUNNER)");
INSERT INTO COMPLECTATION_OPTIONS(COMPLECTATION_ID, OPTION_MNEMONIC, OPTION_LABEL) VALUES (113, "EFI", "ELECTRIC FUEL INJECTION SYSTEM");
INSERT INTO COMPLECTATION_OPTIONS(COMPLECTATION_ID, OPTION_MNEMONIC, OPTION_LABEL) VALUES (113, "CND", "CANADA");
INSERT INTO COMPLECTATION_OPTIONS(COMPLECTATION_ID, OPTION_MNEMONIC, OPTION_LABEL) VALUES (113, "CBU", "COMPLETELY BUILT UNIT");
INSERT INTO COMPLECTATION_OPTIONS(COMPLECTATION_ID, OPTION_MNEMONIC, OPTION_LABEL) VALUES (113, "JPP", "JAPAN PRODUCT PARTS");
INSERT INTO FRAME(ID, MODEL_ID, NAME, URL) VALUES (27, 5, "RN50L", "https://toyota-europe.epc-data.com/4runner/rn50l");
INSERT INTO COMPLECTATION(ID, FRAME_ID, NAME, URL, ENGINE_MNEMONIC, ENGINE_LABEL, PRODUCTION_PERIOD, BODY_MNEMONIC, BODY_LABEL, GRADE_MNEMONIC, GRADE_LABEL, TRANSMISSION_MNEMONIC, TRANSMISSION_LABEL) VALUES (114, 27, "RN50L-KRA", "https://toyota-europe.epc-data.com/4runner/rn50l/6060/", "22R", "2400CC", "08.1983 - 08.1988", "T1", "TRUCK(STANDARD DECK 1-SIDE OPEN)", "STD", "STANDARD TYPE", "MTM", "MANUAL TRANSMISSION");
INSERT INTO COMPLECTATION_OPTIONS(COMPLECTATION_ID, OPTION_MNEMONIC, OPTION_LABEL) VALUES (114, "4F", "MTM,4-SPEED FLOOR SHIFT");
INSERT INTO COMPLECTATION_OPTIONS(COMPLECTATION_ID, OPTION_MNEMONIC, OPTION_LABEL) VALUES (114, "RCB", "REGULAR CAB");
INSERT INTO COMPLECTATION_OPTIONS(COMPLECTATION_ID, OPTION_MNEMONIC, OPTION_LABEL) VALUES (114, "W", "W TYPE TRANSMISSION");
INSERT INTO COMPLECTATION_OPTIONS(COMPLECTATION_ID, OPTION_MNEMONIC, OPTION_LABEL) VALUES (114, "HLF", "0.5TONS");
INSERT INTO COMPLECTATION_OPTIONS(COMPLECTATION_ID, OPTION_MNEMONIC, OPTION_LABEL) VALUES (114, "ST", "SINGLE TIRE");
INSERT INTO COMPLECTATION_OPTIONS(COMPLECTATION_ID, OPTION_MNEMONIC, OPTION_LABEL) VALUES (114, "USA", "UNITED STATES OF AMERICA");
INSERT INTO COMPLECTATION_OPTIONS(COMPLECTATION_ID, OPTION_MNEMONIC, OPTION_LABEL) VALUES (114, "CBR", "CARBURETOR SYSTEM");
INSERT INTO COMPLECTATION_OPTIONS(COMPLECTATION_ID, OPTION_MNEMONIC, OPTION_LABEL) VALUES (114, "CBU", "COMPLETELY BUILT UNIT");
INSERT INTO COMPLECTATION(ID, FRAME_ID, NAME, URL, ENGINE_MNEMONIC, ENGINE_LABEL, PRODUCTION_PERIOD, BODY_MNEMONIC, BODY_LABEL, GRADE_MNEMONIC, GRADE_LABEL, TRANSMISSION_MNEMONIC, TRANSMISSION_LABEL) VALUES (115, 27, "RN50L-KRK", "https://toyota-europe.epc-data.com/4runner/rn50l/6061/", "22R", "2400CC", "08.1983 - 08.1988", "T1", "TRUCK(STANDARD DECK 1-SIDE OPEN)", "STD", "STANDARD TYPE", "MTM", "MANUAL TRANSMISSION");
INSERT INTO COMPLECTATION_OPTIONS(COMPLECTATION_ID, OPTION_MNEMONIC, OPTION_LABEL) VALUES (115, "4F", "MTM,4-SPEED FLOOR SHIFT");
INSERT INTO COMPLECTATION_OPTIONS(COMPLECTATION_ID, OPTION_MNEMONIC, OPTION_LABEL) VALUES (115, "RCB", "REGULAR CAB");
INSERT INTO COMPLECTATION_OPTIONS(COMPLECTATION_ID, OPTION_MNEMONIC, OPTION_LABEL) VALUES (115, "W", "W TYPE TRANSMISSION");
INSERT INTO COMPLECTATION_OPTIONS(COMPLECTATION_ID, OPTION_MNEMONIC, OPTION_LABEL) VALUES (115, "HLF", "0.5TONS");
INSERT INTO COMPLECTATION_OPTIONS(COMPLECTATION_ID, OPTION_MNEMONIC, OPTION_LABEL) VALUES (115, "ST", "SINGLE TIRE");
INSERT INTO COMPLECTATION_OPTIONS(COMPLECTATION_ID, OPTION_MNEMONIC, OPTION_LABEL) VALUES (115, "CND", "CANADA");
INSERT INTO COMPLECTATION_OPTIONS(COMPLECTATION_ID, OPTION_MNEMONIC, OPTION_LABEL) VALUES (115, "CBR", "CARBURETOR SYSTEM");
INSERT INTO COMPLECTATION_OPTIONS(COMPLECTATION_ID, OPTION_MNEMONIC, OPTION_LABEL) VALUES (115, "CBU", "COMPLETELY BUILT UNIT");
INSERT INTO COMPLECTATION(ID, FRAME_ID, NAME, URL, ENGINE_MNEMONIC, ENGINE_LABEL, PRODUCTION_PERIOD, BODY_MNEMONIC, BODY_LABEL, GRADE_MNEMONIC, GRADE_LABEL, TRANSMISSION_MNEMONIC, TRANSMISSION_LABEL) VALUES (116, 27, "RN50L-LRA", "https://toyota-europe.epc-data.com/4runner/rn50l/6062/", "22R", "2400CC", "08.1987 - 08.1988", "T1", "TRUCK(STANDARD DECK 1-SIDE OPEN)", "STD", "STANDARD TYPE", "MTM", "MANUAL TRANSMISSION");
INSERT INTO COMPLECTATION_OPTIONS(COMPLECTATION_ID, OPTION_MNEMONIC, OPTION_LABEL) VALUES (116, "5F", "MTM,5-SPEED FLOOR SHIFT");
INSERT INTO COMPLECTATION_OPTIONS(COMPLECTATION_ID, OPTION_MNEMONIC, OPTION_LABEL) VALUES (116, "RCB", "REGULAR CAB");
INSERT INTO COMPLECTATION_OPTIONS(COMPLECTATION_ID, OPTION_MNEMONIC, OPTION_LABEL) VALUES (116, "G", "G TYPE TRANSMISSION");
INSERT INTO COMPLECTATION_OPTIONS(COMPLECTATION_ID, OPTION_MNEMONIC, OPTION_LABEL) VALUES (116, "HLF", "0.5TONS");
INSERT INTO COMPLECTATION_OPTIONS(COMPLECTATION_ID, OPTION_MNEMONIC, OPTION_LABEL) VALUES (116, "ST", "SINGLE TIRE");
INSERT INTO COMPLECTATION_OPTIONS(COMPLECTATION_ID, OPTION_MNEMONIC, OPTION_LABEL) VALUES (116, "USA", "UNITED STATES OF AMERICA");
INSERT INTO COMPLECTATION_OPTIONS(COMPLECTATION_ID, OPTION_MNEMONIC, OPTION_LABEL) VALUES (116, "CBR", "CARBURETOR SYSTEM");
INSERT INTO COMPLECTATION_OPTIONS(COMPLECTATION_ID, OPTION_MNEMONIC, OPTION_LABEL) VALUES (116, "CBU", "COMPLETELY BUILT UNIT");
INSERT INTO COMPLECTATION(ID, FRAME_ID, NAME, URL, ENGINE_MNEMONIC, ENGINE_LABEL, PRODUCTION_PERIOD, BODY_MNEMONIC, BODY_LABEL, GRADE_MNEMONIC, GRADE_LABEL, TRANSMISSION_MNEMONIC, TRANSMISSION_LABEL) VALUES (117, 27, "RN50L-MRA", "https://toyota-europe.epc-data.com/4runner/rn50l/6063/", "22R", "2400CC", "08.1984 - 08.1988", "T1", "TRUCK(STANDARD DECK 1-SIDE OPEN)", "STD", "STANDARD TYPE", "MTM", "MANUAL TRANSMISSION");
INSERT INTO COMPLECTATION_OPTIONS(COMPLECTATION_ID, OPTION_MNEMONIC, OPTION_LABEL) VALUES (117, "5F", "MTM,5-SPEED FLOOR SHIFT");
INSERT INTO COMPLECTATION_OPTIONS(COMPLECTATION_ID, OPTION_MNEMONIC, OPTION_LABEL) VALUES (117, "RCB", "REGULAR CAB");
INSERT INTO COMPLECTATION_OPTIONS(COMPLECTATION_ID, OPTION_MNEMONIC, OPTION_LABEL) VALUES (117, "W", "W TYPE TRANSMISSION");
INSERT INTO COMPLECTATION_OPTIONS(COMPLECTATION_ID, OPTION_MNEMONIC, OPTION_LABEL) VALUES (117, "HLF", "0.5TONS");
INSERT INTO COMPLECTATION_OPTIONS(COMPLECTATION_ID, OPTION_MNEMONIC, OPTION_LABEL) VALUES (117, "ST", "SINGLE TIRE");
INSERT INTO COMPLECTATION_OPTIONS(COMPLECTATION_ID, OPTION_MNEMONIC, OPTION_LABEL) VALUES (117, "USA", "UNITED STATES OF AMERICA");
INSERT INTO COMPLECTATION_OPTIONS(COMPLECTATION_ID, OPTION_MNEMONIC, OPTION_LABEL) VALUES (117, "CBR", "CARBURETOR SYSTEM");
INSERT INTO COMPLECTATION_OPTIONS(COMPLECTATION_ID, OPTION_MNEMONIC, OPTION_LABEL) VALUES (117, "CBU", "COMPLETELY BUILT UNIT");
INSERT INTO COMPLECTATION(ID, FRAME_ID, NAME, URL, ENGINE_MNEMONIC, ENGINE_LABEL, PRODUCTION_PERIOD, BODY_MNEMONIC, BODY_LABEL, GRADE_MNEMONIC, GRADE_LABEL, TRANSMISSION_MNEMONIC, TRANSMISSION_LABEL) VALUES (118, 27, "RN50L-MSEA", "https://toyota-europe.epc-data.com/4runner/rn50l/6067/", "22REC", "2400CC EFI", "08.1983 - 08.1985", "T1", "TRUCK(STANDARD DECK 1-SIDE OPEN)", "SR5", "SR-5 TYPE", "MTM", "MANUAL TRANSMISSION");
INSERT INTO COMPLECTATION_OPTIONS(COMPLECTATION_ID, OPTION_MNEMONIC, OPTION_LABEL) VALUES (118, "5F", "MTM,5-SPEED FLOOR SHIFT");
INSERT INTO COMPLECTATION_OPTIONS(COMPLECTATION_ID, OPTION_MNEMONIC, OPTION_LABEL) VALUES (118, "RCB", "REGULAR CAB");
INSERT INTO COMPLECTATION_OPTIONS(COMPLECTATION_ID, OPTION_MNEMONIC, OPTION_LABEL) VALUES (118, "W", "W TYPE TRANSMISSION");
INSERT INTO COMPLECTATION_OPTIONS(COMPLECTATION_ID, OPTION_MNEMONIC, OPTION_LABEL) VALUES (118, "HLF", "0.5TONS");
INSERT INTO COMPLECTATION_OPTIONS(COMPLECTATION_ID, OPTION_MNEMONIC, OPTION_LABEL) VALUES (118, "ST", "SINGLE TIRE");
INSERT INTO COMPLECTATION_OPTIONS(COMPLECTATION_ID, OPTION_MNEMONIC, OPTION_LABEL) VALUES (118, "USA", "UNITED STATES OF AMERICA");
INSERT INTO COMPLECTATION_OPTIONS(COMPLECTATION_ID, OPTION_MNEMONIC, OPTION_LABEL) VALUES (118, "EFI", "ELECTRIC FUEL INJECTION SYSTEM");
INSERT INTO COMPLECTATION_OPTIONS(COMPLECTATION_ID, OPTION_MNEMONIC, OPTION_LABEL) VALUES (118, "CBU", "COMPLETELY BUILT UNIT");
INSERT INTO COMPLECTATION(ID, FRAME_ID, NAME, URL, ENGINE_MNEMONIC, ENGINE_LABEL, PRODUCTION_PERIOD, BODY_MNEMONIC, BODY_LABEL, GRADE_MNEMONIC, GRADE_LABEL, TRANSMISSION_MNEMONIC, TRANSMISSION_LABEL) VALUES (119, 27, "RN50L-MSEA3", "https://toyota-europe.epc-data.com/4runner/rn50l/6068/", "22REC", "2400CC EFI", "08.1983 - 08.1985", "T1", "TRUCK(STANDARD DECK 1-SIDE OPEN)", "SR5", "SR-5 TYPE", "MTM", "MANUAL TRANSMISSION");
INSERT INTO COMPLECTATION_OPTIONS(COMPLECTATION_ID, OPTION_MNEMONIC, OPTION_LABEL) VALUES (119, "5F", "MTM,5-SPEED FLOOR SHIFT");
INSERT INTO COMPLECTATION_OPTIONS(COMPLECTATION_ID, OPTION_MNEMONIC, OPTION_LABEL) VALUES (119, "RCB", "REGULAR CAB");
INSERT INTO COMPLECTATION_OPTIONS(COMPLECTATION_ID, OPTION_MNEMONIC, OPTION_LABEL) VALUES (119, "W", "W TYPE TRANSMISSION");
INSERT INTO COMPLECTATION_OPTIONS(COMPLECTATION_ID, OPTION_MNEMONIC, OPTION_LABEL) VALUES (119, "HLF", "0.5TONS");
INSERT INTO COMPLECTATION_OPTIONS(COMPLECTATION_ID, OPTION_MNEMONIC, OPTION_LABEL) VALUES (119, "ST", "SINGLE TIRE");
INSERT INTO COMPLECTATION_OPTIONS(COMPLECTATION_ID, OPTION_MNEMONIC, OPTION_LABEL) VALUES (119, "USA", "UNITED STATES OF AMERICA");
INSERT INTO COMPLECTATION_OPTIONS(COMPLECTATION_ID, OPTION_MNEMONIC, OPTION_LABEL) VALUES (119, "EFI", "ELECTRIC FUEL INJECTION SYSTEM");
INSERT INTO COMPLECTATION_OPTIONS(COMPLECTATION_ID, OPTION_MNEMONIC, OPTION_LABEL) VALUES (119, "IV", "INCOMPLETE VEHICLES (CHASSIS & CAB)");
INSERT INTO COMPLECTATION(ID, FRAME_ID, NAME, URL, ENGINE_MNEMONIC, ENGINE_LABEL, PRODUCTION_PERIOD, BODY_MNEMONIC, BODY_LABEL, GRADE_MNEMONIC, GRADE_LABEL, TRANSMISSION_MNEMONIC, TRANSMISSION_LABEL) VALUES (120, 27, "RN50L-PRA", "https://toyota-europe.epc-data.com/4runner/rn50l/6064/", "22R", "2400CC", "01.1984 - 08.1985", "T1", "TRUCK(STANDARD DECK 1-SIDE OPEN)", "STD", "STANDARD TYPE", "ATM", "AUTOMATIC TRANSMISSION");
INSERT INTO COMPLECTATION_OPTIONS(COMPLECTATION_ID, OPTION_MNEMONIC, OPTION_LABEL) VALUES (120, "4FC", "ATM,4-SPEED FLOOR SHIFT");
INSERT INTO COMPLECTATION_OPTIONS(COMPLECTATION_ID, OPTION_MNEMONIC, OPTION_LABEL) VALUES (120, "RCB", "REGULAR CAB");
INSERT INTO COMPLECTATION_OPTIONS(COMPLECTATION_ID, OPTION_MNEMONIC, OPTION_LABEL) VALUES (120, "HLF", "0.5TONS");
INSERT INTO COMPLECTATION_OPTIONS(COMPLECTATION_ID, OPTION_MNEMONIC, OPTION_LABEL) VALUES (120, "ST", "SINGLE TIRE");
INSERT INTO COMPLECTATION_OPTIONS(COMPLECTATION_ID, OPTION_MNEMONIC, OPTION_LABEL) VALUES (120, "USA", "UNITED STATES OF AMERICA");
INSERT INTO COMPLECTATION_OPTIONS(COMPLECTATION_ID, OPTION_MNEMONIC, OPTION_LABEL) VALUES (120, "CBR", "CARBURETOR SYSTEM");
INSERT INTO COMPLECTATION_OPTIONS(COMPLECTATION_ID, OPTION_MNEMONIC, OPTION_LABEL) VALUES (120, "CBU", "COMPLETELY BUILT UNIT");
INSERT INTO COMPLECTATION(ID, FRAME_ID, NAME, URL, ENGINE_MNEMONIC, ENGINE_LABEL, PRODUCTION_PERIOD, BODY_MNEMONIC, BODY_LABEL, GRADE_MNEMONIC, GRADE_LABEL, TRANSMISSION_MNEMONIC, TRANSMISSION_LABEL) VALUES (121, 27, "RN50L-SRA", "https://toyota-europe.epc-data.com/4runner/rn50l/6065/", "22R", "2400CC", "08.1985 - 08.1987", "T1", "TRUCK(STANDARD DECK 1-SIDE OPEN)", "STD", "STANDARD TYPE", "ATM", "AUTOMATIC TRANSMISSION");
INSERT INTO COMPLECTATION_OPTIONS(COMPLECTATION_ID, OPTION_MNEMONIC, OPTION_LABEL) VALUES (121, "4HC", "ATM,4-SPEED COLUMN SHIFT");
INSERT INTO COMPLECTATION_OPTIONS(COMPLECTATION_ID, OPTION_MNEMONIC, OPTION_LABEL) VALUES (121, "RCB", "REGULAR CAB");
INSERT INTO COMPLECTATION_OPTIONS(COMPLECTATION_ID, OPTION_MNEMONIC, OPTION_LABEL) VALUES (121, "HLF", "0.5TONS");
INSERT INTO COMPLECTATION_OPTIONS(COMPLECTATION_ID, OPTION_MNEMONIC, OPTION_LABEL) VALUES (121, "ST", "SINGLE TIRE");
INSERT INTO COMPLECTATION_OPTIONS(COMPLECTATION_ID, OPTION_MNEMONIC, OPTION_LABEL) VALUES (121, "USA", "UNITED STATES OF AMERICA");
INSERT INTO COMPLECTATION_OPTIONS(COMPLECTATION_ID, OPTION_MNEMONIC, OPTION_LABEL) VALUES (121, "CBR", "CARBURETOR SYSTEM");
INSERT INTO COMPLECTATION_OPTIONS(COMPLECTATION_ID, OPTION_MNEMONIC, OPTION_LABEL) VALUES (121, "CBU", "COMPLETELY BUILT UNIT");
INSERT INTO COMPLECTATION(ID, FRAME_ID, NAME, URL, ENGINE_MNEMONIC, ENGINE_LABEL, PRODUCTION_PERIOD, BODY_MNEMONIC, BODY_LABEL, GRADE_MNEMONIC, GRADE_LABEL, TRANSMISSION_MNEMONIC, TRANSMISSION_LABEL) VALUES (122, 27, "RN50L-SREA", "https://toyota-europe.epc-data.com/4runner/rn50l/6059/", "22REC", "2400CC EFI", "08.1987 - 08.1988", "T1", "TRUCK(STANDARD DECK 1-SIDE OPEN)", "STD", "STANDARD TYPE", "ATM", "AUTOMATIC TRANSMISSION");
INSERT INTO COMPLECTATION_OPTIONS(COMPLECTATION_ID, OPTION_MNEMONIC, OPTION_LABEL) VALUES (122, "4HC", "ATM,4-SPEED COLUMN SHIFT");
INSERT INTO COMPLECTATION_OPTIONS(COMPLECTATION_ID, OPTION_MNEMONIC, OPTION_LABEL) VALUES (122, "RCB", "REGULAR CAB");
INSERT INTO COMPLECTATION_OPTIONS(COMPLECTATION_ID, OPTION_MNEMONIC, OPTION_LABEL) VALUES (122, "HLF", "0.5TONS");
INSERT INTO COMPLECTATION_OPTIONS(COMPLECTATION_ID, OPTION_MNEMONIC, OPTION_LABEL) VALUES (122, "ST", "SINGLE TIRE");
INSERT INTO COMPLECTATION_OPTIONS(COMPLECTATION_ID, OPTION_MNEMONIC, OPTION_LABEL) VALUES (122, "USA", "UNITED STATES OF AMERICA");
INSERT INTO COMPLECTATION_OPTIONS(COMPLECTATION_ID, OPTION_MNEMONIC, OPTION_LABEL) VALUES (122, "EFI", "ELECTRIC FUEL INJECTION SYSTEM");
INSERT INTO COMPLECTATION_OPTIONS(COMPLECTATION_ID, OPTION_MNEMONIC, OPTION_LABEL) VALUES (122, "CBU", "COMPLETELY BUILT UNIT");
INSERT INTO COMPLECTATION(ID, FRAME_ID, NAME, URL, ENGINE_MNEMONIC, ENGINE_LABEL, PRODUCTION_PERIOD, BODY_MNEMONIC, BODY_LABEL, GRADE_MNEMONIC, GRADE_LABEL, TRANSMISSION_MNEMONIC, TRANSMISSION_LABEL) VALUES (123, 27, "RN50L-TRA", "https://toyota-europe.epc-data.com/4runner/rn50l/6066/", "22R", "2400CC", "08.1987 - 08.1988", "T1", "TRUCK(STANDARD DECK 1-SIDE OPEN)", "STD", "STANDARD TYPE", "MTM", "MANUAL TRANSMISSION");
INSERT INTO COMPLECTATION_OPTIONS(COMPLECTATION_ID, OPTION_MNEMONIC, OPTION_LABEL) VALUES (123, "4F", "MTM,4-SPEED FLOOR SHIFT");
INSERT INTO COMPLECTATION_OPTIONS(COMPLECTATION_ID, OPTION_MNEMONIC, OPTION_LABEL) VALUES (123, "RCB", "REGULAR CAB");
INSERT INTO COMPLECTATION_OPTIONS(COMPLECTATION_ID, OPTION_MNEMONIC, OPTION_LABEL) VALUES (123, "G", "G TYPE TRANSMISSION");
INSERT INTO COMPLECTATION_OPTIONS(COMPLECTATION_ID, OPTION_MNEMONIC, OPTION_LABEL) VALUES (123, "HLF", "0.5TONS");
INSERT INTO COMPLECTATION_OPTIONS(COMPLECTATION_ID, OPTION_MNEMONIC, OPTION_LABEL) VALUES (123, "ST", "SINGLE TIRE");
INSERT INTO COMPLECTATION_OPTIONS(COMPLECTATION_ID, OPTION_MNEMONIC, OPTION_LABEL) VALUES (123, "USA", "UNITED STATES OF AMERICA");
INSERT INTO COMPLECTATION_OPTIONS(COMPLECTATION_ID, OPTION_MNEMONIC, OPTION_LABEL) VALUES (123, "CBR", "CARBURETOR SYSTEM");
INSERT INTO COMPLECTATION_OPTIONS(COMPLECTATION_ID, OPTION_MNEMONIC, OPTION_LABEL) VALUES (123, "CBU", "COMPLETELY BUILT UNIT");
INSERT INTO FRAME(ID, MODEL_ID, NAME, URL) VALUES (28, 5, "RN55L", "https://toyota-europe.epc-data.com/4runner/rn55l");
INSERT INTO COMPLECTATION(ID, FRAME_ID, NAME, URL, ENGINE_MNEMONIC, ENGINE_LABEL, PRODUCTION_PERIOD, BODY_MNEMONIC, BODY_LABEL, GRADE_MNEMONIC, GRADE_LABEL, TRANSMISSION_MNEMONIC, TRANSMISSION_LABEL) VALUES (124, 28, "RN55L-KDA3W", "https://toyota-europe.epc-data.com/4runner/rn55l/6239/", "22R", "2400CC", "08.1983 - 08.1984", "T1", "TRUCK(STANDARD DECK 1-SIDE OPEN)", "DLX", "DELUXE TYPE", "MTM", "MANUAL TRANSMISSION");
INSERT INTO COMPLECTATION_OPTIONS(COMPLECTATION_ID, OPTION_MNEMONIC, OPTION_LABEL) VALUES (124, "4F", "MTM,4-SPEED FLOOR SHIFT");
INSERT INTO COMPLECTATION_OPTIONS(COMPLECTATION_ID, OPTION_MNEMONIC, OPTION_LABEL) VALUES (124, "RCB", "REGULAR CAB");
INSERT INTO COMPLECTATION_OPTIONS(COMPLECTATION_ID, OPTION_MNEMONIC, OPTION_LABEL) VALUES (124, "W", "W TYPE TRANSMISSION");
INSERT INTO COMPLECTATION_OPTIONS(COMPLECTATION_ID, OPTION_MNEMONIC, OPTION_LABEL) VALUES (124, "HVY", "HEAVY");
INSERT INTO COMPLECTATION_OPTIONS(COMPLECTATION_ID, OPTION_MNEMONIC, OPTION_LABEL) VALUES (124, "ST", "SINGLE TIRE");
INSERT INTO COMPLECTATION_OPTIONS(COMPLECTATION_ID, OPTION_MNEMONIC, OPTION_LABEL) VALUES (124, "USA", "UNITED STATES OF AMERICA");
INSERT INTO COMPLECTATION_OPTIONS(COMPLECTATION_ID, OPTION_MNEMONIC, OPTION_LABEL) VALUES (124, "CBR", "CARBURETOR SYSTEM");
INSERT INTO COMPLECTATION_OPTIONS(COMPLECTATION_ID, OPTION_MNEMONIC, OPTION_LABEL) VALUES (124, "IV", "INCOMPLETE VEHICLES (CHASSIS & CAB)");
INSERT INTO COMPLECTATION(ID, FRAME_ID, NAME, URL, ENGINE_MNEMONIC, ENGINE_LABEL, PRODUCTION_PERIOD, BODY_MNEMONIC, BODY_LABEL, GRADE_MNEMONIC, GRADE_LABEL, TRANSMISSION_MNEMONIC, TRANSMISSION_LABEL) VALUES (125, 28, "RN55L-KDEA3W", "https://toyota-europe.epc-data.com/4runner/rn55l/6240/", "22REC", "2400CC EFI", "08.1984 - 08.1985", "T1", "TRUCK(STANDARD DECK 1-SIDE OPEN)", "DLX", "DELUXE TYPE", "MTM", "MANUAL TRANSMISSION");
INSERT INTO COMPLECTATION_OPTIONS(COMPLECTATION_ID, OPTION_MNEMONIC, OPTION_LABEL) VALUES (125, "4F", "MTM,4-SPEED FLOOR SHIFT");
INSERT INTO COMPLECTATION_OPTIONS(COMPLECTATION_ID, OPTION_MNEMONIC, OPTION_LABEL) VALUES (125, "RCB", "REGULAR CAB");
INSERT INTO COMPLECTATION_OPTIONS(COMPLECTATION_ID, OPTION_MNEMONIC, OPTION_LABEL) VALUES (125, "W", "W TYPE TRANSMISSION");
INSERT INTO COMPLECTATION_OPTIONS(COMPLECTATION_ID, OPTION_MNEMONIC, OPTION_LABEL) VALUES (125, "HVY", "HEAVY");
INSERT INTO COMPLECTATION_OPTIONS(COMPLECTATION_ID, OPTION_MNEMONIC, OPTION_LABEL) VALUES (125, "ST", "SINGLE TIRE");
INSERT INTO COMPLECTATION_OPTIONS(COMPLECTATION_ID, OPTION_MNEMONIC, OPTION_LABEL) VALUES (125, "USA", "UNITED STATES OF AMERICA");
INSERT INTO COMPLECTATION_OPTIONS(COMPLECTATION_ID, OPTION_MNEMONIC, OPTION_LABEL) VALUES (125, "EFI", "ELECTRIC FUEL INJECTION SYSTEM");
INSERT INTO COMPLECTATION_OPTIONS(COMPLECTATION_ID, OPTION_MNEMONIC, OPTION_LABEL) VALUES (125, "IV", "INCOMPLETE VEHICLES (CHASSIS & CAB)");
INSERT INTO COMPLECTATION(ID, FRAME_ID, NAME, URL, ENGINE_MNEMONIC, ENGINE_LABEL, PRODUCTION_PERIOD, BODY_MNEMONIC, BODY_LABEL, GRADE_MNEMONIC, GRADE_LABEL, TRANSMISSION_MNEMONIC, TRANSMISSION_LABEL) VALUES (126, 28, "RN55L-KDEK3W", "https://toyota-europe.epc-data.com/4runner/rn55l/6241/", "22REC", "2400CC EFI", "08.1984 - 08.1985", "T1", "TRUCK(STANDARD DECK 1-SIDE OPEN)", "DLX", "DELUXE TYPE", "MTM", "MANUAL TRANSMISSION");
INSERT INTO COMPLECTATION_OPTIONS(COMPLECTATION_ID, OPTION_MNEMONIC, OPTION_LABEL) VALUES (126, "4F", "MTM,4-SPEED FLOOR SHIFT");
INSERT INTO COMPLECTATION_OPTIONS(COMPLECTATION_ID, OPTION_MNEMONIC, OPTION_LABEL) VALUES (126, "RCB", "REGULAR CAB");
INSERT INTO COMPLECTATION_OPTIONS(COMPLECTATION_ID, OPTION_MNEMONIC, OPTION_LABEL) VALUES (126, "W", "W TYPE TRANSMISSION");
INSERT INTO COMPLECTATION_OPTIONS(COMPLECTATION_ID, OPTION_MNEMONIC, OPTION_LABEL) VALUES (126, "HVY", "HEAVY");
INSERT INTO COMPLECTATION_OPTIONS(COMPLECTATION_ID, OPTION_MNEMONIC, OPTION_LABEL) VALUES (126, "ST", "SINGLE TIRE");
INSERT INTO COMPLECTATION_OPTIONS(COMPLECTATION_ID, OPTION_MNEMONIC, OPTION_LABEL) VALUES (126, "CND", "CANADA");
INSERT INTO COMPLECTATION_OPTIONS(COMPLECTATION_ID, OPTION_MNEMONIC, OPTION_LABEL) VALUES (126, "EFI", "ELECTRIC FUEL INJECTION SYSTEM");
INSERT INTO COMPLECTATION_OPTIONS(COMPLECTATION_ID, OPTION_MNEMONIC, OPTION_LABEL) VALUES (126, "IV", "INCOMPLETE VEHICLES (CHASSIS & CAB)");
INSERT INTO COMPLECTATION(ID, FRAME_ID, NAME, URL, ENGINE_MNEMONIC, ENGINE_LABEL, PRODUCTION_PERIOD, BODY_MNEMONIC, BODY_LABEL, GRADE_MNEMONIC, GRADE_LABEL, TRANSMISSION_MNEMONIC, TRANSMISSION_LABEL) VALUES (127, 28, "RN55L-KDK3W", "https://toyota-europe.epc-data.com/4runner/rn55l/6242/", "22R", "2400CC", "08.1983 - 08.1984", "T1", "TRUCK(STANDARD DECK 1-SIDE OPEN)", "DLX", "DELUXE TYPE", "MTM", "MANUAL TRANSMISSION");
INSERT INTO COMPLECTATION_OPTIONS(COMPLECTATION_ID, OPTION_MNEMONIC, OPTION_LABEL) VALUES (127, "4F", "MTM,4-SPEED FLOOR SHIFT");
INSERT INTO COMPLECTATION_OPTIONS(COMPLECTATION_ID, OPTION_MNEMONIC, OPTION_LABEL) VALUES (127, "RCB", "REGULAR CAB");
INSERT INTO COMPLECTATION_OPTIONS(COMPLECTATION_ID, OPTION_MNEMONIC, OPTION_LABEL) VALUES (127, "W", "W TYPE TRANSMISSION");
INSERT INTO COMPLECTATION_OPTIONS(COMPLECTATION_ID, OPTION_MNEMONIC, OPTION_LABEL) VALUES (127, "HVY", "HEAVY");
INSERT INTO COMPLECTATION_OPTIONS(COMPLECTATION_ID, OPTION_MNEMONIC, OPTION_LABEL) VALUES (127, "ST", "SINGLE TIRE");
INSERT INTO COMPLECTATION_OPTIONS(COMPLECTATION_ID, OPTION_MNEMONIC, OPTION_LABEL) VALUES (127, "CND", "CANADA");
INSERT INTO COMPLECTATION_OPTIONS(COMPLECTATION_ID, OPTION_MNEMONIC, OPTION_LABEL) VALUES (127, "CBR", "CARBURETOR SYSTEM");
INSERT INTO COMPLECTATION_OPTIONS(COMPLECTATION_ID, OPTION_MNEMONIC, OPTION_LABEL) VALUES (127, "IV", "INCOMPLETE VEHICLES (CHASSIS & CAB)");
INSERT INTO COMPLECTATION(ID, FRAME_ID, NAME, URL, ENGINE_MNEMONIC, ENGINE_LABEL, PRODUCTION_PERIOD, BODY_MNEMONIC, BODY_LABEL, GRADE_MNEMONIC, GRADE_LABEL, TRANSMISSION_MNEMONIC, TRANSMISSION_LABEL) VALUES (128, 28, "RN55L-KRA3W", "https://toyota-europe.epc-data.com/4runner/rn55l/6245/", "22R", "2400CC", "08.1983 - 08.1984", "T1", "TRUCK(STANDARD DECK 1-SIDE OPEN)", "STD", "STANDARD TYPE", "MTM", "MANUAL TRANSMISSION");
INSERT INTO COMPLECTATION_OPTIONS(COMPLECTATION_ID, OPTION_MNEMONIC, OPTION_LABEL) VALUES (128, "4F", "MTM,4-SPEED FLOOR SHIFT");
INSERT INTO COMPLECTATION_OPTIONS(COMPLECTATION_ID, OPTION_MNEMONIC, OPTION_LABEL) VALUES (128, "RCB", "REGULAR CAB");
INSERT INTO COMPLECTATION_OPTIONS(COMPLECTATION_ID, OPTION_MNEMONIC, OPTION_LABEL) VALUES (128, "W", "W TYPE TRANSMISSION");
INSERT INTO COMPLECTATION_OPTIONS(COMPLECTATION_ID, OPTION_MNEMONIC, OPTION_LABEL) VALUES (128, "HVY", "HEAVY");
INSERT INTO COMPLECTATION_OPTIONS(COMPLECTATION_ID, OPTION_MNEMONIC, OPTION_LABEL) VALUES (128, "ST", "SINGLE TIRE");
INSERT INTO COMPLECTATION_OPTIONS(COMPLECTATION_ID, OPTION_MNEMONIC, OPTION_LABEL) VALUES (128, "USA", "UNITED STATES OF AMERICA");
INSERT INTO COMPLECTATION_OPTIONS(COMPLECTATION_ID, OPTION_MNEMONIC, OPTION_LABEL) VALUES (128, "CBR", "CARBURETOR SYSTEM");
INSERT INTO COMPLECTATION_OPTIONS(COMPLECTATION_ID, OPTION_MNEMONIC, OPTION_LABEL) VALUES (128, "IV", "INCOMPLETE VEHICLES (CHASSIS & CAB)");
INSERT INTO COMPLECTATION(ID, FRAME_ID, NAME, URL, ENGINE_MNEMONIC, ENGINE_LABEL, PRODUCTION_PERIOD, BODY_MNEMONIC, BODY_LABEL, GRADE_MNEMONIC, GRADE_LABEL, TRANSMISSION_MNEMONIC, TRANSMISSION_LABEL) VALUES (129, 28, "RN55L-KREA3W", "https://toyota-europe.epc-data.com/4runner/rn55l/6246/", "22REC", "2400CC EFI", "08.1984 - 08.1988", "T1", "TRUCK(STANDARD DECK 1-SIDE OPEN)", "STD", "STANDARD TYPE", "MTM", "MANUAL TRANSMISSION");
INSERT INTO COMPLECTATION_OPTIONS(COMPLECTATION_ID, OPTION_MNEMONIC, OPTION_LABEL) VALUES (129, "4F", "MTM,4-SPEED FLOOR SHIFT");
INSERT INTO COMPLECTATION_OPTIONS(COMPLECTATION_ID, OPTION_MNEMONIC, OPTION_LABEL) VALUES (129, "RCB", "REGULAR CAB");
INSERT INTO COMPLECTATION_OPTIONS(COMPLECTATION_ID, OPTION_MNEMONIC, OPTION_LABEL) VALUES (129, "W", "W TYPE TRANSMISSION");
INSERT INTO COMPLECTATION_OPTIONS(COMPLECTATION_ID, OPTION_MNEMONIC, OPTION_LABEL) VALUES (129, "HVY", "HEAVY");
INSERT INTO COMPLECTATION_OPTIONS(COMPLECTATION_ID, OPTION_MNEMONIC, OPTION_LABEL) VALUES (129, "ST", "SINGLE TIRE");
INSERT INTO COMPLECTATION_OPTIONS(COMPLECTATION_ID, OPTION_MNEMONIC, OPTION_LABEL) VALUES (129, "USA", "UNITED STATES OF AMERICA");
INSERT INTO COMPLECTATION_OPTIONS(COMPLECTATION_ID, OPTION_MNEMONIC, OPTION_LABEL) VALUES (129, "EFI", "ELECTRIC FUEL INJECTION SYSTEM");
INSERT INTO COMPLECTATION_OPTIONS(COMPLECTATION_ID, OPTION_MNEMONIC, OPTION_LABEL) VALUES (129, "IV", "INCOMPLETE VEHICLES (CHASSIS & CAB)");
INSERT INTO COMPLECTATION(ID, FRAME_ID, NAME, URL, ENGINE_MNEMONIC, ENGINE_LABEL, PRODUCTION_PERIOD, BODY_MNEMONIC, BODY_LABEL, GRADE_MNEMONIC, GRADE_LABEL, TRANSMISSION_MNEMONIC, TRANSMISSION_LABEL) VALUES (130, 28, "RN55L-KRTEA3W", "https://toyota-europe.epc-data.com/4runner/rn55l/6248/", "22REC", "2400CC EFI", "08.1985 - 08.1988", "T1", "TRUCK(STANDARD DECK 1-SIDE OPEN)", "STD", "STANDARD TYPE", "MTM", "MANUAL TRANSMISSION");
INSERT INTO COMPLECTATION_OPTIONS(COMPLECTATION_ID, OPTION_MNEMONIC, OPTION_LABEL) VALUES (130, "4F", "MTM,4-SPEED FLOOR SHIFT");
INSERT INTO COMPLECTATION_OPTIONS(COMPLECTATION_ID, OPTION_MNEMONIC, OPTION_LABEL) VALUES (130, "RCB", "REGULAR CAB");
INSERT INTO COMPLECTATION_OPTIONS(COMPLECTATION_ID, OPTION_MNEMONIC, OPTION_LABEL) VALUES (130, "W", "W TYPE TRANSMISSION");
INSERT INTO COMPLECTATION_OPTIONS(COMPLECTATION_ID, OPTION_MNEMONIC, OPTION_LABEL) VALUES (130, "HVY", "HEAVY");
INSERT INTO COMPLECTATION_OPTIONS(COMPLECTATION_ID, OPTION_MNEMONIC, OPTION_LABEL) VALUES (130, "WT", "DOUBLE TIRE");
INSERT INTO COMPLECTATION_OPTIONS(COMPLECTATION_ID, OPTION_MNEMONIC, OPTION_LABEL) VALUES (130, "USA", "UNITED STATES OF AMERICA");
INSERT INTO COMPLECTATION_OPTIONS(COMPLECTATION_ID, OPTION_MNEMONIC, OPTION_LABEL) VALUES (130, "EFI", "ELECTRIC FUEL INJECTION SYSTEM");
INSERT INTO COMPLECTATION_OPTIONS(COMPLECTATION_ID, OPTION_MNEMONIC, OPTION_LABEL) VALUES (130, "IV", "INCOMPLETE VEHICLES (CHASSIS & CAB)");
INSERT INTO COMPLECTATION(ID, FRAME_ID, NAME, URL, ENGINE_MNEMONIC, ENGINE_LABEL, PRODUCTION_PERIOD, BODY_MNEMONIC, BODY_LABEL, GRADE_MNEMONIC, GRADE_LABEL, TRANSMISSION_MNEMONIC, TRANSMISSION_LABEL) VALUES (131, 28, "RN55L-LDA", "https://toyota-europe.epc-data.com/4runner/rn55l/6071/", "22R", "2400CC", "08.1987 - 08.1988", "T1", "TRUCK(STANDARD DECK 1-SIDE OPEN)", "DLX", "DELUXE TYPE", "MTM", "MANUAL TRANSMISSION");
INSERT INTO COMPLECTATION_OPTIONS(COMPLECTATION_ID, OPTION_MNEMONIC, OPTION_LABEL) VALUES (131, "5F", "MTM,5-SPEED FLOOR SHIFT");
INSERT INTO COMPLECTATION_OPTIONS(COMPLECTATION_ID, OPTION_MNEMONIC, OPTION_LABEL) VALUES (131, "RCB", "REGULAR CAB");
INSERT INTO COMPLECTATION_OPTIONS(COMPLECTATION_ID, OPTION_MNEMONIC, OPTION_LABEL) VALUES (131, "G", "G TYPE TRANSMISSION");
INSERT INTO COMPLECTATION_OPTIONS(COMPLECTATION_ID, OPTION_MNEMONIC, OPTION_LABEL) VALUES (131, "HLF", "0.5TONS");
INSERT INTO COMPLECTATION_OPTIONS(COMPLECTATION_ID, OPTION_MNEMONIC, OPTION_LABEL) VALUES (131, "ST", "SINGLE TIRE");
INSERT INTO COMPLECTATION_OPTIONS(COMPLECTATION_ID, OPTION_MNEMONIC, OPTION_LABEL) VALUES (131, "USA", "UNITED STATES OF AMERICA");
INSERT INTO COMPLECTATION_OPTIONS(COMPLECTATION_ID, OPTION_MNEMONIC, OPTION_LABEL) VALUES (131, "CBR", "CARBURETOR SYSTEM");
INSERT INTO COMPLECTATION_OPTIONS(COMPLECTATION_ID, OPTION_MNEMONIC, OPTION_LABEL) VALUES (131, "CBU", "COMPLETELY BUILT UNIT");
INSERT INTO COMPLECTATION(ID, FRAME_ID, NAME, URL, ENGINE_MNEMONIC, ENGINE_LABEL, PRODUCTION_PERIOD, BODY_MNEMONIC, BODY_LABEL, GRADE_MNEMONIC, GRADE_LABEL, TRANSMISSION_MNEMONIC, TRANSMISSION_LABEL) VALUES (132, 28, "RN55L-LDA3", "https://toyota-europe.epc-data.com/4runner/rn55l/6072/", "22R", "2400CC", "08.1987 - 08.1988", "T1", "TRUCK(STANDARD DECK 1-SIDE OPEN)", "DLX", "DELUXE TYPE", "MTM", "MANUAL TRANSMISSION");
INSERT INTO COMPLECTATION_OPTIONS(COMPLECTATION_ID, OPTION_MNEMONIC, OPTION_LABEL) VALUES (132, "5F", "MTM,5-SPEED FLOOR SHIFT");
INSERT INTO COMPLECTATION_OPTIONS(COMPLECTATION_ID, OPTION_MNEMONIC, OPTION_LABEL) VALUES (132, "RCB", "REGULAR CAB");
INSERT INTO COMPLECTATION_OPTIONS(COMPLECTATION_ID, OPTION_MNEMONIC, OPTION_LABEL) VALUES (132, "G", "G TYPE TRANSMISSION");
INSERT INTO COMPLECTATION_OPTIONS(COMPLECTATION_ID, OPTION_MNEMONIC, OPTION_LABEL) VALUES (132, "HLF", "0.5TONS");
INSERT INTO COMPLECTATION_OPTIONS(COMPLECTATION_ID, OPTION_MNEMONIC, OPTION_LABEL) VALUES (132, "ST", "SINGLE TIRE");
INSERT INTO COMPLECTATION_OPTIONS(COMPLECTATION_ID, OPTION_MNEMONIC, OPTION_LABEL) VALUES (132, "USA", "UNITED STATES OF AMERICA");
INSERT INTO COMPLECTATION_OPTIONS(COMPLECTATION_ID, OPTION_MNEMONIC, OPTION_LABEL) VALUES (132, "CBR", "CARBURETOR SYSTEM");
INSERT INTO COMPLECTATION_OPTIONS(COMPLECTATION_ID, OPTION_MNEMONIC, OPTION_LABEL) VALUES (132, "IV", "INCOMPLETE VEHICLES (CHASSIS & CAB)");
INSERT INTO COMPLECTATION(ID, FRAME_ID, NAME, URL, ENGINE_MNEMONIC, ENGINE_LABEL, PRODUCTION_PERIOD, BODY_MNEMONIC, BODY_LABEL, GRADE_MNEMONIC, GRADE_LABEL, TRANSMISSION_MNEMONIC, TRANSMISSION_LABEL) VALUES (133, 28, "RN55L-LRA", "https://toyota-europe.epc-data.com/4runner/rn55l/6088/", "22R", "2400CC", "08.1987 - 08.1988", "T1", "TRUCK(STANDARD DECK 1-SIDE OPEN)", "STD", "STANDARD TYPE", "MTM", "MANUAL TRANSMISSION");
INSERT INTO COMPLECTATION_OPTIONS(COMPLECTATION_ID, OPTION_MNEMONIC, OPTION_LABEL) VALUES (133, "5F", "MTM,5-SPEED FLOOR SHIFT");
INSERT INTO COMPLECTATION_OPTIONS(COMPLECTATION_ID, OPTION_MNEMONIC, OPTION_LABEL) VALUES (133, "RCB", "REGULAR CAB");
INSERT INTO COMPLECTATION_OPTIONS(COMPLECTATION_ID, OPTION_MNEMONIC, OPTION_LABEL) VALUES (133, "G", "G TYPE TRANSMISSION");
INSERT INTO COMPLECTATION_OPTIONS(COMPLECTATION_ID, OPTION_MNEMONIC, OPTION_LABEL) VALUES (133, "HLF", "0.5TONS");
INSERT INTO COMPLECTATION_OPTIONS(COMPLECTATION_ID, OPTION_MNEMONIC, OPTION_LABEL) VALUES (133, "ST", "SINGLE TIRE");
INSERT INTO COMPLECTATION_OPTIONS(COMPLECTATION_ID, OPTION_MNEMONIC, OPTION_LABEL) VALUES (133, "USA", "UNITED STATES OF AMERICA");
INSERT INTO COMPLECTATION_OPTIONS(COMPLECTATION_ID, OPTION_MNEMONIC, OPTION_LABEL) VALUES (133, "CBR", "CARBURETOR SYSTEM");
INSERT INTO COMPLECTATION_OPTIONS(COMPLECTATION_ID, OPTION_MNEMONIC, OPTION_LABEL) VALUES (133, "CBU", "COMPLETELY BUILT UNIT");
INSERT INTO COMPLECTATION(ID, FRAME_ID, NAME, URL, ENGINE_MNEMONIC, ENGINE_LABEL, PRODUCTION_PERIOD, BODY_MNEMONIC, BODY_LABEL, GRADE_MNEMONIC, GRADE_LABEL, TRANSMISSION_MNEMONIC, TRANSMISSION_LABEL) VALUES (134, 28, "RN55L-MDA", "https://toyota-europe.epc-data.com/4runner/rn55l/6073/", "22R", "2400CC", "08.1983 - 08.1987", "T1", "TRUCK(STANDARD DECK 1-SIDE OPEN)", "DLX", "DELUXE TYPE", "MTM", "MANUAL TRANSMISSION");
INSERT INTO COMPLECTATION_OPTIONS(COMPLECTATION_ID, OPTION_MNEMONIC, OPTION_LABEL) VALUES (134, "5F", "MTM,5-SPEED FLOOR SHIFT");
INSERT INTO COMPLECTATION_OPTIONS(COMPLECTATION_ID, OPTION_MNEMONIC, OPTION_LABEL) VALUES (134, "RCB", "REGULAR CAB");
INSERT INTO COMPLECTATION_OPTIONS(COMPLECTATION_ID, OPTION_MNEMONIC, OPTION_LABEL) VALUES (134, "W", "W TYPE TRANSMISSION");
INSERT INTO COMPLECTATION_OPTIONS(COMPLECTATION_ID, OPTION_MNEMONIC, OPTION_LABEL) VALUES (134, "HLF", "0.5TONS");
INSERT INTO COMPLECTATION_OPTIONS(COMPLECTATION_ID, OPTION_MNEMONIC, OPTION_LABEL) VALUES (134, "ST", "SINGLE TIRE");
INSERT INTO COMPLECTATION_OPTIONS(COMPLECTATION_ID, OPTION_MNEMONIC, OPTION_LABEL) VALUES (134, "USA", "UNITED STATES OF AMERICA");
INSERT INTO COMPLECTATION_OPTIONS(COMPLECTATION_ID, OPTION_MNEMONIC, OPTION_LABEL) VALUES (134, "CBR", "CARBURETOR SYSTEM");
INSERT INTO COMPLECTATION_OPTIONS(COMPLECTATION_ID, OPTION_MNEMONIC, OPTION_LABEL) VALUES (134, "CBU", "COMPLETELY BUILT UNIT");
INSERT INTO COMPLECTATION(ID, FRAME_ID, NAME, URL, ENGINE_MNEMONIC, ENGINE_LABEL, PRODUCTION_PERIOD, BODY_MNEMONIC, BODY_LABEL, GRADE_MNEMONIC, GRADE_LABEL, TRANSMISSION_MNEMONIC, TRANSMISSION_LABEL) VALUES (135, 28, "RN55L-MDA3", "https://toyota-europe.epc-data.com/4runner/rn55l/6074/", "22R", "2400CC", "08.1983 - 08.1988", "T1", "TRUCK(STANDARD DECK 1-SIDE OPEN)", "DLX", "DELUXE TYPE", "MTM", "MANUAL TRANSMISSION");
INSERT INTO COMPLECTATION_OPTIONS(COMPLECTATION_ID, OPTION_MNEMONIC, OPTION_LABEL) VALUES (135, "5F", "MTM,5-SPEED FLOOR SHIFT");
INSERT INTO COMPLECTATION_OPTIONS(COMPLECTATION_ID, OPTION_MNEMONIC, OPTION_LABEL) VALUES (135, "RCB", "REGULAR CAB");
INSERT INTO COMPLECTATION_OPTIONS(COMPLECTATION_ID, OPTION_MNEMONIC, OPTION_LABEL) VALUES (135, "W", "W TYPE TRANSMISSION");
INSERT INTO COMPLECTATION_OPTIONS(COMPLECTATION_ID, OPTION_MNEMONIC, OPTION_LABEL) VALUES (135, "HLF", "0.5TONS");
INSERT INTO COMPLECTATION_OPTIONS(COMPLECTATION_ID, OPTION_MNEMONIC, OPTION_LABEL) VALUES (135, "ST", "SINGLE TIRE");
INSERT INTO COMPLECTATION_OPTIONS(COMPLECTATION_ID, OPTION_MNEMONIC, OPTION_LABEL) VALUES (135, "USA", "UNITED STATES OF AMERICA");
INSERT INTO COMPLECTATION_OPTIONS(COMPLECTATION_ID, OPTION_MNEMONIC, OPTION_LABEL) VALUES (135, "CBR", "CARBURETOR SYSTEM");
INSERT INTO COMPLECTATION_OPTIONS(COMPLECTATION_ID, OPTION_MNEMONIC, OPTION_LABEL) VALUES (135, "IV", "INCOMPLETE VEHICLES (CHASSIS & CAB)");
INSERT INTO COMPLECTATION(ID, FRAME_ID, NAME, URL, ENGINE_MNEMONIC, ENGINE_LABEL, PRODUCTION_PERIOD, BODY_MNEMONIC, BODY_LABEL, GRADE_MNEMONIC, GRADE_LABEL, TRANSMISSION_MNEMONIC, TRANSMISSION_LABEL) VALUES (136, 28, "RN55L-MDCA", "https://toyota-europe.epc-data.com/4runner/rn55l/6099/", "22R", "2400CC", "08.1984 - 08.1985", "T1", "TRUCK(STANDARD DECK 1-SIDE OPEN)", "DLX", "DELUXE TYPE", "MTM", "MANUAL TRANSMISSION");
INSERT INTO COMPLECTATION_OPTIONS(COMPLECTATION_ID, OPTION_MNEMONIC, OPTION_LABEL) VALUES (136, "5F", "MTM,5-SPEED FLOOR SHIFT");
INSERT INTO COMPLECTATION_OPTIONS(COMPLECTATION_ID, OPTION_MNEMONIC, OPTION_LABEL) VALUES (136, "XTR", "EXTRA CAB");
INSERT INTO COMPLECTATION_OPTIONS(COMPLECTATION_ID, OPTION_MNEMONIC, OPTION_LABEL) VALUES (136, "W", "W TYPE TRANSMISSION");
INSERT INTO COMPLECTATION_OPTIONS(COMPLECTATION_ID, OPTION_MNEMONIC, OPTION_LABEL) VALUES (136, "HLF", "0.5TONS");
INSERT INTO COMPLECTATION_OPTIONS(COMPLECTATION_ID, OPTION_MNEMONIC, OPTION_LABEL) VALUES (136, "ST", "SINGLE TIRE");
INSERT INTO COMPLECTATION_OPTIONS(COMPLECTATION_ID, OPTION_MNEMONIC, OPTION_LABEL) VALUES (136, "USA", "UNITED STATES OF AMERICA");
INSERT INTO COMPLECTATION_OPTIONS(COMPLECTATION_ID, OPTION_MNEMONIC, OPTION_LABEL) VALUES (136, "CBR", "CARBURETOR SYSTEM");
INSERT INTO COMPLECTATION_OPTIONS(COMPLECTATION_ID, OPTION_MNEMONIC, OPTION_LABEL) VALUES (136, "CBU", "COMPLETELY BUILT UNIT");
INSERT INTO COMPLECTATION(ID, FRAME_ID, NAME, URL, ENGINE_MNEMONIC, ENGINE_LABEL, PRODUCTION_PERIOD, BODY_MNEMONIC, BODY_LABEL, GRADE_MNEMONIC, GRADE_LABEL, TRANSMISSION_MNEMONIC, TRANSMISSION_LABEL) VALUES (137, 28, "RN55L-MDCA3", "https://toyota-europe.epc-data.com/4runner/rn55l/6100/", "22R", "2400CC", "08.1983 - 08.1985", "T1", "TRUCK(STANDARD DECK 1-SIDE OPEN)", "DLX", "DELUXE TYPE", "MTM", "MANUAL TRANSMISSION");
INSERT INTO COMPLECTATION_OPTIONS(COMPLECTATION_ID, OPTION_MNEMONIC, OPTION_LABEL) VALUES (137, "5F", "MTM,5-SPEED FLOOR SHIFT");
INSERT INTO COMPLECTATION_OPTIONS(COMPLECTATION_ID, OPTION_MNEMONIC, OPTION_LABEL) VALUES (137, "XTR", "EXTRA CAB");
INSERT INTO COMPLECTATION_OPTIONS(COMPLECTATION_ID, OPTION_MNEMONIC, OPTION_LABEL) VALUES (137, "W", "W TYPE TRANSMISSION");
INSERT INTO COMPLECTATION_OPTIONS(COMPLECTATION_ID, OPTION_MNEMONIC, OPTION_LABEL) VALUES (137, "HLF", "0.5TONS");
INSERT INTO COMPLECTATION_OPTIONS(COMPLECTATION_ID, OPTION_MNEMONIC, OPTION_LABEL) VALUES (137, "ST", "SINGLE TIRE");
INSERT INTO COMPLECTATION_OPTIONS(COMPLECTATION_ID, OPTION_MNEMONIC, OPTION_LABEL) VALUES (137, "USA", "UNITED STATES OF AMERICA");
INSERT INTO COMPLECTATION_OPTIONS(COMPLECTATION_ID, OPTION_MNEMONIC, OPTION_LABEL) VALUES (137, "CBR", "CARBURETOR SYSTEM");
INSERT INTO COMPLECTATION_OPTIONS(COMPLECTATION_ID, OPTION_MNEMONIC, OPTION_LABEL) VALUES (137, "IV", "INCOMPLETE VEHICLES (CHASSIS & CAB)");
INSERT INTO COMPLECTATION(ID, FRAME_ID, NAME, URL, ENGINE_MNEMONIC, ENGINE_LABEL, PRODUCTION_PERIOD, BODY_MNEMONIC, BODY_LABEL, GRADE_MNEMONIC, GRADE_LABEL, TRANSMISSION_MNEMONIC, TRANSMISSION_LABEL) VALUES (138, 28, "RN55L-MDCK", "https://toyota-europe.epc-data.com/4runner/rn55l/6101/", "22R", "2400CC", "09.1983 - 08.1985", "T1", "TRUCK(STANDARD DECK 1-SIDE OPEN)", "DLX", "DELUXE TYPE", "MTM", "MANUAL TRANSMISSION");
INSERT INTO COMPLECTATION_OPTIONS(COMPLECTATION_ID, OPTION_MNEMONIC, OPTION_LABEL) VALUES (138, "5F", "MTM,5-SPEED FLOOR SHIFT");
INSERT INTO COMPLECTATION_OPTIONS(COMPLECTATION_ID, OPTION_MNEMONIC, OPTION_LABEL) VALUES (138, "XTR", "EXTRA CAB");
INSERT INTO COMPLECTATION_OPTIONS(COMPLECTATION_ID, OPTION_MNEMONIC, OPTION_LABEL) VALUES (138, "W", "W TYPE TRANSMISSION");
INSERT INTO COMPLECTATION_OPTIONS(COMPLECTATION_ID, OPTION_MNEMONIC, OPTION_LABEL) VALUES (138, "HLF", "0.5TONS");
INSERT INTO COMPLECTATION_OPTIONS(COMPLECTATION_ID, OPTION_MNEMONIC, OPTION_LABEL) VALUES (138, "ST", "SINGLE TIRE");
INSERT INTO COMPLECTATION_OPTIONS(COMPLECTATION_ID, OPTION_MNEMONIC, OPTION_LABEL) VALUES (138, "CND", "CANADA");
INSERT INTO COMPLECTATION_OPTIONS(COMPLECTATION_ID, OPTION_MNEMONIC, OPTION_LABEL) VALUES (138, "CBR", "CARBURETOR SYSTEM");
INSERT INTO COMPLECTATION_OPTIONS(COMPLECTATION_ID, OPTION_MNEMONIC, OPTION_LABEL) VALUES (138, "CBU", "COMPLETELY BUILT UNIT");
INSERT INTO COMPLECTATION(ID, FRAME_ID, NAME, URL, ENGINE_MNEMONIC, ENGINE_LABEL, PRODUCTION_PERIOD, BODY_MNEMONIC, BODY_LABEL, GRADE_MNEMONIC, GRADE_LABEL, TRANSMISSION_MNEMONIC, TRANSMISSION_LABEL) VALUES (139, 28, "RN55L-MGCZA", "https://toyota-europe.epc-data.com/4runner/rn55l/6105/", "22RTEC", "2400CC", "08.1985 - 08.1987", "T1", "TRUCK(STANDARD DECK 1-SIDE OPEN)", "SRT", "SR-5 TYPE (WITH TURBO)", "MTM", "MANUAL TRANSMISSION");
INSERT INTO COMPLECTATION_OPTIONS(COMPLECTATION_ID, OPTION_MNEMONIC, OPTION_LABEL) VALUES (139, "5F", "MTM,5-SPEED FLOOR SHIFT");
INSERT INTO COMPLECTATION_OPTIONS(COMPLECTATION_ID, OPTION_MNEMONIC, OPTION_LABEL) VALUES (139, "XTR", "EXTRA CAB");
INSERT INTO COMPLECTATION_OPTIONS(COMPLECTATION_ID, OPTION_MNEMONIC, OPTION_LABEL) VALUES (139, "R", "R TYPE TRANSMISSION");
INSERT INTO COMPLECTATION_OPTIONS(COMPLECTATION_ID, OPTION_MNEMONIC, OPTION_LABEL) VALUES (139, "HLF", "0.5TONS");
INSERT INTO COMPLECTATION_OPTIONS(COMPLECTATION_ID, OPTION_MNEMONIC, OPTION_LABEL) VALUES (139, "ST", "SINGLE TIRE");
INSERT INTO COMPLECTATION_OPTIONS(COMPLECTATION_ID, OPTION_MNEMONIC, OPTION_LABEL) VALUES (139, "USA", "UNITED STATES OF AMERICA");
INSERT INTO COMPLECTATION_OPTIONS(COMPLECTATION_ID, OPTION_MNEMONIC, OPTION_LABEL) VALUES (139, "TBO", "TURBO SYSTEM");
INSERT INTO COMPLECTATION_OPTIONS(COMPLECTATION_ID, OPTION_MNEMONIC, OPTION_LABEL) VALUES (139, "CBU", "COMPLETELY BUILT UNIT");
INSERT INTO COMPLECTATION(ID, FRAME_ID, NAME, URL, ENGINE_MNEMONIC, ENGINE_LABEL, PRODUCTION_PERIOD, BODY_MNEMONIC, BODY_LABEL, GRADE_MNEMONIC, GRADE_LABEL, TRANSMISSION_MNEMONIC, TRANSMISSION_LABEL) VALUES (140, 28, "RN55L-MGCZA3", "https://toyota-europe.epc-data.com/4runner/rn55l/6106/", "22RTEC", "2400CC", "08.1985 - 08.1987", "T1", "TRUCK(STANDARD DECK 1-SIDE OPEN)", "SRT", "SR-5 TYPE (WITH TURBO)", "MTM", "MANUAL TRANSMISSION");
INSERT INTO COMPLECTATION_OPTIONS(COMPLECTATION_ID, OPTION_MNEMONIC, OPTION_LABEL) VALUES (140, "5F", "MTM,5-SPEED FLOOR SHIFT");
INSERT INTO COMPLECTATION_OPTIONS(COMPLECTATION_ID, OPTION_MNEMONIC, OPTION_LABEL) VALUES (140, "XTR", "EXTRA CAB");
INSERT INTO COMPLECTATION_OPTIONS(COMPLECTATION_ID, OPTION_MNEMONIC, OPTION_LABEL) VALUES (140, "R", "R TYPE TRANSMISSION");
INSERT INTO COMPLECTATION_OPTIONS(COMPLECTATION_ID, OPTION_MNEMONIC, OPTION_LABEL) VALUES (140, "HLF", "0.5TONS");
INSERT INTO COMPLECTATION_OPTIONS(COMPLECTATION_ID, OPTION_MNEMONIC, OPTION_LABEL) VALUES (140, "ST", "SINGLE TIRE");
INSERT INTO COMPLECTATION_OPTIONS(COMPLECTATION_ID, OPTION_MNEMONIC, OPTION_LABEL) VALUES (140, "USA", "UNITED STATES OF AMERICA");
INSERT INTO COMPLECTATION_OPTIONS(COMPLECTATION_ID, OPTION_MNEMONIC, OPTION_LABEL) VALUES (140, "TBO", "TURBO SYSTEM");
INSERT INTO COMPLECTATION_OPTIONS(COMPLECTATION_ID, OPTION_MNEMONIC, OPTION_LABEL) VALUES (140, "IV", "INCOMPLETE VEHICLES (CHASSIS & CAB)");
INSERT INTO COMPLECTATION(ID, FRAME_ID, NAME, URL, ENGINE_MNEMONIC, ENGINE_LABEL, PRODUCTION_PERIOD, BODY_MNEMONIC, BODY_LABEL, GRADE_MNEMONIC, GRADE_LABEL, TRANSMISSION_MNEMONIC, TRANSMISSION_LABEL) VALUES (141, 28, "RN55L-MRA", "https://toyota-europe.epc-data.com/4runner/rn55l/6089/", "22R", "2400CC", "08.1983 - 08.1988", "T1", "TRUCK(STANDARD DECK 1-SIDE OPEN)", "STD", "STANDARD TYPE", "MTM", "MANUAL TRANSMISSION");
INSERT INTO COMPLECTATION_OPTIONS(COMPLECTATION_ID, OPTION_MNEMONIC, OPTION_LABEL) VALUES (141, "5F", "MTM,5-SPEED FLOOR SHIFT");
INSERT INTO COMPLECTATION_OPTIONS(COMPLECTATION_ID, OPTION_MNEMONIC, OPTION_LABEL) VALUES (141, "RCB", "REGULAR CAB");
INSERT INTO COMPLECTATION_OPTIONS(COMPLECTATION_ID, OPTION_MNEMONIC, OPTION_LABEL) VALUES (141, "W", "W TYPE TRANSMISSION");
INSERT INTO COMPLECTATION_OPTIONS(COMPLECTATION_ID, OPTION_MNEMONIC, OPTION_LABEL) VALUES (141, "HLF", "0.5TONS");
INSERT INTO COMPLECTATION_OPTIONS(COMPLECTATION_ID, OPTION_MNEMONIC, OPTION_LABEL) VALUES (141, "ST", "SINGLE TIRE");
INSERT INTO COMPLECTATION_OPTIONS(COMPLECTATION_ID, OPTION_MNEMONIC, OPTION_LABEL) VALUES (141, "USA", "UNITED STATES OF AMERICA");
INSERT INTO COMPLECTATION_OPTIONS(COMPLECTATION_ID, OPTION_MNEMONIC, OPTION_LABEL) VALUES (141, "CBR", "CARBURETOR SYSTEM");
INSERT INTO COMPLECTATION_OPTIONS(COMPLECTATION_ID, OPTION_MNEMONIC, OPTION_LABEL) VALUES (141, "CBU", "COMPLETELY BUILT UNIT");
INSERT INTO COMPLECTATION(ID, FRAME_ID, NAME, URL, ENGINE_MNEMONIC, ENGINE_LABEL, PRODUCTION_PERIOD, BODY_MNEMONIC, BODY_LABEL, GRADE_MNEMONIC, GRADE_LABEL, TRANSMISSION_MNEMONIC, TRANSMISSION_LABEL) VALUES (142, 28, "RN55L-MRHA", "https://toyota-europe.epc-data.com/4runner/rn55l/6079/", "22R", "2400CC", "08.1983 - 08.1984", "T1", "TRUCK(STANDARD DECK 1-SIDE OPEN)", "STD", "STANDARD TYPE", "MTM", "MANUAL TRANSMISSION");
INSERT INTO COMPLECTATION_OPTIONS(COMPLECTATION_ID, OPTION_MNEMONIC, OPTION_LABEL) VALUES (142, "5F", "MTM,5-SPEED FLOOR SHIFT");
INSERT INTO COMPLECTATION_OPTIONS(COMPLECTATION_ID, OPTION_MNEMONIC, OPTION_LABEL) VALUES (142, "RCB", "REGULAR CAB");
INSERT INTO COMPLECTATION_OPTIONS(COMPLECTATION_ID, OPTION_MNEMONIC, OPTION_LABEL) VALUES (142, "W", "W TYPE TRANSMISSION");
INSERT INTO COMPLECTATION_OPTIONS(COMPLECTATION_ID, OPTION_MNEMONIC, OPTION_LABEL) VALUES (142, "3QT", "0.75TONS");
INSERT INTO COMPLECTATION_OPTIONS(COMPLECTATION_ID, OPTION_MNEMONIC, OPTION_LABEL) VALUES (142, "ST", "SINGLE TIRE");
INSERT INTO COMPLECTATION_OPTIONS(COMPLECTATION_ID, OPTION_MNEMONIC, OPTION_LABEL) VALUES (142, "USA", "UNITED STATES OF AMERICA");
INSERT INTO COMPLECTATION_OPTIONS(COMPLECTATION_ID, OPTION_MNEMONIC, OPTION_LABEL) VALUES (142, "CBR", "CARBURETOR SYSTEM");
INSERT INTO COMPLECTATION_OPTIONS(COMPLECTATION_ID, OPTION_MNEMONIC, OPTION_LABEL) VALUES (142, "CBU", "COMPLETELY BUILT UNIT");
INSERT INTO COMPLECTATION(ID, FRAME_ID, NAME, URL, ENGINE_MNEMONIC, ENGINE_LABEL, PRODUCTION_PERIOD, BODY_MNEMONIC, BODY_LABEL, GRADE_MNEMONIC, GRADE_LABEL, TRANSMISSION_MNEMONIC, TRANSMISSION_LABEL) VALUES (143, 28, "RN55L-MRHA3", "https://toyota-europe.epc-data.com/4runner/rn55l/6080/", "22R", "2400CC", "08.1983 - 08.1984", "T1", "TRUCK(STANDARD DECK 1-SIDE OPEN)", "STD", "STANDARD TYPE", "MTM", "MANUAL TRANSMISSION");
INSERT INTO COMPLECTATION_OPTIONS(COMPLECTATION_ID, OPTION_MNEMONIC, OPTION_LABEL) VALUES (143, "5F", "MTM,5-SPEED FLOOR SHIFT");
INSERT INTO COMPLECTATION_OPTIONS(COMPLECTATION_ID, OPTION_MNEMONIC, OPTION_LABEL) VALUES (143, "RCB", "REGULAR CAB");
INSERT INTO COMPLECTATION_OPTIONS(COMPLECTATION_ID, OPTION_MNEMONIC, OPTION_LABEL) VALUES (143, "W", "W TYPE TRANSMISSION");
INSERT INTO COMPLECTATION_OPTIONS(COMPLECTATION_ID, OPTION_MNEMONIC, OPTION_LABEL) VALUES (143, "3QT", "0.75TONS");
INSERT INTO COMPLECTATION_OPTIONS(COMPLECTATION_ID, OPTION_MNEMONIC, OPTION_LABEL) VALUES (143, "ST", "SINGLE TIRE");
INSERT INTO COMPLECTATION_OPTIONS(COMPLECTATION_ID, OPTION_MNEMONIC, OPTION_LABEL) VALUES (143, "USA", "UNITED STATES OF AMERICA");
INSERT INTO COMPLECTATION_OPTIONS(COMPLECTATION_ID, OPTION_MNEMONIC, OPTION_LABEL) VALUES (143, "CBR", "CARBURETOR SYSTEM");
INSERT INTO COMPLECTATION_OPTIONS(COMPLECTATION_ID, OPTION_MNEMONIC, OPTION_LABEL) VALUES (143, "IV", "INCOMPLETE VEHICLES (CHASSIS & CAB)");
INSERT INTO COMPLECTATION(ID, FRAME_ID, NAME, URL, ENGINE_MNEMONIC, ENGINE_LABEL, PRODUCTION_PERIOD, BODY_MNEMONIC, BODY_LABEL, GRADE_MNEMONIC, GRADE_LABEL, TRANSMISSION_MNEMONIC, TRANSMISSION_LABEL) VALUES (144, 28, "RN55L-MRHEA", "https://toyota-europe.epc-data.com/4runner/rn55l/6081/", "22REC", "2400CC EFI", "08.1984 - 08.1988", "T1", "TRUCK(STANDARD DECK 1-SIDE OPEN)", "STD", "STANDARD TYPE", "MTM", "MANUAL TRANSMISSION");
INSERT INTO COMPLECTATION_OPTIONS(COMPLECTATION_ID, OPTION_MNEMONIC, OPTION_LABEL) VALUES (144, "5F", "MTM,5-SPEED FLOOR SHIFT");
INSERT INTO COMPLECTATION_OPTIONS(COMPLECTATION_ID, OPTION_MNEMONIC, OPTION_LABEL) VALUES (144, "RCB", "REGULAR CAB");
INSERT INTO COMPLECTATION_OPTIONS(COMPLECTATION_ID, OPTION_MNEMONIC, OPTION_LABEL) VALUES (144, "W", "W TYPE TRANSMISSION");
INSERT INTO COMPLECTATION_OPTIONS(COMPLECTATION_ID, OPTION_MNEMONIC, OPTION_LABEL) VALUES (144, "10T", "1.0TONS");
INSERT INTO COMPLECTATION_OPTIONS(COMPLECTATION_ID, OPTION_MNEMONIC, OPTION_LABEL) VALUES (144, "ST", "SINGLE TIRE");
INSERT INTO COMPLECTATION_OPTIONS(COMPLECTATION_ID, OPTION_MNEMONIC, OPTION_LABEL) VALUES (144, "USA", "UNITED STATES OF AMERICA");
INSERT INTO COMPLECTATION_OPTIONS(COMPLECTATION_ID, OPTION_MNEMONIC, OPTION_LABEL) VALUES (144, "EFI", "ELECTRIC FUEL INJECTION SYSTEM");
INSERT INTO COMPLECTATION_OPTIONS(COMPLECTATION_ID, OPTION_MNEMONIC, OPTION_LABEL) VALUES (144, "CBU", "COMPLETELY BUILT UNIT");
INSERT INTO COMPLECTATION(ID, FRAME_ID, NAME, URL, ENGINE_MNEMONIC, ENGINE_LABEL, PRODUCTION_PERIOD, BODY_MNEMONIC, BODY_LABEL, GRADE_MNEMONIC, GRADE_LABEL, TRANSMISSION_MNEMONIC, TRANSMISSION_LABEL) VALUES (145, 28, "RN55L-MRHEK", "https://toyota-europe.epc-data.com/4runner/rn55l/6082/", "22REC", "2400CC EFI", "08.1984 - 08.1988", "T1", "TRUCK(STANDARD DECK 1-SIDE OPEN)", "STD", "STANDARD TYPE", "MTM", "MANUAL TRANSMISSION");
INSERT INTO COMPLECTATION_OPTIONS(COMPLECTATION_ID, OPTION_MNEMONIC, OPTION_LABEL) VALUES (145, "5F", "MTM,5-SPEED FLOOR SHIFT");
INSERT INTO COMPLECTATION_OPTIONS(COMPLECTATION_ID, OPTION_MNEMONIC, OPTION_LABEL) VALUES (145, "RCB", "REGULAR CAB");
INSERT INTO COMPLECTATION_OPTIONS(COMPLECTATION_ID, OPTION_MNEMONIC, OPTION_LABEL) VALUES (145, "W", "W TYPE TRANSMISSION");
INSERT INTO COMPLECTATION_OPTIONS(COMPLECTATION_ID, OPTION_MNEMONIC, OPTION_LABEL) VALUES (145, "10T", "1.0TONS");
INSERT INTO COMPLECTATION_OPTIONS(COMPLECTATION_ID, OPTION_MNEMONIC, OPTION_LABEL) VALUES (145, "ST", "SINGLE TIRE");
INSERT INTO COMPLECTATION_OPTIONS(COMPLECTATION_ID, OPTION_MNEMONIC, OPTION_LABEL) VALUES (145, "CND", "CANADA");
INSERT INTO COMPLECTATION_OPTIONS(COMPLECTATION_ID, OPTION_MNEMONIC, OPTION_LABEL) VALUES (145, "EFI", "ELECTRIC FUEL INJECTION SYSTEM");
INSERT INTO COMPLECTATION_OPTIONS(COMPLECTATION_ID, OPTION_MNEMONIC, OPTION_LABEL) VALUES (145, "CBU", "COMPLETELY BUILT UNIT");
INSERT INTO COMPLECTATION(ID, FRAME_ID, NAME, URL, ENGINE_MNEMONIC, ENGINE_LABEL, PRODUCTION_PERIOD, BODY_MNEMONIC, BODY_LABEL, GRADE_MNEMONIC, GRADE_LABEL, TRANSMISSION_MNEMONIC, TRANSMISSION_LABEL) VALUES (146, 28, "RN55L-MRHK", "https://toyota-europe.epc-data.com/4runner/rn55l/6083/", "22R", "2400CC", "08.1983 - 08.1984", "T1", "TRUCK(STANDARD DECK 1-SIDE OPEN)", "STD", "STANDARD TYPE", "MTM", "MANUAL TRANSMISSION");
INSERT INTO COMPLECTATION_OPTIONS(COMPLECTATION_ID, OPTION_MNEMONIC, OPTION_LABEL) VALUES (146, "5F", "MTM,5-SPEED FLOOR SHIFT");
INSERT INTO COMPLECTATION_OPTIONS(COMPLECTATION_ID, OPTION_MNEMONIC, OPTION_LABEL) VALUES (146, "RCB", "REGULAR CAB");
INSERT INTO COMPLECTATION_OPTIONS(COMPLECTATION_ID, OPTION_MNEMONIC, OPTION_LABEL) VALUES (146, "W", "W TYPE TRANSMISSION");
INSERT INTO COMPLECTATION_OPTIONS(COMPLECTATION_ID, OPTION_MNEMONIC, OPTION_LABEL) VALUES (146, "3QT", "0.75TONS");
INSERT INTO COMPLECTATION_OPTIONS(COMPLECTATION_ID, OPTION_MNEMONIC, OPTION_LABEL) VALUES (146, "ST", "SINGLE TIRE");
INSERT INTO COMPLECTATION_OPTIONS(COMPLECTATION_ID, OPTION_MNEMONIC, OPTION_LABEL) VALUES (146, "CND", "CANADA");
INSERT INTO COMPLECTATION_OPTIONS(COMPLECTATION_ID, OPTION_MNEMONIC, OPTION_LABEL) VALUES (146, "CBR", "CARBURETOR SYSTEM");
INSERT INTO COMPLECTATION_OPTIONS(COMPLECTATION_ID, OPTION_MNEMONIC, OPTION_LABEL) VALUES (146, "CBU", "COMPLETELY BUILT UNIT");
INSERT INTO COMPLECTATION(ID, FRAME_ID, NAME, URL, ENGINE_MNEMONIC, ENGINE_LABEL, PRODUCTION_PERIOD, BODY_MNEMONIC, BODY_LABEL, GRADE_MNEMONIC, GRADE_LABEL, TRANSMISSION_MNEMONIC, TRANSMISSION_LABEL) VALUES (147, 28, "RN55L-MRK", "https://toyota-europe.epc-data.com/4runner/rn55l/6090/", "22R", "2400CC", "08.1983 - 08.1988", "T1", "TRUCK(STANDARD DECK 1-SIDE OPEN)", "STD", "STANDARD TYPE", "MTM", "MANUAL TRANSMISSION");
INSERT INTO COMPLECTATION_OPTIONS(COMPLECTATION_ID, OPTION_MNEMONIC, OPTION_LABEL) VALUES (147, "5F", "MTM,5-SPEED FLOOR SHIFT");
INSERT INTO COMPLECTATION_OPTIONS(COMPLECTATION_ID, OPTION_MNEMONIC, OPTION_LABEL) VALUES (147, "RCB", "REGULAR CAB");
INSERT INTO COMPLECTATION_OPTIONS(COMPLECTATION_ID, OPTION_MNEMONIC, OPTION_LABEL) VALUES (147, "G", "G TYPE TRANSMISSION");
INSERT INTO COMPLECTATION_OPTIONS(COMPLECTATION_ID, OPTION_MNEMONIC, OPTION_LABEL) VALUES (147, "HLF", "0.5TONS");
INSERT INTO COMPLECTATION_OPTIONS(COMPLECTATION_ID, OPTION_MNEMONIC, OPTION_LABEL) VALUES (147, "ST", "SINGLE TIRE");
INSERT INTO COMPLECTATION_OPTIONS(COMPLECTATION_ID, OPTION_MNEMONIC, OPTION_LABEL) VALUES (147, "CND", "CANADA");
INSERT INTO COMPLECTATION_OPTIONS(COMPLECTATION_ID, OPTION_MNEMONIC, OPTION_LABEL) VALUES (147, "CBR", "CARBURETOR SYSTEM");
INSERT INTO COMPLECTATION_OPTIONS(COMPLECTATION_ID, OPTION_MNEMONIC, OPTION_LABEL) VALUES (147, "CBU", "COMPLETELY BUILT UNIT");
INSERT INTO COMPLECTATION(ID, FRAME_ID, NAME, URL, ENGINE_MNEMONIC, ENGINE_LABEL, PRODUCTION_PERIOD, BODY_MNEMONIC, BODY_LABEL, GRADE_MNEMONIC, GRADE_LABEL, TRANSMISSION_MNEMONIC, TRANSMISSION_LABEL) VALUES (148, 28, "RN55L-MSCEA", "https://toyota-europe.epc-data.com/4runner/rn55l/6109/", "22REC", "2400CC EFI", "09.1983 - 08.1988", "T1", "TRUCK(STANDARD DECK 1-SIDE OPEN)", "SR5", "SR-5 TYPE", "MTM", "MANUAL TRANSMISSION");
INSERT INTO COMPLECTATION_OPTIONS(COMPLECTATION_ID, OPTION_MNEMONIC, OPTION_LABEL) VALUES (148, "5F", "MTM,5-SPEED FLOOR SHIFT");
INSERT INTO COMPLECTATION_OPTIONS(COMPLECTATION_ID, OPTION_MNEMONIC, OPTION_LABEL) VALUES (148, "XTR", "EXTRA CAB");
INSERT INTO COMPLECTATION_OPTIONS(COMPLECTATION_ID, OPTION_MNEMONIC, OPTION_LABEL) VALUES (148, "W", "W TYPE TRANSMISSION");
INSERT INTO COMPLECTATION_OPTIONS(COMPLECTATION_ID, OPTION_MNEMONIC, OPTION_LABEL) VALUES (148, "HLF", "0.5TONS");
INSERT INTO COMPLECTATION_OPTIONS(COMPLECTATION_ID, OPTION_MNEMONIC, OPTION_LABEL) VALUES (148, "ST", "SINGLE TIRE");
INSERT INTO COMPLECTATION_OPTIONS(COMPLECTATION_ID, OPTION_MNEMONIC, OPTION_LABEL) VALUES (148, "USA", "UNITED STATES OF AMERICA");
INSERT INTO COMPLECTATION_OPTIONS(COMPLECTATION_ID, OPTION_MNEMONIC, OPTION_LABEL) VALUES (148, "EFI", "ELECTRIC FUEL INJECTION SYSTEM");
INSERT INTO COMPLECTATION_OPTIONS(COMPLECTATION_ID, OPTION_MNEMONIC, OPTION_LABEL) VALUES (148, "CBU", "COMPLETELY BUILT UNIT");
INSERT INTO COMPLECTATION(ID, FRAME_ID, NAME, URL, ENGINE_MNEMONIC, ENGINE_LABEL, PRODUCTION_PERIOD, BODY_MNEMONIC, BODY_LABEL, GRADE_MNEMONIC, GRADE_LABEL, TRANSMISSION_MNEMONIC, TRANSMISSION_LABEL) VALUES (149, 28, "RN55L-MSCEA3", "https://toyota-europe.epc-data.com/4runner/rn55l/6110/", "22REC", "2400CC EFI", "09.1983 - 08.1988", "T1", "TRUCK(STANDARD DECK 1-SIDE OPEN)", "SR5", "SR-5 TYPE", "MTM", "MANUAL TRANSMISSION");
INSERT INTO COMPLECTATION_OPTIONS(COMPLECTATION_ID, OPTION_MNEMONIC, OPTION_LABEL) VALUES (149, "5F", "MTM,5-SPEED FLOOR SHIFT");
INSERT INTO COMPLECTATION_OPTIONS(COMPLECTATION_ID, OPTION_MNEMONIC, OPTION_LABEL) VALUES (149, "XTR", "EXTRA CAB");
INSERT INTO COMPLECTATION_OPTIONS(COMPLECTATION_ID, OPTION_MNEMONIC, OPTION_LABEL) VALUES (149, "W", "W TYPE TRANSMISSION");
INSERT INTO COMPLECTATION_OPTIONS(COMPLECTATION_ID, OPTION_MNEMONIC, OPTION_LABEL) VALUES (149, "HLF", "0.5TONS");
INSERT INTO COMPLECTATION_OPTIONS(COMPLECTATION_ID, OPTION_MNEMONIC, OPTION_LABEL) VALUES (149, "ST", "SINGLE TIRE");
INSERT INTO COMPLECTATION_OPTIONS(COMPLECTATION_ID, OPTION_MNEMONIC, OPTION_LABEL) VALUES (149, "USA", "UNITED STATES OF AMERICA");
INSERT INTO COMPLECTATION_OPTIONS(COMPLECTATION_ID, OPTION_MNEMONIC, OPTION_LABEL) VALUES (149, "EFI", "ELECTRIC FUEL INJECTION SYSTEM");
INSERT INTO COMPLECTATION_OPTIONS(COMPLECTATION_ID, OPTION_MNEMONIC, OPTION_LABEL) VALUES (149, "IV", "INCOMPLETE VEHICLES (CHASSIS & CAB)");
INSERT INTO COMPLECTATION(ID, FRAME_ID, NAME, URL, ENGINE_MNEMONIC, ENGINE_LABEL, PRODUCTION_PERIOD, BODY_MNEMONIC, BODY_LABEL, GRADE_MNEMONIC, GRADE_LABEL, TRANSMISSION_MNEMONIC, TRANSMISSION_LABEL) VALUES (150, 28, "RN55L-MSCEK", "https://toyota-europe.epc-data.com/4runner/rn55l/6111/", "22REC", "2400CC EFI", "09.1983 - 08.1988", "T1", "TRUCK(STANDARD DECK 1-SIDE OPEN)", "SR5", "SR-5 TYPE", "MTM", "MANUAL TRANSMISSION");
INSERT INTO COMPLECTATION_OPTIONS(COMPLECTATION_ID, OPTION_MNEMONIC, OPTION_LABEL) VALUES (150, "5F", "MTM,5-SPEED FLOOR SHIFT");
INSERT INTO COMPLECTATION_OPTIONS(COMPLECTATION_ID, OPTION_MNEMONIC, OPTION_LABEL) VALUES (150, "XTR", "EXTRA CAB");
INSERT INTO COMPLECTATION_OPTIONS(COMPLECTATION_ID, OPTION_MNEMONIC, OPTION_LABEL) VALUES (150, "W", "W TYPE TRANSMISSION");
INSERT INTO COMPLECTATION_OPTIONS(COMPLECTATION_ID, OPTION_MNEMONIC, OPTION_LABEL) VALUES (150, "HLF", "0.5TONS");
INSERT INTO COMPLECTATION_OPTIONS(COMPLECTATION_ID, OPTION_MNEMONIC, OPTION_LABEL) VALUES (150, "ST", "SINGLE TIRE");
INSERT INTO COMPLECTATION_OPTIONS(COMPLECTATION_ID, OPTION_MNEMONIC, OPTION_LABEL) VALUES (150, "CND", "CANADA");
INSERT INTO COMPLECTATION_OPTIONS(COMPLECTATION_ID, OPTION_MNEMONIC, OPTION_LABEL) VALUES (150, "EFI", "ELECTRIC FUEL INJECTION SYSTEM");
INSERT INTO COMPLECTATION_OPTIONS(COMPLECTATION_ID, OPTION_MNEMONIC, OPTION_LABEL) VALUES (150, "CBU", "COMPLETELY BUILT UNIT");
INSERT INTO COMPLECTATION(ID, FRAME_ID, NAME, URL, ENGINE_MNEMONIC, ENGINE_LABEL, PRODUCTION_PERIOD, BODY_MNEMONIC, BODY_LABEL, GRADE_MNEMONIC, GRADE_LABEL, TRANSMISSION_MNEMONIC, TRANSMISSION_LABEL) VALUES (151, 28, "RN55L-MSCZA", "https://toyota-europe.epc-data.com/4runner/rn55l/6107/", "22RTEC", "2400CC", "08.1987 - 08.1988", "T1", "TRUCK(STANDARD DECK 1-SIDE OPEN)", "SRT", "SR-5 TYPE (WITH TURBO)", "MTM", "MANUAL TRANSMISSION");
INSERT INTO COMPLECTATION_OPTIONS(COMPLECTATION_ID, OPTION_MNEMONIC, OPTION_LABEL) VALUES (151, "5F", "MTM,5-SPEED FLOOR SHIFT");
INSERT INTO COMPLECTATION_OPTIONS(COMPLECTATION_ID, OPTION_MNEMONIC, OPTION_LABEL) VALUES (151, "XTR", "EXTRA CAB");
INSERT INTO COMPLECTATION_OPTIONS(COMPLECTATION_ID, OPTION_MNEMONIC, OPTION_LABEL) VALUES (151, "R", "R TYPE TRANSMISSION");
INSERT INTO COMPLECTATION_OPTIONS(COMPLECTATION_ID, OPTION_MNEMONIC, OPTION_LABEL) VALUES (151, "HLF", "0.5TONS");
INSERT INTO COMPLECTATION_OPTIONS(COMPLECTATION_ID, OPTION_MNEMONIC, OPTION_LABEL) VALUES (151, "ST", "SINGLE TIRE");
INSERT INTO COMPLECTATION_OPTIONS(COMPLECTATION_ID, OPTION_MNEMONIC, OPTION_LABEL) VALUES (151, "USA", "UNITED STATES OF AMERICA");
INSERT INTO COMPLECTATION_OPTIONS(COMPLECTATION_ID, OPTION_MNEMONIC, OPTION_LABEL) VALUES (151, "TBO", "TURBO SYSTEM");
INSERT INTO COMPLECTATION_OPTIONS(COMPLECTATION_ID, OPTION_MNEMONIC, OPTION_LABEL) VALUES (151, "CBU", "COMPLETELY BUILT UNIT");
INSERT INTO COMPLECTATION(ID, FRAME_ID, NAME, URL, ENGINE_MNEMONIC, ENGINE_LABEL, PRODUCTION_PERIOD, BODY_MNEMONIC, BODY_LABEL, GRADE_MNEMONIC, GRADE_LABEL, TRANSMISSION_MNEMONIC, TRANSMISSION_LABEL) VALUES (152, 28, "RN55L-MSCZA3", "https://toyota-europe.epc-data.com/4runner/rn55l/6108/", "22RTEC", "2400CC", "08.1987 - 08.1988", "T1", "TRUCK(STANDARD DECK 1-SIDE OPEN)", "SRT", "SR-5 TYPE (WITH TURBO)", "MTM", "MANUAL TRANSMISSION");
INSERT INTO COMPLECTATION_OPTIONS(COMPLECTATION_ID, OPTION_MNEMONIC, OPTION_LABEL) VALUES (152, "5F", "MTM,5-SPEED FLOOR SHIFT");
INSERT INTO COMPLECTATION_OPTIONS(COMPLECTATION_ID, OPTION_MNEMONIC, OPTION_LABEL) VALUES (152, "XTR", "EXTRA CAB");
INSERT INTO COMPLECTATION_OPTIONS(COMPLECTATION_ID, OPTION_MNEMONIC, OPTION_LABEL) VALUES (152, "R", "R TYPE TRANSMISSION");
INSERT INTO COMPLECTATION_OPTIONS(COMPLECTATION_ID, OPTION_MNEMONIC, OPTION_LABEL) VALUES (152, "HLF", "0.5TONS");
INSERT INTO COMPLECTATION_OPTIONS(COMPLECTATION_ID, OPTION_MNEMONIC, OPTION_LABEL) VALUES (152, "ST", "SINGLE TIRE");
INSERT INTO COMPLECTATION_OPTIONS(COMPLECTATION_ID, OPTION_MNEMONIC, OPTION_LABEL) VALUES (152, "USA", "UNITED STATES OF AMERICA");
INSERT INTO COMPLECTATION_OPTIONS(COMPLECTATION_ID, OPTION_MNEMONIC, OPTION_LABEL) VALUES (152, "TBO", "TURBO SYSTEM");
INSERT INTO COMPLECTATION_OPTIONS(COMPLECTATION_ID, OPTION_MNEMONIC, OPTION_LABEL) VALUES (152, "IV", "INCOMPLETE VEHICLES (CHASSIS & CAB)");
INSERT INTO COMPLECTATION(ID, FRAME_ID, NAME, URL, ENGINE_MNEMONIC, ENGINE_LABEL, PRODUCTION_PERIOD, BODY_MNEMONIC, BODY_LABEL, GRADE_MNEMONIC, GRADE_LABEL, TRANSMISSION_MNEMONIC, TRANSMISSION_LABEL) VALUES (153, 28, "RN55L-MSEA", "https://toyota-europe.epc-data.com/4runner/rn55l/6095/", "22REC", "2400CC EFI", "08.1984 - 08.1986", "T1", "TRUCK(STANDARD DECK 1-SIDE OPEN)", "SR5", "SR-5 TYPE", "MTM", "MANUAL TRANSMISSION");
INSERT INTO COMPLECTATION_OPTIONS(COMPLECTATION_ID, OPTION_MNEMONIC, OPTION_LABEL) VALUES (153, "5F", "MTM,5-SPEED FLOOR SHIFT");
INSERT INTO COMPLECTATION_OPTIONS(COMPLECTATION_ID, OPTION_MNEMONIC, OPTION_LABEL) VALUES (153, "RCB", "REGULAR CAB");
INSERT INTO COMPLECTATION_OPTIONS(COMPLECTATION_ID, OPTION_MNEMONIC, OPTION_LABEL) VALUES (153, "W", "W TYPE TRANSMISSION");
INSERT INTO COMPLECTATION_OPTIONS(COMPLECTATION_ID, OPTION_MNEMONIC, OPTION_LABEL) VALUES (153, "HLF", "0.5TONS");
INSERT INTO COMPLECTATION_OPTIONS(COMPLECTATION_ID, OPTION_MNEMONIC, OPTION_LABEL) VALUES (153, "ST", "SINGLE TIRE");
INSERT INTO COMPLECTATION_OPTIONS(COMPLECTATION_ID, OPTION_MNEMONIC, OPTION_LABEL) VALUES (153, "USA", "UNITED STATES OF AMERICA");
INSERT INTO COMPLECTATION_OPTIONS(COMPLECTATION_ID, OPTION_MNEMONIC, OPTION_LABEL) VALUES (153, "EFI", "ELECTRIC FUEL INJECTION SYSTEM");
INSERT INTO COMPLECTATION_OPTIONS(COMPLECTATION_ID, OPTION_MNEMONIC, OPTION_LABEL) VALUES (153, "CBU", "COMPLETELY BUILT UNIT");
INSERT INTO COMPLECTATION(ID, FRAME_ID, NAME, URL, ENGINE_MNEMONIC, ENGINE_LABEL, PRODUCTION_PERIOD, BODY_MNEMONIC, BODY_LABEL, GRADE_MNEMONIC, GRADE_LABEL, TRANSMISSION_MNEMONIC, TRANSMISSION_LABEL) VALUES (154, 28, "RN55L-MSEA3", "https://toyota-europe.epc-data.com/4runner/rn55l/6096/", "22REC", "2400CC EFI", "08.1983 - 08.1986", "T1", "TRUCK(STANDARD DECK 1-SIDE OPEN)", "SR5", "SR-5 TYPE", "MTM", "MANUAL TRANSMISSION");
INSERT INTO COMPLECTATION_OPTIONS(COMPLECTATION_ID, OPTION_MNEMONIC, OPTION_LABEL) VALUES (154, "5F", "MTM,5-SPEED FLOOR SHIFT");
INSERT INTO COMPLECTATION_OPTIONS(COMPLECTATION_ID, OPTION_MNEMONIC, OPTION_LABEL) VALUES (154, "RCB", "REGULAR CAB");
INSERT INTO COMPLECTATION_OPTIONS(COMPLECTATION_ID, OPTION_MNEMONIC, OPTION_LABEL) VALUES (154, "W", "W TYPE TRANSMISSION");
INSERT INTO COMPLECTATION_OPTIONS(COMPLECTATION_ID, OPTION_MNEMONIC, OPTION_LABEL) VALUES (154, "HLF", "0.5TONS");
INSERT INTO COMPLECTATION_OPTIONS(COMPLECTATION_ID, OPTION_MNEMONIC, OPTION_LABEL) VALUES (154, "ST", "SINGLE TIRE");
INSERT INTO COMPLECTATION_OPTIONS(COMPLECTATION_ID, OPTION_MNEMONIC, OPTION_LABEL) VALUES (154, "USA", "UNITED STATES OF AMERICA");
INSERT INTO COMPLECTATION_OPTIONS(COMPLECTATION_ID, OPTION_MNEMONIC, OPTION_LABEL) VALUES (154, "EFI", "ELECTRIC FUEL INJECTION SYSTEM");
INSERT INTO COMPLECTATION_OPTIONS(COMPLECTATION_ID, OPTION_MNEMONIC, OPTION_LABEL) VALUES (154, "IV", "INCOMPLETE VEHICLES (CHASSIS & CAB)");
INSERT INTO COMPLECTATION(ID, FRAME_ID, NAME, URL, ENGINE_MNEMONIC, ENGINE_LABEL, PRODUCTION_PERIOD, BODY_MNEMONIC, BODY_LABEL, GRADE_MNEMONIC, GRADE_LABEL, TRANSMISSION_MNEMONIC, TRANSMISSION_LABEL) VALUES (155, 28, "RN55L-MSEK", "https://toyota-europe.epc-data.com/4runner/rn55l/6097/", "22REC", "2400CC EFI", "08.1983 - 08.1985", "T1", "TRUCK(STANDARD DECK 1-SIDE OPEN)", "SR5", "SR-5 TYPE", "MTM", "MANUAL TRANSMISSION");
INSERT INTO COMPLECTATION_OPTIONS(COMPLECTATION_ID, OPTION_MNEMONIC, OPTION_LABEL) VALUES (155, "5F", "MTM,5-SPEED FLOOR SHIFT");
INSERT INTO COMPLECTATION_OPTIONS(COMPLECTATION_ID, OPTION_MNEMONIC, OPTION_LABEL) VALUES (155, "RCB", "REGULAR CAB");
INSERT INTO COMPLECTATION_OPTIONS(COMPLECTATION_ID, OPTION_MNEMONIC, OPTION_LABEL) VALUES (155, "W", "W TYPE TRANSMISSION");
INSERT INTO COMPLECTATION_OPTIONS(COMPLECTATION_ID, OPTION_MNEMONIC, OPTION_LABEL) VALUES (155, "HLF", "0.5TONS");
INSERT INTO COMPLECTATION_OPTIONS(COMPLECTATION_ID, OPTION_MNEMONIC, OPTION_LABEL) VALUES (155, "ST", "SINGLE TIRE");
INSERT INTO COMPLECTATION_OPTIONS(COMPLECTATION_ID, OPTION_MNEMONIC, OPTION_LABEL) VALUES (155, "CND", "CANADA");
INSERT INTO COMPLECTATION_OPTIONS(COMPLECTATION_ID, OPTION_MNEMONIC, OPTION_LABEL) VALUES (155, "EFI", "ELECTRIC FUEL INJECTION SYSTEM");
INSERT INTO COMPLECTATION_OPTIONS(COMPLECTATION_ID, OPTION_MNEMONIC, OPTION_LABEL) VALUES (155, "CBU", "COMPLETELY BUILT UNIT");
INSERT INTO COMPLECTATION(ID, FRAME_ID, NAME, URL, ENGINE_MNEMONIC, ENGINE_LABEL, PRODUCTION_PERIOD, BODY_MNEMONIC, BODY_LABEL, GRADE_MNEMONIC, GRADE_LABEL, TRANSMISSION_MNEMONIC, TRANSMISSION_LABEL) VALUES (156, 28, "RN55L-PDA", "https://toyota-europe.epc-data.com/4runner/rn55l/6075/", "22R", "2400CC", "08.1983 - 08.1985", "T1", "TRUCK(STANDARD DECK 1-SIDE OPEN)", "DLX", "DELUXE TYPE", "ATM", "AUTOMATIC TRANSMISSION");
INSERT INTO COMPLECTATION_OPTIONS(COMPLECTATION_ID, OPTION_MNEMONIC, OPTION_LABEL) VALUES (156, "4FC", "ATM,4-SPEED FLOOR SHIFT");
INSERT INTO COMPLECTATION_OPTIONS(COMPLECTATION_ID, OPTION_MNEMONIC, OPTION_LABEL) VALUES (156, "RCB", "REGULAR CAB");
INSERT INTO COMPLECTATION_OPTIONS(COMPLECTATION_ID, OPTION_MNEMONIC, OPTION_LABEL) VALUES (156, "HLF", "0.5TONS");
INSERT INTO COMPLECTATION_OPTIONS(COMPLECTATION_ID, OPTION_MNEMONIC, OPTION_LABEL) VALUES (156, "ST", "SINGLE TIRE");
INSERT INTO COMPLECTATION_OPTIONS(COMPLECTATION_ID, OPTION_MNEMONIC, OPTION_LABEL) VALUES (156, "USA", "UNITED STATES OF AMERICA");
INSERT INTO COMPLECTATION_OPTIONS(COMPLECTATION_ID, OPTION_MNEMONIC, OPTION_LABEL) VALUES (156, "CBR", "CARBURETOR SYSTEM");
INSERT INTO COMPLECTATION_OPTIONS(COMPLECTATION_ID, OPTION_MNEMONIC, OPTION_LABEL) VALUES (156, "CBU", "COMPLETELY BUILT UNIT");
INSERT INTO COMPLECTATION(ID, FRAME_ID, NAME, URL, ENGINE_MNEMONIC, ENGINE_LABEL, PRODUCTION_PERIOD, BODY_MNEMONIC, BODY_LABEL, GRADE_MNEMONIC, GRADE_LABEL, TRANSMISSION_MNEMONIC, TRANSMISSION_LABEL) VALUES (157, 28, "RN55L-PDA3", "https://toyota-europe.epc-data.com/4runner/rn55l/6076/", "22R", "2400CC", "08.1983 - 08.1985", "T1", "TRUCK(STANDARD DECK 1-SIDE OPEN)", "DLX", "DELUXE TYPE", "ATM", "AUTOMATIC TRANSMISSION");
INSERT INTO COMPLECTATION_OPTIONS(COMPLECTATION_ID, OPTION_MNEMONIC, OPTION_LABEL) VALUES (157, "4FC", "ATM,4-SPEED FLOOR SHIFT");
INSERT INTO COMPLECTATION_OPTIONS(COMPLECTATION_ID, OPTION_MNEMONIC, OPTION_LABEL) VALUES (157, "RCB", "REGULAR CAB");
INSERT INTO COMPLECTATION_OPTIONS(COMPLECTATION_ID, OPTION_MNEMONIC, OPTION_LABEL) VALUES (157, "HLF", "0.5TONS");
INSERT INTO COMPLECTATION_OPTIONS(COMPLECTATION_ID, OPTION_MNEMONIC, OPTION_LABEL) VALUES (157, "ST", "SINGLE TIRE");
INSERT INTO COMPLECTATION_OPTIONS(COMPLECTATION_ID, OPTION_MNEMONIC, OPTION_LABEL) VALUES (157, "USA", "UNITED STATES OF AMERICA");
INSERT INTO COMPLECTATION_OPTIONS(COMPLECTATION_ID, OPTION_MNEMONIC, OPTION_LABEL) VALUES (157, "CBR", "CARBURETOR SYSTEM");
INSERT INTO COMPLECTATION_OPTIONS(COMPLECTATION_ID, OPTION_MNEMONIC, OPTION_LABEL) VALUES (157, "IV", "INCOMPLETE VEHICLES (CHASSIS & CAB)");
INSERT INTO COMPLECTATION(ID, FRAME_ID, NAME, URL, ENGINE_MNEMONIC, ENGINE_LABEL, PRODUCTION_PERIOD, BODY_MNEMONIC, BODY_LABEL, GRADE_MNEMONIC, GRADE_LABEL, TRANSMISSION_MNEMONIC, TRANSMISSION_LABEL) VALUES (158, 28, "RN55L-PDCA", "https://toyota-europe.epc-data.com/4runner/rn55l/6102/", "22R", "2400CC", "08.1984 - 08.1985", "T1", "TRUCK(STANDARD DECK 1-SIDE OPEN)", "DLX", "DELUXE TYPE", "ATM", "AUTOMATIC TRANSMISSION");
INSERT INTO COMPLECTATION_OPTIONS(COMPLECTATION_ID, OPTION_MNEMONIC, OPTION_LABEL) VALUES (158, "4FC", "ATM,4-SPEED FLOOR SHIFT");
INSERT INTO COMPLECTATION_OPTIONS(COMPLECTATION_ID, OPTION_MNEMONIC, OPTION_LABEL) VALUES (158, "XTR", "EXTRA CAB");
INSERT INTO COMPLECTATION_OPTIONS(COMPLECTATION_ID, OPTION_MNEMONIC, OPTION_LABEL) VALUES (158, "HLF", "0.5TONS");
INSERT INTO COMPLECTATION_OPTIONS(COMPLECTATION_ID, OPTION_MNEMONIC, OPTION_LABEL) VALUES (158, "ST", "SINGLE TIRE");
INSERT INTO COMPLECTATION_OPTIONS(COMPLECTATION_ID, OPTION_MNEMONIC, OPTION_LABEL) VALUES (158, "USA", "UNITED STATES OF AMERICA");
INSERT INTO COMPLECTATION_OPTIONS(COMPLECTATION_ID, OPTION_MNEMONIC, OPTION_LABEL) VALUES (158, "CBR", "CARBURETOR SYSTEM");
INSERT INTO COMPLECTATION_OPTIONS(COMPLECTATION_ID, OPTION_MNEMONIC, OPTION_LABEL) VALUES (158, "CBU", "COMPLETELY BUILT UNIT");
INSERT INTO COMPLECTATION(ID, FRAME_ID, NAME, URL, ENGINE_MNEMONIC, ENGINE_LABEL, PRODUCTION_PERIOD, BODY_MNEMONIC, BODY_LABEL, GRADE_MNEMONIC, GRADE_LABEL, TRANSMISSION_MNEMONIC, TRANSMISSION_LABEL) VALUES (159, 28, "RN55L-PDCA3", "https://toyota-europe.epc-data.com/4runner/rn55l/6103/", "22R", "2400CC", "09.1983 - 08.1985", "T1", "TRUCK(STANDARD DECK 1-SIDE OPEN)", "DLX", "DELUXE TYPE", "ATM", "AUTOMATIC TRANSMISSION");
INSERT INTO COMPLECTATION_OPTIONS(COMPLECTATION_ID, OPTION_MNEMONIC, OPTION_LABEL) VALUES (159, "4FC", "ATM,4-SPEED FLOOR SHIFT");
INSERT INTO COMPLECTATION_OPTIONS(COMPLECTATION_ID, OPTION_MNEMONIC, OPTION_LABEL) VALUES (159, "XTR", "EXTRA CAB");
INSERT INTO COMPLECTATION_OPTIONS(COMPLECTATION_ID, OPTION_MNEMONIC, OPTION_LABEL) VALUES (159, "HLF", "0.5TONS");
INSERT INTO COMPLECTATION_OPTIONS(COMPLECTATION_ID, OPTION_MNEMONIC, OPTION_LABEL) VALUES (159, "ST", "SINGLE TIRE");
INSERT INTO COMPLECTATION_OPTIONS(COMPLECTATION_ID, OPTION_MNEMONIC, OPTION_LABEL) VALUES (159, "USA", "UNITED STATES OF AMERICA");
INSERT INTO COMPLECTATION_OPTIONS(COMPLECTATION_ID, OPTION_MNEMONIC, OPTION_LABEL) VALUES (159, "CBR", "CARBURETOR SYSTEM");
INSERT INTO COMPLECTATION_OPTIONS(COMPLECTATION_ID, OPTION_MNEMONIC, OPTION_LABEL) VALUES (159, "IV", "INCOMPLETE VEHICLES (CHASSIS & CAB)");
INSERT INTO COMPLECTATION(ID, FRAME_ID, NAME, URL, ENGINE_MNEMONIC, ENGINE_LABEL, PRODUCTION_PERIOD, BODY_MNEMONIC, BODY_LABEL, GRADE_MNEMONIC, GRADE_LABEL, TRANSMISSION_MNEMONIC, TRANSMISSION_LABEL) VALUES (160, 28, "RN55L-PDCK", "https://toyota-europe.epc-data.com/4runner/rn55l/6104/", "22R", "2400CC", "09.1983 - 08.1985", "T1", "TRUCK(STANDARD DECK 1-SIDE OPEN)", "DLX", "DELUXE TYPE", "ATM", "AUTOMATIC TRANSMISSION");
INSERT INTO COMPLECTATION_OPTIONS(COMPLECTATION_ID, OPTION_MNEMONIC, OPTION_LABEL) VALUES (160, "4FC", "ATM,4-SPEED FLOOR SHIFT");
INSERT INTO COMPLECTATION_OPTIONS(COMPLECTATION_ID, OPTION_MNEMONIC, OPTION_LABEL) VALUES (160, "XTR", "EXTRA CAB");
INSERT INTO COMPLECTATION_OPTIONS(COMPLECTATION_ID, OPTION_MNEMONIC, OPTION_LABEL) VALUES (160, "HLF", "0.5TONS");
INSERT INTO COMPLECTATION_OPTIONS(COMPLECTATION_ID, OPTION_MNEMONIC, OPTION_LABEL) VALUES (160, "ST", "SINGLE TIRE");
INSERT INTO COMPLECTATION_OPTIONS(COMPLECTATION_ID, OPTION_MNEMONIC, OPTION_LABEL) VALUES (160, "CND", "CANADA");
INSERT INTO COMPLECTATION_OPTIONS(COMPLECTATION_ID, OPTION_MNEMONIC, OPTION_LABEL) VALUES (160, "CBR", "CARBURETOR SYSTEM");
INSERT INTO COMPLECTATION_OPTIONS(COMPLECTATION_ID, OPTION_MNEMONIC, OPTION_LABEL) VALUES (160, "CBU", "COMPLETELY BUILT UNIT");
INSERT INTO COMPLECTATION(ID, FRAME_ID, NAME, URL, ENGINE_MNEMONIC, ENGINE_LABEL, PRODUCTION_PERIOD, BODY_MNEMONIC, BODY_LABEL, GRADE_MNEMONIC, GRADE_LABEL, TRANSMISSION_MNEMONIC, TRANSMISSION_LABEL) VALUES (161, 28, "RN55L-PDEA3W", "https://toyota-europe.epc-data.com/4runner/rn55l/6243/", "22REC", "2400CC EFI", "08.1984 - 08.1985", "T1", "TRUCK(STANDARD DECK 1-SIDE OPEN)", "DLX", "DELUXE TYPE", "ATM", "AUTOMATIC TRANSMISSION");
INSERT INTO COMPLECTATION_OPTIONS(COMPLECTATION_ID, OPTION_MNEMONIC, OPTION_LABEL) VALUES (161, "4FC", "ATM,4-SPEED FLOOR SHIFT");
INSERT INTO COMPLECTATION_OPTIONS(COMPLECTATION_ID, OPTION_MNEMONIC, OPTION_LABEL) VALUES (161, "RCB", "REGULAR CAB");
INSERT INTO COMPLECTATION_OPTIONS(COMPLECTATION_ID, OPTION_MNEMONIC, OPTION_LABEL) VALUES (161, "HVY", "HEAVY");
INSERT INTO COMPLECTATION_OPTIONS(COMPLECTATION_ID, OPTION_MNEMONIC, OPTION_LABEL) VALUES (161, "ST", "SINGLE TIRE");
INSERT INTO COMPLECTATION_OPTIONS(COMPLECTATION_ID, OPTION_MNEMONIC, OPTION_LABEL) VALUES (161, "USA", "UNITED STATES OF AMERICA");
INSERT INTO COMPLECTATION_OPTIONS(COMPLECTATION_ID, OPTION_MNEMONIC, OPTION_LABEL) VALUES (161, "EFI", "ELECTRIC FUEL INJECTION SYSTEM");
INSERT INTO COMPLECTATION_OPTIONS(COMPLECTATION_ID, OPTION_MNEMONIC, OPTION_LABEL) VALUES (161, "IV", "INCOMPLETE VEHICLES (CHASSIS & CAB)");
INSERT INTO COMPLECTATION(ID, FRAME_ID, NAME, URL, ENGINE_MNEMONIC, ENGINE_LABEL, PRODUCTION_PERIOD, BODY_MNEMONIC, BODY_LABEL, GRADE_MNEMONIC, GRADE_LABEL, TRANSMISSION_MNEMONIC, TRANSMISSION_LABEL) VALUES (162, 28, "RN55L-PDEK3W", "https://toyota-europe.epc-data.com/4runner/rn55l/6244/", "22REC", "2400CC EFI", "08.1984 - 08.1985", "T1", "TRUCK(STANDARD DECK 1-SIDE OPEN)", "DLX", "DELUXE TYPE", "ATM", "AUTOMATIC TRANSMISSION");
INSERT INTO COMPLECTATION_OPTIONS(COMPLECTATION_ID, OPTION_MNEMONIC, OPTION_LABEL) VALUES (162, "4FC", "ATM,4-SPEED FLOOR SHIFT");
INSERT INTO COMPLECTATION_OPTIONS(COMPLECTATION_ID, OPTION_MNEMONIC, OPTION_LABEL) VALUES (162, "RCB", "REGULAR CAB");
INSERT INTO COMPLECTATION_OPTIONS(COMPLECTATION_ID, OPTION_MNEMONIC, OPTION_LABEL) VALUES (162, "HVY", "HEAVY");
INSERT INTO COMPLECTATION_OPTIONS(COMPLECTATION_ID, OPTION_MNEMONIC, OPTION_LABEL) VALUES (162, "ST", "SINGLE TIRE");
INSERT INTO COMPLECTATION_OPTIONS(COMPLECTATION_ID, OPTION_MNEMONIC, OPTION_LABEL) VALUES (162, "CND", "CANADA");
INSERT INTO COMPLECTATION_OPTIONS(COMPLECTATION_ID, OPTION_MNEMONIC, OPTION_LABEL) VALUES (162, "EFI", "ELECTRIC FUEL INJECTION SYSTEM");
INSERT INTO COMPLECTATION_OPTIONS(COMPLECTATION_ID, OPTION_MNEMONIC, OPTION_LABEL) VALUES (162, "IV", "INCOMPLETE VEHICLES (CHASSIS & CAB)");
INSERT INTO COMPLECTATION(ID, FRAME_ID, NAME, URL, ENGINE_MNEMONIC, ENGINE_LABEL, PRODUCTION_PERIOD, BODY_MNEMONIC, BODY_LABEL, GRADE_MNEMONIC, GRADE_LABEL, TRANSMISSION_MNEMONIC, TRANSMISSION_LABEL) VALUES (163, 28, "RN55L-PDK", "https://toyota-europe.epc-data.com/4runner/rn55l/6077/", "22R", "2400CC", "08.1983 - 08.1984", "T1", "TRUCK(STANDARD DECK 1-SIDE OPEN)", "DLX", "DELUXE TYPE", "ATM", "AUTOMATIC TRANSMISSION");
INSERT INTO COMPLECTATION_OPTIONS(COMPLECTATION_ID, OPTION_MNEMONIC, OPTION_LABEL) VALUES (163, "4FC", "ATM,4-SPEED FLOOR SHIFT");
INSERT INTO COMPLECTATION_OPTIONS(COMPLECTATION_ID, OPTION_MNEMONIC, OPTION_LABEL) VALUES (163, "RCB", "REGULAR CAB");
INSERT INTO COMPLECTATION_OPTIONS(COMPLECTATION_ID, OPTION_MNEMONIC, OPTION_LABEL) VALUES (163, "HLF", "0.5TONS");
INSERT INTO COMPLECTATION_OPTIONS(COMPLECTATION_ID, OPTION_MNEMONIC, OPTION_LABEL) VALUES (163, "ST", "SINGLE TIRE");
INSERT INTO COMPLECTATION_OPTIONS(COMPLECTATION_ID, OPTION_MNEMONIC, OPTION_LABEL) VALUES (163, "CND", "CANADA");
INSERT INTO COMPLECTATION_OPTIONS(COMPLECTATION_ID, OPTION_MNEMONIC, OPTION_LABEL) VALUES (163, "CBR", "CARBURETOR SYSTEM");
INSERT INTO COMPLECTATION_OPTIONS(COMPLECTATION_ID, OPTION_MNEMONIC, OPTION_LABEL) VALUES (163, "CBU", "COMPLETELY BUILT UNIT");
INSERT INTO COMPLECTATION(ID, FRAME_ID, NAME, URL, ENGINE_MNEMONIC, ENGINE_LABEL, PRODUCTION_PERIOD, BODY_MNEMONIC, BODY_LABEL, GRADE_MNEMONIC, GRADE_LABEL, TRANSMISSION_MNEMONIC, TRANSMISSION_LABEL) VALUES (164, 28, "RN55L-PGCZA", "https://toyota-europe.epc-data.com/4runner/rn55l/6115/", "22RTEC", "2400CC", "01.1985 - 08.1986", "T1", "TRUCK(STANDARD DECK 1-SIDE OPEN)", "SRT", "SR-5 TYPE (WITH TURBO)", "ATM", "AUTOMATIC TRANSMISSION");
INSERT INTO COMPLECTATION_OPTIONS(COMPLECTATION_ID, OPTION_MNEMONIC, OPTION_LABEL) VALUES (164, "4FC", "ATM,4-SPEED FLOOR SHIFT");
INSERT INTO COMPLECTATION_OPTIONS(COMPLECTATION_ID, OPTION_MNEMONIC, OPTION_LABEL) VALUES (164, "XTR", "EXTRA CAB");
INSERT INTO COMPLECTATION_OPTIONS(COMPLECTATION_ID, OPTION_MNEMONIC, OPTION_LABEL) VALUES (164, "HLF", "0.5TONS");
INSERT INTO COMPLECTATION_OPTIONS(COMPLECTATION_ID, OPTION_MNEMONIC, OPTION_LABEL) VALUES (164, "ST", "SINGLE TIRE");
INSERT INTO COMPLECTATION_OPTIONS(COMPLECTATION_ID, OPTION_MNEMONIC, OPTION_LABEL) VALUES (164, "USA", "UNITED STATES OF AMERICA");
INSERT INTO COMPLECTATION_OPTIONS(COMPLECTATION_ID, OPTION_MNEMONIC, OPTION_LABEL) VALUES (164, "TBO", "TURBO SYSTEM");
INSERT INTO COMPLECTATION_OPTIONS(COMPLECTATION_ID, OPTION_MNEMONIC, OPTION_LABEL) VALUES (164, "CBU", "COMPLETELY BUILT UNIT");
INSERT INTO COMPLECTATION(ID, FRAME_ID, NAME, URL, ENGINE_MNEMONIC, ENGINE_LABEL, PRODUCTION_PERIOD, BODY_MNEMONIC, BODY_LABEL, GRADE_MNEMONIC, GRADE_LABEL, TRANSMISSION_MNEMONIC, TRANSMISSION_LABEL) VALUES (165, 28, "RN55L-PGCZA3", "https://toyota-europe.epc-data.com/4runner/rn55l/6116/", "22RTEC", "2400CC", "01.1985 - 08.1986", "T1", "TRUCK(STANDARD DECK 1-SIDE OPEN)", "SRT", "SR-5 TYPE (WITH TURBO)", "ATM", "AUTOMATIC TRANSMISSION");
INSERT INTO COMPLECTATION_OPTIONS(COMPLECTATION_ID, OPTION_MNEMONIC, OPTION_LABEL) VALUES (165, "4FC", "ATM,4-SPEED FLOOR SHIFT");
INSERT INTO COMPLECTATION_OPTIONS(COMPLECTATION_ID, OPTION_MNEMONIC, OPTION_LABEL) VALUES (165, "XTR", "EXTRA CAB");
INSERT INTO COMPLECTATION_OPTIONS(COMPLECTATION_ID, OPTION_MNEMONIC, OPTION_LABEL) VALUES (165, "HLF", "0.5TONS");
INSERT INTO COMPLECTATION_OPTIONS(COMPLECTATION_ID, OPTION_MNEMONIC, OPTION_LABEL) VALUES (165, "ST", "SINGLE TIRE");
INSERT INTO COMPLECTATION_OPTIONS(COMPLECTATION_ID, OPTION_MNEMONIC, OPTION_LABEL) VALUES (165, "USA", "UNITED STATES OF AMERICA");
INSERT INTO COMPLECTATION_OPTIONS(COMPLECTATION_ID, OPTION_MNEMONIC, OPTION_LABEL) VALUES (165, "TBO", "TURBO SYSTEM");
INSERT INTO COMPLECTATION_OPTIONS(COMPLECTATION_ID, OPTION_MNEMONIC, OPTION_LABEL) VALUES (165, "IV", "INCOMPLETE VEHICLES (CHASSIS & CAB)");
INSERT INTO COMPLECTATION(ID, FRAME_ID, NAME, URL, ENGINE_MNEMONIC, ENGINE_LABEL, PRODUCTION_PERIOD, BODY_MNEMONIC, BODY_LABEL, GRADE_MNEMONIC, GRADE_LABEL, TRANSMISSION_MNEMONIC, TRANSMISSION_LABEL) VALUES (166, 28, "RN55L-PGCZK", "https://toyota-europe.epc-data.com/4runner/rn55l/6117/", "22RTEC", "2400CC", "01.1985 - 08.1985", "T1", "TRUCK(STANDARD DECK 1-SIDE OPEN)", "SRT", "SR-5 TYPE (WITH TURBO)", "ATM", "AUTOMATIC TRANSMISSION");
INSERT INTO COMPLECTATION_OPTIONS(COMPLECTATION_ID, OPTION_MNEMONIC, OPTION_LABEL) VALUES (166, "4FC", "ATM,4-SPEED FLOOR SHIFT");
INSERT INTO COMPLECTATION_OPTIONS(COMPLECTATION_ID, OPTION_MNEMONIC, OPTION_LABEL) VALUES (166, "XTR", "EXTRA CAB");
INSERT INTO COMPLECTATION_OPTIONS(COMPLECTATION_ID, OPTION_MNEMONIC, OPTION_LABEL) VALUES (166, "HLF", "0.5TONS");
INSERT INTO COMPLECTATION_OPTIONS(COMPLECTATION_ID, OPTION_MNEMONIC, OPTION_LABEL) VALUES (166, "ST", "SINGLE TIRE");
INSERT INTO COMPLECTATION_OPTIONS(COMPLECTATION_ID, OPTION_MNEMONIC, OPTION_LABEL) VALUES (166, "CND", "CANADA");
INSERT INTO COMPLECTATION_OPTIONS(COMPLECTATION_ID, OPTION_MNEMONIC, OPTION_LABEL) VALUES (166, "TBO", "TURBO SYSTEM");
INSERT INTO COMPLECTATION_OPTIONS(COMPLECTATION_ID, OPTION_MNEMONIC, OPTION_LABEL) VALUES (166, "CBU", "COMPLETELY BUILT UNIT");
INSERT INTO COMPLECTATION(ID, FRAME_ID, NAME, URL, ENGINE_MNEMONIC, ENGINE_LABEL, PRODUCTION_PERIOD, BODY_MNEMONIC, BODY_LABEL, GRADE_MNEMONIC, GRADE_LABEL, TRANSMISSION_MNEMONIC, TRANSMISSION_LABEL) VALUES (167, 28, "RN55L-PRA", "https://toyota-europe.epc-data.com/4runner/rn55l/6091/", "22R", "2400CC", "08.1983 - 08.1985", "T1", "TRUCK(STANDARD DECK 1-SIDE OPEN)", "STD", "STANDARD TYPE", "ATM", "AUTOMATIC TRANSMISSION");
INSERT INTO COMPLECTATION_OPTIONS(COMPLECTATION_ID, OPTION_MNEMONIC, OPTION_LABEL) VALUES (167, "4FC", "ATM,4-SPEED FLOOR SHIFT");
INSERT INTO COMPLECTATION_OPTIONS(COMPLECTATION_ID, OPTION_MNEMONIC, OPTION_LABEL) VALUES (167, "RCB", "REGULAR CAB");
INSERT INTO COMPLECTATION_OPTIONS(COMPLECTATION_ID, OPTION_MNEMONIC, OPTION_LABEL) VALUES (167, "HLF", "0.5TONS");
INSERT INTO COMPLECTATION_OPTIONS(COMPLECTATION_ID, OPTION_MNEMONIC, OPTION_LABEL) VALUES (167, "ST", "SINGLE TIRE");
INSERT INTO COMPLECTATION_OPTIONS(COMPLECTATION_ID, OPTION_MNEMONIC, OPTION_LABEL) VALUES (167, "USA", "UNITED STATES OF AMERICA");
INSERT INTO COMPLECTATION_OPTIONS(COMPLECTATION_ID, OPTION_MNEMONIC, OPTION_LABEL) VALUES (167, "CBR", "CARBURETOR SYSTEM");
INSERT INTO COMPLECTATION_OPTIONS(COMPLECTATION_ID, OPTION_MNEMONIC, OPTION_LABEL) VALUES (167, "CBU", "COMPLETELY BUILT UNIT");
INSERT INTO COMPLECTATION(ID, FRAME_ID, NAME, URL, ENGINE_MNEMONIC, ENGINE_LABEL, PRODUCTION_PERIOD, BODY_MNEMONIC, BODY_LABEL, GRADE_MNEMONIC, GRADE_LABEL, TRANSMISSION_MNEMONIC, TRANSMISSION_LABEL) VALUES (168, 28, "RN55L-PRK", "https://toyota-europe.epc-data.com/4runner/rn55l/6092/", "22R", "2400CC", "08.1984 - 08.1985", "T1", "TRUCK(STANDARD DECK 1-SIDE OPEN)", "STD", "STANDARD TYPE", "ATM", "AUTOMATIC TRANSMISSION");
INSERT INTO COMPLECTATION_OPTIONS(COMPLECTATION_ID, OPTION_MNEMONIC, OPTION_LABEL) VALUES (168, "4FC", "ATM,4-SPEED FLOOR SHIFT");
INSERT INTO COMPLECTATION_OPTIONS(COMPLECTATION_ID, OPTION_MNEMONIC, OPTION_LABEL) VALUES (168, "RCB", "REGULAR CAB");
INSERT INTO COMPLECTATION_OPTIONS(COMPLECTATION_ID, OPTION_MNEMONIC, OPTION_LABEL) VALUES (168, "HLF", "0.5TONS");
INSERT INTO COMPLECTATION_OPTIONS(COMPLECTATION_ID, OPTION_MNEMONIC, OPTION_LABEL) VALUES (168, "ST", "SINGLE TIRE");
INSERT INTO COMPLECTATION_OPTIONS(COMPLECTATION_ID, OPTION_MNEMONIC, OPTION_LABEL) VALUES (168, "CND", "CANADA");
INSERT INTO COMPLECTATION_OPTIONS(COMPLECTATION_ID, OPTION_MNEMONIC, OPTION_LABEL) VALUES (168, "CBR", "CARBURETOR SYSTEM");
INSERT INTO COMPLECTATION_OPTIONS(COMPLECTATION_ID, OPTION_MNEMONIC, OPTION_LABEL) VALUES (168, "CBU", "COMPLETELY BUILT UNIT");
INSERT INTO COMPLECTATION(ID, FRAME_ID, NAME, URL, ENGINE_MNEMONIC, ENGINE_LABEL, PRODUCTION_PERIOD, BODY_MNEMONIC, BODY_LABEL, GRADE_MNEMONIC, GRADE_LABEL, TRANSMISSION_MNEMONIC, TRANSMISSION_LABEL) VALUES (169, 28, "RN55L-PSCEA", "https://toyota-europe.epc-data.com/4runner/rn55l/6112/", "22REC", "2400CC EFI", "08.1984 - 08.1988", "T1", "TRUCK(STANDARD DECK 1-SIDE OPEN)", "SR5", "SR-5 TYPE", "ATM", "AUTOMATIC TRANSMISSION");
INSERT INTO COMPLECTATION_OPTIONS(COMPLECTATION_ID, OPTION_MNEMONIC, OPTION_LABEL) VALUES (169, "4FC", "ATM,4-SPEED FLOOR SHIFT");
INSERT INTO COMPLECTATION_OPTIONS(COMPLECTATION_ID, OPTION_MNEMONIC, OPTION_LABEL) VALUES (169, "XTR", "EXTRA CAB");
INSERT INTO COMPLECTATION_OPTIONS(COMPLECTATION_ID, OPTION_MNEMONIC, OPTION_LABEL) VALUES (169, "HLF", "0.5TONS");
INSERT INTO COMPLECTATION_OPTIONS(COMPLECTATION_ID, OPTION_MNEMONIC, OPTION_LABEL) VALUES (169, "ST", "SINGLE TIRE");
INSERT INTO COMPLECTATION_OPTIONS(COMPLECTATION_ID, OPTION_MNEMONIC, OPTION_LABEL) VALUES (169, "USA", "UNITED STATES OF AMERICA");
INSERT INTO COMPLECTATION_OPTIONS(COMPLECTATION_ID, OPTION_MNEMONIC, OPTION_LABEL) VALUES (169, "EFI", "ELECTRIC FUEL INJECTION SYSTEM");
INSERT INTO COMPLECTATION_OPTIONS(COMPLECTATION_ID, OPTION_MNEMONIC, OPTION_LABEL) VALUES (169, "CBU", "COMPLETELY BUILT UNIT");
INSERT INTO COMPLECTATION(ID, FRAME_ID, NAME, URL, ENGINE_MNEMONIC, ENGINE_LABEL, PRODUCTION_PERIOD, BODY_MNEMONIC, BODY_LABEL, GRADE_MNEMONIC, GRADE_LABEL, TRANSMISSION_MNEMONIC, TRANSMISSION_LABEL) VALUES (170, 28, "RN55L-PSCEA3", "https://toyota-europe.epc-data.com/4runner/rn55l/6113/", "22REC", "2400CC EFI", "09.1983 - 08.1988", "T1", "TRUCK(STANDARD DECK 1-SIDE OPEN)", "SR5", "SR-5 TYPE", "ATM", "AUTOMATIC TRANSMISSION");
INSERT INTO COMPLECTATION_OPTIONS(COMPLECTATION_ID, OPTION_MNEMONIC, OPTION_LABEL) VALUES (170, "4FC", "ATM,4-SPEED FLOOR SHIFT");
INSERT INTO COMPLECTATION_OPTIONS(COMPLECTATION_ID, OPTION_MNEMONIC, OPTION_LABEL) VALUES (170, "XTR", "EXTRA CAB");
INSERT INTO COMPLECTATION_OPTIONS(COMPLECTATION_ID, OPTION_MNEMONIC, OPTION_LABEL) VALUES (170, "W", "W TYPE TRANSMISSION");
INSERT INTO COMPLECTATION_OPTIONS(COMPLECTATION_ID, OPTION_MNEMONIC, OPTION_LABEL) VALUES (170, "HLF", "0.5TONS");
INSERT INTO COMPLECTATION_OPTIONS(COMPLECTATION_ID, OPTION_MNEMONIC, OPTION_LABEL) VALUES (170, "ST", "SINGLE TIRE");
INSERT INTO COMPLECTATION_OPTIONS(COMPLECTATION_ID, OPTION_MNEMONIC, OPTION_LABEL) VALUES (170, "USA", "UNITED STATES OF AMERICA");
INSERT INTO COMPLECTATION_OPTIONS(COMPLECTATION_ID, OPTION_MNEMONIC, OPTION_LABEL) VALUES (170, "EFI", "ELECTRIC FUEL INJECTION SYSTEM");
INSERT INTO COMPLECTATION_OPTIONS(COMPLECTATION_ID, OPTION_MNEMONIC, OPTION_LABEL) VALUES (170, "IV", "INCOMPLETE VEHICLES (CHASSIS & CAB)");
INSERT INTO COMPLECTATION(ID, FRAME_ID, NAME, URL, ENGINE_MNEMONIC, ENGINE_LABEL, PRODUCTION_PERIOD, BODY_MNEMONIC, BODY_LABEL, GRADE_MNEMONIC, GRADE_LABEL, TRANSMISSION_MNEMONIC, TRANSMISSION_LABEL) VALUES (171, 28, "RN55L-PSCEK", "https://toyota-europe.epc-data.com/4runner/rn55l/6114/", "22REC", "2400CC EFI", "08.1984 - 08.1988", "T1", "TRUCK(STANDARD DECK 1-SIDE OPEN)", "SR5", "SR-5 TYPE", "ATM", "AUTOMATIC TRANSMISSION");
INSERT INTO COMPLECTATION_OPTIONS(COMPLECTATION_ID, OPTION_MNEMONIC, OPTION_LABEL) VALUES (171, "4FC", "ATM,4-SPEED FLOOR SHIFT");
INSERT INTO COMPLECTATION_OPTIONS(COMPLECTATION_ID, OPTION_MNEMONIC, OPTION_LABEL) VALUES (171, "XTR", "EXTRA CAB");
INSERT INTO COMPLECTATION_OPTIONS(COMPLECTATION_ID, OPTION_MNEMONIC, OPTION_LABEL) VALUES (171, "HLF", "0.5TONS");
INSERT INTO COMPLECTATION_OPTIONS(COMPLECTATION_ID, OPTION_MNEMONIC, OPTION_LABEL) VALUES (171, "ST", "SINGLE TIRE");
INSERT INTO COMPLECTATION_OPTIONS(COMPLECTATION_ID, OPTION_MNEMONIC, OPTION_LABEL) VALUES (171, "CND", "CANADA");
INSERT INTO COMPLECTATION_OPTIONS(COMPLECTATION_ID, OPTION_MNEMONIC, OPTION_LABEL) VALUES (171, "EFI", "ELECTRIC FUEL INJECTION SYSTEM");
INSERT INTO COMPLECTATION_OPTIONS(COMPLECTATION_ID, OPTION_MNEMONIC, OPTION_LABEL) VALUES (171, "CBU", "COMPLETELY BUILT UNIT");
INSERT INTO COMPLECTATION(ID, FRAME_ID, NAME, URL, ENGINE_MNEMONIC, ENGINE_LABEL, PRODUCTION_PERIOD, BODY_MNEMONIC, BODY_LABEL, GRADE_MNEMONIC, GRADE_LABEL, TRANSMISSION_MNEMONIC, TRANSMISSION_LABEL) VALUES (172, 28, "RN55L-PSEA3", "https://toyota-europe.epc-data.com/4runner/rn55l/6098/", "22REC", "2400CC EFI", "08.1983 - 08.1984", "T1", "TRUCK(STANDARD DECK 1-SIDE OPEN)", "SR5", "SR-5 TYPE", "ATM", "AUTOMATIC TRANSMISSION");
INSERT INTO COMPLECTATION_OPTIONS(COMPLECTATION_ID, OPTION_MNEMONIC, OPTION_LABEL) VALUES (172, "4FC", "ATM,4-SPEED FLOOR SHIFT");
INSERT INTO COMPLECTATION_OPTIONS(COMPLECTATION_ID, OPTION_MNEMONIC, OPTION_LABEL) VALUES (172, "RCB", "REGULAR CAB");
INSERT INTO COMPLECTATION_OPTIONS(COMPLECTATION_ID, OPTION_MNEMONIC, OPTION_LABEL) VALUES (172, "HLF", "0.5TONS");
INSERT INTO COMPLECTATION_OPTIONS(COMPLECTATION_ID, OPTION_MNEMONIC, OPTION_LABEL) VALUES (172, "ST", "SINGLE TIRE");
INSERT INTO COMPLECTATION_OPTIONS(COMPLECTATION_ID, OPTION_MNEMONIC, OPTION_LABEL) VALUES (172, "USA", "UNITED STATES OF AMERICA");
INSERT INTO COMPLECTATION_OPTIONS(COMPLECTATION_ID, OPTION_MNEMONIC, OPTION_LABEL) VALUES (172, "EFI", "ELECTRIC FUEL INJECTION SYSTEM");
INSERT INTO COMPLECTATION_OPTIONS(COMPLECTATION_ID, OPTION_MNEMONIC, OPTION_LABEL) VALUES (172, "IV", "INCOMPLETE VEHICLES (CHASSIS & CAB)");
INSERT INTO COMPLECTATION(ID, FRAME_ID, NAME, URL, ENGINE_MNEMONIC, ENGINE_LABEL, PRODUCTION_PERIOD, BODY_MNEMONIC, BODY_LABEL, GRADE_MNEMONIC, GRADE_LABEL, TRANSMISSION_MNEMONIC, TRANSMISSION_LABEL) VALUES (173, 28, "RN55L-SDA", "https://toyota-europe.epc-data.com/4runner/rn55l/6078/", "22R", "2400CC", "08.1985 - 08.1987", "T1", "TRUCK(STANDARD DECK 1-SIDE OPEN)", "DLX", "DELUXE TYPE", "ATM", "AUTOMATIC TRANSMISSION");
INSERT INTO COMPLECTATION_OPTIONS(COMPLECTATION_ID, OPTION_MNEMONIC, OPTION_LABEL) VALUES (173, "4HC", "ATM,4-SPEED COLUMN SHIFT");
INSERT INTO COMPLECTATION_OPTIONS(COMPLECTATION_ID, OPTION_MNEMONIC, OPTION_LABEL) VALUES (173, "RCB", "REGULAR CAB");
INSERT INTO COMPLECTATION_OPTIONS(COMPLECTATION_ID, OPTION_MNEMONIC, OPTION_LABEL) VALUES (173, "HLF", "0.5TONS");
INSERT INTO COMPLECTATION_OPTIONS(COMPLECTATION_ID, OPTION_MNEMONIC, OPTION_LABEL) VALUES (173, "ST", "SINGLE TIRE");
INSERT INTO COMPLECTATION_OPTIONS(COMPLECTATION_ID, OPTION_MNEMONIC, OPTION_LABEL) VALUES (173, "USA", "UNITED STATES OF AMERICA");
INSERT INTO COMPLECTATION_OPTIONS(COMPLECTATION_ID, OPTION_MNEMONIC, OPTION_LABEL) VALUES (173, "CBR", "CARBURETOR SYSTEM");
INSERT INTO COMPLECTATION_OPTIONS(COMPLECTATION_ID, OPTION_MNEMONIC, OPTION_LABEL) VALUES (173, "CBU", "COMPLETELY BUILT UNIT");
INSERT INTO COMPLECTATION(ID, FRAME_ID, NAME, URL, ENGINE_MNEMONIC, ENGINE_LABEL, PRODUCTION_PERIOD, BODY_MNEMONIC, BODY_LABEL, GRADE_MNEMONIC, GRADE_LABEL, TRANSMISSION_MNEMONIC, TRANSMISSION_LABEL) VALUES (174, 28, "RN55L-SDEA", "https://toyota-europe.epc-data.com/4runner/rn55l/6086/", "22REC", "2400CC EFI", "08.1987 - 08.1988", "T1", "TRUCK(STANDARD DECK 1-SIDE OPEN)", "DLX", "DELUXE TYPE", "ATM", "AUTOMATIC TRANSMISSION");
INSERT INTO COMPLECTATION_OPTIONS(COMPLECTATION_ID, OPTION_MNEMONIC, OPTION_LABEL) VALUES (174, "4HC", "ATM,4-SPEED COLUMN SHIFT");
INSERT INTO COMPLECTATION_OPTIONS(COMPLECTATION_ID, OPTION_MNEMONIC, OPTION_LABEL) VALUES (174, "RCB", "REGULAR CAB");
INSERT INTO COMPLECTATION_OPTIONS(COMPLECTATION_ID, OPTION_MNEMONIC, OPTION_LABEL) VALUES (174, "HLF", "0.5TONS");
INSERT INTO COMPLECTATION_OPTIONS(COMPLECTATION_ID, OPTION_MNEMONIC, OPTION_LABEL) VALUES (174, "ST", "SINGLE TIRE");
INSERT INTO COMPLECTATION_OPTIONS(COMPLECTATION_ID, OPTION_MNEMONIC, OPTION_LABEL) VALUES (174, "USA", "UNITED STATES OF AMERICA");
INSERT INTO COMPLECTATION_OPTIONS(COMPLECTATION_ID, OPTION_MNEMONIC, OPTION_LABEL) VALUES (174, "EFI", "ELECTRIC FUEL INJECTION SYSTEM");
INSERT INTO COMPLECTATION_OPTIONS(COMPLECTATION_ID, OPTION_MNEMONIC, OPTION_LABEL) VALUES (174, "CBU", "COMPLETELY BUILT UNIT");
INSERT INTO COMPLECTATION(ID, FRAME_ID, NAME, URL, ENGINE_MNEMONIC, ENGINE_LABEL, PRODUCTION_PERIOD, BODY_MNEMONIC, BODY_LABEL, GRADE_MNEMONIC, GRADE_LABEL, TRANSMISSION_MNEMONIC, TRANSMISSION_LABEL) VALUES (175, 28, "RN55L-SDEA3", "https://toyota-europe.epc-data.com/4runner/rn55l/6087/", "22REC", "2400CC EFI", "08.1987 - 08.1988", "T1", "TRUCK(STANDARD DECK 1-SIDE OPEN)", "DLX", "DELUXE TYPE", "ATM", "AUTOMATIC TRANSMISSION");
INSERT INTO COMPLECTATION_OPTIONS(COMPLECTATION_ID, OPTION_MNEMONIC, OPTION_LABEL) VALUES (175, "4HC", "ATM,4-SPEED COLUMN SHIFT");
INSERT INTO COMPLECTATION_OPTIONS(COMPLECTATION_ID, OPTION_MNEMONIC, OPTION_LABEL) VALUES (175, "RCB", "REGULAR CAB");
INSERT INTO COMPLECTATION_OPTIONS(COMPLECTATION_ID, OPTION_MNEMONIC, OPTION_LABEL) VALUES (175, "HLF", "0.5TONS");
INSERT INTO COMPLECTATION_OPTIONS(COMPLECTATION_ID, OPTION_MNEMONIC, OPTION_LABEL) VALUES (175, "ST", "SINGLE TIRE");
INSERT INTO COMPLECTATION_OPTIONS(COMPLECTATION_ID, OPTION_MNEMONIC, OPTION_LABEL) VALUES (175, "USA", "UNITED STATES OF AMERICA");
INSERT INTO COMPLECTATION_OPTIONS(COMPLECTATION_ID, OPTION_MNEMONIC, OPTION_LABEL) VALUES (175, "EFI", "ELECTRIC FUEL INJECTION SYSTEM");
INSERT INTO COMPLECTATION_OPTIONS(COMPLECTATION_ID, OPTION_MNEMONIC, OPTION_LABEL) VALUES (175, "IV", "INCOMPLETE VEHICLES (CHASSIS & CAB)");
INSERT INTO COMPLECTATION(ID, FRAME_ID, NAME, URL, ENGINE_MNEMONIC, ENGINE_LABEL, PRODUCTION_PERIOD, BODY_MNEMONIC, BODY_LABEL, GRADE_MNEMONIC, GRADE_LABEL, TRANSMISSION_MNEMONIC, TRANSMISSION_LABEL) VALUES (176, 28, "RN55L-SRA", "https://toyota-europe.epc-data.com/4runner/rn55l/6093/", "22R", "2400CC", "08.1985 - 08.1987", "T1", "TRUCK(STANDARD DECK 1-SIDE OPEN)", "STD", "STANDARD TYPE", "ATM", "AUTOMATIC TRANSMISSION");
INSERT INTO COMPLECTATION_OPTIONS(COMPLECTATION_ID, OPTION_MNEMONIC, OPTION_LABEL) VALUES (176, "4HC", "ATM,4-SPEED COLUMN SHIFT");
INSERT INTO COMPLECTATION_OPTIONS(COMPLECTATION_ID, OPTION_MNEMONIC, OPTION_LABEL) VALUES (176, "RCB", "REGULAR CAB");
INSERT INTO COMPLECTATION_OPTIONS(COMPLECTATION_ID, OPTION_MNEMONIC, OPTION_LABEL) VALUES (176, "HLF", "0.5TONS");
INSERT INTO COMPLECTATION_OPTIONS(COMPLECTATION_ID, OPTION_MNEMONIC, OPTION_LABEL) VALUES (176, "ST", "SINGLE TIRE");
INSERT INTO COMPLECTATION_OPTIONS(COMPLECTATION_ID, OPTION_MNEMONIC, OPTION_LABEL) VALUES (176, "USA", "UNITED STATES OF AMERICA");
INSERT INTO COMPLECTATION_OPTIONS(COMPLECTATION_ID, OPTION_MNEMONIC, OPTION_LABEL) VALUES (176, "CBR", "CARBURETOR SYSTEM");
INSERT INTO COMPLECTATION_OPTIONS(COMPLECTATION_ID, OPTION_MNEMONIC, OPTION_LABEL) VALUES (176, "CBU", "COMPLETELY BUILT UNIT");
INSERT INTO COMPLECTATION(ID, FRAME_ID, NAME, URL, ENGINE_MNEMONIC, ENGINE_LABEL, PRODUCTION_PERIOD, BODY_MNEMONIC, BODY_LABEL, GRADE_MNEMONIC, GRADE_LABEL, TRANSMISSION_MNEMONIC, TRANSMISSION_LABEL) VALUES (177, 28, "RN55L-SREA", "https://toyota-europe.epc-data.com/4runner/rn55l/6069/", "22REC", "2400CC EFI", "08.1987 - 08.1988", "T1", "TRUCK(STANDARD DECK 1-SIDE OPEN)", "STD", "STANDARD TYPE", "ATM", "AUTOMATIC TRANSMISSION");
INSERT INTO COMPLECTATION_OPTIONS(COMPLECTATION_ID, OPTION_MNEMONIC, OPTION_LABEL) VALUES (177, "4HC", "ATM,4-SPEED COLUMN SHIFT");
INSERT INTO COMPLECTATION_OPTIONS(COMPLECTATION_ID, OPTION_MNEMONIC, OPTION_LABEL) VALUES (177, "RCB", "REGULAR CAB");
INSERT INTO COMPLECTATION_OPTIONS(COMPLECTATION_ID, OPTION_MNEMONIC, OPTION_LABEL) VALUES (177, "HLF", "0.5TONS");
INSERT INTO COMPLECTATION_OPTIONS(COMPLECTATION_ID, OPTION_MNEMONIC, OPTION_LABEL) VALUES (177, "ST", "SINGLE TIRE");
INSERT INTO COMPLECTATION_OPTIONS(COMPLECTATION_ID, OPTION_MNEMONIC, OPTION_LABEL) VALUES (177, "USA", "UNITED STATES OF AMERICA");
INSERT INTO COMPLECTATION_OPTIONS(COMPLECTATION_ID, OPTION_MNEMONIC, OPTION_LABEL) VALUES (177, "EFI", "ELECTRIC FUEL INJECTION SYSTEM");
INSERT INTO COMPLECTATION_OPTIONS(COMPLECTATION_ID, OPTION_MNEMONIC, OPTION_LABEL) VALUES (177, "CBU", "COMPLETELY BUILT UNIT");
INSERT INTO COMPLECTATION(ID, FRAME_ID, NAME, URL, ENGINE_MNEMONIC, ENGINE_LABEL, PRODUCTION_PERIOD, BODY_MNEMONIC, BODY_LABEL, GRADE_MNEMONIC, GRADE_LABEL, TRANSMISSION_MNEMONIC, TRANSMISSION_LABEL) VALUES (178, 28, "RN55L-SREA3W", "https://toyota-europe.epc-data.com/4runner/rn55l/6247/", "22REC", "2400CC EFI", "08.1985 - 08.1988", "T1", "TRUCK(STANDARD DECK 1-SIDE OPEN)", "STD", "STANDARD TYPE", "ATM", "AUTOMATIC TRANSMISSION");
INSERT INTO COMPLECTATION_OPTIONS(COMPLECTATION_ID, OPTION_MNEMONIC, OPTION_LABEL) VALUES (178, "4HC", "ATM,4-SPEED COLUMN SHIFT");
INSERT INTO COMPLECTATION_OPTIONS(COMPLECTATION_ID, OPTION_MNEMONIC, OPTION_LABEL) VALUES (178, "RCB", "REGULAR CAB");
INSERT INTO COMPLECTATION_OPTIONS(COMPLECTATION_ID, OPTION_MNEMONIC, OPTION_LABEL) VALUES (178, "HVY", "HEAVY");
INSERT INTO COMPLECTATION_OPTIONS(COMPLECTATION_ID, OPTION_MNEMONIC, OPTION_LABEL) VALUES (178, "ST", "SINGLE TIRE");
INSERT INTO COMPLECTATION_OPTIONS(COMPLECTATION_ID, OPTION_MNEMONIC, OPTION_LABEL) VALUES (178, "USA", "UNITED STATES OF AMERICA");
INSERT INTO COMPLECTATION_OPTIONS(COMPLECTATION_ID, OPTION_MNEMONIC, OPTION_LABEL) VALUES (178, "EFI", "ELECTRIC FUEL INJECTION SYSTEM");
INSERT INTO COMPLECTATION_OPTIONS(COMPLECTATION_ID, OPTION_MNEMONIC, OPTION_LABEL) VALUES (178, "IV", "INCOMPLETE VEHICLES (CHASSIS & CAB)");
INSERT INTO COMPLECTATION(ID, FRAME_ID, NAME, URL, ENGINE_MNEMONIC, ENGINE_LABEL, PRODUCTION_PERIOD, BODY_MNEMONIC, BODY_LABEL, GRADE_MNEMONIC, GRADE_LABEL, TRANSMISSION_MNEMONIC, TRANSMISSION_LABEL) VALUES (179, 28, "RN55L-SREK", "https://toyota-europe.epc-data.com/4runner/rn55l/6070/", "22REC", "2400CC EFI", "08.1987 - 08.1988", "T1", "TRUCK(STANDARD DECK 1-SIDE OPEN)", "STD", "STANDARD TYPE", "ATM", "AUTOMATIC TRANSMISSION");
INSERT INTO COMPLECTATION_OPTIONS(COMPLECTATION_ID, OPTION_MNEMONIC, OPTION_LABEL) VALUES (179, "4HC", "ATM,4-SPEED COLUMN SHIFT");
INSERT INTO COMPLECTATION_OPTIONS(COMPLECTATION_ID, OPTION_MNEMONIC, OPTION_LABEL) VALUES (179, "RCB", "REGULAR CAB");
INSERT INTO COMPLECTATION_OPTIONS(COMPLECTATION_ID, OPTION_MNEMONIC, OPTION_LABEL) VALUES (179, "HLF", "0.5TONS");
INSERT INTO COMPLECTATION_OPTIONS(COMPLECTATION_ID, OPTION_MNEMONIC, OPTION_LABEL) VALUES (179, "ST", "SINGLE TIRE");
INSERT INTO COMPLECTATION_OPTIONS(COMPLECTATION_ID, OPTION_MNEMONIC, OPTION_LABEL) VALUES (179, "CND", "CANADA");
INSERT INTO COMPLECTATION_OPTIONS(COMPLECTATION_ID, OPTION_MNEMONIC, OPTION_LABEL) VALUES (179, "EFI", "ELECTRIC FUEL INJECTION SYSTEM");
INSERT INTO COMPLECTATION_OPTIONS(COMPLECTATION_ID, OPTION_MNEMONIC, OPTION_LABEL) VALUES (179, "CBU", "COMPLETELY BUILT UNIT");
INSERT INTO COMPLECTATION(ID, FRAME_ID, NAME, URL, ENGINE_MNEMONIC, ENGINE_LABEL, PRODUCTION_PERIOD, BODY_MNEMONIC, BODY_LABEL, GRADE_MNEMONIC, GRADE_LABEL, TRANSMISSION_MNEMONIC, TRANSMISSION_LABEL) VALUES (180, 28, "RN55L-SRHEA", "https://toyota-europe.epc-data.com/4runner/rn55l/6084/", "22REC", "2400CC EFI", "08.1985 - 08.1988", "T1", "TRUCK(STANDARD DECK 1-SIDE OPEN)", "STD", "STANDARD TYPE", "ATM", "AUTOMATIC TRANSMISSION");
INSERT INTO COMPLECTATION_OPTIONS(COMPLECTATION_ID, OPTION_MNEMONIC, OPTION_LABEL) VALUES (180, "4HC", "ATM,4-SPEED COLUMN SHIFT");
INSERT INTO COMPLECTATION_OPTIONS(COMPLECTATION_ID, OPTION_MNEMONIC, OPTION_LABEL) VALUES (180, "RCB", "REGULAR CAB");
INSERT INTO COMPLECTATION_OPTIONS(COMPLECTATION_ID, OPTION_MNEMONIC, OPTION_LABEL) VALUES (180, "10T", "1.0TONS");
INSERT INTO COMPLECTATION_OPTIONS(COMPLECTATION_ID, OPTION_MNEMONIC, OPTION_LABEL) VALUES (180, "ST", "SINGLE TIRE");
INSERT INTO COMPLECTATION_OPTIONS(COMPLECTATION_ID, OPTION_MNEMONIC, OPTION_LABEL) VALUES (180, "USA", "UNITED STATES OF AMERICA");
INSERT INTO COMPLECTATION_OPTIONS(COMPLECTATION_ID, OPTION_MNEMONIC, OPTION_LABEL) VALUES (180, "EFI", "ELECTRIC FUEL INJECTION SYSTEM");
INSERT INTO COMPLECTATION_OPTIONS(COMPLECTATION_ID, OPTION_MNEMONIC, OPTION_LABEL) VALUES (180, "CBU", "COMPLETELY BUILT UNIT");
INSERT INTO COMPLECTATION(ID, FRAME_ID, NAME, URL, ENGINE_MNEMONIC, ENGINE_LABEL, PRODUCTION_PERIOD, BODY_MNEMONIC, BODY_LABEL, GRADE_MNEMONIC, GRADE_LABEL, TRANSMISSION_MNEMONIC, TRANSMISSION_LABEL) VALUES (181, 28, "RN55L-SRHEK", "https://toyota-europe.epc-data.com/4runner/rn55l/6085/", "22REC", "2400CC EFI", "08.1985 - 08.1988", "T1", "TRUCK(STANDARD DECK 1-SIDE OPEN)", "STD", "STANDARD TYPE", "ATM", "AUTOMATIC TRANSMISSION");
INSERT INTO COMPLECTATION_OPTIONS(COMPLECTATION_ID, OPTION_MNEMONIC, OPTION_LABEL) VALUES (181, "4HC", "ATM,4-SPEED COLUMN SHIFT");
INSERT INTO COMPLECTATION_OPTIONS(COMPLECTATION_ID, OPTION_MNEMONIC, OPTION_LABEL) VALUES (181, "RCB", "REGULAR CAB");
INSERT INTO COMPLECTATION_OPTIONS(COMPLECTATION_ID, OPTION_MNEMONIC, OPTION_LABEL) VALUES (181, "10T", "1.0TONS");
INSERT INTO COMPLECTATION_OPTIONS(COMPLECTATION_ID, OPTION_MNEMONIC, OPTION_LABEL) VALUES (181, "ST", "SINGLE TIRE");
INSERT INTO COMPLECTATION_OPTIONS(COMPLECTATION_ID, OPTION_MNEMONIC, OPTION_LABEL) VALUES (181, "CND", "CANADA");
INSERT INTO COMPLECTATION_OPTIONS(COMPLECTATION_ID, OPTION_MNEMONIC, OPTION_LABEL) VALUES (181, "EFI", "ELECTRIC FUEL INJECTION SYSTEM");
INSERT INTO COMPLECTATION_OPTIONS(COMPLECTATION_ID, OPTION_MNEMONIC, OPTION_LABEL) VALUES (181, "CBU", "COMPLETELY BUILT UNIT");
INSERT INTO COMPLECTATION(ID, FRAME_ID, NAME, URL, ENGINE_MNEMONIC, ENGINE_LABEL, PRODUCTION_PERIOD, BODY_MNEMONIC, BODY_LABEL, GRADE_MNEMONIC, GRADE_LABEL, TRANSMISSION_MNEMONIC, TRANSMISSION_LABEL) VALUES (182, 28, "RN55L-SRK", "https://toyota-europe.epc-data.com/4runner/rn55l/6094/", "22R", "2400CC", "08.1985 - 08.1987", "T1", "TRUCK(STANDARD DECK 1-SIDE OPEN)", "STD", "STANDARD TYPE", "ATM", "AUTOMATIC TRANSMISSION");
INSERT INTO COMPLECTATION_OPTIONS(COMPLECTATION_ID, OPTION_MNEMONIC, OPTION_LABEL) VALUES (182, "4HC", "ATM,4-SPEED COLUMN SHIFT");
INSERT INTO COMPLECTATION_OPTIONS(COMPLECTATION_ID, OPTION_MNEMONIC, OPTION_LABEL) VALUES (182, "RCB", "REGULAR CAB");
INSERT INTO COMPLECTATION_OPTIONS(COMPLECTATION_ID, OPTION_MNEMONIC, OPTION_LABEL) VALUES (182, "HLF", "0.5TONS");
INSERT INTO COMPLECTATION_OPTIONS(COMPLECTATION_ID, OPTION_MNEMONIC, OPTION_LABEL) VALUES (182, "ST", "SINGLE TIRE");
INSERT INTO COMPLECTATION_OPTIONS(COMPLECTATION_ID, OPTION_MNEMONIC, OPTION_LABEL) VALUES (182, "CND", "CANADA");
INSERT INTO COMPLECTATION_OPTIONS(COMPLECTATION_ID, OPTION_MNEMONIC, OPTION_LABEL) VALUES (182, "CBR", "CARBURETOR SYSTEM");
INSERT INTO COMPLECTATION_OPTIONS(COMPLECTATION_ID, OPTION_MNEMONIC, OPTION_LABEL) VALUES (182, "CBU", "COMPLETELY BUILT UNIT");
INSERT INTO COMPLECTATION(ID, FRAME_ID, NAME, URL, ENGINE_MNEMONIC, ENGINE_LABEL, PRODUCTION_PERIOD, BODY_MNEMONIC, BODY_LABEL, GRADE_MNEMONIC, GRADE_LABEL, TRANSMISSION_MNEMONIC, TRANSMISSION_LABEL) VALUES (183, 28, "RN55L-SRTEA3W", "https://toyota-europe.epc-data.com/4runner/rn55l/6249/", "22REC", "2400CC EFI", "08.1985 - 08.1988", "T1", "TRUCK(STANDARD DECK 1-SIDE OPEN)", "STD", "STANDARD TYPE", "ATM", "AUTOMATIC TRANSMISSION");
INSERT INTO COMPLECTATION_OPTIONS(COMPLECTATION_ID, OPTION_MNEMONIC, OPTION_LABEL) VALUES (183, "4HC", "ATM,4-SPEED COLUMN SHIFT");
INSERT INTO COMPLECTATION_OPTIONS(COMPLECTATION_ID, OPTION_MNEMONIC, OPTION_LABEL) VALUES (183, "RCB", "REGULAR CAB");
INSERT INTO COMPLECTATION_OPTIONS(COMPLECTATION_ID, OPTION_MNEMONIC, OPTION_LABEL) VALUES (183, "HVY", "HEAVY");
INSERT INTO COMPLECTATION_OPTIONS(COMPLECTATION_ID, OPTION_MNEMONIC, OPTION_LABEL) VALUES (183, "WT", "DOUBLE TIRE");
INSERT INTO COMPLECTATION_OPTIONS(COMPLECTATION_ID, OPTION_MNEMONIC, OPTION_LABEL) VALUES (183, "USA", "UNITED STATES OF AMERICA");
INSERT INTO COMPLECTATION_OPTIONS(COMPLECTATION_ID, OPTION_MNEMONIC, OPTION_LABEL) VALUES (183, "EFI", "ELECTRIC FUEL INJECTION SYSTEM");
INSERT INTO COMPLECTATION_OPTIONS(COMPLECTATION_ID, OPTION_MNEMONIC, OPTION_LABEL) VALUES (183, "IV", "INCOMPLETE VEHICLES (CHASSIS & CAB)");
INSERT INTO FRAME(ID, MODEL_ID, NAME, URL) VALUES (29, 5, "RN60L", "https://toyota-europe.epc-data.com/4runner/rn60l");
INSERT INTO COMPLECTATION(ID, FRAME_ID, NAME, URL, ENGINE_MNEMONIC, ENGINE_LABEL, PRODUCTION_PERIOD, BODY_MNEMONIC, BODY_LABEL, GRADE_MNEMONIC, GRADE_LABEL, TRANSMISSION_MNEMONIC, TRANSMISSION_LABEL) VALUES (184, 29, "RN60L-MDK", "https://toyota-europe.epc-data.com/4runner/rn60l/6118/", "22R", "2400CC", "08.1983 - 08.1985", "T1", "TRUCK(STANDARD DECK 1-SIDE OPEN)", "DLX", "DELUXE TYPE", "MTM", "MANUAL TRANSMISSION");
INSERT INTO COMPLECTATION_OPTIONS(COMPLECTATION_ID, OPTION_MNEMONIC, OPTION_LABEL) VALUES (184, "5F", "MTM,5-SPEED FLOOR SHIFT");
INSERT INTO COMPLECTATION_OPTIONS(COMPLECTATION_ID, OPTION_MNEMONIC, OPTION_LABEL) VALUES (184, "RCB", "REGULAR CAB");
INSERT INTO COMPLECTATION_OPTIONS(COMPLECTATION_ID, OPTION_MNEMONIC, OPTION_LABEL) VALUES (184, "G", "G TYPE TRANSMISSION");
INSERT INTO COMPLECTATION_OPTIONS(COMPLECTATION_ID, OPTION_MNEMONIC, OPTION_LABEL) VALUES (184, "HLF", "0.5TONS");
INSERT INTO COMPLECTATION_OPTIONS(COMPLECTATION_ID, OPTION_MNEMONIC, OPTION_LABEL) VALUES (184, "ST", "SINGLE TIRE");
INSERT INTO COMPLECTATION_OPTIONS(COMPLECTATION_ID, OPTION_MNEMONIC, OPTION_LABEL) VALUES (184, "CND", "CANADA");
INSERT INTO COMPLECTATION_OPTIONS(COMPLECTATION_ID, OPTION_MNEMONIC, OPTION_LABEL) VALUES (184, "CBR", "CARBURETOR SYSTEM");
INSERT INTO COMPLECTATION_OPTIONS(COMPLECTATION_ID, OPTION_MNEMONIC, OPTION_LABEL) VALUES (184, "CBU", "COMPLETELY BUILT UNIT");
INSERT INTO COMPLECTATION(ID, FRAME_ID, NAME, URL, ENGINE_MNEMONIC, ENGINE_LABEL, PRODUCTION_PERIOD, BODY_MNEMONIC, BODY_LABEL, GRADE_MNEMONIC, GRADE_LABEL, TRANSMISSION_MNEMONIC, TRANSMISSION_LABEL) VALUES (185, 29, "RN60L-MRA", "https://toyota-europe.epc-data.com/4runner/rn60l/6119/", "22R", "2400CC", "08.1983 - 08.1985", "T1", "TRUCK(STANDARD DECK 1-SIDE OPEN)", "STD", "STANDARD TYPE", "MTM", "MANUAL TRANSMISSION");
INSERT INTO COMPLECTATION_OPTIONS(COMPLECTATION_ID, OPTION_MNEMONIC, OPTION_LABEL) VALUES (185, "5F", "MTM,5-SPEED FLOOR SHIFT");
INSERT INTO COMPLECTATION_OPTIONS(COMPLECTATION_ID, OPTION_MNEMONIC, OPTION_LABEL) VALUES (185, "RCB", "REGULAR CAB");
INSERT INTO COMPLECTATION_OPTIONS(COMPLECTATION_ID, OPTION_MNEMONIC, OPTION_LABEL) VALUES (185, "G", "G TYPE TRANSMISSION");
INSERT INTO COMPLECTATION_OPTIONS(COMPLECTATION_ID, OPTION_MNEMONIC, OPTION_LABEL) VALUES (185, "HLF", "0.5TONS");
INSERT INTO COMPLECTATION_OPTIONS(COMPLECTATION_ID, OPTION_MNEMONIC, OPTION_LABEL) VALUES (185, "ST", "SINGLE TIRE");
INSERT INTO COMPLECTATION_OPTIONS(COMPLECTATION_ID, OPTION_MNEMONIC, OPTION_LABEL) VALUES (185, "USA", "UNITED STATES OF AMERICA");
INSERT INTO COMPLECTATION_OPTIONS(COMPLECTATION_ID, OPTION_MNEMONIC, OPTION_LABEL) VALUES (185, "CBR", "CARBURETOR SYSTEM");
INSERT INTO COMPLECTATION_OPTIONS(COMPLECTATION_ID, OPTION_MNEMONIC, OPTION_LABEL) VALUES (185, "CBU", "COMPLETELY BUILT UNIT");
INSERT INTO COMPLECTATION(ID, FRAME_ID, NAME, URL, ENGINE_MNEMONIC, ENGINE_LABEL, PRODUCTION_PERIOD, BODY_MNEMONIC, BODY_LABEL, GRADE_MNEMONIC, GRADE_LABEL, TRANSMISSION_MNEMONIC, TRANSMISSION_LABEL) VALUES (186, 29, "RN60L-MRA3", "https://toyota-europe.epc-data.com/4runner/rn60l/6120/", "22R", "2400CC", "08.1983 - 08.1985", "T1", "TRUCK(STANDARD DECK 1-SIDE OPEN)", "STD", "STANDARD TYPE", "MTM", "MANUAL TRANSMISSION");
INSERT INTO COMPLECTATION_OPTIONS(COMPLECTATION_ID, OPTION_MNEMONIC, OPTION_LABEL) VALUES (186, "5F", "MTM,5-SPEED FLOOR SHIFT");
INSERT INTO COMPLECTATION_OPTIONS(COMPLECTATION_ID, OPTION_MNEMONIC, OPTION_LABEL) VALUES (186, "RCB", "REGULAR CAB");
INSERT INTO COMPLECTATION_OPTIONS(COMPLECTATION_ID, OPTION_MNEMONIC, OPTION_LABEL) VALUES (186, "G", "G TYPE TRANSMISSION");
INSERT INTO COMPLECTATION_OPTIONS(COMPLECTATION_ID, OPTION_MNEMONIC, OPTION_LABEL) VALUES (186, "HLF", "0.5TONS");
INSERT INTO COMPLECTATION_OPTIONS(COMPLECTATION_ID, OPTION_MNEMONIC, OPTION_LABEL) VALUES (186, "ST", "SINGLE TIRE");
INSERT INTO COMPLECTATION_OPTIONS(COMPLECTATION_ID, OPTION_MNEMONIC, OPTION_LABEL) VALUES (186, "USA", "UNITED STATES OF AMERICA");
INSERT INTO COMPLECTATION_OPTIONS(COMPLECTATION_ID, OPTION_MNEMONIC, OPTION_LABEL) VALUES (186, "CBR", "CARBURETOR SYSTEM");
INSERT INTO COMPLECTATION_OPTIONS(COMPLECTATION_ID, OPTION_MNEMONIC, OPTION_LABEL) VALUES (186, "IV", "INCOMPLETE VEHICLES (CHASSIS & CAB)");
INSERT INTO COMPLECTATION(ID, FRAME_ID, NAME, URL, ENGINE_MNEMONIC, ENGINE_LABEL, PRODUCTION_PERIOD, BODY_MNEMONIC, BODY_LABEL, GRADE_MNEMONIC, GRADE_LABEL, TRANSMISSION_MNEMONIC, TRANSMISSION_LABEL) VALUES (187, 29, "RN60L-MSA", "https://toyota-europe.epc-data.com/4runner/rn60l/6121/", "22R", "2400CC", "08.1983 - 08.1984", "T1", "TRUCK(STANDARD DECK 1-SIDE OPEN)", "SR5", "SR-5 TYPE", "MTM", "MANUAL TRANSMISSION");
INSERT INTO COMPLECTATION_OPTIONS(COMPLECTATION_ID, OPTION_MNEMONIC, OPTION_LABEL) VALUES (187, "5F", "MTM,5-SPEED FLOOR SHIFT");
INSERT INTO COMPLECTATION_OPTIONS(COMPLECTATION_ID, OPTION_MNEMONIC, OPTION_LABEL) VALUES (187, "RCB", "REGULAR CAB");
INSERT INTO COMPLECTATION_OPTIONS(COMPLECTATION_ID, OPTION_MNEMONIC, OPTION_LABEL) VALUES (187, "G", "G TYPE TRANSMISSION");
INSERT INTO COMPLECTATION_OPTIONS(COMPLECTATION_ID, OPTION_MNEMONIC, OPTION_LABEL) VALUES (187, "HLF", "0.5TONS");
INSERT INTO COMPLECTATION_OPTIONS(COMPLECTATION_ID, OPTION_MNEMONIC, OPTION_LABEL) VALUES (187, "ST", "SINGLE TIRE");
INSERT INTO COMPLECTATION_OPTIONS(COMPLECTATION_ID, OPTION_MNEMONIC, OPTION_LABEL) VALUES (187, "USA", "UNITED STATES OF AMERICA");
INSERT INTO COMPLECTATION_OPTIONS(COMPLECTATION_ID, OPTION_MNEMONIC, OPTION_LABEL) VALUES (187, "CBR", "CARBURETOR SYSTEM");
INSERT INTO COMPLECTATION_OPTIONS(COMPLECTATION_ID, OPTION_MNEMONIC, OPTION_LABEL) VALUES (187, "CBU", "COMPLETELY BUILT UNIT");
INSERT INTO COMPLECTATION(ID, FRAME_ID, NAME, URL, ENGINE_MNEMONIC, ENGINE_LABEL, PRODUCTION_PERIOD, BODY_MNEMONIC, BODY_LABEL, GRADE_MNEMONIC, GRADE_LABEL, TRANSMISSION_MNEMONIC, TRANSMISSION_LABEL) VALUES (188, 29, "RN60L-MSA3", "https://toyota-europe.epc-data.com/4runner/rn60l/6122/", "22R", "2400CC", "08.1983 - 08.1984", "T1", "TRUCK(STANDARD DECK 1-SIDE OPEN)", "SR5", "SR-5 TYPE", "MTM", "MANUAL TRANSMISSION");
INSERT INTO COMPLECTATION_OPTIONS(COMPLECTATION_ID, OPTION_MNEMONIC, OPTION_LABEL) VALUES (188, "5F", "MTM,5-SPEED FLOOR SHIFT");
INSERT INTO COMPLECTATION_OPTIONS(COMPLECTATION_ID, OPTION_MNEMONIC, OPTION_LABEL) VALUES (188, "RCB", "REGULAR CAB");
INSERT INTO COMPLECTATION_OPTIONS(COMPLECTATION_ID, OPTION_MNEMONIC, OPTION_LABEL) VALUES (188, "G", "G TYPE TRANSMISSION");
INSERT INTO COMPLECTATION_OPTIONS(COMPLECTATION_ID, OPTION_MNEMONIC, OPTION_LABEL) VALUES (188, "HLF", "0.5TONS");
INSERT INTO COMPLECTATION_OPTIONS(COMPLECTATION_ID, OPTION_MNEMONIC, OPTION_LABEL) VALUES (188, "ST", "SINGLE TIRE");
INSERT INTO COMPLECTATION_OPTIONS(COMPLECTATION_ID, OPTION_MNEMONIC, OPTION_LABEL) VALUES (188, "USA", "UNITED STATES OF AMERICA");
INSERT INTO COMPLECTATION_OPTIONS(COMPLECTATION_ID, OPTION_MNEMONIC, OPTION_LABEL) VALUES (188, "CBR", "CARBURETOR SYSTEM");
INSERT INTO COMPLECTATION_OPTIONS(COMPLECTATION_ID, OPTION_MNEMONIC, OPTION_LABEL) VALUES (188, "IV", "INCOMPLETE VEHICLES (CHASSIS & CAB)");
INSERT INTO COMPLECTATION(ID, FRAME_ID, NAME, URL, ENGINE_MNEMONIC, ENGINE_LABEL, PRODUCTION_PERIOD, BODY_MNEMONIC, BODY_LABEL, GRADE_MNEMONIC, GRADE_LABEL, TRANSMISSION_MNEMONIC, TRANSMISSION_LABEL) VALUES (189, 29, "RN60L-MSEA", "https://toyota-europe.epc-data.com/4runner/rn60l/6123/", "22REC", "2400CC EFI", "08.1984 - 08.1985", "T1", "TRUCK(STANDARD DECK 1-SIDE OPEN)", "SR5", "SR-5 TYPE", "MTM", "MANUAL TRANSMISSION");
INSERT INTO COMPLECTATION_OPTIONS(COMPLECTATION_ID, OPTION_MNEMONIC, OPTION_LABEL) VALUES (189, "5F", "MTM,5-SPEED FLOOR SHIFT");
INSERT INTO COMPLECTATION_OPTIONS(COMPLECTATION_ID, OPTION_MNEMONIC, OPTION_LABEL) VALUES (189, "RCB", "REGULAR CAB");
INSERT INTO COMPLECTATION_OPTIONS(COMPLECTATION_ID, OPTION_MNEMONIC, OPTION_LABEL) VALUES (189, "W", "W TYPE TRANSMISSION");
INSERT INTO COMPLECTATION_OPTIONS(COMPLECTATION_ID, OPTION_MNEMONIC, OPTION_LABEL) VALUES (189, "HLF", "0.5TONS");
INSERT INTO COMPLECTATION_OPTIONS(COMPLECTATION_ID, OPTION_MNEMONIC, OPTION_LABEL) VALUES (189, "ST", "SINGLE TIRE");
INSERT INTO COMPLECTATION_OPTIONS(COMPLECTATION_ID, OPTION_MNEMONIC, OPTION_LABEL) VALUES (189, "USA", "UNITED STATES OF AMERICA");
INSERT INTO COMPLECTATION_OPTIONS(COMPLECTATION_ID, OPTION_MNEMONIC, OPTION_LABEL) VALUES (189, "EFI", "ELECTRIC FUEL INJECTION SYSTEM");
INSERT INTO COMPLECTATION_OPTIONS(COMPLECTATION_ID, OPTION_MNEMONIC, OPTION_LABEL) VALUES (189, "CBU", "COMPLETELY BUILT UNIT");
INSERT INTO COMPLECTATION(ID, FRAME_ID, NAME, URL, ENGINE_MNEMONIC, ENGINE_LABEL, PRODUCTION_PERIOD, BODY_MNEMONIC, BODY_LABEL, GRADE_MNEMONIC, GRADE_LABEL, TRANSMISSION_MNEMONIC, TRANSMISSION_LABEL) VALUES (190, 29, "RN60L-MSEA3", "https://toyota-europe.epc-data.com/4runner/rn60l/6124/", "22REC", "2400CC EFI", "08.1984 - 08.1985", "T1", "TRUCK(STANDARD DECK 1-SIDE OPEN)", "SR5", "SR-5 TYPE", "MTM", "MANUAL TRANSMISSION");
INSERT INTO COMPLECTATION_OPTIONS(COMPLECTATION_ID, OPTION_MNEMONIC, OPTION_LABEL) VALUES (190, "5F", "MTM,5-SPEED FLOOR SHIFT");
INSERT INTO COMPLECTATION_OPTIONS(COMPLECTATION_ID, OPTION_MNEMONIC, OPTION_LABEL) VALUES (190, "RCB", "REGULAR CAB");
INSERT INTO COMPLECTATION_OPTIONS(COMPLECTATION_ID, OPTION_MNEMONIC, OPTION_LABEL) VALUES (190, "W", "W TYPE TRANSMISSION");
INSERT INTO COMPLECTATION_OPTIONS(COMPLECTATION_ID, OPTION_MNEMONIC, OPTION_LABEL) VALUES (190, "HLF", "0.5TONS");
INSERT INTO COMPLECTATION_OPTIONS(COMPLECTATION_ID, OPTION_MNEMONIC, OPTION_LABEL) VALUES (190, "ST", "SINGLE TIRE");
INSERT INTO COMPLECTATION_OPTIONS(COMPLECTATION_ID, OPTION_MNEMONIC, OPTION_LABEL) VALUES (190, "USA", "UNITED STATES OF AMERICA");
INSERT INTO COMPLECTATION_OPTIONS(COMPLECTATION_ID, OPTION_MNEMONIC, OPTION_LABEL) VALUES (190, "EFI", "ELECTRIC FUEL INJECTION SYSTEM");
INSERT INTO COMPLECTATION_OPTIONS(COMPLECTATION_ID, OPTION_MNEMONIC, OPTION_LABEL) VALUES (190, "IV", "INCOMPLETE VEHICLES (CHASSIS & CAB)");
INSERT INTO COMPLECTATION(ID, FRAME_ID, NAME, URL, ENGINE_MNEMONIC, ENGINE_LABEL, PRODUCTION_PERIOD, BODY_MNEMONIC, BODY_LABEL, GRADE_MNEMONIC, GRADE_LABEL, TRANSMISSION_MNEMONIC, TRANSMISSION_LABEL) VALUES (191, 29, "RN60LG-MDA", "https://toyota-europe.epc-data.com/4runner/rn60l/6026/", "22R", "2400CC", "03.1984 - 08.1984", "WG", "WAGON(4-RUNNER)", "DLX", "DELUXE TYPE", "MTM", "MANUAL TRANSMISSION");
INSERT INTO COMPLECTATION_OPTIONS(COMPLECTATION_ID, OPTION_MNEMONIC, OPTION_LABEL) VALUES (191, "5F", "MTM,5-SPEED FLOOR SHIFT");
INSERT INTO COMPLECTATION_OPTIONS(COMPLECTATION_ID, OPTION_MNEMONIC, OPTION_LABEL) VALUES (191, "G", "G TYPE TRANSMISSION");
INSERT INTO COMPLECTATION_OPTIONS(COMPLECTATION_ID, OPTION_MNEMONIC, OPTION_LABEL) VALUES (191, "ST", "SINGLE TIRE");
INSERT INTO COMPLECTATION_OPTIONS(COMPLECTATION_ID, OPTION_MNEMONIC, OPTION_LABEL) VALUES (191, "USA", "UNITED STATES OF AMERICA");
INSERT INTO COMPLECTATION_OPTIONS(COMPLECTATION_ID, OPTION_MNEMONIC, OPTION_LABEL) VALUES (191, "CBR", "CARBURETOR SYSTEM");
INSERT INTO COMPLECTATION_OPTIONS(COMPLECTATION_ID, OPTION_MNEMONIC, OPTION_LABEL) VALUES (191, "CBU", "COMPLETELY BUILT UNIT");
INSERT INTO COMPLECTATION(ID, FRAME_ID, NAME, URL, ENGINE_MNEMONIC, ENGINE_LABEL, PRODUCTION_PERIOD, BODY_MNEMONIC, BODY_LABEL, GRADE_MNEMONIC, GRADE_LABEL, TRANSMISSION_MNEMONIC, TRANSMISSION_LABEL) VALUES (192, 29, "RN60LG-MDEA", "https://toyota-europe.epc-data.com/4runner/rn60l/6027/", "22REC", "2400CC EFI", "08.1984 - 08.1985", "WG", "WAGON(4-RUNNER)", "DLX", "DELUXE TYPE", "MTM", "MANUAL TRANSMISSION");
INSERT INTO COMPLECTATION_OPTIONS(COMPLECTATION_ID, OPTION_MNEMONIC, OPTION_LABEL) VALUES (192, "5F", "MTM,5-SPEED FLOOR SHIFT");
INSERT INTO COMPLECTATION_OPTIONS(COMPLECTATION_ID, OPTION_MNEMONIC, OPTION_LABEL) VALUES (192, "W", "W TYPE TRANSMISSION");
INSERT INTO COMPLECTATION_OPTIONS(COMPLECTATION_ID, OPTION_MNEMONIC, OPTION_LABEL) VALUES (192, "ST", "SINGLE TIRE");
INSERT INTO COMPLECTATION_OPTIONS(COMPLECTATION_ID, OPTION_MNEMONIC, OPTION_LABEL) VALUES (192, "USA", "UNITED STATES OF AMERICA");
INSERT INTO COMPLECTATION_OPTIONS(COMPLECTATION_ID, OPTION_MNEMONIC, OPTION_LABEL) VALUES (192, "EFI", "ELECTRIC FUEL INJECTION SYSTEM");
INSERT INTO COMPLECTATION_OPTIONS(COMPLECTATION_ID, OPTION_MNEMONIC, OPTION_LABEL) VALUES (192, "CBU", "COMPLETELY BUILT UNIT");
INSERT INTO COMPLECTATION(ID, FRAME_ID, NAME, URL, ENGINE_MNEMONIC, ENGINE_LABEL, PRODUCTION_PERIOD, BODY_MNEMONIC, BODY_LABEL, GRADE_MNEMONIC, GRADE_LABEL, TRANSMISSION_MNEMONIC, TRANSMISSION_LABEL) VALUES (193, 29, "RN60LG-MSA", "https://toyota-europe.epc-data.com/4runner/rn60l/6033/", "22R", "2400CC", "03.1984 - 08.1984", "WG", "WAGON(4-RUNNER)", "SR5", "SR-5 TYPE", "MTM", "MANUAL TRANSMISSION");
INSERT INTO COMPLECTATION_OPTIONS(COMPLECTATION_ID, OPTION_MNEMONIC, OPTION_LABEL) VALUES (193, "5F", "MTM,5-SPEED FLOOR SHIFT");
INSERT INTO COMPLECTATION_OPTIONS(COMPLECTATION_ID, OPTION_MNEMONIC, OPTION_LABEL) VALUES (193, "G", "G TYPE TRANSMISSION");
INSERT INTO COMPLECTATION_OPTIONS(COMPLECTATION_ID, OPTION_MNEMONIC, OPTION_LABEL) VALUES (193, "ST", "SINGLE TIRE");
INSERT INTO COMPLECTATION_OPTIONS(COMPLECTATION_ID, OPTION_MNEMONIC, OPTION_LABEL) VALUES (193, "USA", "UNITED STATES OF AMERICA");
INSERT INTO COMPLECTATION_OPTIONS(COMPLECTATION_ID, OPTION_MNEMONIC, OPTION_LABEL) VALUES (193, "CBR", "CARBURETOR SYSTEM");
INSERT INTO COMPLECTATION_OPTIONS(COMPLECTATION_ID, OPTION_MNEMONIC, OPTION_LABEL) VALUES (193, "CBU", "COMPLETELY BUILT UNIT");
INSERT INTO COMPLECTATION(ID, FRAME_ID, NAME, URL, ENGINE_MNEMONIC, ENGINE_LABEL, PRODUCTION_PERIOD, BODY_MNEMONIC, BODY_LABEL, GRADE_MNEMONIC, GRADE_LABEL, TRANSMISSION_MNEMONIC, TRANSMISSION_LABEL) VALUES (194, 29, "RN60LG-MSEA", "https://toyota-europe.epc-data.com/4runner/rn60l/6034/", "22REC", "2400CC EFI", "08.1984 - 08.1985", "WG", "WAGON(4-RUNNER)", "SR5", "SR-5 TYPE", "MTM", "MANUAL TRANSMISSION");
INSERT INTO COMPLECTATION_OPTIONS(COMPLECTATION_ID, OPTION_MNEMONIC, OPTION_LABEL) VALUES (194, "5F", "MTM,5-SPEED FLOOR SHIFT");
INSERT INTO COMPLECTATION_OPTIONS(COMPLECTATION_ID, OPTION_MNEMONIC, OPTION_LABEL) VALUES (194, "W", "W TYPE TRANSMISSION");
INSERT INTO COMPLECTATION_OPTIONS(COMPLECTATION_ID, OPTION_MNEMONIC, OPTION_LABEL) VALUES (194, "ST", "SINGLE TIRE");
INSERT INTO COMPLECTATION_OPTIONS(COMPLECTATION_ID, OPTION_MNEMONIC, OPTION_LABEL) VALUES (194, "USA", "UNITED STATES OF AMERICA");
INSERT INTO COMPLECTATION_OPTIONS(COMPLECTATION_ID, OPTION_MNEMONIC, OPTION_LABEL) VALUES (194, "EFI", "ELECTRIC FUEL INJECTION SYSTEM");
INSERT INTO COMPLECTATION_OPTIONS(COMPLECTATION_ID, OPTION_MNEMONIC, OPTION_LABEL) VALUES (194, "CBU", "COMPLETELY BUILT UNIT");
INSERT INTO COMPLECTATION(ID, FRAME_ID, NAME, URL, ENGINE_MNEMONIC, ENGINE_LABEL, PRODUCTION_PERIOD, BODY_MNEMONIC, BODY_LABEL, GRADE_MNEMONIC, GRADE_LABEL, TRANSMISSION_MNEMONIC, TRANSMISSION_LABEL) VALUES (195, 29, "RN60LG-PDEA", "https://toyota-europe.epc-data.com/4runner/rn60l/6028/", "22REC", "2400CC EFI", "01.1985 - 08.1985", "WG", "WAGON(4-RUNNER)", "DLX", "DELUXE TYPE", "ATM", "AUTOMATIC TRANSMISSION");
INSERT INTO COMPLECTATION_OPTIONS(COMPLECTATION_ID, OPTION_MNEMONIC, OPTION_LABEL) VALUES (195, "4FC", "ATM,4-SPEED FLOOR SHIFT");
INSERT INTO COMPLECTATION_OPTIONS(COMPLECTATION_ID, OPTION_MNEMONIC, OPTION_LABEL) VALUES (195, "ST", "SINGLE TIRE");
INSERT INTO COMPLECTATION_OPTIONS(COMPLECTATION_ID, OPTION_MNEMONIC, OPTION_LABEL) VALUES (195, "USA", "UNITED STATES OF AMERICA");
INSERT INTO COMPLECTATION_OPTIONS(COMPLECTATION_ID, OPTION_MNEMONIC, OPTION_LABEL) VALUES (195, "EFI", "ELECTRIC FUEL INJECTION SYSTEM");
INSERT INTO COMPLECTATION_OPTIONS(COMPLECTATION_ID, OPTION_MNEMONIC, OPTION_LABEL) VALUES (195, "CBU", "COMPLETELY BUILT UNIT");
INSERT INTO COMPLECTATION(ID, FRAME_ID, NAME, URL, ENGINE_MNEMONIC, ENGINE_LABEL, PRODUCTION_PERIOD, BODY_MNEMONIC, BODY_LABEL, GRADE_MNEMONIC, GRADE_LABEL, TRANSMISSION_MNEMONIC, TRANSMISSION_LABEL) VALUES (196, 29, "RN60LV-MDA", "https://toyota-europe.epc-data.com/4runner/rn60l/6125/", "22R", "2400CC", "03.1984 - 08.1984", "V", "VAN", "DLX", "DELUXE TYPE", "MTM", "MANUAL TRANSMISSION");
INSERT INTO COMPLECTATION_OPTIONS(COMPLECTATION_ID, OPTION_MNEMONIC, OPTION_LABEL) VALUES (196, "5F", "MTM,5-SPEED FLOOR SHIFT");
INSERT INTO COMPLECTATION_OPTIONS(COMPLECTATION_ID, OPTION_MNEMONIC, OPTION_LABEL) VALUES (196, "G", "G TYPE TRANSMISSION");
INSERT INTO COMPLECTATION_OPTIONS(COMPLECTATION_ID, OPTION_MNEMONIC, OPTION_LABEL) VALUES (196, "ST", "SINGLE TIRE");
INSERT INTO COMPLECTATION_OPTIONS(COMPLECTATION_ID, OPTION_MNEMONIC, OPTION_LABEL) VALUES (196, "USA", "UNITED STATES OF AMERICA");
INSERT INTO COMPLECTATION_OPTIONS(COMPLECTATION_ID, OPTION_MNEMONIC, OPTION_LABEL) VALUES (196, "CBR", "CARBURETOR SYSTEM");
INSERT INTO COMPLECTATION_OPTIONS(COMPLECTATION_ID, OPTION_MNEMONIC, OPTION_LABEL) VALUES (196, "CBU", "COMPLETELY BUILT UNIT");
INSERT INTO COMPLECTATION(ID, FRAME_ID, NAME, URL, ENGINE_MNEMONIC, ENGINE_LABEL, PRODUCTION_PERIOD, BODY_MNEMONIC, BODY_LABEL, GRADE_MNEMONIC, GRADE_LABEL, TRANSMISSION_MNEMONIC, TRANSMISSION_LABEL) VALUES (197, 29, "RN60LV-MDEA", "https://toyota-europe.epc-data.com/4runner/rn60l/6126/", "22REC", "2400CC EFI", "08.1984 - 08.1985", "V", "VAN", "DLX", "DELUXE TYPE", "MTM", "MANUAL TRANSMISSION");
INSERT INTO COMPLECTATION_OPTIONS(COMPLECTATION_ID, OPTION_MNEMONIC, OPTION_LABEL) VALUES (197, "5F", "MTM,5-SPEED FLOOR SHIFT");
INSERT INTO COMPLECTATION_OPTIONS(COMPLECTATION_ID, OPTION_MNEMONIC, OPTION_LABEL) VALUES (197, "W", "W TYPE TRANSMISSION");
INSERT INTO COMPLECTATION_OPTIONS(COMPLECTATION_ID, OPTION_MNEMONIC, OPTION_LABEL) VALUES (197, "ST", "SINGLE TIRE");
INSERT INTO COMPLECTATION_OPTIONS(COMPLECTATION_ID, OPTION_MNEMONIC, OPTION_LABEL) VALUES (197, "USA", "UNITED STATES OF AMERICA");
INSERT INTO COMPLECTATION_OPTIONS(COMPLECTATION_ID, OPTION_MNEMONIC, OPTION_LABEL) VALUES (197, "EFI", "ELECTRIC FUEL INJECTION SYSTEM");
INSERT INTO COMPLECTATION_OPTIONS(COMPLECTATION_ID, OPTION_MNEMONIC, OPTION_LABEL) VALUES (197, "CBU", "COMPLETELY BUILT UNIT");
INSERT INTO COMPLECTATION(ID, FRAME_ID, NAME, URL, ENGINE_MNEMONIC, ENGINE_LABEL, PRODUCTION_PERIOD, BODY_MNEMONIC, BODY_LABEL, GRADE_MNEMONIC, GRADE_LABEL, TRANSMISSION_MNEMONIC, TRANSMISSION_LABEL) VALUES (198, 29, "RN60LV-MSEK", "https://toyota-europe.epc-data.com/4runner/rn60l/6035/", "22REC", "2400CC EFI", "08.1984 - 08.1985", "V", "VAN", "SR5", "SR-5 TYPE", "MTM", "MANUAL TRANSMISSION");
INSERT INTO COMPLECTATION_OPTIONS(COMPLECTATION_ID, OPTION_MNEMONIC, OPTION_LABEL) VALUES (198, "5F", "MTM,5-SPEED FLOOR SHIFT");
INSERT INTO COMPLECTATION_OPTIONS(COMPLECTATION_ID, OPTION_MNEMONIC, OPTION_LABEL) VALUES (198, "W", "W TYPE TRANSMISSION");
INSERT INTO COMPLECTATION_OPTIONS(COMPLECTATION_ID, OPTION_MNEMONIC, OPTION_LABEL) VALUES (198, "ST", "SINGLE TIRE");
INSERT INTO COMPLECTATION_OPTIONS(COMPLECTATION_ID, OPTION_MNEMONIC, OPTION_LABEL) VALUES (198, "CND", "CANADA");
INSERT INTO COMPLECTATION_OPTIONS(COMPLECTATION_ID, OPTION_MNEMONIC, OPTION_LABEL) VALUES (198, "EFI", "ELECTRIC FUEL INJECTION SYSTEM");
INSERT INTO COMPLECTATION_OPTIONS(COMPLECTATION_ID, OPTION_MNEMONIC, OPTION_LABEL) VALUES (198, "CBU", "COMPLETELY BUILT UNIT");
INSERT INTO COMPLECTATION(ID, FRAME_ID, NAME, URL, ENGINE_MNEMONIC, ENGINE_LABEL, PRODUCTION_PERIOD, BODY_MNEMONIC, BODY_LABEL, GRADE_MNEMONIC, GRADE_LABEL, TRANSMISSION_MNEMONIC, TRANSMISSION_LABEL) VALUES (199, 29, "RN60LV-MSK", "https://toyota-europe.epc-data.com/4runner/rn60l/6036/", "22R", "2400CC", "03.1984 - 08.1984", "V", "VAN", "SR5", "SR-5 TYPE", "MTM", "MANUAL TRANSMISSION");
INSERT INTO COMPLECTATION_OPTIONS(COMPLECTATION_ID, OPTION_MNEMONIC, OPTION_LABEL) VALUES (199, "5F", "MTM,5-SPEED FLOOR SHIFT");
INSERT INTO COMPLECTATION_OPTIONS(COMPLECTATION_ID, OPTION_MNEMONIC, OPTION_LABEL) VALUES (199, "G", "G TYPE TRANSMISSION");
INSERT INTO COMPLECTATION_OPTIONS(COMPLECTATION_ID, OPTION_MNEMONIC, OPTION_LABEL) VALUES (199, "ST", "SINGLE TIRE");
INSERT INTO COMPLECTATION_OPTIONS(COMPLECTATION_ID, OPTION_MNEMONIC, OPTION_LABEL) VALUES (199, "CND", "CANADA");
INSERT INTO COMPLECTATION_OPTIONS(COMPLECTATION_ID, OPTION_MNEMONIC, OPTION_LABEL) VALUES (199, "CBR", "CARBURETOR SYSTEM");
INSERT INTO COMPLECTATION_OPTIONS(COMPLECTATION_ID, OPTION_MNEMONIC, OPTION_LABEL) VALUES (199, "CBU", "COMPLETELY BUILT UNIT");
INSERT INTO COMPLECTATION(ID, FRAME_ID, NAME, URL, ENGINE_MNEMONIC, ENGINE_LABEL, PRODUCTION_PERIOD, BODY_MNEMONIC, BODY_LABEL, GRADE_MNEMONIC, GRADE_LABEL, TRANSMISSION_MNEMONIC, TRANSMISSION_LABEL) VALUES (200, 29, "RN60LV-PDEA", "https://toyota-europe.epc-data.com/4runner/rn60l/6127/", "22REC", "2400CC EFI", "01.1985 - 08.1985", "V", "VAN", "DLX", "DELUXE TYPE", "ATM", "AUTOMATIC TRANSMISSION");
INSERT INTO COMPLECTATION_OPTIONS(COMPLECTATION_ID, OPTION_MNEMONIC, OPTION_LABEL) VALUES (200, "4FC", "ATM,4-SPEED FLOOR SHIFT");
INSERT INTO COMPLECTATION_OPTIONS(COMPLECTATION_ID, OPTION_MNEMONIC, OPTION_LABEL) VALUES (200, "ST", "SINGLE TIRE");
INSERT INTO COMPLECTATION_OPTIONS(COMPLECTATION_ID, OPTION_MNEMONIC, OPTION_LABEL) VALUES (200, "USA", "UNITED STATES OF AMERICA");
INSERT INTO COMPLECTATION_OPTIONS(COMPLECTATION_ID, OPTION_MNEMONIC, OPTION_LABEL) VALUES (200, "EFI", "ELECTRIC FUEL INJECTION SYSTEM");
INSERT INTO COMPLECTATION_OPTIONS(COMPLECTATION_ID, OPTION_MNEMONIC, OPTION_LABEL) VALUES (200, "CBU", "COMPLETELY BUILT UNIT");
INSERT INTO COMPLECTATION(ID, FRAME_ID, NAME, URL, ENGINE_MNEMONIC, ENGINE_LABEL, PRODUCTION_PERIOD, BODY_MNEMONIC, BODY_LABEL, GRADE_MNEMONIC, GRADE_LABEL, TRANSMISSION_MNEMONIC, TRANSMISSION_LABEL) VALUES (201, 29, "RN60LV-PSEK", "https://toyota-europe.epc-data.com/4runner/rn60l/6037/", "22REC", "2400CC EFI", "01.1985 - 08.1985", "V", "VAN", "SR5", "SR-5 TYPE", "ATM", "AUTOMATIC TRANSMISSION");
INSERT INTO COMPLECTATION_OPTIONS(COMPLECTATION_ID, OPTION_MNEMONIC, OPTION_LABEL) VALUES (201, "4FC", "ATM,4-SPEED FLOOR SHIFT");
INSERT INTO COMPLECTATION_OPTIONS(COMPLECTATION_ID, OPTION_MNEMONIC, OPTION_LABEL) VALUES (201, "ST", "SINGLE TIRE");
INSERT INTO COMPLECTATION_OPTIONS(COMPLECTATION_ID, OPTION_MNEMONIC, OPTION_LABEL) VALUES (201, "CND", "CANADA");
INSERT INTO COMPLECTATION_OPTIONS(COMPLECTATION_ID, OPTION_MNEMONIC, OPTION_LABEL) VALUES (201, "EFI", "ELECTRIC FUEL INJECTION SYSTEM");
INSERT INTO COMPLECTATION_OPTIONS(COMPLECTATION_ID, OPTION_MNEMONIC, OPTION_LABEL) VALUES (201, "CBU", "COMPLETELY BUILT UNIT");
INSERT INTO FRAME(ID, MODEL_ID, NAME, URL) VALUES (30, 5, "RN60LG", "https://toyota-europe.epc-data.com/4runner/rn60lg");
INSERT INTO COMPLECTATION(ID, FRAME_ID, NAME, URL, ENGINE_MNEMONIC, ENGINE_LABEL, PRODUCTION_PERIOD, BODY_MNEMONIC, BODY_LABEL, GRADE_MNEMONIC, GRADE_LABEL, TRANSMISSION_MNEMONIC, TRANSMISSION_LABEL) VALUES (202, 30, "RN60LG-MDA", "https://toyota-europe.epc-data.com/4runner/rn60lg/6026/", "22R", "2400CC", "03.1984 - 08.1984", "WG", "WAGON(4-RUNNER)", "DLX", "DELUXE TYPE", "MTM", "MANUAL TRANSMISSION");
INSERT INTO COMPLECTATION_OPTIONS(COMPLECTATION_ID, OPTION_MNEMONIC, OPTION_LABEL) VALUES (202, "5F", "MTM,5-SPEED FLOOR SHIFT");
INSERT INTO COMPLECTATION_OPTIONS(COMPLECTATION_ID, OPTION_MNEMONIC, OPTION_LABEL) VALUES (202, "G", "G TYPE TRANSMISSION");
INSERT INTO COMPLECTATION_OPTIONS(COMPLECTATION_ID, OPTION_MNEMONIC, OPTION_LABEL) VALUES (202, "ST", "SINGLE TIRE");
INSERT INTO COMPLECTATION_OPTIONS(COMPLECTATION_ID, OPTION_MNEMONIC, OPTION_LABEL) VALUES (202, "USA", "UNITED STATES OF AMERICA");
INSERT INTO COMPLECTATION_OPTIONS(COMPLECTATION_ID, OPTION_MNEMONIC, OPTION_LABEL) VALUES (202, "CBR", "CARBURETOR SYSTEM");
INSERT INTO COMPLECTATION_OPTIONS(COMPLECTATION_ID, OPTION_MNEMONIC, OPTION_LABEL) VALUES (202, "CBU", "COMPLETELY BUILT UNIT");
INSERT INTO COMPLECTATION(ID, FRAME_ID, NAME, URL, ENGINE_MNEMONIC, ENGINE_LABEL, PRODUCTION_PERIOD, BODY_MNEMONIC, BODY_LABEL, GRADE_MNEMONIC, GRADE_LABEL, TRANSMISSION_MNEMONIC, TRANSMISSION_LABEL) VALUES (203, 30, "RN60LG-MDEA", "https://toyota-europe.epc-data.com/4runner/rn60lg/6027/", "22REC", "2400CC EFI", "08.1984 - 08.1985", "WG", "WAGON(4-RUNNER)", "DLX", "DELUXE TYPE", "MTM", "MANUAL TRANSMISSION");
INSERT INTO COMPLECTATION_OPTIONS(COMPLECTATION_ID, OPTION_MNEMONIC, OPTION_LABEL) VALUES (203, "5F", "MTM,5-SPEED FLOOR SHIFT");
INSERT INTO COMPLECTATION_OPTIONS(COMPLECTATION_ID, OPTION_MNEMONIC, OPTION_LABEL) VALUES (203, "W", "W TYPE TRANSMISSION");
INSERT INTO COMPLECTATION_OPTIONS(COMPLECTATION_ID, OPTION_MNEMONIC, OPTION_LABEL) VALUES (203, "ST", "SINGLE TIRE");
INSERT INTO COMPLECTATION_OPTIONS(COMPLECTATION_ID, OPTION_MNEMONIC, OPTION_LABEL) VALUES (203, "USA", "UNITED STATES OF AMERICA");
INSERT INTO COMPLECTATION_OPTIONS(COMPLECTATION_ID, OPTION_MNEMONIC, OPTION_LABEL) VALUES (203, "EFI", "ELECTRIC FUEL INJECTION SYSTEM");
INSERT INTO COMPLECTATION_OPTIONS(COMPLECTATION_ID, OPTION_MNEMONIC, OPTION_LABEL) VALUES (203, "CBU", "COMPLETELY BUILT UNIT");
INSERT INTO COMPLECTATION(ID, FRAME_ID, NAME, URL, ENGINE_MNEMONIC, ENGINE_LABEL, PRODUCTION_PERIOD, BODY_MNEMONIC, BODY_LABEL, GRADE_MNEMONIC, GRADE_LABEL, TRANSMISSION_MNEMONIC, TRANSMISSION_LABEL) VALUES (204, 30, "RN60LG-MSA", "https://toyota-europe.epc-data.com/4runner/rn60lg/6033/", "22R", "2400CC", "03.1984 - 08.1984", "WG", "WAGON(4-RUNNER)", "SR5", "SR-5 TYPE", "MTM", "MANUAL TRANSMISSION");
INSERT INTO COMPLECTATION_OPTIONS(COMPLECTATION_ID, OPTION_MNEMONIC, OPTION_LABEL) VALUES (204, "5F", "MTM,5-SPEED FLOOR SHIFT");
INSERT INTO COMPLECTATION_OPTIONS(COMPLECTATION_ID, OPTION_MNEMONIC, OPTION_LABEL) VALUES (204, "G", "G TYPE TRANSMISSION");
INSERT INTO COMPLECTATION_OPTIONS(COMPLECTATION_ID, OPTION_MNEMONIC, OPTION_LABEL) VALUES (204, "ST", "SINGLE TIRE");
INSERT INTO COMPLECTATION_OPTIONS(COMPLECTATION_ID, OPTION_MNEMONIC, OPTION_LABEL) VALUES (204, "USA", "UNITED STATES OF AMERICA");
INSERT INTO COMPLECTATION_OPTIONS(COMPLECTATION_ID, OPTION_MNEMONIC, OPTION_LABEL) VALUES (204, "CBR", "CARBURETOR SYSTEM");
INSERT INTO COMPLECTATION_OPTIONS(COMPLECTATION_ID, OPTION_MNEMONIC, OPTION_LABEL) VALUES (204, "CBU", "COMPLETELY BUILT UNIT");
INSERT INTO COMPLECTATION(ID, FRAME_ID, NAME, URL, ENGINE_MNEMONIC, ENGINE_LABEL, PRODUCTION_PERIOD, BODY_MNEMONIC, BODY_LABEL, GRADE_MNEMONIC, GRADE_LABEL, TRANSMISSION_MNEMONIC, TRANSMISSION_LABEL) VALUES (205, 30, "RN60LG-MSEA", "https://toyota-europe.epc-data.com/4runner/rn60lg/6034/", "22REC", "2400CC EFI", "08.1984 - 08.1985", "WG", "WAGON(4-RUNNER)", "SR5", "SR-5 TYPE", "MTM", "MANUAL TRANSMISSION");
INSERT INTO COMPLECTATION_OPTIONS(COMPLECTATION_ID, OPTION_MNEMONIC, OPTION_LABEL) VALUES (205, "5F", "MTM,5-SPEED FLOOR SHIFT");
INSERT INTO COMPLECTATION_OPTIONS(COMPLECTATION_ID, OPTION_MNEMONIC, OPTION_LABEL) VALUES (205, "W", "W TYPE TRANSMISSION");
INSERT INTO COMPLECTATION_OPTIONS(COMPLECTATION_ID, OPTION_MNEMONIC, OPTION_LABEL) VALUES (205, "ST", "SINGLE TIRE");
INSERT INTO COMPLECTATION_OPTIONS(COMPLECTATION_ID, OPTION_MNEMONIC, OPTION_LABEL) VALUES (205, "USA", "UNITED STATES OF AMERICA");
INSERT INTO COMPLECTATION_OPTIONS(COMPLECTATION_ID, OPTION_MNEMONIC, OPTION_LABEL) VALUES (205, "EFI", "ELECTRIC FUEL INJECTION SYSTEM");
INSERT INTO COMPLECTATION_OPTIONS(COMPLECTATION_ID, OPTION_MNEMONIC, OPTION_LABEL) VALUES (205, "CBU", "COMPLETELY BUILT UNIT");
INSERT INTO COMPLECTATION(ID, FRAME_ID, NAME, URL, ENGINE_MNEMONIC, ENGINE_LABEL, PRODUCTION_PERIOD, BODY_MNEMONIC, BODY_LABEL, GRADE_MNEMONIC, GRADE_LABEL, TRANSMISSION_MNEMONIC, TRANSMISSION_LABEL) VALUES (206, 30, "RN60LG-PDEA", "https://toyota-europe.epc-data.com/4runner/rn60lg/6028/", "22REC", "2400CC EFI", "01.1985 - 08.1985", "WG", "WAGON(4-RUNNER)", "DLX", "DELUXE TYPE", "ATM", "AUTOMATIC TRANSMISSION");
INSERT INTO COMPLECTATION_OPTIONS(COMPLECTATION_ID, OPTION_MNEMONIC, OPTION_LABEL) VALUES (206, "4FC", "ATM,4-SPEED FLOOR SHIFT");
INSERT INTO COMPLECTATION_OPTIONS(COMPLECTATION_ID, OPTION_MNEMONIC, OPTION_LABEL) VALUES (206, "ST", "SINGLE TIRE");
INSERT INTO COMPLECTATION_OPTIONS(COMPLECTATION_ID, OPTION_MNEMONIC, OPTION_LABEL) VALUES (206, "USA", "UNITED STATES OF AMERICA");
INSERT INTO COMPLECTATION_OPTIONS(COMPLECTATION_ID, OPTION_MNEMONIC, OPTION_LABEL) VALUES (206, "EFI", "ELECTRIC FUEL INJECTION SYSTEM");
INSERT INTO COMPLECTATION_OPTIONS(COMPLECTATION_ID, OPTION_MNEMONIC, OPTION_LABEL) VALUES (206, "CBU", "COMPLETELY BUILT UNIT");
INSERT INTO FRAME(ID, MODEL_ID, NAME, URL) VALUES (31, 5, "RN60LV", "https://toyota-europe.epc-data.com/4runner/rn60lv");
INSERT INTO COMPLECTATION(ID, FRAME_ID, NAME, URL, ENGINE_MNEMONIC, ENGINE_LABEL, PRODUCTION_PERIOD, BODY_MNEMONIC, BODY_LABEL, GRADE_MNEMONIC, GRADE_LABEL, TRANSMISSION_MNEMONIC, TRANSMISSION_LABEL) VALUES (207, 31, "RN60LV-MDA", "https://toyota-europe.epc-data.com/4runner/rn60lv/6125/", "22R", "2400CC", "03.1984 - 08.1984", "V", "VAN", "DLX", "DELUXE TYPE", "MTM", "MANUAL TRANSMISSION");
INSERT INTO COMPLECTATION_OPTIONS(COMPLECTATION_ID, OPTION_MNEMONIC, OPTION_LABEL) VALUES (207, "5F", "MTM,5-SPEED FLOOR SHIFT");
INSERT INTO COMPLECTATION_OPTIONS(COMPLECTATION_ID, OPTION_MNEMONIC, OPTION_LABEL) VALUES (207, "G", "G TYPE TRANSMISSION");
INSERT INTO COMPLECTATION_OPTIONS(COMPLECTATION_ID, OPTION_MNEMONIC, OPTION_LABEL) VALUES (207, "ST", "SINGLE TIRE");
INSERT INTO COMPLECTATION_OPTIONS(COMPLECTATION_ID, OPTION_MNEMONIC, OPTION_LABEL) VALUES (207, "USA", "UNITED STATES OF AMERICA");
INSERT INTO COMPLECTATION_OPTIONS(COMPLECTATION_ID, OPTION_MNEMONIC, OPTION_LABEL) VALUES (207, "CBR", "CARBURETOR SYSTEM");
INSERT INTO COMPLECTATION_OPTIONS(COMPLECTATION_ID, OPTION_MNEMONIC, OPTION_LABEL) VALUES (207, "CBU", "COMPLETELY BUILT UNIT");
INSERT INTO COMPLECTATION(ID, FRAME_ID, NAME, URL, ENGINE_MNEMONIC, ENGINE_LABEL, PRODUCTION_PERIOD, BODY_MNEMONIC, BODY_LABEL, GRADE_MNEMONIC, GRADE_LABEL, TRANSMISSION_MNEMONIC, TRANSMISSION_LABEL) VALUES (208, 31, "RN60LV-MDEA", "https://toyota-europe.epc-data.com/4runner/rn60lv/6126/", "22REC", "2400CC EFI", "08.1984 - 08.1985", "V", "VAN", "DLX", "DELUXE TYPE", "MTM", "MANUAL TRANSMISSION");
INSERT INTO COMPLECTATION_OPTIONS(COMPLECTATION_ID, OPTION_MNEMONIC, OPTION_LABEL) VALUES (208, "5F", "MTM,5-SPEED FLOOR SHIFT");
INSERT INTO COMPLECTATION_OPTIONS(COMPLECTATION_ID, OPTION_MNEMONIC, OPTION_LABEL) VALUES (208, "W", "W TYPE TRANSMISSION");
INSERT INTO COMPLECTATION_OPTIONS(COMPLECTATION_ID, OPTION_MNEMONIC, OPTION_LABEL) VALUES (208, "ST", "SINGLE TIRE");
INSERT INTO COMPLECTATION_OPTIONS(COMPLECTATION_ID, OPTION_MNEMONIC, OPTION_LABEL) VALUES (208, "USA", "UNITED STATES OF AMERICA");
INSERT INTO COMPLECTATION_OPTIONS(COMPLECTATION_ID, OPTION_MNEMONIC, OPTION_LABEL) VALUES (208, "EFI", "ELECTRIC FUEL INJECTION SYSTEM");
INSERT INTO COMPLECTATION_OPTIONS(COMPLECTATION_ID, OPTION_MNEMONIC, OPTION_LABEL) VALUES (208, "CBU", "COMPLETELY BUILT UNIT");
INSERT INTO COMPLECTATION(ID, FRAME_ID, NAME, URL, ENGINE_MNEMONIC, ENGINE_LABEL, PRODUCTION_PERIOD, BODY_MNEMONIC, BODY_LABEL, GRADE_MNEMONIC, GRADE_LABEL, TRANSMISSION_MNEMONIC, TRANSMISSION_LABEL) VALUES (209, 31, "RN60LV-MSEK", "https://toyota-europe.epc-data.com/4runner/rn60lv/6035/", "22REC", "2400CC EFI", "08.1984 - 08.1985", "V", "VAN", "SR5", "SR-5 TYPE", "MTM", "MANUAL TRANSMISSION");
INSERT INTO COMPLECTATION_OPTIONS(COMPLECTATION_ID, OPTION_MNEMONIC, OPTION_LABEL) VALUES (209, "5F", "MTM,5-SPEED FLOOR SHIFT");
INSERT INTO COMPLECTATION_OPTIONS(COMPLECTATION_ID, OPTION_MNEMONIC, OPTION_LABEL) VALUES (209, "W", "W TYPE TRANSMISSION");
INSERT INTO COMPLECTATION_OPTIONS(COMPLECTATION_ID, OPTION_MNEMONIC, OPTION_LABEL) VALUES (209, "ST", "SINGLE TIRE");
INSERT INTO COMPLECTATION_OPTIONS(COMPLECTATION_ID, OPTION_MNEMONIC, OPTION_LABEL) VALUES (209, "CND", "CANADA");
INSERT INTO COMPLECTATION_OPTIONS(COMPLECTATION_ID, OPTION_MNEMONIC, OPTION_LABEL) VALUES (209, "EFI", "ELECTRIC FUEL INJECTION SYSTEM");
INSERT INTO COMPLECTATION_OPTIONS(COMPLECTATION_ID, OPTION_MNEMONIC, OPTION_LABEL) VALUES (209, "CBU", "COMPLETELY BUILT UNIT");
INSERT INTO COMPLECTATION(ID, FRAME_ID, NAME, URL, ENGINE_MNEMONIC, ENGINE_LABEL, PRODUCTION_PERIOD, BODY_MNEMONIC, BODY_LABEL, GRADE_MNEMONIC, GRADE_LABEL, TRANSMISSION_MNEMONIC, TRANSMISSION_LABEL) VALUES (210, 31, "RN60LV-MSK", "https://toyota-europe.epc-data.com/4runner/rn60lv/6036/", "22R", "2400CC", "03.1984 - 08.1984", "V", "VAN", "SR5", "SR-5 TYPE", "MTM", "MANUAL TRANSMISSION");
INSERT INTO COMPLECTATION_OPTIONS(COMPLECTATION_ID, OPTION_MNEMONIC, OPTION_LABEL) VALUES (210, "5F", "MTM,5-SPEED FLOOR SHIFT");
INSERT INTO COMPLECTATION_OPTIONS(COMPLECTATION_ID, OPTION_MNEMONIC, OPTION_LABEL) VALUES (210, "G", "G TYPE TRANSMISSION");
INSERT INTO COMPLECTATION_OPTIONS(COMPLECTATION_ID, OPTION_MNEMONIC, OPTION_LABEL) VALUES (210, "ST", "SINGLE TIRE");
INSERT INTO COMPLECTATION_OPTIONS(COMPLECTATION_ID, OPTION_MNEMONIC, OPTION_LABEL) VALUES (210, "CND", "CANADA");
INSERT INTO COMPLECTATION_OPTIONS(COMPLECTATION_ID, OPTION_MNEMONIC, OPTION_LABEL) VALUES (210, "CBR", "CARBURETOR SYSTEM");
INSERT INTO COMPLECTATION_OPTIONS(COMPLECTATION_ID, OPTION_MNEMONIC, OPTION_LABEL) VALUES (210, "CBU", "COMPLETELY BUILT UNIT");
INSERT INTO COMPLECTATION(ID, FRAME_ID, NAME, URL, ENGINE_MNEMONIC, ENGINE_LABEL, PRODUCTION_PERIOD, BODY_MNEMONIC, BODY_LABEL, GRADE_MNEMONIC, GRADE_LABEL, TRANSMISSION_MNEMONIC, TRANSMISSION_LABEL) VALUES (211, 31, "RN60LV-PDEA", "https://toyota-europe.epc-data.com/4runner/rn60lv/6127/", "22REC", "2400CC EFI", "01.1985 - 08.1985", "V", "VAN", "DLX", "DELUXE TYPE", "ATM", "AUTOMATIC TRANSMISSION");
INSERT INTO COMPLECTATION_OPTIONS(COMPLECTATION_ID, OPTION_MNEMONIC, OPTION_LABEL) VALUES (211, "4FC", "ATM,4-SPEED FLOOR SHIFT");
INSERT INTO COMPLECTATION_OPTIONS(COMPLECTATION_ID, OPTION_MNEMONIC, OPTION_LABEL) VALUES (211, "ST", "SINGLE TIRE");
INSERT INTO COMPLECTATION_OPTIONS(COMPLECTATION_ID, OPTION_MNEMONIC, OPTION_LABEL) VALUES (211, "USA", "UNITED STATES OF AMERICA");
INSERT INTO COMPLECTATION_OPTIONS(COMPLECTATION_ID, OPTION_MNEMONIC, OPTION_LABEL) VALUES (211, "EFI", "ELECTRIC FUEL INJECTION SYSTEM");
INSERT INTO COMPLECTATION_OPTIONS(COMPLECTATION_ID, OPTION_MNEMONIC, OPTION_LABEL) VALUES (211, "CBU", "COMPLETELY BUILT UNIT");
INSERT INTO COMPLECTATION(ID, FRAME_ID, NAME, URL, ENGINE_MNEMONIC, ENGINE_LABEL, PRODUCTION_PERIOD, BODY_MNEMONIC, BODY_LABEL, GRADE_MNEMONIC, GRADE_LABEL, TRANSMISSION_MNEMONIC, TRANSMISSION_LABEL) VALUES (212, 31, "RN60LV-PSEK", "https://toyota-europe.epc-data.com/4runner/rn60lv/6037/", "22REC", "2400CC EFI", "01.1985 - 08.1985", "V", "VAN", "SR5", "SR-5 TYPE", "ATM", "AUTOMATIC TRANSMISSION");
INSERT INTO COMPLECTATION_OPTIONS(COMPLECTATION_ID, OPTION_MNEMONIC, OPTION_LABEL) VALUES (212, "4FC", "ATM,4-SPEED FLOOR SHIFT");
INSERT INTO COMPLECTATION_OPTIONS(COMPLECTATION_ID, OPTION_MNEMONIC, OPTION_LABEL) VALUES (212, "ST", "SINGLE TIRE");
INSERT INTO COMPLECTATION_OPTIONS(COMPLECTATION_ID, OPTION_MNEMONIC, OPTION_LABEL) VALUES (212, "CND", "CANADA");
INSERT INTO COMPLECTATION_OPTIONS(COMPLECTATION_ID, OPTION_MNEMONIC, OPTION_LABEL) VALUES (212, "EFI", "ELECTRIC FUEL INJECTION SYSTEM");
INSERT INTO COMPLECTATION_OPTIONS(COMPLECTATION_ID, OPTION_MNEMONIC, OPTION_LABEL) VALUES (212, "CBU", "COMPLETELY BUILT UNIT");
INSERT INTO FRAME(ID, MODEL_ID, NAME, URL) VALUES (32, 5, "RN61L", "https://toyota-europe.epc-data.com/4runner/rn61l");
INSERT INTO COMPLECTATION(ID, FRAME_ID, NAME, URL, ENGINE_MNEMONIC, ENGINE_LABEL, PRODUCTION_PERIOD, BODY_MNEMONIC, BODY_LABEL, GRADE_MNEMONIC, GRADE_LABEL, TRANSMISSION_MNEMONIC, TRANSMISSION_LABEL) VALUES (213, 32, "RN61L-MBZA", "https://toyota-europe.epc-data.com/4runner/rn61l/6139/", "22RTEC", "2400CC", "08.1985 - 08.1987", "T1", "TRUCK(STANDARD DECK 1-SIDE OPEN)", "SDT", "STANDARD-TURBO", "MTM", "MANUAL TRANSMISSION");
INSERT INTO COMPLECTATION_OPTIONS(COMPLECTATION_ID, OPTION_MNEMONIC, OPTION_LABEL) VALUES (213, "5F", "MTM,5-SPEED FLOOR SHIFT");
INSERT INTO COMPLECTATION_OPTIONS(COMPLECTATION_ID, OPTION_MNEMONIC, OPTION_LABEL) VALUES (213, "RCB", "REGULAR CAB");
INSERT INTO COMPLECTATION_OPTIONS(COMPLECTATION_ID, OPTION_MNEMONIC, OPTION_LABEL) VALUES (213, "R", "R TYPE TRANSMISSION");
INSERT INTO COMPLECTATION_OPTIONS(COMPLECTATION_ID, OPTION_MNEMONIC, OPTION_LABEL) VALUES (213, "HLF", "0.5TONS");
INSERT INTO COMPLECTATION_OPTIONS(COMPLECTATION_ID, OPTION_MNEMONIC, OPTION_LABEL) VALUES (213, "ST", "SINGLE TIRE");
INSERT INTO COMPLECTATION_OPTIONS(COMPLECTATION_ID, OPTION_MNEMONIC, OPTION_LABEL) VALUES (213, "USA", "UNITED STATES OF AMERICA");
INSERT INTO COMPLECTATION_OPTIONS(COMPLECTATION_ID, OPTION_MNEMONIC, OPTION_LABEL) VALUES (213, "TBO", "TURBO SYSTEM");
INSERT INTO COMPLECTATION_OPTIONS(COMPLECTATION_ID, OPTION_MNEMONIC, OPTION_LABEL) VALUES (213, "CBU", "COMPLETELY BUILT UNIT");
INSERT INTO COMPLECTATION(ID, FRAME_ID, NAME, URL, ENGINE_MNEMONIC, ENGINE_LABEL, PRODUCTION_PERIOD, BODY_MNEMONIC, BODY_LABEL, GRADE_MNEMONIC, GRADE_LABEL, TRANSMISSION_MNEMONIC, TRANSMISSION_LABEL) VALUES (214, 32, "RN61L-MBZA3", "https://toyota-europe.epc-data.com/4runner/rn61l/6140/", "22RTEC", "2400CC", "08.1985 - 08.1987", "T1", "TRUCK(STANDARD DECK 1-SIDE OPEN)", "SDT", "STANDARD-TURBO", "MTM", "MANUAL TRANSMISSION");
INSERT INTO COMPLECTATION_OPTIONS(COMPLECTATION_ID, OPTION_MNEMONIC, OPTION_LABEL) VALUES (214, "5F", "MTM,5-SPEED FLOOR SHIFT");
INSERT INTO COMPLECTATION_OPTIONS(COMPLECTATION_ID, OPTION_MNEMONIC, OPTION_LABEL) VALUES (214, "RCB", "REGULAR CAB");
INSERT INTO COMPLECTATION_OPTIONS(COMPLECTATION_ID, OPTION_MNEMONIC, OPTION_LABEL) VALUES (214, "R", "R TYPE TRANSMISSION");
INSERT INTO COMPLECTATION_OPTIONS(COMPLECTATION_ID, OPTION_MNEMONIC, OPTION_LABEL) VALUES (214, "HLF", "0.5TONS");
INSERT INTO COMPLECTATION_OPTIONS(COMPLECTATION_ID, OPTION_MNEMONIC, OPTION_LABEL) VALUES (214, "ST", "SINGLE TIRE");
INSERT INTO COMPLECTATION_OPTIONS(COMPLECTATION_ID, OPTION_MNEMONIC, OPTION_LABEL) VALUES (214, "USA", "UNITED STATES OF AMERICA");
INSERT INTO COMPLECTATION_OPTIONS(COMPLECTATION_ID, OPTION_MNEMONIC, OPTION_LABEL) VALUES (214, "TBO", "TURBO SYSTEM");
INSERT INTO COMPLECTATION_OPTIONS(COMPLECTATION_ID, OPTION_MNEMONIC, OPTION_LABEL) VALUES (214, "IV", "INCOMPLETE VEHICLES (CHASSIS & CAB)");
INSERT INTO COMPLECTATION(ID, FRAME_ID, NAME, URL, ENGINE_MNEMONIC, ENGINE_LABEL, PRODUCTION_PERIOD, BODY_MNEMONIC, BODY_LABEL, GRADE_MNEMONIC, GRADE_LABEL, TRANSMISSION_MNEMONIC, TRANSMISSION_LABEL) VALUES (215, 32, "RN61L-MDK", "https://toyota-europe.epc-data.com/4runner/rn61l/6141/", "22R", "2400CC", "08.1985 - 08.1987", "T1", "TRUCK(STANDARD DECK 1-SIDE OPEN)", "DLX", "DELUXE TYPE", "MTM", "MANUAL TRANSMISSION");
INSERT INTO COMPLECTATION_OPTIONS(COMPLECTATION_ID, OPTION_MNEMONIC, OPTION_LABEL) VALUES (215, "5F", "MTM,5-SPEED FLOOR SHIFT");
INSERT INTO COMPLECTATION_OPTIONS(COMPLECTATION_ID, OPTION_MNEMONIC, OPTION_LABEL) VALUES (215, "RCB", "REGULAR CAB");
INSERT INTO COMPLECTATION_OPTIONS(COMPLECTATION_ID, OPTION_MNEMONIC, OPTION_LABEL) VALUES (215, "G", "G TYPE TRANSMISSION");
INSERT INTO COMPLECTATION_OPTIONS(COMPLECTATION_ID, OPTION_MNEMONIC, OPTION_LABEL) VALUES (215, "HLF", "0.5TONS");
INSERT INTO COMPLECTATION_OPTIONS(COMPLECTATION_ID, OPTION_MNEMONIC, OPTION_LABEL) VALUES (215, "ST", "SINGLE TIRE");
INSERT INTO COMPLECTATION_OPTIONS(COMPLECTATION_ID, OPTION_MNEMONIC, OPTION_LABEL) VALUES (215, "CND", "CANADA");
INSERT INTO COMPLECTATION_OPTIONS(COMPLECTATION_ID, OPTION_MNEMONIC, OPTION_LABEL) VALUES (215, "CBR", "CARBURETOR SYSTEM");
INSERT INTO COMPLECTATION_OPTIONS(COMPLECTATION_ID, OPTION_MNEMONIC, OPTION_LABEL) VALUES (215, "CBU", "COMPLETELY BUILT UNIT");
INSERT INTO COMPLECTATION(ID, FRAME_ID, NAME, URL, ENGINE_MNEMONIC, ENGINE_LABEL, PRODUCTION_PERIOD, BODY_MNEMONIC, BODY_LABEL, GRADE_MNEMONIC, GRADE_LABEL, TRANSMISSION_MNEMONIC, TRANSMISSION_LABEL) VALUES (216, 32, "RN61L-MRA", "https://toyota-europe.epc-data.com/4runner/rn61l/6142/", "22R", "2400CC", "08.1985 - 08.1987", "T1", "TRUCK(STANDARD DECK 1-SIDE OPEN)", "STD", "STANDARD TYPE", "MTM", "MANUAL TRANSMISSION");
INSERT INTO COMPLECTATION_OPTIONS(COMPLECTATION_ID, OPTION_MNEMONIC, OPTION_LABEL) VALUES (216, "5F", "MTM,5-SPEED FLOOR SHIFT");
INSERT INTO COMPLECTATION_OPTIONS(COMPLECTATION_ID, OPTION_MNEMONIC, OPTION_LABEL) VALUES (216, "RCB", "REGULAR CAB");
INSERT INTO COMPLECTATION_OPTIONS(COMPLECTATION_ID, OPTION_MNEMONIC, OPTION_LABEL) VALUES (216, "G", "G TYPE TRANSMISSION");
INSERT INTO COMPLECTATION_OPTIONS(COMPLECTATION_ID, OPTION_MNEMONIC, OPTION_LABEL) VALUES (216, "HLF", "0.5TONS");
INSERT INTO COMPLECTATION_OPTIONS(COMPLECTATION_ID, OPTION_MNEMONIC, OPTION_LABEL) VALUES (216, "ST", "SINGLE TIRE");
INSERT INTO COMPLECTATION_OPTIONS(COMPLECTATION_ID, OPTION_MNEMONIC, OPTION_LABEL) VALUES (216, "USA", "UNITED STATES OF AMERICA");
INSERT INTO COMPLECTATION_OPTIONS(COMPLECTATION_ID, OPTION_MNEMONIC, OPTION_LABEL) VALUES (216, "CBR", "CARBURETOR SYSTEM");
INSERT INTO COMPLECTATION_OPTIONS(COMPLECTATION_ID, OPTION_MNEMONIC, OPTION_LABEL) VALUES (216, "CBU", "COMPLETELY BUILT UNIT");
INSERT INTO COMPLECTATION(ID, FRAME_ID, NAME, URL, ENGINE_MNEMONIC, ENGINE_LABEL, PRODUCTION_PERIOD, BODY_MNEMONIC, BODY_LABEL, GRADE_MNEMONIC, GRADE_LABEL, TRANSMISSION_MNEMONIC, TRANSMISSION_LABEL) VALUES (217, 32, "RN61L-MRA3", "https://toyota-europe.epc-data.com/4runner/rn61l/6143/", "22R", "2400CC", "08.1985 - 08.1987", "T1", "TRUCK(STANDARD DECK 1-SIDE OPEN)", "STD", "STANDARD TYPE", "MTM", "MANUAL TRANSMISSION");
INSERT INTO COMPLECTATION_OPTIONS(COMPLECTATION_ID, OPTION_MNEMONIC, OPTION_LABEL) VALUES (217, "5F", "MTM,5-SPEED FLOOR SHIFT");
INSERT INTO COMPLECTATION_OPTIONS(COMPLECTATION_ID, OPTION_MNEMONIC, OPTION_LABEL) VALUES (217, "RCB", "REGULAR CAB");
INSERT INTO COMPLECTATION_OPTIONS(COMPLECTATION_ID, OPTION_MNEMONIC, OPTION_LABEL) VALUES (217, "G", "G TYPE TRANSMISSION");
INSERT INTO COMPLECTATION_OPTIONS(COMPLECTATION_ID, OPTION_MNEMONIC, OPTION_LABEL) VALUES (217, "HLF", "0.5TONS");
INSERT INTO COMPLECTATION_OPTIONS(COMPLECTATION_ID, OPTION_MNEMONIC, OPTION_LABEL) VALUES (217, "ST", "SINGLE TIRE");
INSERT INTO COMPLECTATION_OPTIONS(COMPLECTATION_ID, OPTION_MNEMONIC, OPTION_LABEL) VALUES (217, "USA", "UNITED STATES OF AMERICA");
INSERT INTO COMPLECTATION_OPTIONS(COMPLECTATION_ID, OPTION_MNEMONIC, OPTION_LABEL) VALUES (217, "CBR", "CARBURETOR SYSTEM");
INSERT INTO COMPLECTATION_OPTIONS(COMPLECTATION_ID, OPTION_MNEMONIC, OPTION_LABEL) VALUES (217, "IV", "INCOMPLETE VEHICLES (CHASSIS & CAB)");
INSERT INTO COMPLECTATION(ID, FRAME_ID, NAME, URL, ENGINE_MNEMONIC, ENGINE_LABEL, PRODUCTION_PERIOD, BODY_MNEMONIC, BODY_LABEL, GRADE_MNEMONIC, GRADE_LABEL, TRANSMISSION_MNEMONIC, TRANSMISSION_LABEL) VALUES (218, 32, "RN61L-MREA", "https://toyota-europe.epc-data.com/4runner/rn61l/6136/", "22REC", "2400CC EFI", "08.1987 - 08.1988", "T1", "TRUCK(STANDARD DECK 1-SIDE OPEN)", "STD", "STANDARD TYPE", "MTM", "MANUAL TRANSMISSION");
INSERT INTO COMPLECTATION_OPTIONS(COMPLECTATION_ID, OPTION_MNEMONIC, OPTION_LABEL) VALUES (218, "5F", "MTM,5-SPEED FLOOR SHIFT");
INSERT INTO COMPLECTATION_OPTIONS(COMPLECTATION_ID, OPTION_MNEMONIC, OPTION_LABEL) VALUES (218, "RCB", "REGULAR CAB");
INSERT INTO COMPLECTATION_OPTIONS(COMPLECTATION_ID, OPTION_MNEMONIC, OPTION_LABEL) VALUES (218, "W", "W TYPE TRANSMISSION");
INSERT INTO COMPLECTATION_OPTIONS(COMPLECTATION_ID, OPTION_MNEMONIC, OPTION_LABEL) VALUES (218, "HLF", "0.5TONS");
INSERT INTO COMPLECTATION_OPTIONS(COMPLECTATION_ID, OPTION_MNEMONIC, OPTION_LABEL) VALUES (218, "ST", "SINGLE TIRE");
INSERT INTO COMPLECTATION_OPTIONS(COMPLECTATION_ID, OPTION_MNEMONIC, OPTION_LABEL) VALUES (218, "USA", "UNITED STATES OF AMERICA");
INSERT INTO COMPLECTATION_OPTIONS(COMPLECTATION_ID, OPTION_MNEMONIC, OPTION_LABEL) VALUES (218, "EFI", "ELECTRIC FUEL INJECTION SYSTEM");
INSERT INTO COMPLECTATION_OPTIONS(COMPLECTATION_ID, OPTION_MNEMONIC, OPTION_LABEL) VALUES (218, "CBU", "COMPLETELY BUILT UNIT");
INSERT INTO COMPLECTATION(ID, FRAME_ID, NAME, URL, ENGINE_MNEMONIC, ENGINE_LABEL, PRODUCTION_PERIOD, BODY_MNEMONIC, BODY_LABEL, GRADE_MNEMONIC, GRADE_LABEL, TRANSMISSION_MNEMONIC, TRANSMISSION_LABEL) VALUES (219, 32, "RN61L-MREA3", "https://toyota-europe.epc-data.com/4runner/rn61l/6137/", "22REC", "2400CC EFI", "08.1987 - 08.1988", "T1", "TRUCK(STANDARD DECK 1-SIDE OPEN)", "STD", "STANDARD TYPE", "MTM", "MANUAL TRANSMISSION");
INSERT INTO COMPLECTATION_OPTIONS(COMPLECTATION_ID, OPTION_MNEMONIC, OPTION_LABEL) VALUES (219, "5F", "MTM,5-SPEED FLOOR SHIFT");
INSERT INTO COMPLECTATION_OPTIONS(COMPLECTATION_ID, OPTION_MNEMONIC, OPTION_LABEL) VALUES (219, "RCB", "REGULAR CAB");
INSERT INTO COMPLECTATION_OPTIONS(COMPLECTATION_ID, OPTION_MNEMONIC, OPTION_LABEL) VALUES (219, "W", "W TYPE TRANSMISSION");
INSERT INTO COMPLECTATION_OPTIONS(COMPLECTATION_ID, OPTION_MNEMONIC, OPTION_LABEL) VALUES (219, "HLF", "0.5TONS");
INSERT INTO COMPLECTATION_OPTIONS(COMPLECTATION_ID, OPTION_MNEMONIC, OPTION_LABEL) VALUES (219, "ST", "SINGLE TIRE");
INSERT INTO COMPLECTATION_OPTIONS(COMPLECTATION_ID, OPTION_MNEMONIC, OPTION_LABEL) VALUES (219, "USA", "UNITED STATES OF AMERICA");
INSERT INTO COMPLECTATION_OPTIONS(COMPLECTATION_ID, OPTION_MNEMONIC, OPTION_LABEL) VALUES (219, "EFI", "ELECTRIC FUEL INJECTION SYSTEM");
INSERT INTO COMPLECTATION_OPTIONS(COMPLECTATION_ID, OPTION_MNEMONIC, OPTION_LABEL) VALUES (219, "IV", "INCOMPLETE VEHICLES (CHASSIS & CAB)");
INSERT INTO COMPLECTATION(ID, FRAME_ID, NAME, URL, ENGINE_MNEMONIC, ENGINE_LABEL, PRODUCTION_PERIOD, BODY_MNEMONIC, BODY_LABEL, GRADE_MNEMONIC, GRADE_LABEL, TRANSMISSION_MNEMONIC, TRANSMISSION_LABEL) VALUES (220, 32, "RN61L-MREK", "https://toyota-europe.epc-data.com/4runner/rn61l/6138/", "22REC", "2400CC EFI", "08.1987 - 08.1988", "T1", "TRUCK(STANDARD DECK 1-SIDE OPEN)", "STD", "STANDARD TYPE", "MTM", "MANUAL TRANSMISSION");
INSERT INTO COMPLECTATION_OPTIONS(COMPLECTATION_ID, OPTION_MNEMONIC, OPTION_LABEL) VALUES (220, "5F", "MTM,5-SPEED FLOOR SHIFT");
INSERT INTO COMPLECTATION_OPTIONS(COMPLECTATION_ID, OPTION_MNEMONIC, OPTION_LABEL) VALUES (220, "RCB", "REGULAR CAB");
INSERT INTO COMPLECTATION_OPTIONS(COMPLECTATION_ID, OPTION_MNEMONIC, OPTION_LABEL) VALUES (220, "W", "W TYPE TRANSMISSION");
INSERT INTO COMPLECTATION_OPTIONS(COMPLECTATION_ID, OPTION_MNEMONIC, OPTION_LABEL) VALUES (220, "HLF", "0.5TONS");
INSERT INTO COMPLECTATION_OPTIONS(COMPLECTATION_ID, OPTION_MNEMONIC, OPTION_LABEL) VALUES (220, "ST", "SINGLE TIRE");
INSERT INTO COMPLECTATION_OPTIONS(COMPLECTATION_ID, OPTION_MNEMONIC, OPTION_LABEL) VALUES (220, "CND", "CANADA");
INSERT INTO COMPLECTATION_OPTIONS(COMPLECTATION_ID, OPTION_MNEMONIC, OPTION_LABEL) VALUES (220, "EFI", "ELECTRIC FUEL INJECTION SYSTEM");
INSERT INTO COMPLECTATION_OPTIONS(COMPLECTATION_ID, OPTION_MNEMONIC, OPTION_LABEL) VALUES (220, "CBU", "COMPLETELY BUILT UNIT");
INSERT INTO COMPLECTATION(ID, FRAME_ID, NAME, URL, ENGINE_MNEMONIC, ENGINE_LABEL, PRODUCTION_PERIOD, BODY_MNEMONIC, BODY_LABEL, GRADE_MNEMONIC, GRADE_LABEL, TRANSMISSION_MNEMONIC, TRANSMISSION_LABEL) VALUES (221, 32, "RN61L-MSEA", "https://toyota-europe.epc-data.com/4runner/rn61l/6144/", "22REC", "2400CC EFI", "08.1985 - 08.1988", "T1", "TRUCK(STANDARD DECK 1-SIDE OPEN)", "SR5", "SR-5 TYPE", "MTM", "MANUAL TRANSMISSION");
INSERT INTO COMPLECTATION_OPTIONS(COMPLECTATION_ID, OPTION_MNEMONIC, OPTION_LABEL) VALUES (221, "5F", "MTM,5-SPEED FLOOR SHIFT");
INSERT INTO COMPLECTATION_OPTIONS(COMPLECTATION_ID, OPTION_MNEMONIC, OPTION_LABEL) VALUES (221, "RCB", "REGULAR CAB");
INSERT INTO COMPLECTATION_OPTIONS(COMPLECTATION_ID, OPTION_MNEMONIC, OPTION_LABEL) VALUES (221, "W", "W TYPE TRANSMISSION");
INSERT INTO COMPLECTATION_OPTIONS(COMPLECTATION_ID, OPTION_MNEMONIC, OPTION_LABEL) VALUES (221, "HLF", "0.5TONS");
INSERT INTO COMPLECTATION_OPTIONS(COMPLECTATION_ID, OPTION_MNEMONIC, OPTION_LABEL) VALUES (221, "ST", "SINGLE TIRE");
INSERT INTO COMPLECTATION_OPTIONS(COMPLECTATION_ID, OPTION_MNEMONIC, OPTION_LABEL) VALUES (221, "USA", "UNITED STATES OF AMERICA");
INSERT INTO COMPLECTATION_OPTIONS(COMPLECTATION_ID, OPTION_MNEMONIC, OPTION_LABEL) VALUES (221, "EFI", "ELECTRIC FUEL INJECTION SYSTEM");
INSERT INTO COMPLECTATION_OPTIONS(COMPLECTATION_ID, OPTION_MNEMONIC, OPTION_LABEL) VALUES (221, "CBU", "COMPLETELY BUILT UNIT");
INSERT INTO COMPLECTATION(ID, FRAME_ID, NAME, URL, ENGINE_MNEMONIC, ENGINE_LABEL, PRODUCTION_PERIOD, BODY_MNEMONIC, BODY_LABEL, GRADE_MNEMONIC, GRADE_LABEL, TRANSMISSION_MNEMONIC, TRANSMISSION_LABEL) VALUES (222, 32, "RN61L-MSEA3", "https://toyota-europe.epc-data.com/4runner/rn61l/6145/", "22REC", "2400CC EFI", "08.1985 - 08.1988", "T1", "TRUCK(STANDARD DECK 1-SIDE OPEN)", "SR5", "SR-5 TYPE", "MTM", "MANUAL TRANSMISSION");
INSERT INTO COMPLECTATION_OPTIONS(COMPLECTATION_ID, OPTION_MNEMONIC, OPTION_LABEL) VALUES (222, "5F", "MTM,5-SPEED FLOOR SHIFT");
INSERT INTO COMPLECTATION_OPTIONS(COMPLECTATION_ID, OPTION_MNEMONIC, OPTION_LABEL) VALUES (222, "RCB", "REGULAR CAB");
INSERT INTO COMPLECTATION_OPTIONS(COMPLECTATION_ID, OPTION_MNEMONIC, OPTION_LABEL) VALUES (222, "W", "W TYPE TRANSMISSION");
INSERT INTO COMPLECTATION_OPTIONS(COMPLECTATION_ID, OPTION_MNEMONIC, OPTION_LABEL) VALUES (222, "HLF", "0.5TONS");
INSERT INTO COMPLECTATION_OPTIONS(COMPLECTATION_ID, OPTION_MNEMONIC, OPTION_LABEL) VALUES (222, "ST", "SINGLE TIRE");
INSERT INTO COMPLECTATION_OPTIONS(COMPLECTATION_ID, OPTION_MNEMONIC, OPTION_LABEL) VALUES (222, "USA", "UNITED STATES OF AMERICA");
INSERT INTO COMPLECTATION_OPTIONS(COMPLECTATION_ID, OPTION_MNEMONIC, OPTION_LABEL) VALUES (222, "EFI", "ELECTRIC FUEL INJECTION SYSTEM");
INSERT INTO COMPLECTATION_OPTIONS(COMPLECTATION_ID, OPTION_MNEMONIC, OPTION_LABEL) VALUES (222, "IV", "INCOMPLETE VEHICLES (CHASSIS & CAB)");
INSERT INTO COMPLECTATION(ID, FRAME_ID, NAME, URL, ENGINE_MNEMONIC, ENGINE_LABEL, PRODUCTION_PERIOD, BODY_MNEMONIC, BODY_LABEL, GRADE_MNEMONIC, GRADE_LABEL, TRANSMISSION_MNEMONIC, TRANSMISSION_LABEL) VALUES (223, 32, "RN61LG-MDEA", "https://toyota-europe.epc-data.com/4runner/rn61l/6029/", "22REC", "2400CC EFI", "08.1985 - 03.1989", "WG", "WAGON(4-RUNNER)", "DLX", "DELUXE TYPE", "MTM", "MANUAL TRANSMISSION");
INSERT INTO COMPLECTATION_OPTIONS(COMPLECTATION_ID, OPTION_MNEMONIC, OPTION_LABEL) VALUES (223, "5F", "MTM,5-SPEED FLOOR SHIFT");
INSERT INTO COMPLECTATION_OPTIONS(COMPLECTATION_ID, OPTION_MNEMONIC, OPTION_LABEL) VALUES (223, "W", "W TYPE TRANSMISSION");
INSERT INTO COMPLECTATION_OPTIONS(COMPLECTATION_ID, OPTION_MNEMONIC, OPTION_LABEL) VALUES (223, "ST", "SINGLE TIRE");
INSERT INTO COMPLECTATION_OPTIONS(COMPLECTATION_ID, OPTION_MNEMONIC, OPTION_LABEL) VALUES (223, "USA", "UNITED STATES OF AMERICA");
INSERT INTO COMPLECTATION_OPTIONS(COMPLECTATION_ID, OPTION_MNEMONIC, OPTION_LABEL) VALUES (223, "EFI", "ELECTRIC FUEL INJECTION SYSTEM");
INSERT INTO COMPLECTATION_OPTIONS(COMPLECTATION_ID, OPTION_MNEMONIC, OPTION_LABEL) VALUES (223, "CBU", "COMPLETELY BUILT UNIT");
INSERT INTO COMPLECTATION(ID, FRAME_ID, NAME, URL, ENGINE_MNEMONIC, ENGINE_LABEL, PRODUCTION_PERIOD, BODY_MNEMONIC, BODY_LABEL, GRADE_MNEMONIC, GRADE_LABEL, TRANSMISSION_MNEMONIC, TRANSMISSION_LABEL) VALUES (224, 32, "RN61LG-MSEA", "https://toyota-europe.epc-data.com/4runner/rn61l/6031/", "22REC", "2400CC EFI", "08.1985 - 03.1989", "WG", "WAGON(4-RUNNER)", "SR5", "SR-5 TYPE", "MTM", "MANUAL TRANSMISSION");
INSERT INTO COMPLECTATION_OPTIONS(COMPLECTATION_ID, OPTION_MNEMONIC, OPTION_LABEL) VALUES (224, "5F", "MTM,5-SPEED FLOOR SHIFT");
INSERT INTO COMPLECTATION_OPTIONS(COMPLECTATION_ID, OPTION_MNEMONIC, OPTION_LABEL) VALUES (224, "W", "W TYPE TRANSMISSION");
INSERT INTO COMPLECTATION_OPTIONS(COMPLECTATION_ID, OPTION_MNEMONIC, OPTION_LABEL) VALUES (224, "ST", "SINGLE TIRE");
INSERT INTO COMPLECTATION_OPTIONS(COMPLECTATION_ID, OPTION_MNEMONIC, OPTION_LABEL) VALUES (224, "USA", "UNITED STATES OF AMERICA");
INSERT INTO COMPLECTATION_OPTIONS(COMPLECTATION_ID, OPTION_MNEMONIC, OPTION_LABEL) VALUES (224, "EFI", "ELECTRIC FUEL INJECTION SYSTEM");
INSERT INTO COMPLECTATION_OPTIONS(COMPLECTATION_ID, OPTION_MNEMONIC, OPTION_LABEL) VALUES (224, "CBU", "COMPLETELY BUILT UNIT");
INSERT INTO COMPLECTATION(ID, FRAME_ID, NAME, URL, ENGINE_MNEMONIC, ENGINE_LABEL, PRODUCTION_PERIOD, BODY_MNEMONIC, BODY_LABEL, GRADE_MNEMONIC, GRADE_LABEL, TRANSMISSION_MNEMONIC, TRANSMISSION_LABEL) VALUES (225, 32, "RN61LG-PDEA", "https://toyota-europe.epc-data.com/4runner/rn61l/6030/", "22REC", "2400CC EFI", "08.1985 - 03.1989", "WG", "WAGON(4-RUNNER)", "DLX", "DELUXE TYPE", "ATM", "AUTOMATIC TRANSMISSION");
INSERT INTO COMPLECTATION_OPTIONS(COMPLECTATION_ID, OPTION_MNEMONIC, OPTION_LABEL) VALUES (225, "4FC", "ATM,4-SPEED FLOOR SHIFT");
INSERT INTO COMPLECTATION_OPTIONS(COMPLECTATION_ID, OPTION_MNEMONIC, OPTION_LABEL) VALUES (225, "ST", "SINGLE TIRE");
INSERT INTO COMPLECTATION_OPTIONS(COMPLECTATION_ID, OPTION_MNEMONIC, OPTION_LABEL) VALUES (225, "USA", "UNITED STATES OF AMERICA");
INSERT INTO COMPLECTATION_OPTIONS(COMPLECTATION_ID, OPTION_MNEMONIC, OPTION_LABEL) VALUES (225, "EFI", "ELECTRIC FUEL INJECTION SYSTEM");
INSERT INTO COMPLECTATION_OPTIONS(COMPLECTATION_ID, OPTION_MNEMONIC, OPTION_LABEL) VALUES (225, "CBU", "COMPLETELY BUILT UNIT");
INSERT INTO COMPLECTATION(ID, FRAME_ID, NAME, URL, ENGINE_MNEMONIC, ENGINE_LABEL, PRODUCTION_PERIOD, BODY_MNEMONIC, BODY_LABEL, GRADE_MNEMONIC, GRADE_LABEL, TRANSMISSION_MNEMONIC, TRANSMISSION_LABEL) VALUES (226, 32, "RN61LG-PGZA", "https://toyota-europe.epc-data.com/4runner/rn61l/6038/", "22RTEC", "2400CC", "08.1985 - 08.1987", "WG", "WAGON(4-RUNNER)", "SRT", "SR-5 TYPE (WITH TURBO)", "ATM", "AUTOMATIC TRANSMISSION");
INSERT INTO COMPLECTATION_OPTIONS(COMPLECTATION_ID, OPTION_MNEMONIC, OPTION_LABEL) VALUES (226, "4FC", "ATM,4-SPEED FLOOR SHIFT");
INSERT INTO COMPLECTATION_OPTIONS(COMPLECTATION_ID, OPTION_MNEMONIC, OPTION_LABEL) VALUES (226, "ST", "SINGLE TIRE");
INSERT INTO COMPLECTATION_OPTIONS(COMPLECTATION_ID, OPTION_MNEMONIC, OPTION_LABEL) VALUES (226, "USA", "UNITED STATES OF AMERICA");
INSERT INTO COMPLECTATION_OPTIONS(COMPLECTATION_ID, OPTION_MNEMONIC, OPTION_LABEL) VALUES (226, "TBO", "TURBO SYSTEM");
INSERT INTO COMPLECTATION_OPTIONS(COMPLECTATION_ID, OPTION_MNEMONIC, OPTION_LABEL) VALUES (226, "CBU", "COMPLETELY BUILT UNIT");
INSERT INTO COMPLECTATION(ID, FRAME_ID, NAME, URL, ENGINE_MNEMONIC, ENGINE_LABEL, PRODUCTION_PERIOD, BODY_MNEMONIC, BODY_LABEL, GRADE_MNEMONIC, GRADE_LABEL, TRANSMISSION_MNEMONIC, TRANSMISSION_LABEL) VALUES (227, 32, "RN61LG-PSEA", "https://toyota-europe.epc-data.com/4runner/rn61l/6032/", "22REC", "2400CC EFI", "08.1988 - 03.1989", "WG", "WAGON(4-RUNNER)", "SR5", "SR-5 TYPE", "ATM", "AUTOMATIC TRANSMISSION");
INSERT INTO COMPLECTATION_OPTIONS(COMPLECTATION_ID, OPTION_MNEMONIC, OPTION_LABEL) VALUES (227, "4FC", "ATM,4-SPEED FLOOR SHIFT");
INSERT INTO COMPLECTATION_OPTIONS(COMPLECTATION_ID, OPTION_MNEMONIC, OPTION_LABEL) VALUES (227, "ST", "SINGLE TIRE");
INSERT INTO COMPLECTATION_OPTIONS(COMPLECTATION_ID, OPTION_MNEMONIC, OPTION_LABEL) VALUES (227, "USA", "UNITED STATES OF AMERICA");
INSERT INTO COMPLECTATION_OPTIONS(COMPLECTATION_ID, OPTION_MNEMONIC, OPTION_LABEL) VALUES (227, "EFI", "ELECTRIC FUEL INJECTION SYSTEM");
INSERT INTO COMPLECTATION_OPTIONS(COMPLECTATION_ID, OPTION_MNEMONIC, OPTION_LABEL) VALUES (227, "CBU", "COMPLETELY BUILT UNIT");
INSERT INTO COMPLECTATION(ID, FRAME_ID, NAME, URL, ENGINE_MNEMONIC, ENGINE_LABEL, PRODUCTION_PERIOD, BODY_MNEMONIC, BODY_LABEL, GRADE_MNEMONIC, GRADE_LABEL, TRANSMISSION_MNEMONIC, TRANSMISSION_LABEL) VALUES (228, 32, "RN61LV-MDEA", "https://toyota-europe.epc-data.com/4runner/rn61l/6128/", "22REC", "2400CC EFI", "08.1985 - 03.1989", "V", "VAN", "DLX", "DELUXE TYPE", "MTM", "MANUAL TRANSMISSION");
INSERT INTO COMPLECTATION_OPTIONS(COMPLECTATION_ID, OPTION_MNEMONIC, OPTION_LABEL) VALUES (228, "5F", "MTM,5-SPEED FLOOR SHIFT");
INSERT INTO COMPLECTATION_OPTIONS(COMPLECTATION_ID, OPTION_MNEMONIC, OPTION_LABEL) VALUES (228, "W", "W TYPE TRANSMISSION");
INSERT INTO COMPLECTATION_OPTIONS(COMPLECTATION_ID, OPTION_MNEMONIC, OPTION_LABEL) VALUES (228, "ST", "SINGLE TIRE");
INSERT INTO COMPLECTATION_OPTIONS(COMPLECTATION_ID, OPTION_MNEMONIC, OPTION_LABEL) VALUES (228, "USA", "UNITED STATES OF AMERICA");
INSERT INTO COMPLECTATION_OPTIONS(COMPLECTATION_ID, OPTION_MNEMONIC, OPTION_LABEL) VALUES (228, "EFI", "ELECTRIC FUEL INJECTION SYSTEM");
INSERT INTO COMPLECTATION_OPTIONS(COMPLECTATION_ID, OPTION_MNEMONIC, OPTION_LABEL) VALUES (228, "CBU", "COMPLETELY BUILT UNIT");
INSERT INTO COMPLECTATION(ID, FRAME_ID, NAME, URL, ENGINE_MNEMONIC, ENGINE_LABEL, PRODUCTION_PERIOD, BODY_MNEMONIC, BODY_LABEL, GRADE_MNEMONIC, GRADE_LABEL, TRANSMISSION_MNEMONIC, TRANSMISSION_LABEL) VALUES (229, 32, "RN61LV-MDEK", "https://toyota-europe.epc-data.com/4runner/rn61l/6129/", "22REC", "2400CC EFI", "08.1987 - 03.1989", "V", "VAN", "DLX", "DELUXE TYPE", "MTM", "MANUAL TRANSMISSION");
INSERT INTO COMPLECTATION_OPTIONS(COMPLECTATION_ID, OPTION_MNEMONIC, OPTION_LABEL) VALUES (229, "5F", "MTM,5-SPEED FLOOR SHIFT");
INSERT INTO COMPLECTATION_OPTIONS(COMPLECTATION_ID, OPTION_MNEMONIC, OPTION_LABEL) VALUES (229, "W", "W TYPE TRANSMISSION");
INSERT INTO COMPLECTATION_OPTIONS(COMPLECTATION_ID, OPTION_MNEMONIC, OPTION_LABEL) VALUES (229, "ST", "SINGLE TIRE");
INSERT INTO COMPLECTATION_OPTIONS(COMPLECTATION_ID, OPTION_MNEMONIC, OPTION_LABEL) VALUES (229, "CND", "CANADA");
INSERT INTO COMPLECTATION_OPTIONS(COMPLECTATION_ID, OPTION_MNEMONIC, OPTION_LABEL) VALUES (229, "EFI", "ELECTRIC FUEL INJECTION SYSTEM");
INSERT INTO COMPLECTATION_OPTIONS(COMPLECTATION_ID, OPTION_MNEMONIC, OPTION_LABEL) VALUES (229, "CBU", "COMPLETELY BUILT UNIT");
INSERT INTO COMPLECTATION(ID, FRAME_ID, NAME, URL, ENGINE_MNEMONIC, ENGINE_LABEL, PRODUCTION_PERIOD, BODY_MNEMONIC, BODY_LABEL, GRADE_MNEMONIC, GRADE_LABEL, TRANSMISSION_MNEMONIC, TRANSMISSION_LABEL) VALUES (230, 32, "RN61LV-MSEA", "https://toyota-europe.epc-data.com/4runner/rn61l/6132/", "22REC", "2400CC EFI", "08.1986 - 08.1988", "V", "VAN", "SR5", "SR-5 TYPE", "MTM", "MANUAL TRANSMISSION");
INSERT INTO COMPLECTATION_OPTIONS(COMPLECTATION_ID, OPTION_MNEMONIC, OPTION_LABEL) VALUES (230, "5F", "MTM,5-SPEED FLOOR SHIFT");
INSERT INTO COMPLECTATION_OPTIONS(COMPLECTATION_ID, OPTION_MNEMONIC, OPTION_LABEL) VALUES (230, "W", "W TYPE TRANSMISSION");
INSERT INTO COMPLECTATION_OPTIONS(COMPLECTATION_ID, OPTION_MNEMONIC, OPTION_LABEL) VALUES (230, "ST", "SINGLE TIRE");
INSERT INTO COMPLECTATION_OPTIONS(COMPLECTATION_ID, OPTION_MNEMONIC, OPTION_LABEL) VALUES (230, "USA", "UNITED STATES OF AMERICA");
INSERT INTO COMPLECTATION_OPTIONS(COMPLECTATION_ID, OPTION_MNEMONIC, OPTION_LABEL) VALUES (230, "EFI", "ELECTRIC FUEL INJECTION SYSTEM");
INSERT INTO COMPLECTATION_OPTIONS(COMPLECTATION_ID, OPTION_MNEMONIC, OPTION_LABEL) VALUES (230, "CBU", "COMPLETELY BUILT UNIT");
INSERT INTO COMPLECTATION(ID, FRAME_ID, NAME, URL, ENGINE_MNEMONIC, ENGINE_LABEL, PRODUCTION_PERIOD, BODY_MNEMONIC, BODY_LABEL, GRADE_MNEMONIC, GRADE_LABEL, TRANSMISSION_MNEMONIC, TRANSMISSION_LABEL) VALUES (231, 32, "RN61LV-MSEK", "https://toyota-europe.epc-data.com/4runner/rn61l/6133/", "22REC", "2400CC EFI", "08.1985 - 03.1989", "V", "VAN", "SR5", "SR-5 TYPE", "MTM", "MANUAL TRANSMISSION");
INSERT INTO COMPLECTATION_OPTIONS(COMPLECTATION_ID, OPTION_MNEMONIC, OPTION_LABEL) VALUES (231, "5F", "MTM,5-SPEED FLOOR SHIFT");
INSERT INTO COMPLECTATION_OPTIONS(COMPLECTATION_ID, OPTION_MNEMONIC, OPTION_LABEL) VALUES (231, "W", "W TYPE TRANSMISSION");
INSERT INTO COMPLECTATION_OPTIONS(COMPLECTATION_ID, OPTION_MNEMONIC, OPTION_LABEL) VALUES (231, "ST", "SINGLE TIRE");
INSERT INTO COMPLECTATION_OPTIONS(COMPLECTATION_ID, OPTION_MNEMONIC, OPTION_LABEL) VALUES (231, "CND", "CANADA");
INSERT INTO COMPLECTATION_OPTIONS(COMPLECTATION_ID, OPTION_MNEMONIC, OPTION_LABEL) VALUES (231, "EFI", "ELECTRIC FUEL INJECTION SYSTEM");
INSERT INTO COMPLECTATION_OPTIONS(COMPLECTATION_ID, OPTION_MNEMONIC, OPTION_LABEL) VALUES (231, "CBU", "COMPLETELY BUILT UNIT");
INSERT INTO COMPLECTATION(ID, FRAME_ID, NAME, URL, ENGINE_MNEMONIC, ENGINE_LABEL, PRODUCTION_PERIOD, BODY_MNEMONIC, BODY_LABEL, GRADE_MNEMONIC, GRADE_LABEL, TRANSMISSION_MNEMONIC, TRANSMISSION_LABEL) VALUES (232, 32, "RN61LV-PDEA", "https://toyota-europe.epc-data.com/4runner/rn61l/6130/", "22REC", "2400CC EFI", "08.1985 - 03.1989", "V", "VAN", "DLX", "DELUXE TYPE", "ATM", "AUTOMATIC TRANSMISSION");
INSERT INTO COMPLECTATION_OPTIONS(COMPLECTATION_ID, OPTION_MNEMONIC, OPTION_LABEL) VALUES (232, "4FC", "ATM,4-SPEED FLOOR SHIFT");
INSERT INTO COMPLECTATION_OPTIONS(COMPLECTATION_ID, OPTION_MNEMONIC, OPTION_LABEL) VALUES (232, "ST", "SINGLE TIRE");
INSERT INTO COMPLECTATION_OPTIONS(COMPLECTATION_ID, OPTION_MNEMONIC, OPTION_LABEL) VALUES (232, "USA", "UNITED STATES OF AMERICA");
INSERT INTO COMPLECTATION_OPTIONS(COMPLECTATION_ID, OPTION_MNEMONIC, OPTION_LABEL) VALUES (232, "EFI", "ELECTRIC FUEL INJECTION SYSTEM");
INSERT INTO COMPLECTATION_OPTIONS(COMPLECTATION_ID, OPTION_MNEMONIC, OPTION_LABEL) VALUES (232, "CBU", "COMPLETELY BUILT UNIT");
INSERT INTO COMPLECTATION(ID, FRAME_ID, NAME, URL, ENGINE_MNEMONIC, ENGINE_LABEL, PRODUCTION_PERIOD, BODY_MNEMONIC, BODY_LABEL, GRADE_MNEMONIC, GRADE_LABEL, TRANSMISSION_MNEMONIC, TRANSMISSION_LABEL) VALUES (233, 32, "RN61LV-PDEK", "https://toyota-europe.epc-data.com/4runner/rn61l/6131/", "22REC", "2400CC EFI", "08.1987 - 03.1989", "V", "VAN", "DLX", "DELUXE TYPE", "ATM", "AUTOMATIC TRANSMISSION");
INSERT INTO COMPLECTATION_OPTIONS(COMPLECTATION_ID, OPTION_MNEMONIC, OPTION_LABEL) VALUES (233, "4FC", "ATM,4-SPEED FLOOR SHIFT");
INSERT INTO COMPLECTATION_OPTIONS(COMPLECTATION_ID, OPTION_MNEMONIC, OPTION_LABEL) VALUES (233, "ST", "SINGLE TIRE");
INSERT INTO COMPLECTATION_OPTIONS(COMPLECTATION_ID, OPTION_MNEMONIC, OPTION_LABEL) VALUES (233, "CND", "CANADA");
INSERT INTO COMPLECTATION_OPTIONS(COMPLECTATION_ID, OPTION_MNEMONIC, OPTION_LABEL) VALUES (233, "EFI", "ELECTRIC FUEL INJECTION SYSTEM");
INSERT INTO COMPLECTATION_OPTIONS(COMPLECTATION_ID, OPTION_MNEMONIC, OPTION_LABEL) VALUES (233, "CBU", "COMPLETELY BUILT UNIT");
INSERT INTO COMPLECTATION(ID, FRAME_ID, NAME, URL, ENGINE_MNEMONIC, ENGINE_LABEL, PRODUCTION_PERIOD, BODY_MNEMONIC, BODY_LABEL, GRADE_MNEMONIC, GRADE_LABEL, TRANSMISSION_MNEMONIC, TRANSMISSION_LABEL) VALUES (234, 32, "RN61LV-PGZK", "https://toyota-europe.epc-data.com/4runner/rn61l/6022/", "22RTEC", "2400CC", "08.1985 - 08.1986", "V", "VAN", "SRT", "SR-5 TYPE (WITH TURBO)", "ATM", "AUTOMATIC TRANSMISSION");
INSERT INTO COMPLECTATION_OPTIONS(COMPLECTATION_ID, OPTION_MNEMONIC, OPTION_LABEL) VALUES (234, "4FC", "ATM,4-SPEED FLOOR SHIFT");
INSERT INTO COMPLECTATION_OPTIONS(COMPLECTATION_ID, OPTION_MNEMONIC, OPTION_LABEL) VALUES (234, "ST", "SINGLE TIRE");
INSERT INTO COMPLECTATION_OPTIONS(COMPLECTATION_ID, OPTION_MNEMONIC, OPTION_LABEL) VALUES (234, "CND", "CANADA");
INSERT INTO COMPLECTATION_OPTIONS(COMPLECTATION_ID, OPTION_MNEMONIC, OPTION_LABEL) VALUES (234, "TBO", "TURBO SYSTEM");
INSERT INTO COMPLECTATION_OPTIONS(COMPLECTATION_ID, OPTION_MNEMONIC, OPTION_LABEL) VALUES (234, "CBU", "COMPLETELY BUILT UNIT");
INSERT INTO COMPLECTATION(ID, FRAME_ID, NAME, URL, ENGINE_MNEMONIC, ENGINE_LABEL, PRODUCTION_PERIOD, BODY_MNEMONIC, BODY_LABEL, GRADE_MNEMONIC, GRADE_LABEL, TRANSMISSION_MNEMONIC, TRANSMISSION_LABEL) VALUES (235, 32, "RN61LV-PSEA", "https://toyota-europe.epc-data.com/4runner/rn61l/6134/", "22REC", "2400CC EFI", "08.1986 - 08.1988", "V", "VAN", "SR5", "SR-5 TYPE", "ATM", "AUTOMATIC TRANSMISSION");
INSERT INTO COMPLECTATION_OPTIONS(COMPLECTATION_ID, OPTION_MNEMONIC, OPTION_LABEL) VALUES (235, "4FC", "ATM,4-SPEED FLOOR SHIFT");
INSERT INTO COMPLECTATION_OPTIONS(COMPLECTATION_ID, OPTION_MNEMONIC, OPTION_LABEL) VALUES (235, "ST", "SINGLE TIRE");
INSERT INTO COMPLECTATION_OPTIONS(COMPLECTATION_ID, OPTION_MNEMONIC, OPTION_LABEL) VALUES (235, "USA", "UNITED STATES OF AMERICA");
INSERT INTO COMPLECTATION_OPTIONS(COMPLECTATION_ID, OPTION_MNEMONIC, OPTION_LABEL) VALUES (235, "EFI", "ELECTRIC FUEL INJECTION SYSTEM");
INSERT INTO COMPLECTATION_OPTIONS(COMPLECTATION_ID, OPTION_MNEMONIC, OPTION_LABEL) VALUES (235, "CBU", "COMPLETELY BUILT UNIT");
INSERT INTO COMPLECTATION(ID, FRAME_ID, NAME, URL, ENGINE_MNEMONIC, ENGINE_LABEL, PRODUCTION_PERIOD, BODY_MNEMONIC, BODY_LABEL, GRADE_MNEMONIC, GRADE_LABEL, TRANSMISSION_MNEMONIC, TRANSMISSION_LABEL) VALUES (236, 32, "RN61LV-PSEK", "https://toyota-europe.epc-data.com/4runner/rn61l/6135/", "22REC", "2400CC EFI", "08.1985 - 08.1987", "V", "VAN", "SR5", "SR-5 TYPE", "ATM", "AUTOMATIC TRANSMISSION");
INSERT INTO COMPLECTATION_OPTIONS(COMPLECTATION_ID, OPTION_MNEMONIC, OPTION_LABEL) VALUES (236, "4FC", "ATM,4-SPEED FLOOR SHIFT");
INSERT INTO COMPLECTATION_OPTIONS(COMPLECTATION_ID, OPTION_MNEMONIC, OPTION_LABEL) VALUES (236, "ST", "SINGLE TIRE");
INSERT INTO COMPLECTATION_OPTIONS(COMPLECTATION_ID, OPTION_MNEMONIC, OPTION_LABEL) VALUES (236, "CND", "CANADA");
INSERT INTO COMPLECTATION_OPTIONS(COMPLECTATION_ID, OPTION_MNEMONIC, OPTION_LABEL) VALUES (236, "EFI", "ELECTRIC FUEL INJECTION SYSTEM");
INSERT INTO COMPLECTATION_OPTIONS(COMPLECTATION_ID, OPTION_MNEMONIC, OPTION_LABEL) VALUES (236, "CBU", "COMPLETELY BUILT UNIT");
INSERT INTO FRAME(ID, MODEL_ID, NAME, URL) VALUES (33, 5, "RN61LG", "https://toyota-europe.epc-data.com/4runner/rn61lg");
INSERT INTO COMPLECTATION(ID, FRAME_ID, NAME, URL, ENGINE_MNEMONIC, ENGINE_LABEL, PRODUCTION_PERIOD, BODY_MNEMONIC, BODY_LABEL, GRADE_MNEMONIC, GRADE_LABEL, TRANSMISSION_MNEMONIC, TRANSMISSION_LABEL) VALUES (237, 33, "RN61LG-MDEA", "https://toyota-europe.epc-data.com/4runner/rn61lg/6029/", "22REC", "2400CC EFI", "08.1985 - 03.1989", "WG", "WAGON(4-RUNNER)", "DLX", "DELUXE TYPE", "MTM", "MANUAL TRANSMISSION");
INSERT INTO COMPLECTATION_OPTIONS(COMPLECTATION_ID, OPTION_MNEMONIC, OPTION_LABEL) VALUES (237, "5F", "MTM,5-SPEED FLOOR SHIFT");
INSERT INTO COMPLECTATION_OPTIONS(COMPLECTATION_ID, OPTION_MNEMONIC, OPTION_LABEL) VALUES (237, "W", "W TYPE TRANSMISSION");
INSERT INTO COMPLECTATION_OPTIONS(COMPLECTATION_ID, OPTION_MNEMONIC, OPTION_LABEL) VALUES (237, "ST", "SINGLE TIRE");
INSERT INTO COMPLECTATION_OPTIONS(COMPLECTATION_ID, OPTION_MNEMONIC, OPTION_LABEL) VALUES (237, "USA", "UNITED STATES OF AMERICA");
INSERT INTO COMPLECTATION_OPTIONS(COMPLECTATION_ID, OPTION_MNEMONIC, OPTION_LABEL) VALUES (237, "EFI", "ELECTRIC FUEL INJECTION SYSTEM");
INSERT INTO COMPLECTATION_OPTIONS(COMPLECTATION_ID, OPTION_MNEMONIC, OPTION_LABEL) VALUES (237, "CBU", "COMPLETELY BUILT UNIT");
INSERT INTO COMPLECTATION(ID, FRAME_ID, NAME, URL, ENGINE_MNEMONIC, ENGINE_LABEL, PRODUCTION_PERIOD, BODY_MNEMONIC, BODY_LABEL, GRADE_MNEMONIC, GRADE_LABEL, TRANSMISSION_MNEMONIC, TRANSMISSION_LABEL) VALUES (238, 33, "RN61LG-MSEA", "https://toyota-europe.epc-data.com/4runner/rn61lg/6031/", "22REC", "2400CC EFI", "08.1985 - 03.1989", "WG", "WAGON(4-RUNNER)", "SR5", "SR-5 TYPE", "MTM", "MANUAL TRANSMISSION");
INSERT INTO COMPLECTATION_OPTIONS(COMPLECTATION_ID, OPTION_MNEMONIC, OPTION_LABEL) VALUES (238, "5F", "MTM,5-SPEED FLOOR SHIFT");
INSERT INTO COMPLECTATION_OPTIONS(COMPLECTATION_ID, OPTION_MNEMONIC, OPTION_LABEL) VALUES (238, "W", "W TYPE TRANSMISSION");
INSERT INTO COMPLECTATION_OPTIONS(COMPLECTATION_ID, OPTION_MNEMONIC, OPTION_LABEL) VALUES (238, "ST", "SINGLE TIRE");
INSERT INTO COMPLECTATION_OPTIONS(COMPLECTATION_ID, OPTION_MNEMONIC, OPTION_LABEL) VALUES (238, "USA", "UNITED STATES OF AMERICA");
INSERT INTO COMPLECTATION_OPTIONS(COMPLECTATION_ID, OPTION_MNEMONIC, OPTION_LABEL) VALUES (238, "EFI", "ELECTRIC FUEL INJECTION SYSTEM");
INSERT INTO COMPLECTATION_OPTIONS(COMPLECTATION_ID, OPTION_MNEMONIC, OPTION_LABEL) VALUES (238, "CBU", "COMPLETELY BUILT UNIT");
INSERT INTO COMPLECTATION(ID, FRAME_ID, NAME, URL, ENGINE_MNEMONIC, ENGINE_LABEL, PRODUCTION_PERIOD, BODY_MNEMONIC, BODY_LABEL, GRADE_MNEMONIC, GRADE_LABEL, TRANSMISSION_MNEMONIC, TRANSMISSION_LABEL) VALUES (239, 33, "RN61LG-PDEA", "https://toyota-europe.epc-data.com/4runner/rn61lg/6030/", "22REC", "2400CC EFI", "08.1985 - 03.1989", "WG", "WAGON(4-RUNNER)", "DLX", "DELUXE TYPE", "ATM", "AUTOMATIC TRANSMISSION");
INSERT INTO COMPLECTATION_OPTIONS(COMPLECTATION_ID, OPTION_MNEMONIC, OPTION_LABEL) VALUES (239, "4FC", "ATM,4-SPEED FLOOR SHIFT");
INSERT INTO COMPLECTATION_OPTIONS(COMPLECTATION_ID, OPTION_MNEMONIC, OPTION_LABEL) VALUES (239, "ST", "SINGLE TIRE");
INSERT INTO COMPLECTATION_OPTIONS(COMPLECTATION_ID, OPTION_MNEMONIC, OPTION_LABEL) VALUES (239, "USA", "UNITED STATES OF AMERICA");
INSERT INTO COMPLECTATION_OPTIONS(COMPLECTATION_ID, OPTION_MNEMONIC, OPTION_LABEL) VALUES (239, "EFI", "ELECTRIC FUEL INJECTION SYSTEM");
INSERT INTO COMPLECTATION_OPTIONS(COMPLECTATION_ID, OPTION_MNEMONIC, OPTION_LABEL) VALUES (239, "CBU", "COMPLETELY BUILT UNIT");
INSERT INTO COMPLECTATION(ID, FRAME_ID, NAME, URL, ENGINE_MNEMONIC, ENGINE_LABEL, PRODUCTION_PERIOD, BODY_MNEMONIC, BODY_LABEL, GRADE_MNEMONIC, GRADE_LABEL, TRANSMISSION_MNEMONIC, TRANSMISSION_LABEL) VALUES (240, 33, "RN61LG-PGZA", "https://toyota-europe.epc-data.com/4runner/rn61lg/6038/", "22RTEC", "2400CC", "08.1985 - 08.1987", "WG", "WAGON(4-RUNNER)", "SRT", "SR-5 TYPE (WITH TURBO)", "ATM", "AUTOMATIC TRANSMISSION");
INSERT INTO COMPLECTATION_OPTIONS(COMPLECTATION_ID, OPTION_MNEMONIC, OPTION_LABEL) VALUES (240, "4FC", "ATM,4-SPEED FLOOR SHIFT");
INSERT INTO COMPLECTATION_OPTIONS(COMPLECTATION_ID, OPTION_MNEMONIC, OPTION_LABEL) VALUES (240, "ST", "SINGLE TIRE");
INSERT INTO COMPLECTATION_OPTIONS(COMPLECTATION_ID, OPTION_MNEMONIC, OPTION_LABEL) VALUES (240, "USA", "UNITED STATES OF AMERICA");
INSERT INTO COMPLECTATION_OPTIONS(COMPLECTATION_ID, OPTION_MNEMONIC, OPTION_LABEL) VALUES (240, "TBO", "TURBO SYSTEM");
INSERT INTO COMPLECTATION_OPTIONS(COMPLECTATION_ID, OPTION_MNEMONIC, OPTION_LABEL) VALUES (240, "CBU", "COMPLETELY BUILT UNIT");
INSERT INTO COMPLECTATION(ID, FRAME_ID, NAME, URL, ENGINE_MNEMONIC, ENGINE_LABEL, PRODUCTION_PERIOD, BODY_MNEMONIC, BODY_LABEL, GRADE_MNEMONIC, GRADE_LABEL, TRANSMISSION_MNEMONIC, TRANSMISSION_LABEL) VALUES (241, 33, "RN61LG-PSEA", "https://toyota-europe.epc-data.com/4runner/rn61lg/6032/", "22REC", "2400CC EFI", "08.1988 - 03.1989", "WG", "WAGON(4-RUNNER)", "SR5", "SR-5 TYPE", "ATM", "AUTOMATIC TRANSMISSION");
INSERT INTO COMPLECTATION_OPTIONS(COMPLECTATION_ID, OPTION_MNEMONIC, OPTION_LABEL) VALUES (241, "4FC", "ATM,4-SPEED FLOOR SHIFT");
INSERT INTO COMPLECTATION_OPTIONS(COMPLECTATION_ID, OPTION_MNEMONIC, OPTION_LABEL) VALUES (241, "ST", "SINGLE TIRE");
INSERT INTO COMPLECTATION_OPTIONS(COMPLECTATION_ID, OPTION_MNEMONIC, OPTION_LABEL) VALUES (241, "USA", "UNITED STATES OF AMERICA");
INSERT INTO COMPLECTATION_OPTIONS(COMPLECTATION_ID, OPTION_MNEMONIC, OPTION_LABEL) VALUES (241, "EFI", "ELECTRIC FUEL INJECTION SYSTEM");
INSERT INTO COMPLECTATION_OPTIONS(COMPLECTATION_ID, OPTION_MNEMONIC, OPTION_LABEL) VALUES (241, "CBU", "COMPLETELY BUILT UNIT");
INSERT INTO FRAME(ID, MODEL_ID, NAME, URL) VALUES (34, 5, "RN61LV", "https://toyota-europe.epc-data.com/4runner/rn61lv");
INSERT INTO COMPLECTATION(ID, FRAME_ID, NAME, URL, ENGINE_MNEMONIC, ENGINE_LABEL, PRODUCTION_PERIOD, BODY_MNEMONIC, BODY_LABEL, GRADE_MNEMONIC, GRADE_LABEL, TRANSMISSION_MNEMONIC, TRANSMISSION_LABEL) VALUES (242, 34, "RN61LV-MDEA", "https://toyota-europe.epc-data.com/4runner/rn61lv/6128/", "22REC", "2400CC EFI", "08.1985 - 03.1989", "V", "VAN", "DLX", "DELUXE TYPE", "MTM", "MANUAL TRANSMISSION");
INSERT INTO COMPLECTATION_OPTIONS(COMPLECTATION_ID, OPTION_MNEMONIC, OPTION_LABEL) VALUES (242, "5F", "MTM,5-SPEED FLOOR SHIFT");
INSERT INTO COMPLECTATION_OPTIONS(COMPLECTATION_ID, OPTION_MNEMONIC, OPTION_LABEL) VALUES (242, "W", "W TYPE TRANSMISSION");
INSERT INTO COMPLECTATION_OPTIONS(COMPLECTATION_ID, OPTION_MNEMONIC, OPTION_LABEL) VALUES (242, "ST", "SINGLE TIRE");
INSERT INTO COMPLECTATION_OPTIONS(COMPLECTATION_ID, OPTION_MNEMONIC, OPTION_LABEL) VALUES (242, "USA", "UNITED STATES OF AMERICA");
INSERT INTO COMPLECTATION_OPTIONS(COMPLECTATION_ID, OPTION_MNEMONIC, OPTION_LABEL) VALUES (242, "EFI", "ELECTRIC FUEL INJECTION SYSTEM");
INSERT INTO COMPLECTATION_OPTIONS(COMPLECTATION_ID, OPTION_MNEMONIC, OPTION_LABEL) VALUES (242, "CBU", "COMPLETELY BUILT UNIT");
INSERT INTO COMPLECTATION(ID, FRAME_ID, NAME, URL, ENGINE_MNEMONIC, ENGINE_LABEL, PRODUCTION_PERIOD, BODY_MNEMONIC, BODY_LABEL, GRADE_MNEMONIC, GRADE_LABEL, TRANSMISSION_MNEMONIC, TRANSMISSION_LABEL) VALUES (243, 34, "RN61LV-MDEK", "https://toyota-europe.epc-data.com/4runner/rn61lv/6129/", "22REC", "2400CC EFI", "08.1987 - 03.1989", "V", "VAN", "DLX", "DELUXE TYPE", "MTM", "MANUAL TRANSMISSION");
INSERT INTO COMPLECTATION_OPTIONS(COMPLECTATION_ID, OPTION_MNEMONIC, OPTION_LABEL) VALUES (243, "5F", "MTM,5-SPEED FLOOR SHIFT");
INSERT INTO COMPLECTATION_OPTIONS(COMPLECTATION_ID, OPTION_MNEMONIC, OPTION_LABEL) VALUES (243, "W", "W TYPE TRANSMISSION");
INSERT INTO COMPLECTATION_OPTIONS(COMPLECTATION_ID, OPTION_MNEMONIC, OPTION_LABEL) VALUES (243, "ST", "SINGLE TIRE");
INSERT INTO COMPLECTATION_OPTIONS(COMPLECTATION_ID, OPTION_MNEMONIC, OPTION_LABEL) VALUES (243, "CND", "CANADA");
INSERT INTO COMPLECTATION_OPTIONS(COMPLECTATION_ID, OPTION_MNEMONIC, OPTION_LABEL) VALUES (243, "EFI", "ELECTRIC FUEL INJECTION SYSTEM");
INSERT INTO COMPLECTATION_OPTIONS(COMPLECTATION_ID, OPTION_MNEMONIC, OPTION_LABEL) VALUES (243, "CBU", "COMPLETELY BUILT UNIT");
INSERT INTO COMPLECTATION(ID, FRAME_ID, NAME, URL, ENGINE_MNEMONIC, ENGINE_LABEL, PRODUCTION_PERIOD, BODY_MNEMONIC, BODY_LABEL, GRADE_MNEMONIC, GRADE_LABEL, TRANSMISSION_MNEMONIC, TRANSMISSION_LABEL) VALUES (244, 34, "RN61LV-MSEA", "https://toyota-europe.epc-data.com/4runner/rn61lv/6132/", "22REC", "2400CC EFI", "08.1986 - 08.1988", "V", "VAN", "SR5", "SR-5 TYPE", "MTM", "MANUAL TRANSMISSION");
INSERT INTO COMPLECTATION_OPTIONS(COMPLECTATION_ID, OPTION_MNEMONIC, OPTION_LABEL) VALUES (244, "5F", "MTM,5-SPEED FLOOR SHIFT");
INSERT INTO COMPLECTATION_OPTIONS(COMPLECTATION_ID, OPTION_MNEMONIC, OPTION_LABEL) VALUES (244, "W", "W TYPE TRANSMISSION");
INSERT INTO COMPLECTATION_OPTIONS(COMPLECTATION_ID, OPTION_MNEMONIC, OPTION_LABEL) VALUES (244, "ST", "SINGLE TIRE");
INSERT INTO COMPLECTATION_OPTIONS(COMPLECTATION_ID, OPTION_MNEMONIC, OPTION_LABEL) VALUES (244, "USA", "UNITED STATES OF AMERICA");
INSERT INTO COMPLECTATION_OPTIONS(COMPLECTATION_ID, OPTION_MNEMONIC, OPTION_LABEL) VALUES (244, "EFI", "ELECTRIC FUEL INJECTION SYSTEM");
INSERT INTO COMPLECTATION_OPTIONS(COMPLECTATION_ID, OPTION_MNEMONIC, OPTION_LABEL) VALUES (244, "CBU", "COMPLETELY BUILT UNIT");
INSERT INTO COMPLECTATION(ID, FRAME_ID, NAME, URL, ENGINE_MNEMONIC, ENGINE_LABEL, PRODUCTION_PERIOD, BODY_MNEMONIC, BODY_LABEL, GRADE_MNEMONIC, GRADE_LABEL, TRANSMISSION_MNEMONIC, TRANSMISSION_LABEL) VALUES (245, 34, "RN61LV-MSEK", "https://toyota-europe.epc-data.com/4runner/rn61lv/6133/", "22REC", "2400CC EFI", "08.1985 - 03.1989", "V", "VAN", "SR5", "SR-5 TYPE", "MTM", "MANUAL TRANSMISSION");
INSERT INTO COMPLECTATION_OPTIONS(COMPLECTATION_ID, OPTION_MNEMONIC, OPTION_LABEL) VALUES (245, "5F", "MTM,5-SPEED FLOOR SHIFT");
INSERT INTO COMPLECTATION_OPTIONS(COMPLECTATION_ID, OPTION_MNEMONIC, OPTION_LABEL) VALUES (245, "W", "W TYPE TRANSMISSION");
INSERT INTO COMPLECTATION_OPTIONS(COMPLECTATION_ID, OPTION_MNEMONIC, OPTION_LABEL) VALUES (245, "ST", "SINGLE TIRE");
INSERT INTO COMPLECTATION_OPTIONS(COMPLECTATION_ID, OPTION_MNEMONIC, OPTION_LABEL) VALUES (245, "CND", "CANADA");
INSERT INTO COMPLECTATION_OPTIONS(COMPLECTATION_ID, OPTION_MNEMONIC, OPTION_LABEL) VALUES (245, "EFI", "ELECTRIC FUEL INJECTION SYSTEM");
INSERT INTO COMPLECTATION_OPTIONS(COMPLECTATION_ID, OPTION_MNEMONIC, OPTION_LABEL) VALUES (245, "CBU", "COMPLETELY BUILT UNIT");
INSERT INTO COMPLECTATION(ID, FRAME_ID, NAME, URL, ENGINE_MNEMONIC, ENGINE_LABEL, PRODUCTION_PERIOD, BODY_MNEMONIC, BODY_LABEL, GRADE_MNEMONIC, GRADE_LABEL, TRANSMISSION_MNEMONIC, TRANSMISSION_LABEL) VALUES (246, 34, "RN61LV-PDEA", "https://toyota-europe.epc-data.com/4runner/rn61lv/6130/", "22REC", "2400CC EFI", "08.1985 - 03.1989", "V", "VAN", "DLX", "DELUXE TYPE", "ATM", "AUTOMATIC TRANSMISSION");
INSERT INTO COMPLECTATION_OPTIONS(COMPLECTATION_ID, OPTION_MNEMONIC, OPTION_LABEL) VALUES (246, "4FC", "ATM,4-SPEED FLOOR SHIFT");
INSERT INTO COMPLECTATION_OPTIONS(COMPLECTATION_ID, OPTION_MNEMONIC, OPTION_LABEL) VALUES (246, "ST", "SINGLE TIRE");
INSERT INTO COMPLECTATION_OPTIONS(COMPLECTATION_ID, OPTION_MNEMONIC, OPTION_LABEL) VALUES (246, "USA", "UNITED STATES OF AMERICA");
INSERT INTO COMPLECTATION_OPTIONS(COMPLECTATION_ID, OPTION_MNEMONIC, OPTION_LABEL) VALUES (246, "EFI", "ELECTRIC FUEL INJECTION SYSTEM");
INSERT INTO COMPLECTATION_OPTIONS(COMPLECTATION_ID, OPTION_MNEMONIC, OPTION_LABEL) VALUES (246, "CBU", "COMPLETELY BUILT UNIT");
INSERT INTO COMPLECTATION(ID, FRAME_ID, NAME, URL, ENGINE_MNEMONIC, ENGINE_LABEL, PRODUCTION_PERIOD, BODY_MNEMONIC, BODY_LABEL, GRADE_MNEMONIC, GRADE_LABEL, TRANSMISSION_MNEMONIC, TRANSMISSION_LABEL) VALUES (247, 34, "RN61LV-PDEK", "https://toyota-europe.epc-data.com/4runner/rn61lv/6131/", "22REC", "2400CC EFI", "08.1987 - 03.1989", "V", "VAN", "DLX", "DELUXE TYPE", "ATM", "AUTOMATIC TRANSMISSION");
INSERT INTO COMPLECTATION_OPTIONS(COMPLECTATION_ID, OPTION_MNEMONIC, OPTION_LABEL) VALUES (247, "4FC", "ATM,4-SPEED FLOOR SHIFT");
INSERT INTO COMPLECTATION_OPTIONS(COMPLECTATION_ID, OPTION_MNEMONIC, OPTION_LABEL) VALUES (247, "ST", "SINGLE TIRE");
INSERT INTO COMPLECTATION_OPTIONS(COMPLECTATION_ID, OPTION_MNEMONIC, OPTION_LABEL) VALUES (247, "CND", "CANADA");
INSERT INTO COMPLECTATION_OPTIONS(COMPLECTATION_ID, OPTION_MNEMONIC, OPTION_LABEL) VALUES (247, "EFI", "ELECTRIC FUEL INJECTION SYSTEM");
INSERT INTO COMPLECTATION_OPTIONS(COMPLECTATION_ID, OPTION_MNEMONIC, OPTION_LABEL) VALUES (247, "CBU", "COMPLETELY BUILT UNIT");
INSERT INTO COMPLECTATION(ID, FRAME_ID, NAME, URL, ENGINE_MNEMONIC, ENGINE_LABEL, PRODUCTION_PERIOD, BODY_MNEMONIC, BODY_LABEL, GRADE_MNEMONIC, GRADE_LABEL, TRANSMISSION_MNEMONIC, TRANSMISSION_LABEL) VALUES (248, 34, "RN61LV-PGZK", "https://toyota-europe.epc-data.com/4runner/rn61lv/6022/", "22RTEC", "2400CC", "08.1985 - 08.1986", "V", "VAN", "SRT", "SR-5 TYPE (WITH TURBO)", "ATM", "AUTOMATIC TRANSMISSION");
INSERT INTO COMPLECTATION_OPTIONS(COMPLECTATION_ID, OPTION_MNEMONIC, OPTION_LABEL) VALUES (248, "4FC", "ATM,4-SPEED FLOOR SHIFT");
INSERT INTO COMPLECTATION_OPTIONS(COMPLECTATION_ID, OPTION_MNEMONIC, OPTION_LABEL) VALUES (248, "ST", "SINGLE TIRE");
INSERT INTO COMPLECTATION_OPTIONS(COMPLECTATION_ID, OPTION_MNEMONIC, OPTION_LABEL) VALUES (248, "CND", "CANADA");
INSERT INTO COMPLECTATION_OPTIONS(COMPLECTATION_ID, OPTION_MNEMONIC, OPTION_LABEL) VALUES (248, "TBO", "TURBO SYSTEM");
INSERT INTO COMPLECTATION_OPTIONS(COMPLECTATION_ID, OPTION_MNEMONIC, OPTION_LABEL) VALUES (248, "CBU", "COMPLETELY BUILT UNIT");
INSERT INTO COMPLECTATION(ID, FRAME_ID, NAME, URL, ENGINE_MNEMONIC, ENGINE_LABEL, PRODUCTION_PERIOD, BODY_MNEMONIC, BODY_LABEL, GRADE_MNEMONIC, GRADE_LABEL, TRANSMISSION_MNEMONIC, TRANSMISSION_LABEL) VALUES (249, 34, "RN61LV-PSEA", "https://toyota-europe.epc-data.com/4runner/rn61lv/6134/", "22REC", "2400CC EFI", "08.1986 - 08.1988", "V", "VAN", "SR5", "SR-5 TYPE", "ATM", "AUTOMATIC TRANSMISSION");
INSERT INTO COMPLECTATION_OPTIONS(COMPLECTATION_ID, OPTION_MNEMONIC, OPTION_LABEL) VALUES (249, "4FC", "ATM,4-SPEED FLOOR SHIFT");
INSERT INTO COMPLECTATION_OPTIONS(COMPLECTATION_ID, OPTION_MNEMONIC, OPTION_LABEL) VALUES (249, "ST", "SINGLE TIRE");
INSERT INTO COMPLECTATION_OPTIONS(COMPLECTATION_ID, OPTION_MNEMONIC, OPTION_LABEL) VALUES (249, "USA", "UNITED STATES OF AMERICA");
INSERT INTO COMPLECTATION_OPTIONS(COMPLECTATION_ID, OPTION_MNEMONIC, OPTION_LABEL) VALUES (249, "EFI", "ELECTRIC FUEL INJECTION SYSTEM");
INSERT INTO COMPLECTATION_OPTIONS(COMPLECTATION_ID, OPTION_MNEMONIC, OPTION_LABEL) VALUES (249, "CBU", "COMPLETELY BUILT UNIT");
INSERT INTO COMPLECTATION(ID, FRAME_ID, NAME, URL, ENGINE_MNEMONIC, ENGINE_LABEL, PRODUCTION_PERIOD, BODY_MNEMONIC, BODY_LABEL, GRADE_MNEMONIC, GRADE_LABEL, TRANSMISSION_MNEMONIC, TRANSMISSION_LABEL) VALUES (250, 34, "RN61LV-PSEK", "https://toyota-europe.epc-data.com/4runner/rn61lv/6135/", "22REC", "2400CC EFI", "08.1985 - 08.1987", "V", "VAN", "SR5", "SR-5 TYPE", "ATM", "AUTOMATIC TRANSMISSION");
INSERT INTO COMPLECTATION_OPTIONS(COMPLECTATION_ID, OPTION_MNEMONIC, OPTION_LABEL) VALUES (250, "4FC", "ATM,4-SPEED FLOOR SHIFT");
INSERT INTO COMPLECTATION_OPTIONS(COMPLECTATION_ID, OPTION_MNEMONIC, OPTION_LABEL) VALUES (250, "ST", "SINGLE TIRE");
INSERT INTO COMPLECTATION_OPTIONS(COMPLECTATION_ID, OPTION_MNEMONIC, OPTION_LABEL) VALUES (250, "CND", "CANADA");
INSERT INTO COMPLECTATION_OPTIONS(COMPLECTATION_ID, OPTION_MNEMONIC, OPTION_LABEL) VALUES (250, "EFI", "ELECTRIC FUEL INJECTION SYSTEM");
INSERT INTO COMPLECTATION_OPTIONS(COMPLECTATION_ID, OPTION_MNEMONIC, OPTION_LABEL) VALUES (250, "CBU", "COMPLETELY BUILT UNIT");
INSERT INTO FRAME(ID, MODEL_ID, NAME, URL) VALUES (35, 5, "RN65L", "https://toyota-europe.epc-data.com/4runner/rn65l");
INSERT INTO COMPLECTATION(ID, FRAME_ID, NAME, URL, ENGINE_MNEMONIC, ENGINE_LABEL, PRODUCTION_PERIOD, BODY_MNEMONIC, BODY_LABEL, GRADE_MNEMONIC, GRADE_LABEL, TRANSMISSION_MNEMONIC, TRANSMISSION_LABEL) VALUES (251, 35, "RN65L-MDA", "https://toyota-europe.epc-data.com/4runner/rn65l/6155/", "22R", "2400CC", "08.1983 - 08.1985", "T1", "TRUCK(STANDARD DECK 1-SIDE OPEN)", "DLX", "DELUXE TYPE", "MTM", "MANUAL TRANSMISSION");
INSERT INTO COMPLECTATION_OPTIONS(COMPLECTATION_ID, OPTION_MNEMONIC, OPTION_LABEL) VALUES (251, "5F", "MTM,5-SPEED FLOOR SHIFT");
INSERT INTO COMPLECTATION_OPTIONS(COMPLECTATION_ID, OPTION_MNEMONIC, OPTION_LABEL) VALUES (251, "RCB", "REGULAR CAB");
INSERT INTO COMPLECTATION_OPTIONS(COMPLECTATION_ID, OPTION_MNEMONIC, OPTION_LABEL) VALUES (251, "G", "G TYPE TRANSMISSION");
INSERT INTO COMPLECTATION_OPTIONS(COMPLECTATION_ID, OPTION_MNEMONIC, OPTION_LABEL) VALUES (251, "HLF", "0.5TONS");
INSERT INTO COMPLECTATION_OPTIONS(COMPLECTATION_ID, OPTION_MNEMONIC, OPTION_LABEL) VALUES (251, "ST", "SINGLE TIRE");
INSERT INTO COMPLECTATION_OPTIONS(COMPLECTATION_ID, OPTION_MNEMONIC, OPTION_LABEL) VALUES (251, "USA", "UNITED STATES OF AMERICA");
INSERT INTO COMPLECTATION_OPTIONS(COMPLECTATION_ID, OPTION_MNEMONIC, OPTION_LABEL) VALUES (251, "CBR", "CARBURETOR SYSTEM");
INSERT INTO COMPLECTATION_OPTIONS(COMPLECTATION_ID, OPTION_MNEMONIC, OPTION_LABEL) VALUES (251, "CBU", "COMPLETELY BUILT UNIT");
INSERT INTO COMPLECTATION(ID, FRAME_ID, NAME, URL, ENGINE_MNEMONIC, ENGINE_LABEL, PRODUCTION_PERIOD, BODY_MNEMONIC, BODY_LABEL, GRADE_MNEMONIC, GRADE_LABEL, TRANSMISSION_MNEMONIC, TRANSMISSION_LABEL) VALUES (252, 35, "RN65L-MDA3", "https://toyota-europe.epc-data.com/4runner/rn65l/6156/", "22R", "2400CC", "08.1983 - 08.1985", "T1", "TRUCK(STANDARD DECK 1-SIDE OPEN)", "DLX", "DELUXE TYPE", "MTM", "MANUAL TRANSMISSION");
INSERT INTO COMPLECTATION_OPTIONS(COMPLECTATION_ID, OPTION_MNEMONIC, OPTION_LABEL) VALUES (252, "5F", "MTM,5-SPEED FLOOR SHIFT");
INSERT INTO COMPLECTATION_OPTIONS(COMPLECTATION_ID, OPTION_MNEMONIC, OPTION_LABEL) VALUES (252, "RCB", "REGULAR CAB");
INSERT INTO COMPLECTATION_OPTIONS(COMPLECTATION_ID, OPTION_MNEMONIC, OPTION_LABEL) VALUES (252, "G", "G TYPE TRANSMISSION");
INSERT INTO COMPLECTATION_OPTIONS(COMPLECTATION_ID, OPTION_MNEMONIC, OPTION_LABEL) VALUES (252, "HLF", "0.5TONS");
INSERT INTO COMPLECTATION_OPTIONS(COMPLECTATION_ID, OPTION_MNEMONIC, OPTION_LABEL) VALUES (252, "ST", "SINGLE TIRE");
INSERT INTO COMPLECTATION_OPTIONS(COMPLECTATION_ID, OPTION_MNEMONIC, OPTION_LABEL) VALUES (252, "USA", "UNITED STATES OF AMERICA");
INSERT INTO COMPLECTATION_OPTIONS(COMPLECTATION_ID, OPTION_MNEMONIC, OPTION_LABEL) VALUES (252, "CBR", "CARBURETOR SYSTEM");
INSERT INTO COMPLECTATION_OPTIONS(COMPLECTATION_ID, OPTION_MNEMONIC, OPTION_LABEL) VALUES (252, "IV", "INCOMPLETE VEHICLES (CHASSIS & CAB)");
INSERT INTO COMPLECTATION(ID, FRAME_ID, NAME, URL, ENGINE_MNEMONIC, ENGINE_LABEL, PRODUCTION_PERIOD, BODY_MNEMONIC, BODY_LABEL, GRADE_MNEMONIC, GRADE_LABEL, TRANSMISSION_MNEMONIC, TRANSMISSION_LABEL) VALUES (253, 35, "RN65L-MDCA", "https://toyota-europe.epc-data.com/4runner/rn65l/6168/", "22R", "2400CC", "08.1984 - 08.1985", "T1", "TRUCK(STANDARD DECK 1-SIDE OPEN)", "DLX", "DELUXE TYPE", "MTM", "MANUAL TRANSMISSION");
INSERT INTO COMPLECTATION_OPTIONS(COMPLECTATION_ID, OPTION_MNEMONIC, OPTION_LABEL) VALUES (253, "5F", "MTM,5-SPEED FLOOR SHIFT");
INSERT INTO COMPLECTATION_OPTIONS(COMPLECTATION_ID, OPTION_MNEMONIC, OPTION_LABEL) VALUES (253, "XTR", "EXTRA CAB");
INSERT INTO COMPLECTATION_OPTIONS(COMPLECTATION_ID, OPTION_MNEMONIC, OPTION_LABEL) VALUES (253, "G", "G TYPE TRANSMISSION");
INSERT INTO COMPLECTATION_OPTIONS(COMPLECTATION_ID, OPTION_MNEMONIC, OPTION_LABEL) VALUES (253, "HLF", "0.5TONS");
INSERT INTO COMPLECTATION_OPTIONS(COMPLECTATION_ID, OPTION_MNEMONIC, OPTION_LABEL) VALUES (253, "ST", "SINGLE TIRE");
INSERT INTO COMPLECTATION_OPTIONS(COMPLECTATION_ID, OPTION_MNEMONIC, OPTION_LABEL) VALUES (253, "USA", "UNITED STATES OF AMERICA");
INSERT INTO COMPLECTATION_OPTIONS(COMPLECTATION_ID, OPTION_MNEMONIC, OPTION_LABEL) VALUES (253, "CBR", "CARBURETOR SYSTEM");
INSERT INTO COMPLECTATION_OPTIONS(COMPLECTATION_ID, OPTION_MNEMONIC, OPTION_LABEL) VALUES (253, "CBU", "COMPLETELY BUILT UNIT");
INSERT INTO COMPLECTATION(ID, FRAME_ID, NAME, URL, ENGINE_MNEMONIC, ENGINE_LABEL, PRODUCTION_PERIOD, BODY_MNEMONIC, BODY_LABEL, GRADE_MNEMONIC, GRADE_LABEL, TRANSMISSION_MNEMONIC, TRANSMISSION_LABEL) VALUES (254, 35, "RN65L-MDCA3", "https://toyota-europe.epc-data.com/4runner/rn65l/6169/", "22R", "2400CC", "09.1983 - 08.1985", "T1", "TRUCK(STANDARD DECK 1-SIDE OPEN)", "DLX", "DELUXE TYPE", "MTM", "MANUAL TRANSMISSION");
INSERT INTO COMPLECTATION_OPTIONS(COMPLECTATION_ID, OPTION_MNEMONIC, OPTION_LABEL) VALUES (254, "5F", "MTM,5-SPEED FLOOR SHIFT");
INSERT INTO COMPLECTATION_OPTIONS(COMPLECTATION_ID, OPTION_MNEMONIC, OPTION_LABEL) VALUES (254, "XTR", "EXTRA CAB");
INSERT INTO COMPLECTATION_OPTIONS(COMPLECTATION_ID, OPTION_MNEMONIC, OPTION_LABEL) VALUES (254, "G", "G TYPE TRANSMISSION");
INSERT INTO COMPLECTATION_OPTIONS(COMPLECTATION_ID, OPTION_MNEMONIC, OPTION_LABEL) VALUES (254, "HLF", "0.5TONS");
INSERT INTO COMPLECTATION_OPTIONS(COMPLECTATION_ID, OPTION_MNEMONIC, OPTION_LABEL) VALUES (254, "ST", "SINGLE TIRE");
INSERT INTO COMPLECTATION_OPTIONS(COMPLECTATION_ID, OPTION_MNEMONIC, OPTION_LABEL) VALUES (254, "USA", "UNITED STATES OF AMERICA");
INSERT INTO COMPLECTATION_OPTIONS(COMPLECTATION_ID, OPTION_MNEMONIC, OPTION_LABEL) VALUES (254, "CBR", "CARBURETOR SYSTEM");
INSERT INTO COMPLECTATION_OPTIONS(COMPLECTATION_ID, OPTION_MNEMONIC, OPTION_LABEL) VALUES (254, "IV", "INCOMPLETE VEHICLES (CHASSIS & CAB)");
INSERT INTO COMPLECTATION(ID, FRAME_ID, NAME, URL, ENGINE_MNEMONIC, ENGINE_LABEL, PRODUCTION_PERIOD, BODY_MNEMONIC, BODY_LABEL, GRADE_MNEMONIC, GRADE_LABEL, TRANSMISSION_MNEMONIC, TRANSMISSION_LABEL) VALUES (255, 35, "RN65L-MDK", "https://toyota-europe.epc-data.com/4runner/rn65l/6157/", "22R", "2400CC", "08.1983 - 08.1985", "T1", "TRUCK(STANDARD DECK 1-SIDE OPEN)", "DLX", "DELUXE TYPE", "MTM", "MANUAL TRANSMISSION");
INSERT INTO COMPLECTATION_OPTIONS(COMPLECTATION_ID, OPTION_MNEMONIC, OPTION_LABEL) VALUES (255, "5F", "MTM,5-SPEED FLOOR SHIFT");
INSERT INTO COMPLECTATION_OPTIONS(COMPLECTATION_ID, OPTION_MNEMONIC, OPTION_LABEL) VALUES (255, "RCB", "REGULAR CAB");
INSERT INTO COMPLECTATION_OPTIONS(COMPLECTATION_ID, OPTION_MNEMONIC, OPTION_LABEL) VALUES (255, "G", "G TYPE TRANSMISSION");
INSERT INTO COMPLECTATION_OPTIONS(COMPLECTATION_ID, OPTION_MNEMONIC, OPTION_LABEL) VALUES (255, "HLF", "0.5TONS");
INSERT INTO COMPLECTATION_OPTIONS(COMPLECTATION_ID, OPTION_MNEMONIC, OPTION_LABEL) VALUES (255, "ST", "SINGLE TIRE");
INSERT INTO COMPLECTATION_OPTIONS(COMPLECTATION_ID, OPTION_MNEMONIC, OPTION_LABEL) VALUES (255, "CND", "CANADA");
INSERT INTO COMPLECTATION_OPTIONS(COMPLECTATION_ID, OPTION_MNEMONIC, OPTION_LABEL) VALUES (255, "CBR", "CARBURETOR SYSTEM");
INSERT INTO COMPLECTATION_OPTIONS(COMPLECTATION_ID, OPTION_MNEMONIC, OPTION_LABEL) VALUES (255, "CBU", "COMPLETELY BUILT UNIT");
INSERT INTO COMPLECTATION(ID, FRAME_ID, NAME, URL, ENGINE_MNEMONIC, ENGINE_LABEL, PRODUCTION_PERIOD, BODY_MNEMONIC, BODY_LABEL, GRADE_MNEMONIC, GRADE_LABEL, TRANSMISSION_MNEMONIC, TRANSMISSION_LABEL) VALUES (256, 35, "RN65L-MSA3", "https://toyota-europe.epc-data.com/4runner/rn65l/6164/", "22R", "2400CC", "08.1983 - 08.1984", "T1", "TRUCK(STANDARD DECK 1-SIDE OPEN)", "SR5", "SR-5 TYPE", "MTM", "MANUAL TRANSMISSION");
INSERT INTO COMPLECTATION_OPTIONS(COMPLECTATION_ID, OPTION_MNEMONIC, OPTION_LABEL) VALUES (256, "5F", "MTM,5-SPEED FLOOR SHIFT");
INSERT INTO COMPLECTATION_OPTIONS(COMPLECTATION_ID, OPTION_MNEMONIC, OPTION_LABEL) VALUES (256, "RCB", "REGULAR CAB");
INSERT INTO COMPLECTATION_OPTIONS(COMPLECTATION_ID, OPTION_MNEMONIC, OPTION_LABEL) VALUES (256, "G", "G TYPE TRANSMISSION");
INSERT INTO COMPLECTATION_OPTIONS(COMPLECTATION_ID, OPTION_MNEMONIC, OPTION_LABEL) VALUES (256, "HLF", "0.5TONS");
INSERT INTO COMPLECTATION_OPTIONS(COMPLECTATION_ID, OPTION_MNEMONIC, OPTION_LABEL) VALUES (256, "ST", "SINGLE TIRE");
INSERT INTO COMPLECTATION_OPTIONS(COMPLECTATION_ID, OPTION_MNEMONIC, OPTION_LABEL) VALUES (256, "USA", "UNITED STATES OF AMERICA");
INSERT INTO COMPLECTATION_OPTIONS(COMPLECTATION_ID, OPTION_MNEMONIC, OPTION_LABEL) VALUES (256, "CBR", "CARBURETOR SYSTEM");
INSERT INTO COMPLECTATION_OPTIONS(COMPLECTATION_ID, OPTION_MNEMONIC, OPTION_LABEL) VALUES (256, "IV", "INCOMPLETE VEHICLES (CHASSIS & CAB)");
INSERT INTO COMPLECTATION(ID, FRAME_ID, NAME, URL, ENGINE_MNEMONIC, ENGINE_LABEL, PRODUCTION_PERIOD, BODY_MNEMONIC, BODY_LABEL, GRADE_MNEMONIC, GRADE_LABEL, TRANSMISSION_MNEMONIC, TRANSMISSION_LABEL) VALUES (257, 35, "RN65L-MSCA", "https://toyota-europe.epc-data.com/4runner/rn65l/6177/", "22R", "2400CC", "09.1983 - 08.1984", "T1", "TRUCK(STANDARD DECK 1-SIDE OPEN)", "SR5", "SR-5 TYPE", "MTM", "MANUAL TRANSMISSION");
INSERT INTO COMPLECTATION_OPTIONS(COMPLECTATION_ID, OPTION_MNEMONIC, OPTION_LABEL) VALUES (257, "5F", "MTM,5-SPEED FLOOR SHIFT");
INSERT INTO COMPLECTATION_OPTIONS(COMPLECTATION_ID, OPTION_MNEMONIC, OPTION_LABEL) VALUES (257, "XTR", "EXTRA CAB");
INSERT INTO COMPLECTATION_OPTIONS(COMPLECTATION_ID, OPTION_MNEMONIC, OPTION_LABEL) VALUES (257, "G", "G TYPE TRANSMISSION");
INSERT INTO COMPLECTATION_OPTIONS(COMPLECTATION_ID, OPTION_MNEMONIC, OPTION_LABEL) VALUES (257, "HLF", "0.5TONS");
INSERT INTO COMPLECTATION_OPTIONS(COMPLECTATION_ID, OPTION_MNEMONIC, OPTION_LABEL) VALUES (257, "ST", "SINGLE TIRE");
INSERT INTO COMPLECTATION_OPTIONS(COMPLECTATION_ID, OPTION_MNEMONIC, OPTION_LABEL) VALUES (257, "USA", "UNITED STATES OF AMERICA");
INSERT INTO COMPLECTATION_OPTIONS(COMPLECTATION_ID, OPTION_MNEMONIC, OPTION_LABEL) VALUES (257, "CBR", "CARBURETOR SYSTEM");
INSERT INTO COMPLECTATION_OPTIONS(COMPLECTATION_ID, OPTION_MNEMONIC, OPTION_LABEL) VALUES (257, "CBU", "COMPLETELY BUILT UNIT");
INSERT INTO COMPLECTATION(ID, FRAME_ID, NAME, URL, ENGINE_MNEMONIC, ENGINE_LABEL, PRODUCTION_PERIOD, BODY_MNEMONIC, BODY_LABEL, GRADE_MNEMONIC, GRADE_LABEL, TRANSMISSION_MNEMONIC, TRANSMISSION_LABEL) VALUES (258, 35, "RN65L-MSCA3", "https://toyota-europe.epc-data.com/4runner/rn65l/6178/", "22R", "2400CC", "09.1983 - 08.1984", "T1", "TRUCK(STANDARD DECK 1-SIDE OPEN)", "SR5", "SR-5 TYPE", "MTM", "MANUAL TRANSMISSION");
INSERT INTO COMPLECTATION_OPTIONS(COMPLECTATION_ID, OPTION_MNEMONIC, OPTION_LABEL) VALUES (258, "5F", "MTM,5-SPEED FLOOR SHIFT");
INSERT INTO COMPLECTATION_OPTIONS(COMPLECTATION_ID, OPTION_MNEMONIC, OPTION_LABEL) VALUES (258, "XTR", "EXTRA CAB");
INSERT INTO COMPLECTATION_OPTIONS(COMPLECTATION_ID, OPTION_MNEMONIC, OPTION_LABEL) VALUES (258, "G", "G TYPE TRANSMISSION");
INSERT INTO COMPLECTATION_OPTIONS(COMPLECTATION_ID, OPTION_MNEMONIC, OPTION_LABEL) VALUES (258, "HLF", "0.5TONS");
INSERT INTO COMPLECTATION_OPTIONS(COMPLECTATION_ID, OPTION_MNEMONIC, OPTION_LABEL) VALUES (258, "ST", "SINGLE TIRE");
INSERT INTO COMPLECTATION_OPTIONS(COMPLECTATION_ID, OPTION_MNEMONIC, OPTION_LABEL) VALUES (258, "USA", "UNITED STATES OF AMERICA");
INSERT INTO COMPLECTATION_OPTIONS(COMPLECTATION_ID, OPTION_MNEMONIC, OPTION_LABEL) VALUES (258, "CBR", "CARBURETOR SYSTEM");
INSERT INTO COMPLECTATION_OPTIONS(COMPLECTATION_ID, OPTION_MNEMONIC, OPTION_LABEL) VALUES (258, "IV", "INCOMPLETE VEHICLES (CHASSIS & CAB)");
INSERT INTO COMPLECTATION(ID, FRAME_ID, NAME, URL, ENGINE_MNEMONIC, ENGINE_LABEL, PRODUCTION_PERIOD, BODY_MNEMONIC, BODY_LABEL, GRADE_MNEMONIC, GRADE_LABEL, TRANSMISSION_MNEMONIC, TRANSMISSION_LABEL) VALUES (259, 35, "RN65L-MSCEA", "https://toyota-europe.epc-data.com/4runner/rn65l/6179/", "22REC", "2400CC EFI", "08.1984 - 08.1985", "T1", "TRUCK(STANDARD DECK 1-SIDE OPEN)", "SR5", "SR-5 TYPE", "MTM", "MANUAL TRANSMISSION");
INSERT INTO COMPLECTATION_OPTIONS(COMPLECTATION_ID, OPTION_MNEMONIC, OPTION_LABEL) VALUES (259, "5F", "MTM,5-SPEED FLOOR SHIFT");
INSERT INTO COMPLECTATION_OPTIONS(COMPLECTATION_ID, OPTION_MNEMONIC, OPTION_LABEL) VALUES (259, "XTR", "EXTRA CAB");
INSERT INTO COMPLECTATION_OPTIONS(COMPLECTATION_ID, OPTION_MNEMONIC, OPTION_LABEL) VALUES (259, "W", "W TYPE TRANSMISSION");
INSERT INTO COMPLECTATION_OPTIONS(COMPLECTATION_ID, OPTION_MNEMONIC, OPTION_LABEL) VALUES (259, "HLF", "0.5TONS");
INSERT INTO COMPLECTATION_OPTIONS(COMPLECTATION_ID, OPTION_MNEMONIC, OPTION_LABEL) VALUES (259, "ST", "SINGLE TIRE");
INSERT INTO COMPLECTATION_OPTIONS(COMPLECTATION_ID, OPTION_MNEMONIC, OPTION_LABEL) VALUES (259, "USA", "UNITED STATES OF AMERICA");
INSERT INTO COMPLECTATION_OPTIONS(COMPLECTATION_ID, OPTION_MNEMONIC, OPTION_LABEL) VALUES (259, "EFI", "ELECTRIC FUEL INJECTION SYSTEM");
INSERT INTO COMPLECTATION_OPTIONS(COMPLECTATION_ID, OPTION_MNEMONIC, OPTION_LABEL) VALUES (259, "CBU", "COMPLETELY BUILT UNIT");
INSERT INTO COMPLECTATION(ID, FRAME_ID, NAME, URL, ENGINE_MNEMONIC, ENGINE_LABEL, PRODUCTION_PERIOD, BODY_MNEMONIC, BODY_LABEL, GRADE_MNEMONIC, GRADE_LABEL, TRANSMISSION_MNEMONIC, TRANSMISSION_LABEL) VALUES (260, 35, "RN65L-MSCEA3", "https://toyota-europe.epc-data.com/4runner/rn65l/6180/", "22REC", "2400CC EFI", "08.1984 - 08.1985", "T1", "TRUCK(STANDARD DECK 1-SIDE OPEN)", "SR5", "SR-5 TYPE", "MTM", "MANUAL TRANSMISSION");
INSERT INTO COMPLECTATION_OPTIONS(COMPLECTATION_ID, OPTION_MNEMONIC, OPTION_LABEL) VALUES (260, "5F", "MTM,5-SPEED FLOOR SHIFT");
INSERT INTO COMPLECTATION_OPTIONS(COMPLECTATION_ID, OPTION_MNEMONIC, OPTION_LABEL) VALUES (260, "XTR", "EXTRA CAB");
INSERT INTO COMPLECTATION_OPTIONS(COMPLECTATION_ID, OPTION_MNEMONIC, OPTION_LABEL) VALUES (260, "W", "W TYPE TRANSMISSION");
INSERT INTO COMPLECTATION_OPTIONS(COMPLECTATION_ID, OPTION_MNEMONIC, OPTION_LABEL) VALUES (260, "HLF", "0.5TONS");
INSERT INTO COMPLECTATION_OPTIONS(COMPLECTATION_ID, OPTION_MNEMONIC, OPTION_LABEL) VALUES (260, "ST", "SINGLE TIRE");
INSERT INTO COMPLECTATION_OPTIONS(COMPLECTATION_ID, OPTION_MNEMONIC, OPTION_LABEL) VALUES (260, "USA", "UNITED STATES OF AMERICA");
INSERT INTO COMPLECTATION_OPTIONS(COMPLECTATION_ID, OPTION_MNEMONIC, OPTION_LABEL) VALUES (260, "EFI", "ELECTRIC FUEL INJECTION SYSTEM");
INSERT INTO COMPLECTATION_OPTIONS(COMPLECTATION_ID, OPTION_MNEMONIC, OPTION_LABEL) VALUES (260, "IV", "INCOMPLETE VEHICLES (CHASSIS & CAB)");
INSERT INTO COMPLECTATION(ID, FRAME_ID, NAME, URL, ENGINE_MNEMONIC, ENGINE_LABEL, PRODUCTION_PERIOD, BODY_MNEMONIC, BODY_LABEL, GRADE_MNEMONIC, GRADE_LABEL, TRANSMISSION_MNEMONIC, TRANSMISSION_LABEL) VALUES (261, 35, "RN65L-MSCEK", "https://toyota-europe.epc-data.com/4runner/rn65l/6181/", "22REC", "2400CC EFI", "08.1984 - 08.1985", "T1", "TRUCK(STANDARD DECK 1-SIDE OPEN)", "SR5", "SR-5 TYPE", "MTM", "MANUAL TRANSMISSION");
INSERT INTO COMPLECTATION_OPTIONS(COMPLECTATION_ID, OPTION_MNEMONIC, OPTION_LABEL) VALUES (261, "5F", "MTM,5-SPEED FLOOR SHIFT");
INSERT INTO COMPLECTATION_OPTIONS(COMPLECTATION_ID, OPTION_MNEMONIC, OPTION_LABEL) VALUES (261, "XTR", "EXTRA CAB");
INSERT INTO COMPLECTATION_OPTIONS(COMPLECTATION_ID, OPTION_MNEMONIC, OPTION_LABEL) VALUES (261, "W", "W TYPE TRANSMISSION");
INSERT INTO COMPLECTATION_OPTIONS(COMPLECTATION_ID, OPTION_MNEMONIC, OPTION_LABEL) VALUES (261, "HLF", "0.5TONS");
INSERT INTO COMPLECTATION_OPTIONS(COMPLECTATION_ID, OPTION_MNEMONIC, OPTION_LABEL) VALUES (261, "ST", "SINGLE TIRE");
INSERT INTO COMPLECTATION_OPTIONS(COMPLECTATION_ID, OPTION_MNEMONIC, OPTION_LABEL) VALUES (261, "CND", "CANADA");
INSERT INTO COMPLECTATION_OPTIONS(COMPLECTATION_ID, OPTION_MNEMONIC, OPTION_LABEL) VALUES (261, "EFI", "ELECTRIC FUEL INJECTION SYSTEM");
INSERT INTO COMPLECTATION_OPTIONS(COMPLECTATION_ID, OPTION_MNEMONIC, OPTION_LABEL) VALUES (261, "CBU", "COMPLETELY BUILT UNIT");
INSERT INTO COMPLECTATION(ID, FRAME_ID, NAME, URL, ENGINE_MNEMONIC, ENGINE_LABEL, PRODUCTION_PERIOD, BODY_MNEMONIC, BODY_LABEL, GRADE_MNEMONIC, GRADE_LABEL, TRANSMISSION_MNEMONIC, TRANSMISSION_LABEL) VALUES (262, 35, "RN65L-MSCK", "https://toyota-europe.epc-data.com/4runner/rn65l/6182/", "22R", "2400CC", "09.1983 - 08.1984", "T1", "TRUCK(STANDARD DECK 1-SIDE OPEN)", "SR5", "SR-5 TYPE", "MTM", "MANUAL TRANSMISSION");
INSERT INTO COMPLECTATION_OPTIONS(COMPLECTATION_ID, OPTION_MNEMONIC, OPTION_LABEL) VALUES (262, "5F", "MTM,5-SPEED FLOOR SHIFT");
INSERT INTO COMPLECTATION_OPTIONS(COMPLECTATION_ID, OPTION_MNEMONIC, OPTION_LABEL) VALUES (262, "XTR", "EXTRA CAB");
INSERT INTO COMPLECTATION_OPTIONS(COMPLECTATION_ID, OPTION_MNEMONIC, OPTION_LABEL) VALUES (262, "G", "G TYPE TRANSMISSION");
INSERT INTO COMPLECTATION_OPTIONS(COMPLECTATION_ID, OPTION_MNEMONIC, OPTION_LABEL) VALUES (262, "HLF", "0.5TONS");
INSERT INTO COMPLECTATION_OPTIONS(COMPLECTATION_ID, OPTION_MNEMONIC, OPTION_LABEL) VALUES (262, "ST", "SINGLE TIRE");
INSERT INTO COMPLECTATION_OPTIONS(COMPLECTATION_ID, OPTION_MNEMONIC, OPTION_LABEL) VALUES (262, "CND", "CANADA");
INSERT INTO COMPLECTATION_OPTIONS(COMPLECTATION_ID, OPTION_MNEMONIC, OPTION_LABEL) VALUES (262, "CBR", "CARBURETOR SYSTEM");
INSERT INTO COMPLECTATION_OPTIONS(COMPLECTATION_ID, OPTION_MNEMONIC, OPTION_LABEL) VALUES (262, "CBU", "COMPLETELY BUILT UNIT");
INSERT INTO COMPLECTATION(ID, FRAME_ID, NAME, URL, ENGINE_MNEMONIC, ENGINE_LABEL, PRODUCTION_PERIOD, BODY_MNEMONIC, BODY_LABEL, GRADE_MNEMONIC, GRADE_LABEL, TRANSMISSION_MNEMONIC, TRANSMISSION_LABEL) VALUES (263, 35, "RN65L-MSEA3", "https://toyota-europe.epc-data.com/4runner/rn65l/6165/", "22REC", "2400CC EFI", "08.1984 - 08.1985", "T1", "TRUCK(STANDARD DECK 1-SIDE OPEN)", "SR5", "SR-5 TYPE", "MTM", "MANUAL TRANSMISSION");
INSERT INTO COMPLECTATION_OPTIONS(COMPLECTATION_ID, OPTION_MNEMONIC, OPTION_LABEL) VALUES (263, "5F", "MTM,5-SPEED FLOOR SHIFT");
INSERT INTO COMPLECTATION_OPTIONS(COMPLECTATION_ID, OPTION_MNEMONIC, OPTION_LABEL) VALUES (263, "RCB", "REGULAR CAB");
INSERT INTO COMPLECTATION_OPTIONS(COMPLECTATION_ID, OPTION_MNEMONIC, OPTION_LABEL) VALUES (263, "W", "W TYPE TRANSMISSION");
INSERT INTO COMPLECTATION_OPTIONS(COMPLECTATION_ID, OPTION_MNEMONIC, OPTION_LABEL) VALUES (263, "HLF", "0.5TONS");
INSERT INTO COMPLECTATION_OPTIONS(COMPLECTATION_ID, OPTION_MNEMONIC, OPTION_LABEL) VALUES (263, "ST", "SINGLE TIRE");
INSERT INTO COMPLECTATION_OPTIONS(COMPLECTATION_ID, OPTION_MNEMONIC, OPTION_LABEL) VALUES (263, "USA", "UNITED STATES OF AMERICA");
INSERT INTO COMPLECTATION_OPTIONS(COMPLECTATION_ID, OPTION_MNEMONIC, OPTION_LABEL) VALUES (263, "EFI", "ELECTRIC FUEL INJECTION SYSTEM");
INSERT INTO COMPLECTATION_OPTIONS(COMPLECTATION_ID, OPTION_MNEMONIC, OPTION_LABEL) VALUES (263, "IV", "INCOMPLETE VEHICLES (CHASSIS & CAB)");
INSERT INTO COMPLECTATION(ID, FRAME_ID, NAME, URL, ENGINE_MNEMONIC, ENGINE_LABEL, PRODUCTION_PERIOD, BODY_MNEMONIC, BODY_LABEL, GRADE_MNEMONIC, GRADE_LABEL, TRANSMISSION_MNEMONIC, TRANSMISSION_LABEL) VALUES (264, 35, "RN65L-MSEK", "https://toyota-europe.epc-data.com/4runner/rn65l/6166/", "22REC", "2400CC EFI", "08.1984 - 08.1985", "T1", "TRUCK(STANDARD DECK 1-SIDE OPEN)", "SR5", "SR-5 TYPE", "MTM", "MANUAL TRANSMISSION");
INSERT INTO COMPLECTATION_OPTIONS(COMPLECTATION_ID, OPTION_MNEMONIC, OPTION_LABEL) VALUES (264, "5F", "MTM,5-SPEED FLOOR SHIFT");
INSERT INTO COMPLECTATION_OPTIONS(COMPLECTATION_ID, OPTION_MNEMONIC, OPTION_LABEL) VALUES (264, "RCB", "REGULAR CAB");
INSERT INTO COMPLECTATION_OPTIONS(COMPLECTATION_ID, OPTION_MNEMONIC, OPTION_LABEL) VALUES (264, "W", "W TYPE TRANSMISSION");
INSERT INTO COMPLECTATION_OPTIONS(COMPLECTATION_ID, OPTION_MNEMONIC, OPTION_LABEL) VALUES (264, "HLF", "0.5TONS");
INSERT INTO COMPLECTATION_OPTIONS(COMPLECTATION_ID, OPTION_MNEMONIC, OPTION_LABEL) VALUES (264, "ST", "SINGLE TIRE");
INSERT INTO COMPLECTATION_OPTIONS(COMPLECTATION_ID, OPTION_MNEMONIC, OPTION_LABEL) VALUES (264, "CND", "CANADA");
INSERT INTO COMPLECTATION_OPTIONS(COMPLECTATION_ID, OPTION_MNEMONIC, OPTION_LABEL) VALUES (264, "EFI", "ELECTRIC FUEL INJECTION SYSTEM");
INSERT INTO COMPLECTATION_OPTIONS(COMPLECTATION_ID, OPTION_MNEMONIC, OPTION_LABEL) VALUES (264, "CBU", "COMPLETELY BUILT UNIT");
INSERT INTO COMPLECTATION(ID, FRAME_ID, NAME, URL, ENGINE_MNEMONIC, ENGINE_LABEL, PRODUCTION_PERIOD, BODY_MNEMONIC, BODY_LABEL, GRADE_MNEMONIC, GRADE_LABEL, TRANSMISSION_MNEMONIC, TRANSMISSION_LABEL) VALUES (265, 35, "RN65L-MSK", "https://toyota-europe.epc-data.com/4runner/rn65l/6167/", "22R", "2400CC", "08.1983 - 08.1984", "T1", "TRUCK(STANDARD DECK 1-SIDE OPEN)", "SR5", "SR-5 TYPE", "MTM", "MANUAL TRANSMISSION");
INSERT INTO COMPLECTATION_OPTIONS(COMPLECTATION_ID, OPTION_MNEMONIC, OPTION_LABEL) VALUES (265, "5F", "MTM,5-SPEED FLOOR SHIFT");
INSERT INTO COMPLECTATION_OPTIONS(COMPLECTATION_ID, OPTION_MNEMONIC, OPTION_LABEL) VALUES (265, "RCB", "REGULAR CAB");
INSERT INTO COMPLECTATION_OPTIONS(COMPLECTATION_ID, OPTION_MNEMONIC, OPTION_LABEL) VALUES (265, "G", "G TYPE TRANSMISSION");
INSERT INTO COMPLECTATION_OPTIONS(COMPLECTATION_ID, OPTION_MNEMONIC, OPTION_LABEL) VALUES (265, "HLF", "0.5TONS");
INSERT INTO COMPLECTATION_OPTIONS(COMPLECTATION_ID, OPTION_MNEMONIC, OPTION_LABEL) VALUES (265, "ST", "SINGLE TIRE");
INSERT INTO COMPLECTATION_OPTIONS(COMPLECTATION_ID, OPTION_MNEMONIC, OPTION_LABEL) VALUES (265, "CND", "CANADA");
INSERT INTO COMPLECTATION_OPTIONS(COMPLECTATION_ID, OPTION_MNEMONIC, OPTION_LABEL) VALUES (265, "CBR", "CARBURETOR SYSTEM");
INSERT INTO COMPLECTATION_OPTIONS(COMPLECTATION_ID, OPTION_MNEMONIC, OPTION_LABEL) VALUES (265, "CBU", "COMPLETELY BUILT UNIT");
INSERT INTO COMPLECTATION(ID, FRAME_ID, NAME, URL, ENGINE_MNEMONIC, ENGINE_LABEL, PRODUCTION_PERIOD, BODY_MNEMONIC, BODY_LABEL, GRADE_MNEMONIC, GRADE_LABEL, TRANSMISSION_MNEMONIC, TRANSMISSION_LABEL) VALUES (266, 35, "RN65L-PDCEA", "https://toyota-europe.epc-data.com/4runner/rn65l/6170/", "22REC", "2400CC EFI", "01.1985 - 08.1985", "T1", "TRUCK(STANDARD DECK 1-SIDE OPEN)", "DLX", "DELUXE TYPE", "ATM", "AUTOMATIC TRANSMISSION");
INSERT INTO COMPLECTATION_OPTIONS(COMPLECTATION_ID, OPTION_MNEMONIC, OPTION_LABEL) VALUES (266, "4FC", "ATM,4-SPEED FLOOR SHIFT");
INSERT INTO COMPLECTATION_OPTIONS(COMPLECTATION_ID, OPTION_MNEMONIC, OPTION_LABEL) VALUES (266, "XTR", "EXTRA CAB");
INSERT INTO COMPLECTATION_OPTIONS(COMPLECTATION_ID, OPTION_MNEMONIC, OPTION_LABEL) VALUES (266, "HLF", "0.5TONS");
INSERT INTO COMPLECTATION_OPTIONS(COMPLECTATION_ID, OPTION_MNEMONIC, OPTION_LABEL) VALUES (266, "ST", "SINGLE TIRE");
INSERT INTO COMPLECTATION_OPTIONS(COMPLECTATION_ID, OPTION_MNEMONIC, OPTION_LABEL) VALUES (266, "USA", "UNITED STATES OF AMERICA");
INSERT INTO COMPLECTATION_OPTIONS(COMPLECTATION_ID, OPTION_MNEMONIC, OPTION_LABEL) VALUES (266, "EFI", "ELECTRIC FUEL INJECTION SYSTEM");
INSERT INTO COMPLECTATION_OPTIONS(COMPLECTATION_ID, OPTION_MNEMONIC, OPTION_LABEL) VALUES (266, "CBU", "COMPLETELY BUILT UNIT");
INSERT INTO COMPLECTATION(ID, FRAME_ID, NAME, URL, ENGINE_MNEMONIC, ENGINE_LABEL, PRODUCTION_PERIOD, BODY_MNEMONIC, BODY_LABEL, GRADE_MNEMONIC, GRADE_LABEL, TRANSMISSION_MNEMONIC, TRANSMISSION_LABEL) VALUES (267, 35, "RN65L-PDCEA3", "https://toyota-europe.epc-data.com/4runner/rn65l/6171/", "22REC", "2400CC EFI", "01.1985 - 08.1985", "T1", "TRUCK(STANDARD DECK 1-SIDE OPEN)", "DLX", "DELUXE TYPE", "ATM", "AUTOMATIC TRANSMISSION");
INSERT INTO COMPLECTATION_OPTIONS(COMPLECTATION_ID, OPTION_MNEMONIC, OPTION_LABEL) VALUES (267, "4FC", "ATM,4-SPEED FLOOR SHIFT");
INSERT INTO COMPLECTATION_OPTIONS(COMPLECTATION_ID, OPTION_MNEMONIC, OPTION_LABEL) VALUES (267, "XTR", "EXTRA CAB");
INSERT INTO COMPLECTATION_OPTIONS(COMPLECTATION_ID, OPTION_MNEMONIC, OPTION_LABEL) VALUES (267, "HLF", "0.5TONS");
INSERT INTO COMPLECTATION_OPTIONS(COMPLECTATION_ID, OPTION_MNEMONIC, OPTION_LABEL) VALUES (267, "ST", "SINGLE TIRE");
INSERT INTO COMPLECTATION_OPTIONS(COMPLECTATION_ID, OPTION_MNEMONIC, OPTION_LABEL) VALUES (267, "USA", "UNITED STATES OF AMERICA");
INSERT INTO COMPLECTATION_OPTIONS(COMPLECTATION_ID, OPTION_MNEMONIC, OPTION_LABEL) VALUES (267, "EFI", "ELECTRIC FUEL INJECTION SYSTEM");
INSERT INTO COMPLECTATION_OPTIONS(COMPLECTATION_ID, OPTION_MNEMONIC, OPTION_LABEL) VALUES (267, "IV", "INCOMPLETE VEHICLES (CHASSIS & CAB)");
INSERT INTO COMPLECTATION(ID, FRAME_ID, NAME, URL, ENGINE_MNEMONIC, ENGINE_LABEL, PRODUCTION_PERIOD, BODY_MNEMONIC, BODY_LABEL, GRADE_MNEMONIC, GRADE_LABEL, TRANSMISSION_MNEMONIC, TRANSMISSION_LABEL) VALUES (268, 35, "RN65L-PDEA", "https://toyota-europe.epc-data.com/4runner/rn65l/6158/", "22REC", "2400CC EFI", "01.1985 - 08.1985", "T1", "TRUCK(STANDARD DECK 1-SIDE OPEN)", "DLX", "DELUXE TYPE", "ATM", "AUTOMATIC TRANSMISSION");
INSERT INTO COMPLECTATION_OPTIONS(COMPLECTATION_ID, OPTION_MNEMONIC, OPTION_LABEL) VALUES (268, "4FC", "ATM,4-SPEED FLOOR SHIFT");
INSERT INTO COMPLECTATION_OPTIONS(COMPLECTATION_ID, OPTION_MNEMONIC, OPTION_LABEL) VALUES (268, "RCB", "REGULAR CAB");
INSERT INTO COMPLECTATION_OPTIONS(COMPLECTATION_ID, OPTION_MNEMONIC, OPTION_LABEL) VALUES (268, "HLF", "0.5TONS");
INSERT INTO COMPLECTATION_OPTIONS(COMPLECTATION_ID, OPTION_MNEMONIC, OPTION_LABEL) VALUES (268, "ST", "SINGLE TIRE");
INSERT INTO COMPLECTATION_OPTIONS(COMPLECTATION_ID, OPTION_MNEMONIC, OPTION_LABEL) VALUES (268, "USA", "UNITED STATES OF AMERICA");
INSERT INTO COMPLECTATION_OPTIONS(COMPLECTATION_ID, OPTION_MNEMONIC, OPTION_LABEL) VALUES (268, "EFI", "ELECTRIC FUEL INJECTION SYSTEM");
INSERT INTO COMPLECTATION_OPTIONS(COMPLECTATION_ID, OPTION_MNEMONIC, OPTION_LABEL) VALUES (268, "CBU", "COMPLETELY BUILT UNIT");
INSERT INTO COMPLECTATION(ID, FRAME_ID, NAME, URL, ENGINE_MNEMONIC, ENGINE_LABEL, PRODUCTION_PERIOD, BODY_MNEMONIC, BODY_LABEL, GRADE_MNEMONIC, GRADE_LABEL, TRANSMISSION_MNEMONIC, TRANSMISSION_LABEL) VALUES (269, 35, "RN65L-PDEA3", "https://toyota-europe.epc-data.com/4runner/rn65l/6159/", "22REC", "2400CC EFI", "01.1985 - 08.1985", "T1", "TRUCK(STANDARD DECK 1-SIDE OPEN)", "DLX", "DELUXE TYPE", "ATM", "AUTOMATIC TRANSMISSION");
INSERT INTO COMPLECTATION_OPTIONS(COMPLECTATION_ID, OPTION_MNEMONIC, OPTION_LABEL) VALUES (269, "4FC", "ATM,4-SPEED FLOOR SHIFT");
INSERT INTO COMPLECTATION_OPTIONS(COMPLECTATION_ID, OPTION_MNEMONIC, OPTION_LABEL) VALUES (269, "RCB", "REGULAR CAB");
INSERT INTO COMPLECTATION_OPTIONS(COMPLECTATION_ID, OPTION_MNEMONIC, OPTION_LABEL) VALUES (269, "HLF", "0.5TONS");
INSERT INTO COMPLECTATION_OPTIONS(COMPLECTATION_ID, OPTION_MNEMONIC, OPTION_LABEL) VALUES (269, "ST", "SINGLE TIRE");
INSERT INTO COMPLECTATION_OPTIONS(COMPLECTATION_ID, OPTION_MNEMONIC, OPTION_LABEL) VALUES (269, "USA", "UNITED STATES OF AMERICA");
INSERT INTO COMPLECTATION_OPTIONS(COMPLECTATION_ID, OPTION_MNEMONIC, OPTION_LABEL) VALUES (269, "EFI", "ELECTRIC FUEL INJECTION SYSTEM");
INSERT INTO COMPLECTATION_OPTIONS(COMPLECTATION_ID, OPTION_MNEMONIC, OPTION_LABEL) VALUES (269, "IV", "INCOMPLETE VEHICLES (CHASSIS & CAB)");
INSERT INTO COMPLECTATION(ID, FRAME_ID, NAME, URL, ENGINE_MNEMONIC, ENGINE_LABEL, PRODUCTION_PERIOD, BODY_MNEMONIC, BODY_LABEL, GRADE_MNEMONIC, GRADE_LABEL, TRANSMISSION_MNEMONIC, TRANSMISSION_LABEL) VALUES (270, 35, "RN65L-PDEK", "https://toyota-europe.epc-data.com/4runner/rn65l/6160/", "22REC", "2400CC EFI", "01.1985 - 08.1985", "T1", "TRUCK(STANDARD DECK 1-SIDE OPEN)", "DLX", "DELUXE TYPE", "ATM", "AUTOMATIC TRANSMISSION");
INSERT INTO COMPLECTATION_OPTIONS(COMPLECTATION_ID, OPTION_MNEMONIC, OPTION_LABEL) VALUES (270, "4FC", "ATM,4-SPEED FLOOR SHIFT");
INSERT INTO COMPLECTATION_OPTIONS(COMPLECTATION_ID, OPTION_MNEMONIC, OPTION_LABEL) VALUES (270, "RCB", "REGULAR CAB");
INSERT INTO COMPLECTATION_OPTIONS(COMPLECTATION_ID, OPTION_MNEMONIC, OPTION_LABEL) VALUES (270, "HLF", "0.5TONS");
INSERT INTO COMPLECTATION_OPTIONS(COMPLECTATION_ID, OPTION_MNEMONIC, OPTION_LABEL) VALUES (270, "ST", "SINGLE TIRE");
INSERT INTO COMPLECTATION_OPTIONS(COMPLECTATION_ID, OPTION_MNEMONIC, OPTION_LABEL) VALUES (270, "CND", "CANADA");
INSERT INTO COMPLECTATION_OPTIONS(COMPLECTATION_ID, OPTION_MNEMONIC, OPTION_LABEL) VALUES (270, "EFI", "ELECTRIC FUEL INJECTION SYSTEM");
INSERT INTO COMPLECTATION_OPTIONS(COMPLECTATION_ID, OPTION_MNEMONIC, OPTION_LABEL) VALUES (270, "CBU", "COMPLETELY BUILT UNIT");
INSERT INTO COMPLECTATION(ID, FRAME_ID, NAME, URL, ENGINE_MNEMONIC, ENGINE_LABEL, PRODUCTION_PERIOD, BODY_MNEMONIC, BODY_LABEL, GRADE_MNEMONIC, GRADE_LABEL, TRANSMISSION_MNEMONIC, TRANSMISSION_LABEL) VALUES (271, 35, "RN65L-PSCEK", "https://toyota-europe.epc-data.com/4runner/rn65l/6183/", "22REC", "2400CC EFI", "01.1985 - 08.1985", "T1", "TRUCK(STANDARD DECK 1-SIDE OPEN)", "SR5", "SR-5 TYPE", "ATM", "AUTOMATIC TRANSMISSION");
INSERT INTO COMPLECTATION_OPTIONS(COMPLECTATION_ID, OPTION_MNEMONIC, OPTION_LABEL) VALUES (271, "4FC", "ATM,4-SPEED FLOOR SHIFT");
INSERT INTO COMPLECTATION_OPTIONS(COMPLECTATION_ID, OPTION_MNEMONIC, OPTION_LABEL) VALUES (271, "XTR", "EXTRA CAB");
INSERT INTO COMPLECTATION_OPTIONS(COMPLECTATION_ID, OPTION_MNEMONIC, OPTION_LABEL) VALUES (271, "HLF", "0.5TONS");
INSERT INTO COMPLECTATION_OPTIONS(COMPLECTATION_ID, OPTION_MNEMONIC, OPTION_LABEL) VALUES (271, "ST", "SINGLE TIRE");
INSERT INTO COMPLECTATION_OPTIONS(COMPLECTATION_ID, OPTION_MNEMONIC, OPTION_LABEL) VALUES (271, "CND", "CANADA");
INSERT INTO COMPLECTATION_OPTIONS(COMPLECTATION_ID, OPTION_MNEMONIC, OPTION_LABEL) VALUES (271, "EFI", "ELECTRIC FUEL INJECTION SYSTEM");
INSERT INTO COMPLECTATION_OPTIONS(COMPLECTATION_ID, OPTION_MNEMONIC, OPTION_LABEL) VALUES (271, "CBU", "COMPLETELY BUILT UNIT");
INSERT INTO FRAME(ID, MODEL_ID, NAME, URL) VALUES (36, 5, "RN66L", "https://toyota-europe.epc-data.com/4runner/rn66l");
INSERT INTO COMPLECTATION(ID, FRAME_ID, NAME, URL, ENGINE_MNEMONIC, ENGINE_LABEL, PRODUCTION_PERIOD, BODY_MNEMONIC, BODY_LABEL, GRADE_MNEMONIC, GRADE_LABEL, TRANSMISSION_MNEMONIC, TRANSMISSION_LABEL) VALUES (272, 36, "RN66L-MDA", "https://toyota-europe.epc-data.com/4runner/rn66l/6023/", "22R", "2400CC", "08.1985 - 08.1986", "T1", "TRUCK(STANDARD DECK 1-SIDE OPEN)", "DLX", "DELUXE TYPE", "MTM", "MANUAL TRANSMISSION");
INSERT INTO COMPLECTATION_OPTIONS(COMPLECTATION_ID, OPTION_MNEMONIC, OPTION_LABEL) VALUES (272, "5F", "MTM,5-SPEED FLOOR SHIFT");
INSERT INTO COMPLECTATION_OPTIONS(COMPLECTATION_ID, OPTION_MNEMONIC, OPTION_LABEL) VALUES (272, "RCB", "REGULAR CAB");
INSERT INTO COMPLECTATION_OPTIONS(COMPLECTATION_ID, OPTION_MNEMONIC, OPTION_LABEL) VALUES (272, "G", "G TYPE TRANSMISSION");
INSERT INTO COMPLECTATION_OPTIONS(COMPLECTATION_ID, OPTION_MNEMONIC, OPTION_LABEL) VALUES (272, "HLF", "0.5TONS");
INSERT INTO COMPLECTATION_OPTIONS(COMPLECTATION_ID, OPTION_MNEMONIC, OPTION_LABEL) VALUES (272, "ST", "SINGLE TIRE");
INSERT INTO COMPLECTATION_OPTIONS(COMPLECTATION_ID, OPTION_MNEMONIC, OPTION_LABEL) VALUES (272, "USA", "UNITED STATES OF AMERICA");
INSERT INTO COMPLECTATION_OPTIONS(COMPLECTATION_ID, OPTION_MNEMONIC, OPTION_LABEL) VALUES (272, "CBR", "CARBURETOR SYSTEM");
INSERT INTO COMPLECTATION_OPTIONS(COMPLECTATION_ID, OPTION_MNEMONIC, OPTION_LABEL) VALUES (272, "CBU", "COMPLETELY BUILT UNIT");
INSERT INTO COMPLECTATION(ID, FRAME_ID, NAME, URL, ENGINE_MNEMONIC, ENGINE_LABEL, PRODUCTION_PERIOD, BODY_MNEMONIC, BODY_LABEL, GRADE_MNEMONIC, GRADE_LABEL, TRANSMISSION_MNEMONIC, TRANSMISSION_LABEL) VALUES (273, 36, "RN66L-MDA3", "https://toyota-europe.epc-data.com/4runner/rn66l/6146/", "22R", "2400CC", "08.1985 - 08.1987", "T1", "TRUCK(STANDARD DECK 1-SIDE OPEN)", "DLX", "DELUXE TYPE", "MTM", "MANUAL TRANSMISSION");
INSERT INTO COMPLECTATION_OPTIONS(COMPLECTATION_ID, OPTION_MNEMONIC, OPTION_LABEL) VALUES (273, "5F", "MTM,5-SPEED FLOOR SHIFT");
INSERT INTO COMPLECTATION_OPTIONS(COMPLECTATION_ID, OPTION_MNEMONIC, OPTION_LABEL) VALUES (273, "RCB", "REGULAR CAB");
INSERT INTO COMPLECTATION_OPTIONS(COMPLECTATION_ID, OPTION_MNEMONIC, OPTION_LABEL) VALUES (273, "G", "G TYPE TRANSMISSION");
INSERT INTO COMPLECTATION_OPTIONS(COMPLECTATION_ID, OPTION_MNEMONIC, OPTION_LABEL) VALUES (273, "HLF", "0.5TONS");
INSERT INTO COMPLECTATION_OPTIONS(COMPLECTATION_ID, OPTION_MNEMONIC, OPTION_LABEL) VALUES (273, "ST", "SINGLE TIRE");
INSERT INTO COMPLECTATION_OPTIONS(COMPLECTATION_ID, OPTION_MNEMONIC, OPTION_LABEL) VALUES (273, "USA", "UNITED STATES OF AMERICA");
INSERT INTO COMPLECTATION_OPTIONS(COMPLECTATION_ID, OPTION_MNEMONIC, OPTION_LABEL) VALUES (273, "CBR", "CARBURETOR SYSTEM");
INSERT INTO COMPLECTATION_OPTIONS(COMPLECTATION_ID, OPTION_MNEMONIC, OPTION_LABEL) VALUES (273, "IV", "INCOMPLETE VEHICLES (CHASSIS & CAB)");
INSERT INTO COMPLECTATION(ID, FRAME_ID, NAME, URL, ENGINE_MNEMONIC, ENGINE_LABEL, PRODUCTION_PERIOD, BODY_MNEMONIC, BODY_LABEL, GRADE_MNEMONIC, GRADE_LABEL, TRANSMISSION_MNEMONIC, TRANSMISSION_LABEL) VALUES (274, 36, "RN66L-MDCA", "https://toyota-europe.epc-data.com/4runner/rn66l/6184/", "22R", "2400CC", "08.1985 - 08.1987", "T1", "TRUCK(STANDARD DECK 1-SIDE OPEN)", "DLX", "DELUXE TYPE", "MTM", "MANUAL TRANSMISSION");
INSERT INTO COMPLECTATION_OPTIONS(COMPLECTATION_ID, OPTION_MNEMONIC, OPTION_LABEL) VALUES (274, "5F", "MTM,5-SPEED FLOOR SHIFT");
INSERT INTO COMPLECTATION_OPTIONS(COMPLECTATION_ID, OPTION_MNEMONIC, OPTION_LABEL) VALUES (274, "XTR", "EXTRA CAB");
INSERT INTO COMPLECTATION_OPTIONS(COMPLECTATION_ID, OPTION_MNEMONIC, OPTION_LABEL) VALUES (274, "G", "G TYPE TRANSMISSION");
INSERT INTO COMPLECTATION_OPTIONS(COMPLECTATION_ID, OPTION_MNEMONIC, OPTION_LABEL) VALUES (274, "HLF", "0.5TONS");
INSERT INTO COMPLECTATION_OPTIONS(COMPLECTATION_ID, OPTION_MNEMONIC, OPTION_LABEL) VALUES (274, "ST", "SINGLE TIRE");
INSERT INTO COMPLECTATION_OPTIONS(COMPLECTATION_ID, OPTION_MNEMONIC, OPTION_LABEL) VALUES (274, "USA", "UNITED STATES OF AMERICA");
INSERT INTO COMPLECTATION_OPTIONS(COMPLECTATION_ID, OPTION_MNEMONIC, OPTION_LABEL) VALUES (274, "CBR", "CARBURETOR SYSTEM");
INSERT INTO COMPLECTATION_OPTIONS(COMPLECTATION_ID, OPTION_MNEMONIC, OPTION_LABEL) VALUES (274, "CBU", "COMPLETELY BUILT UNIT");
INSERT INTO COMPLECTATION(ID, FRAME_ID, NAME, URL, ENGINE_MNEMONIC, ENGINE_LABEL, PRODUCTION_PERIOD, BODY_MNEMONIC, BODY_LABEL, GRADE_MNEMONIC, GRADE_LABEL, TRANSMISSION_MNEMONIC, TRANSMISSION_LABEL) VALUES (275, 36, "RN66L-MDCA3", "https://toyota-europe.epc-data.com/4runner/rn66l/6185/", "22R", "2400CC", "08.1985 - 08.1987", "T1", "TRUCK(STANDARD DECK 1-SIDE OPEN)", "DLX", "DELUXE TYPE", "MTM", "MANUAL TRANSMISSION");
INSERT INTO COMPLECTATION_OPTIONS(COMPLECTATION_ID, OPTION_MNEMONIC, OPTION_LABEL) VALUES (275, "5F", "MTM,5-SPEED FLOOR SHIFT");
INSERT INTO COMPLECTATION_OPTIONS(COMPLECTATION_ID, OPTION_MNEMONIC, OPTION_LABEL) VALUES (275, "XTR", "EXTRA CAB");
INSERT INTO COMPLECTATION_OPTIONS(COMPLECTATION_ID, OPTION_MNEMONIC, OPTION_LABEL) VALUES (275, "G", "G TYPE TRANSMISSION");
INSERT INTO COMPLECTATION_OPTIONS(COMPLECTATION_ID, OPTION_MNEMONIC, OPTION_LABEL) VALUES (275, "HLF", "0.5TONS");
INSERT INTO COMPLECTATION_OPTIONS(COMPLECTATION_ID, OPTION_MNEMONIC, OPTION_LABEL) VALUES (275, "ST", "SINGLE TIRE");
INSERT INTO COMPLECTATION_OPTIONS(COMPLECTATION_ID, OPTION_MNEMONIC, OPTION_LABEL) VALUES (275, "USA", "UNITED STATES OF AMERICA");
INSERT INTO COMPLECTATION_OPTIONS(COMPLECTATION_ID, OPTION_MNEMONIC, OPTION_LABEL) VALUES (275, "CBR", "CARBURETOR SYSTEM");
INSERT INTO COMPLECTATION_OPTIONS(COMPLECTATION_ID, OPTION_MNEMONIC, OPTION_LABEL) VALUES (275, "IV", "INCOMPLETE VEHICLES (CHASSIS & CAB)");
INSERT INTO COMPLECTATION(ID, FRAME_ID, NAME, URL, ENGINE_MNEMONIC, ENGINE_LABEL, PRODUCTION_PERIOD, BODY_MNEMONIC, BODY_LABEL, GRADE_MNEMONIC, GRADE_LABEL, TRANSMISSION_MNEMONIC, TRANSMISSION_LABEL) VALUES (276, 36, "RN66L-MDCEA", "https://toyota-europe.epc-data.com/4runner/rn66l/6189/", "22REC", "2400CC EFI", "08.1987 - 08.1988", "T1", "TRUCK(STANDARD DECK 1-SIDE OPEN)", "DLX", "DELUXE TYPE", "MTM", "MANUAL TRANSMISSION");
INSERT INTO COMPLECTATION_OPTIONS(COMPLECTATION_ID, OPTION_MNEMONIC, OPTION_LABEL) VALUES (276, "5F", "MTM,5-SPEED FLOOR SHIFT");
INSERT INTO COMPLECTATION_OPTIONS(COMPLECTATION_ID, OPTION_MNEMONIC, OPTION_LABEL) VALUES (276, "XTR", "EXTRA CAB");
INSERT INTO COMPLECTATION_OPTIONS(COMPLECTATION_ID, OPTION_MNEMONIC, OPTION_LABEL) VALUES (276, "W", "W TYPE TRANSMISSION");
INSERT INTO COMPLECTATION_OPTIONS(COMPLECTATION_ID, OPTION_MNEMONIC, OPTION_LABEL) VALUES (276, "HLF", "0.5TONS");
INSERT INTO COMPLECTATION_OPTIONS(COMPLECTATION_ID, OPTION_MNEMONIC, OPTION_LABEL) VALUES (276, "ST", "SINGLE TIRE");
INSERT INTO COMPLECTATION_OPTIONS(COMPLECTATION_ID, OPTION_MNEMONIC, OPTION_LABEL) VALUES (276, "USA", "UNITED STATES OF AMERICA");
INSERT INTO COMPLECTATION_OPTIONS(COMPLECTATION_ID, OPTION_MNEMONIC, OPTION_LABEL) VALUES (276, "EFI", "ELECTRIC FUEL INJECTION SYSTEM");
INSERT INTO COMPLECTATION_OPTIONS(COMPLECTATION_ID, OPTION_MNEMONIC, OPTION_LABEL) VALUES (276, "CBU", "COMPLETELY BUILT UNIT");
INSERT INTO COMPLECTATION(ID, FRAME_ID, NAME, URL, ENGINE_MNEMONIC, ENGINE_LABEL, PRODUCTION_PERIOD, BODY_MNEMONIC, BODY_LABEL, GRADE_MNEMONIC, GRADE_LABEL, TRANSMISSION_MNEMONIC, TRANSMISSION_LABEL) VALUES (277, 36, "RN66L-MDCEA3", "https://toyota-europe.epc-data.com/4runner/rn66l/6190/", "22REC", "2400CC EFI", "08.1987 - 08.1988", "T1", "TRUCK(STANDARD DECK 1-SIDE OPEN)", "DLX", "DELUXE TYPE", "MTM", "MANUAL TRANSMISSION");
INSERT INTO COMPLECTATION_OPTIONS(COMPLECTATION_ID, OPTION_MNEMONIC, OPTION_LABEL) VALUES (277, "5F", "MTM,5-SPEED FLOOR SHIFT");
INSERT INTO COMPLECTATION_OPTIONS(COMPLECTATION_ID, OPTION_MNEMONIC, OPTION_LABEL) VALUES (277, "XTR", "EXTRA CAB");
INSERT INTO COMPLECTATION_OPTIONS(COMPLECTATION_ID, OPTION_MNEMONIC, OPTION_LABEL) VALUES (277, "W", "W TYPE TRANSMISSION");
INSERT INTO COMPLECTATION_OPTIONS(COMPLECTATION_ID, OPTION_MNEMONIC, OPTION_LABEL) VALUES (277, "HLF", "0.5TONS");
INSERT INTO COMPLECTATION_OPTIONS(COMPLECTATION_ID, OPTION_MNEMONIC, OPTION_LABEL) VALUES (277, "ST", "SINGLE TIRE");
INSERT INTO COMPLECTATION_OPTIONS(COMPLECTATION_ID, OPTION_MNEMONIC, OPTION_LABEL) VALUES (277, "USA", "UNITED STATES OF AMERICA");
INSERT INTO COMPLECTATION_OPTIONS(COMPLECTATION_ID, OPTION_MNEMONIC, OPTION_LABEL) VALUES (277, "EFI", "ELECTRIC FUEL INJECTION SYSTEM");
INSERT INTO COMPLECTATION_OPTIONS(COMPLECTATION_ID, OPTION_MNEMONIC, OPTION_LABEL) VALUES (277, "IV", "INCOMPLETE VEHICLES (CHASSIS & CAB)");
INSERT INTO COMPLECTATION(ID, FRAME_ID, NAME, URL, ENGINE_MNEMONIC, ENGINE_LABEL, PRODUCTION_PERIOD, BODY_MNEMONIC, BODY_LABEL, GRADE_MNEMONIC, GRADE_LABEL, TRANSMISSION_MNEMONIC, TRANSMISSION_LABEL) VALUES (278, 36, "RN66L-MDCEK", "https://toyota-europe.epc-data.com/4runner/rn66l/6191/", "22REC", "2400CC EFI", "08.1987 - 08.1988", "T1", "TRUCK(STANDARD DECK 1-SIDE OPEN)", "DLX", "DELUXE TYPE", "MTM", "MANUAL TRANSMISSION");
INSERT INTO COMPLECTATION_OPTIONS(COMPLECTATION_ID, OPTION_MNEMONIC, OPTION_LABEL) VALUES (278, "5F", "MTM,5-SPEED FLOOR SHIFT");
INSERT INTO COMPLECTATION_OPTIONS(COMPLECTATION_ID, OPTION_MNEMONIC, OPTION_LABEL) VALUES (278, "XTR", "EXTRA CAB");
INSERT INTO COMPLECTATION_OPTIONS(COMPLECTATION_ID, OPTION_MNEMONIC, OPTION_LABEL) VALUES (278, "W", "W TYPE TRANSMISSION");
INSERT INTO COMPLECTATION_OPTIONS(COMPLECTATION_ID, OPTION_MNEMONIC, OPTION_LABEL) VALUES (278, "HLF", "0.5TONS");
INSERT INTO COMPLECTATION_OPTIONS(COMPLECTATION_ID, OPTION_MNEMONIC, OPTION_LABEL) VALUES (278, "ST", "SINGLE TIRE");
INSERT INTO COMPLECTATION_OPTIONS(COMPLECTATION_ID, OPTION_MNEMONIC, OPTION_LABEL) VALUES (278, "CND", "CANADA");
INSERT INTO COMPLECTATION_OPTIONS(COMPLECTATION_ID, OPTION_MNEMONIC, OPTION_LABEL) VALUES (278, "EFI", "ELECTRIC FUEL INJECTION SYSTEM");
INSERT INTO COMPLECTATION_OPTIONS(COMPLECTATION_ID, OPTION_MNEMONIC, OPTION_LABEL) VALUES (278, "CBU", "COMPLETELY BUILT UNIT");
INSERT INTO COMPLECTATION(ID, FRAME_ID, NAME, URL, ENGINE_MNEMONIC, ENGINE_LABEL, PRODUCTION_PERIOD, BODY_MNEMONIC, BODY_LABEL, GRADE_MNEMONIC, GRADE_LABEL, TRANSMISSION_MNEMONIC, TRANSMISSION_LABEL) VALUES (279, 36, "RN66L-MDEA", "https://toyota-europe.epc-data.com/4runner/rn66l/6148/", "22REC", "2400CC EFI", "08.1987 - 08.1988", "T1", "TRUCK(STANDARD DECK 1-SIDE OPEN)", "DLX", "DELUXE TYPE", "MTM", "MANUAL TRANSMISSION");
INSERT INTO COMPLECTATION_OPTIONS(COMPLECTATION_ID, OPTION_MNEMONIC, OPTION_LABEL) VALUES (279, "5F", "MTM,5-SPEED FLOOR SHIFT");
INSERT INTO COMPLECTATION_OPTIONS(COMPLECTATION_ID, OPTION_MNEMONIC, OPTION_LABEL) VALUES (279, "RCB", "REGULAR CAB");
INSERT INTO COMPLECTATION_OPTIONS(COMPLECTATION_ID, OPTION_MNEMONIC, OPTION_LABEL) VALUES (279, "W", "W TYPE TRANSMISSION");
INSERT INTO COMPLECTATION_OPTIONS(COMPLECTATION_ID, OPTION_MNEMONIC, OPTION_LABEL) VALUES (279, "HLF", "0.5TONS");
INSERT INTO COMPLECTATION_OPTIONS(COMPLECTATION_ID, OPTION_MNEMONIC, OPTION_LABEL) VALUES (279, "ST", "SINGLE TIRE");
INSERT INTO COMPLECTATION_OPTIONS(COMPLECTATION_ID, OPTION_MNEMONIC, OPTION_LABEL) VALUES (279, "USA", "UNITED STATES OF AMERICA");
INSERT INTO COMPLECTATION_OPTIONS(COMPLECTATION_ID, OPTION_MNEMONIC, OPTION_LABEL) VALUES (279, "EFI", "ELECTRIC FUEL INJECTION SYSTEM");
INSERT INTO COMPLECTATION_OPTIONS(COMPLECTATION_ID, OPTION_MNEMONIC, OPTION_LABEL) VALUES (279, "CBU", "COMPLETELY BUILT UNIT");
INSERT INTO COMPLECTATION(ID, FRAME_ID, NAME, URL, ENGINE_MNEMONIC, ENGINE_LABEL, PRODUCTION_PERIOD, BODY_MNEMONIC, BODY_LABEL, GRADE_MNEMONIC, GRADE_LABEL, TRANSMISSION_MNEMONIC, TRANSMISSION_LABEL) VALUES (280, 36, "RN66L-MDEA3", "https://toyota-europe.epc-data.com/4runner/rn66l/6149/", "22REC", "2400CC EFI", "08.1987 - 08.1988", "T1", "TRUCK(STANDARD DECK 1-SIDE OPEN)", "DLX", "DELUXE TYPE", "MTM", "MANUAL TRANSMISSION");
INSERT INTO COMPLECTATION_OPTIONS(COMPLECTATION_ID, OPTION_MNEMONIC, OPTION_LABEL) VALUES (280, "5F", "MTM,5-SPEED FLOOR SHIFT");
INSERT INTO COMPLECTATION_OPTIONS(COMPLECTATION_ID, OPTION_MNEMONIC, OPTION_LABEL) VALUES (280, "RCB", "REGULAR CAB");
INSERT INTO COMPLECTATION_OPTIONS(COMPLECTATION_ID, OPTION_MNEMONIC, OPTION_LABEL) VALUES (280, "W", "W TYPE TRANSMISSION");
INSERT INTO COMPLECTATION_OPTIONS(COMPLECTATION_ID, OPTION_MNEMONIC, OPTION_LABEL) VALUES (280, "HLF", "0.5TONS");
INSERT INTO COMPLECTATION_OPTIONS(COMPLECTATION_ID, OPTION_MNEMONIC, OPTION_LABEL) VALUES (280, "ST", "SINGLE TIRE");
INSERT INTO COMPLECTATION_OPTIONS(COMPLECTATION_ID, OPTION_MNEMONIC, OPTION_LABEL) VALUES (280, "USA", "UNITED STATES OF AMERICA");
INSERT INTO COMPLECTATION_OPTIONS(COMPLECTATION_ID, OPTION_MNEMONIC, OPTION_LABEL) VALUES (280, "EFI", "ELECTRIC FUEL INJECTION SYSTEM");
INSERT INTO COMPLECTATION_OPTIONS(COMPLECTATION_ID, OPTION_MNEMONIC, OPTION_LABEL) VALUES (280, "IV", "INCOMPLETE VEHICLES (CHASSIS & CAB)");
INSERT INTO COMPLECTATION(ID, FRAME_ID, NAME, URL, ENGINE_MNEMONIC, ENGINE_LABEL, PRODUCTION_PERIOD, BODY_MNEMONIC, BODY_LABEL, GRADE_MNEMONIC, GRADE_LABEL, TRANSMISSION_MNEMONIC, TRANSMISSION_LABEL) VALUES (281, 36, "RN66L-MDEK", "https://toyota-europe.epc-data.com/4runner/rn66l/6150/", "22REC", "2400CC EFI", "08.1987 - 08.1988", "T1", "TRUCK(STANDARD DECK 1-SIDE OPEN)", "DLX", "DELUXE TYPE", "MTM", "MANUAL TRANSMISSION");
INSERT INTO COMPLECTATION_OPTIONS(COMPLECTATION_ID, OPTION_MNEMONIC, OPTION_LABEL) VALUES (281, "5F", "MTM,5-SPEED FLOOR SHIFT");
INSERT INTO COMPLECTATION_OPTIONS(COMPLECTATION_ID, OPTION_MNEMONIC, OPTION_LABEL) VALUES (281, "RCB", "REGULAR CAB");
INSERT INTO COMPLECTATION_OPTIONS(COMPLECTATION_ID, OPTION_MNEMONIC, OPTION_LABEL) VALUES (281, "W", "W TYPE TRANSMISSION");
INSERT INTO COMPLECTATION_OPTIONS(COMPLECTATION_ID, OPTION_MNEMONIC, OPTION_LABEL) VALUES (281, "HLF", "0.5TONS");
INSERT INTO COMPLECTATION_OPTIONS(COMPLECTATION_ID, OPTION_MNEMONIC, OPTION_LABEL) VALUES (281, "ST", "SINGLE TIRE");
INSERT INTO COMPLECTATION_OPTIONS(COMPLECTATION_ID, OPTION_MNEMONIC, OPTION_LABEL) VALUES (281, "CND", "CANADA");
INSERT INTO COMPLECTATION_OPTIONS(COMPLECTATION_ID, OPTION_MNEMONIC, OPTION_LABEL) VALUES (281, "EFI", "ELECTRIC FUEL INJECTION SYSTEM");
INSERT INTO COMPLECTATION_OPTIONS(COMPLECTATION_ID, OPTION_MNEMONIC, OPTION_LABEL) VALUES (281, "CBU", "COMPLETELY BUILT UNIT");
INSERT INTO COMPLECTATION(ID, FRAME_ID, NAME, URL, ENGINE_MNEMONIC, ENGINE_LABEL, PRODUCTION_PERIOD, BODY_MNEMONIC, BODY_LABEL, GRADE_MNEMONIC, GRADE_LABEL, TRANSMISSION_MNEMONIC, TRANSMISSION_LABEL) VALUES (282, 36, "RN66L-MDK", "https://toyota-europe.epc-data.com/4runner/rn66l/6147/", "22R", "2400CC", "08.1985 - 08.1987", "T1", "TRUCK(STANDARD DECK 1-SIDE OPEN)", "DLX", "DELUXE TYPE", "MTM", "MANUAL TRANSMISSION");
INSERT INTO COMPLECTATION_OPTIONS(COMPLECTATION_ID, OPTION_MNEMONIC, OPTION_LABEL) VALUES (282, "5F", "MTM,5-SPEED FLOOR SHIFT");
INSERT INTO COMPLECTATION_OPTIONS(COMPLECTATION_ID, OPTION_MNEMONIC, OPTION_LABEL) VALUES (282, "RCB", "REGULAR CAB");
INSERT INTO COMPLECTATION_OPTIONS(COMPLECTATION_ID, OPTION_MNEMONIC, OPTION_LABEL) VALUES (282, "G", "G TYPE TRANSMISSION");
INSERT INTO COMPLECTATION_OPTIONS(COMPLECTATION_ID, OPTION_MNEMONIC, OPTION_LABEL) VALUES (282, "HLF", "0.5TONS");
INSERT INTO COMPLECTATION_OPTIONS(COMPLECTATION_ID, OPTION_MNEMONIC, OPTION_LABEL) VALUES (282, "ST", "SINGLE TIRE");
INSERT INTO COMPLECTATION_OPTIONS(COMPLECTATION_ID, OPTION_MNEMONIC, OPTION_LABEL) VALUES (282, "CND", "CANADA");
INSERT INTO COMPLECTATION_OPTIONS(COMPLECTATION_ID, OPTION_MNEMONIC, OPTION_LABEL) VALUES (282, "CBR", "CARBURETOR SYSTEM");
INSERT INTO COMPLECTATION_OPTIONS(COMPLECTATION_ID, OPTION_MNEMONIC, OPTION_LABEL) VALUES (282, "CBU", "COMPLETELY BUILT UNIT");
INSERT INTO COMPLECTATION(ID, FRAME_ID, NAME, URL, ENGINE_MNEMONIC, ENGINE_LABEL, PRODUCTION_PERIOD, BODY_MNEMONIC, BODY_LABEL, GRADE_MNEMONIC, GRADE_LABEL, TRANSMISSION_MNEMONIC, TRANSMISSION_LABEL) VALUES (283, 36, "RN66L-MGCZA", "https://toyota-europe.epc-data.com/4runner/rn66l/6186/", "22RTEC", "2400CC", "08.1986 - 08.1987", "T1", "TRUCK(STANDARD DECK 1-SIDE OPEN)", "SRT", "SR-5 TYPE (WITH TURBO)", "MTM", "MANUAL TRANSMISSION");
INSERT INTO COMPLECTATION_OPTIONS(COMPLECTATION_ID, OPTION_MNEMONIC, OPTION_LABEL) VALUES (283, "5F", "MTM,5-SPEED FLOOR SHIFT");
INSERT INTO COMPLECTATION_OPTIONS(COMPLECTATION_ID, OPTION_MNEMONIC, OPTION_LABEL) VALUES (283, "XTR", "EXTRA CAB");
INSERT INTO COMPLECTATION_OPTIONS(COMPLECTATION_ID, OPTION_MNEMONIC, OPTION_LABEL) VALUES (283, "R", "R TYPE TRANSMISSION");
INSERT INTO COMPLECTATION_OPTIONS(COMPLECTATION_ID, OPTION_MNEMONIC, OPTION_LABEL) VALUES (283, "HLF", "0.5TONS");
INSERT INTO COMPLECTATION_OPTIONS(COMPLECTATION_ID, OPTION_MNEMONIC, OPTION_LABEL) VALUES (283, "ST", "SINGLE TIRE");
INSERT INTO COMPLECTATION_OPTIONS(COMPLECTATION_ID, OPTION_MNEMONIC, OPTION_LABEL) VALUES (283, "USA", "UNITED STATES OF AMERICA");
INSERT INTO COMPLECTATION_OPTIONS(COMPLECTATION_ID, OPTION_MNEMONIC, OPTION_LABEL) VALUES (283, "TBO", "TURBO SYSTEM");
INSERT INTO COMPLECTATION_OPTIONS(COMPLECTATION_ID, OPTION_MNEMONIC, OPTION_LABEL) VALUES (283, "CBU", "COMPLETELY BUILT UNIT");
INSERT INTO COMPLECTATION(ID, FRAME_ID, NAME, URL, ENGINE_MNEMONIC, ENGINE_LABEL, PRODUCTION_PERIOD, BODY_MNEMONIC, BODY_LABEL, GRADE_MNEMONIC, GRADE_LABEL, TRANSMISSION_MNEMONIC, TRANSMISSION_LABEL) VALUES (284, 36, "RN66L-MGCZA3", "https://toyota-europe.epc-data.com/4runner/rn66l/6187/", "22RTEC", "2400CC", "08.1986 - 08.1987", "T1", "TRUCK(STANDARD DECK 1-SIDE OPEN)", "SRT", "SR-5 TYPE (WITH TURBO)", "MTM", "MANUAL TRANSMISSION");
INSERT INTO COMPLECTATION_OPTIONS(COMPLECTATION_ID, OPTION_MNEMONIC, OPTION_LABEL) VALUES (284, "5F", "MTM,5-SPEED FLOOR SHIFT");
INSERT INTO COMPLECTATION_OPTIONS(COMPLECTATION_ID, OPTION_MNEMONIC, OPTION_LABEL) VALUES (284, "XTR", "EXTRA CAB");
INSERT INTO COMPLECTATION_OPTIONS(COMPLECTATION_ID, OPTION_MNEMONIC, OPTION_LABEL) VALUES (284, "R", "R TYPE TRANSMISSION");
INSERT INTO COMPLECTATION_OPTIONS(COMPLECTATION_ID, OPTION_MNEMONIC, OPTION_LABEL) VALUES (284, "HLF", "0.5TONS");
INSERT INTO COMPLECTATION_OPTIONS(COMPLECTATION_ID, OPTION_MNEMONIC, OPTION_LABEL) VALUES (284, "ST", "SINGLE TIRE");
INSERT INTO COMPLECTATION_OPTIONS(COMPLECTATION_ID, OPTION_MNEMONIC, OPTION_LABEL) VALUES (284, "USA", "UNITED STATES OF AMERICA");
INSERT INTO COMPLECTATION_OPTIONS(COMPLECTATION_ID, OPTION_MNEMONIC, OPTION_LABEL) VALUES (284, "TBO", "TURBO SYSTEM");
INSERT INTO COMPLECTATION_OPTIONS(COMPLECTATION_ID, OPTION_MNEMONIC, OPTION_LABEL) VALUES (284, "IV", "INCOMPLETE VEHICLES (CHASSIS & CAB)");
INSERT INTO COMPLECTATION(ID, FRAME_ID, NAME, URL, ENGINE_MNEMONIC, ENGINE_LABEL, PRODUCTION_PERIOD, BODY_MNEMONIC, BODY_LABEL, GRADE_MNEMONIC, GRADE_LABEL, TRANSMISSION_MNEMONIC, TRANSMISSION_LABEL) VALUES (285, 36, "RN66L-MGCZK", "https://toyota-europe.epc-data.com/4runner/rn66l/6188/", "22RTEC", "2400CC", "08.1986 - 08.1987", "T1", "TRUCK(STANDARD DECK 1-SIDE OPEN)", "SRT", "SR-5 TYPE (WITH TURBO)", "MTM", "MANUAL TRANSMISSION");
INSERT INTO COMPLECTATION_OPTIONS(COMPLECTATION_ID, OPTION_MNEMONIC, OPTION_LABEL) VALUES (285, "5F", "MTM,5-SPEED FLOOR SHIFT");
INSERT INTO COMPLECTATION_OPTIONS(COMPLECTATION_ID, OPTION_MNEMONIC, OPTION_LABEL) VALUES (285, "XTR", "EXTRA CAB");
INSERT INTO COMPLECTATION_OPTIONS(COMPLECTATION_ID, OPTION_MNEMONIC, OPTION_LABEL) VALUES (285, "R", "R TYPE TRANSMISSION");
INSERT INTO COMPLECTATION_OPTIONS(COMPLECTATION_ID, OPTION_MNEMONIC, OPTION_LABEL) VALUES (285, "HLF", "0.5TONS");
INSERT INTO COMPLECTATION_OPTIONS(COMPLECTATION_ID, OPTION_MNEMONIC, OPTION_LABEL) VALUES (285, "ST", "SINGLE TIRE");
INSERT INTO COMPLECTATION_OPTIONS(COMPLECTATION_ID, OPTION_MNEMONIC, OPTION_LABEL) VALUES (285, "CND", "CANADA");
INSERT INTO COMPLECTATION_OPTIONS(COMPLECTATION_ID, OPTION_MNEMONIC, OPTION_LABEL) VALUES (285, "TBO", "TURBO SYSTEM");
INSERT INTO COMPLECTATION_OPTIONS(COMPLECTATION_ID, OPTION_MNEMONIC, OPTION_LABEL) VALUES (285, "CBU", "COMPLETELY BUILT UNIT");
INSERT INTO COMPLECTATION(ID, FRAME_ID, NAME, URL, ENGINE_MNEMONIC, ENGINE_LABEL, PRODUCTION_PERIOD, BODY_MNEMONIC, BODY_LABEL, GRADE_MNEMONIC, GRADE_LABEL, TRANSMISSION_MNEMONIC, TRANSMISSION_LABEL) VALUES (286, 36, "RN66L-MRA", "https://toyota-europe.epc-data.com/4runner/rn66l/6154/", "22R", "2400CC", "08.1986 - 08.1987", "T1", "TRUCK(STANDARD DECK 1-SIDE OPEN)", "STD", "STANDARD TYPE", "MTM", "MANUAL TRANSMISSION");
INSERT INTO COMPLECTATION_OPTIONS(COMPLECTATION_ID, OPTION_MNEMONIC, OPTION_LABEL) VALUES (286, "5F", "MTM,5-SPEED FLOOR SHIFT");
INSERT INTO COMPLECTATION_OPTIONS(COMPLECTATION_ID, OPTION_MNEMONIC, OPTION_LABEL) VALUES (286, "RCB", "REGULAR CAB");
INSERT INTO COMPLECTATION_OPTIONS(COMPLECTATION_ID, OPTION_MNEMONIC, OPTION_LABEL) VALUES (286, "G", "G TYPE TRANSMISSION");
INSERT INTO COMPLECTATION_OPTIONS(COMPLECTATION_ID, OPTION_MNEMONIC, OPTION_LABEL) VALUES (286, "HLF", "0.5TONS");
INSERT INTO COMPLECTATION_OPTIONS(COMPLECTATION_ID, OPTION_MNEMONIC, OPTION_LABEL) VALUES (286, "ST", "SINGLE TIRE");
INSERT INTO COMPLECTATION_OPTIONS(COMPLECTATION_ID, OPTION_MNEMONIC, OPTION_LABEL) VALUES (286, "USA", "UNITED STATES OF AMERICA");
INSERT INTO COMPLECTATION_OPTIONS(COMPLECTATION_ID, OPTION_MNEMONIC, OPTION_LABEL) VALUES (286, "CBR", "CARBURETOR SYSTEM");
INSERT INTO COMPLECTATION_OPTIONS(COMPLECTATION_ID, OPTION_MNEMONIC, OPTION_LABEL) VALUES (286, "CBU", "COMPLETELY BUILT UNIT");
INSERT INTO COMPLECTATION(ID, FRAME_ID, NAME, URL, ENGINE_MNEMONIC, ENGINE_LABEL, PRODUCTION_PERIOD, BODY_MNEMONIC, BODY_LABEL, GRADE_MNEMONIC, GRADE_LABEL, TRANSMISSION_MNEMONIC, TRANSMISSION_LABEL) VALUES (287, 36, "RN66L-MSCEA", "https://toyota-europe.epc-data.com/4runner/rn66l/6194/", "22REC", "2400CC EFI", "08.1985 - 08.1988", "T1", "TRUCK(STANDARD DECK 1-SIDE OPEN)", "SR5", "SR-5 TYPE", "MTM", "MANUAL TRANSMISSION");
INSERT INTO COMPLECTATION_OPTIONS(COMPLECTATION_ID, OPTION_MNEMONIC, OPTION_LABEL) VALUES (287, "5F", "MTM,5-SPEED FLOOR SHIFT");
INSERT INTO COMPLECTATION_OPTIONS(COMPLECTATION_ID, OPTION_MNEMONIC, OPTION_LABEL) VALUES (287, "XTR", "EXTRA CAB");
INSERT INTO COMPLECTATION_OPTIONS(COMPLECTATION_ID, OPTION_MNEMONIC, OPTION_LABEL) VALUES (287, "W", "W TYPE TRANSMISSION");
INSERT INTO COMPLECTATION_OPTIONS(COMPLECTATION_ID, OPTION_MNEMONIC, OPTION_LABEL) VALUES (287, "HLF", "0.5TONS");
INSERT INTO COMPLECTATION_OPTIONS(COMPLECTATION_ID, OPTION_MNEMONIC, OPTION_LABEL) VALUES (287, "ST", "SINGLE TIRE");
INSERT INTO COMPLECTATION_OPTIONS(COMPLECTATION_ID, OPTION_MNEMONIC, OPTION_LABEL) VALUES (287, "USA", "UNITED STATES OF AMERICA");
INSERT INTO COMPLECTATION_OPTIONS(COMPLECTATION_ID, OPTION_MNEMONIC, OPTION_LABEL) VALUES (287, "EFI", "ELECTRIC FUEL INJECTION SYSTEM");
INSERT INTO COMPLECTATION_OPTIONS(COMPLECTATION_ID, OPTION_MNEMONIC, OPTION_LABEL) VALUES (287, "CBU", "COMPLETELY BUILT UNIT");
INSERT INTO COMPLECTATION(ID, FRAME_ID, NAME, URL, ENGINE_MNEMONIC, ENGINE_LABEL, PRODUCTION_PERIOD, BODY_MNEMONIC, BODY_LABEL, GRADE_MNEMONIC, GRADE_LABEL, TRANSMISSION_MNEMONIC, TRANSMISSION_LABEL) VALUES (288, 36, "RN66L-MSCEA3", "https://toyota-europe.epc-data.com/4runner/rn66l/6195/", "22REC", "2400CC EFI", "08.1985 - 08.1988", "T1", "TRUCK(STANDARD DECK 1-SIDE OPEN)", "SR5", "SR-5 TYPE", "MTM", "MANUAL TRANSMISSION");
INSERT INTO COMPLECTATION_OPTIONS(COMPLECTATION_ID, OPTION_MNEMONIC, OPTION_LABEL) VALUES (288, "5F", "MTM,5-SPEED FLOOR SHIFT");
INSERT INTO COMPLECTATION_OPTIONS(COMPLECTATION_ID, OPTION_MNEMONIC, OPTION_LABEL) VALUES (288, "XTR", "EXTRA CAB");
INSERT INTO COMPLECTATION_OPTIONS(COMPLECTATION_ID, OPTION_MNEMONIC, OPTION_LABEL) VALUES (288, "W", "W TYPE TRANSMISSION");
INSERT INTO COMPLECTATION_OPTIONS(COMPLECTATION_ID, OPTION_MNEMONIC, OPTION_LABEL) VALUES (288, "HLF", "0.5TONS");
INSERT INTO COMPLECTATION_OPTIONS(COMPLECTATION_ID, OPTION_MNEMONIC, OPTION_LABEL) VALUES (288, "ST", "SINGLE TIRE");
INSERT INTO COMPLECTATION_OPTIONS(COMPLECTATION_ID, OPTION_MNEMONIC, OPTION_LABEL) VALUES (288, "USA", "UNITED STATES OF AMERICA");
INSERT INTO COMPLECTATION_OPTIONS(COMPLECTATION_ID, OPTION_MNEMONIC, OPTION_LABEL) VALUES (288, "EFI", "ELECTRIC FUEL INJECTION SYSTEM");
INSERT INTO COMPLECTATION_OPTIONS(COMPLECTATION_ID, OPTION_MNEMONIC, OPTION_LABEL) VALUES (288, "IV", "INCOMPLETE VEHICLES (CHASSIS & CAB)");
INSERT INTO COMPLECTATION(ID, FRAME_ID, NAME, URL, ENGINE_MNEMONIC, ENGINE_LABEL, PRODUCTION_PERIOD, BODY_MNEMONIC, BODY_LABEL, GRADE_MNEMONIC, GRADE_LABEL, TRANSMISSION_MNEMONIC, TRANSMISSION_LABEL) VALUES (289, 36, "RN66L-MSCEK", "https://toyota-europe.epc-data.com/4runner/rn66l/6196/", "22REC", "2400CC EFI", "08.1985 - 08.1988", "T1", "TRUCK(STANDARD DECK 1-SIDE OPEN)", "SR5", "SR-5 TYPE", "MTM", "MANUAL TRANSMISSION");
INSERT INTO COMPLECTATION_OPTIONS(COMPLECTATION_ID, OPTION_MNEMONIC, OPTION_LABEL) VALUES (289, "5F", "MTM,5-SPEED FLOOR SHIFT");
INSERT INTO COMPLECTATION_OPTIONS(COMPLECTATION_ID, OPTION_MNEMONIC, OPTION_LABEL) VALUES (289, "XTR", "EXTRA CAB");
INSERT INTO COMPLECTATION_OPTIONS(COMPLECTATION_ID, OPTION_MNEMONIC, OPTION_LABEL) VALUES (289, "W", "W TYPE TRANSMISSION");
INSERT INTO COMPLECTATION_OPTIONS(COMPLECTATION_ID, OPTION_MNEMONIC, OPTION_LABEL) VALUES (289, "HLF", "0.5TONS");
INSERT INTO COMPLECTATION_OPTIONS(COMPLECTATION_ID, OPTION_MNEMONIC, OPTION_LABEL) VALUES (289, "ST", "SINGLE TIRE");
INSERT INTO COMPLECTATION_OPTIONS(COMPLECTATION_ID, OPTION_MNEMONIC, OPTION_LABEL) VALUES (289, "CND", "CANADA");
INSERT INTO COMPLECTATION_OPTIONS(COMPLECTATION_ID, OPTION_MNEMONIC, OPTION_LABEL) VALUES (289, "EFI", "ELECTRIC FUEL INJECTION SYSTEM");
INSERT INTO COMPLECTATION_OPTIONS(COMPLECTATION_ID, OPTION_MNEMONIC, OPTION_LABEL) VALUES (289, "CBU", "COMPLETELY BUILT UNIT");
INSERT INTO COMPLECTATION(ID, FRAME_ID, NAME, URL, ENGINE_MNEMONIC, ENGINE_LABEL, PRODUCTION_PERIOD, BODY_MNEMONIC, BODY_LABEL, GRADE_MNEMONIC, GRADE_LABEL, TRANSMISSION_MNEMONIC, TRANSMISSION_LABEL) VALUES (290, 36, "RN66L-MSEA3", "https://toyota-europe.epc-data.com/4runner/rn66l/6024/", "22REC", "2400CC EFI", "08.1985 - 08.1986", "T1", "TRUCK(STANDARD DECK 1-SIDE OPEN)", "SR5", "SR-5 TYPE", "MTM", "MANUAL TRANSMISSION");
INSERT INTO COMPLECTATION_OPTIONS(COMPLECTATION_ID, OPTION_MNEMONIC, OPTION_LABEL) VALUES (290, "5F", "MTM,5-SPEED FLOOR SHIFT");
INSERT INTO COMPLECTATION_OPTIONS(COMPLECTATION_ID, OPTION_MNEMONIC, OPTION_LABEL) VALUES (290, "RCB", "REGULAR CAB");
INSERT INTO COMPLECTATION_OPTIONS(COMPLECTATION_ID, OPTION_MNEMONIC, OPTION_LABEL) VALUES (290, "W", "W TYPE TRANSMISSION");
INSERT INTO COMPLECTATION_OPTIONS(COMPLECTATION_ID, OPTION_MNEMONIC, OPTION_LABEL) VALUES (290, "HLF", "0.5TONS");
INSERT INTO COMPLECTATION_OPTIONS(COMPLECTATION_ID, OPTION_MNEMONIC, OPTION_LABEL) VALUES (290, "ST", "SINGLE TIRE");
INSERT INTO COMPLECTATION_OPTIONS(COMPLECTATION_ID, OPTION_MNEMONIC, OPTION_LABEL) VALUES (290, "USA", "UNITED STATES OF AMERICA");
INSERT INTO COMPLECTATION_OPTIONS(COMPLECTATION_ID, OPTION_MNEMONIC, OPTION_LABEL) VALUES (290, "EFI", "ELECTRIC FUEL INJECTION SYSTEM");
INSERT INTO COMPLECTATION_OPTIONS(COMPLECTATION_ID, OPTION_MNEMONIC, OPTION_LABEL) VALUES (290, "IV", "INCOMPLETE VEHICLES (CHASSIS & CAB)");
INSERT INTO COMPLECTATION(ID, FRAME_ID, NAME, URL, ENGINE_MNEMONIC, ENGINE_LABEL, PRODUCTION_PERIOD, BODY_MNEMONIC, BODY_LABEL, GRADE_MNEMONIC, GRADE_LABEL, TRANSMISSION_MNEMONIC, TRANSMISSION_LABEL) VALUES (291, 36, "RN66L-MSEK", "https://toyota-europe.epc-data.com/4runner/rn66l/6025/", "22REC", "2400CC EFI", "08.1985 - 08.1986", "T1", "TRUCK(STANDARD DECK 1-SIDE OPEN)", "SR5", "SR-5 TYPE", "MTM", "MANUAL TRANSMISSION");
INSERT INTO COMPLECTATION_OPTIONS(COMPLECTATION_ID, OPTION_MNEMONIC, OPTION_LABEL) VALUES (291, "5F", "MTM,5-SPEED FLOOR SHIFT");
INSERT INTO COMPLECTATION_OPTIONS(COMPLECTATION_ID, OPTION_MNEMONIC, OPTION_LABEL) VALUES (291, "RCB", "REGULAR CAB");
INSERT INTO COMPLECTATION_OPTIONS(COMPLECTATION_ID, OPTION_MNEMONIC, OPTION_LABEL) VALUES (291, "HLF", "0.5TONS");
INSERT INTO COMPLECTATION_OPTIONS(COMPLECTATION_ID, OPTION_MNEMONIC, OPTION_LABEL) VALUES (291, "ST", "SINGLE TIRE");
INSERT INTO COMPLECTATION_OPTIONS(COMPLECTATION_ID, OPTION_MNEMONIC, OPTION_LABEL) VALUES (291, "CND", "CANADA");
INSERT INTO COMPLECTATION_OPTIONS(COMPLECTATION_ID, OPTION_MNEMONIC, OPTION_LABEL) VALUES (291, "EFI", "ELECTRIC FUEL INJECTION SYSTEM");
INSERT INTO COMPLECTATION_OPTIONS(COMPLECTATION_ID, OPTION_MNEMONIC, OPTION_LABEL) VALUES (291, "CBU", "COMPLETELY BUILT UNIT");
INSERT INTO COMPLECTATION(ID, FRAME_ID, NAME, URL, ENGINE_MNEMONIC, ENGINE_LABEL, PRODUCTION_PERIOD, BODY_MNEMONIC, BODY_LABEL, GRADE_MNEMONIC, GRADE_LABEL, TRANSMISSION_MNEMONIC, TRANSMISSION_LABEL) VALUES (292, 36, "RN66L-PDCEA", "https://toyota-europe.epc-data.com/4runner/rn66l/6192/", "22REC", "2400CC EFI", "08.1985 - 08.1988", "T1", "TRUCK(STANDARD DECK 1-SIDE OPEN)", "DLX", "DELUXE TYPE", "ATM", "AUTOMATIC TRANSMISSION");
INSERT INTO COMPLECTATION_OPTIONS(COMPLECTATION_ID, OPTION_MNEMONIC, OPTION_LABEL) VALUES (292, "4FC", "ATM,4-SPEED FLOOR SHIFT");
INSERT INTO COMPLECTATION_OPTIONS(COMPLECTATION_ID, OPTION_MNEMONIC, OPTION_LABEL) VALUES (292, "XTR", "EXTRA CAB");
INSERT INTO COMPLECTATION_OPTIONS(COMPLECTATION_ID, OPTION_MNEMONIC, OPTION_LABEL) VALUES (292, "HLF", "0.5TONS");
INSERT INTO COMPLECTATION_OPTIONS(COMPLECTATION_ID, OPTION_MNEMONIC, OPTION_LABEL) VALUES (292, "ST", "SINGLE TIRE");
INSERT INTO COMPLECTATION_OPTIONS(COMPLECTATION_ID, OPTION_MNEMONIC, OPTION_LABEL) VALUES (292, "USA", "UNITED STATES OF AMERICA");
INSERT INTO COMPLECTATION_OPTIONS(COMPLECTATION_ID, OPTION_MNEMONIC, OPTION_LABEL) VALUES (292, "EFI", "ELECTRIC FUEL INJECTION SYSTEM");
INSERT INTO COMPLECTATION_OPTIONS(COMPLECTATION_ID, OPTION_MNEMONIC, OPTION_LABEL) VALUES (292, "CBU", "COMPLETELY BUILT UNIT");
INSERT INTO COMPLECTATION(ID, FRAME_ID, NAME, URL, ENGINE_MNEMONIC, ENGINE_LABEL, PRODUCTION_PERIOD, BODY_MNEMONIC, BODY_LABEL, GRADE_MNEMONIC, GRADE_LABEL, TRANSMISSION_MNEMONIC, TRANSMISSION_LABEL) VALUES (293, 36, "RN66L-PDCEA3", "https://toyota-europe.epc-data.com/4runner/rn66l/6193/", "22REC", "2400CC EFI", "08.1985 - 08.1988", "T1", "TRUCK(STANDARD DECK 1-SIDE OPEN)", "DLX", "DELUXE TYPE", "ATM", "AUTOMATIC TRANSMISSION");
INSERT INTO COMPLECTATION_OPTIONS(COMPLECTATION_ID, OPTION_MNEMONIC, OPTION_LABEL) VALUES (293, "4FC", "ATM,4-SPEED FLOOR SHIFT");
INSERT INTO COMPLECTATION_OPTIONS(COMPLECTATION_ID, OPTION_MNEMONIC, OPTION_LABEL) VALUES (293, "XTR", "EXTRA CAB");
INSERT INTO COMPLECTATION_OPTIONS(COMPLECTATION_ID, OPTION_MNEMONIC, OPTION_LABEL) VALUES (293, "HLF", "0.5TONS");
INSERT INTO COMPLECTATION_OPTIONS(COMPLECTATION_ID, OPTION_MNEMONIC, OPTION_LABEL) VALUES (293, "ST", "SINGLE TIRE");
INSERT INTO COMPLECTATION_OPTIONS(COMPLECTATION_ID, OPTION_MNEMONIC, OPTION_LABEL) VALUES (293, "USA", "UNITED STATES OF AMERICA");
INSERT INTO COMPLECTATION_OPTIONS(COMPLECTATION_ID, OPTION_MNEMONIC, OPTION_LABEL) VALUES (293, "EFI", "ELECTRIC FUEL INJECTION SYSTEM");
INSERT INTO COMPLECTATION_OPTIONS(COMPLECTATION_ID, OPTION_MNEMONIC, OPTION_LABEL) VALUES (293, "IV", "INCOMPLETE VEHICLES (CHASSIS & CAB)");
INSERT INTO COMPLECTATION(ID, FRAME_ID, NAME, URL, ENGINE_MNEMONIC, ENGINE_LABEL, PRODUCTION_PERIOD, BODY_MNEMONIC, BODY_LABEL, GRADE_MNEMONIC, GRADE_LABEL, TRANSMISSION_MNEMONIC, TRANSMISSION_LABEL) VALUES (294, 36, "RN66L-PDEA", "https://toyota-europe.epc-data.com/4runner/rn66l/6151/", "22REC", "2400CC EFI", "08.1985 - 08.1988", "T1", "TRUCK(STANDARD DECK 1-SIDE OPEN)", "DLX", "DELUXE TYPE", "ATM", "AUTOMATIC TRANSMISSION");
INSERT INTO COMPLECTATION_OPTIONS(COMPLECTATION_ID, OPTION_MNEMONIC, OPTION_LABEL) VALUES (294, "4FC", "ATM,4-SPEED FLOOR SHIFT");
INSERT INTO COMPLECTATION_OPTIONS(COMPLECTATION_ID, OPTION_MNEMONIC, OPTION_LABEL) VALUES (294, "RCB", "REGULAR CAB");
INSERT INTO COMPLECTATION_OPTIONS(COMPLECTATION_ID, OPTION_MNEMONIC, OPTION_LABEL) VALUES (294, "HLF", "0.5TONS");
INSERT INTO COMPLECTATION_OPTIONS(COMPLECTATION_ID, OPTION_MNEMONIC, OPTION_LABEL) VALUES (294, "ST", "SINGLE TIRE");
INSERT INTO COMPLECTATION_OPTIONS(COMPLECTATION_ID, OPTION_MNEMONIC, OPTION_LABEL) VALUES (294, "USA", "UNITED STATES OF AMERICA");
INSERT INTO COMPLECTATION_OPTIONS(COMPLECTATION_ID, OPTION_MNEMONIC, OPTION_LABEL) VALUES (294, "EFI", "ELECTRIC FUEL INJECTION SYSTEM");
INSERT INTO COMPLECTATION_OPTIONS(COMPLECTATION_ID, OPTION_MNEMONIC, OPTION_LABEL) VALUES (294, "CBU", "COMPLETELY BUILT UNIT");
INSERT INTO COMPLECTATION(ID, FRAME_ID, NAME, URL, ENGINE_MNEMONIC, ENGINE_LABEL, PRODUCTION_PERIOD, BODY_MNEMONIC, BODY_LABEL, GRADE_MNEMONIC, GRADE_LABEL, TRANSMISSION_MNEMONIC, TRANSMISSION_LABEL) VALUES (295, 36, "RN66L-PDEA3", "https://toyota-europe.epc-data.com/4runner/rn66l/6152/", "22REC", "2400CC EFI", "08.1985 - 08.1988", "T1", "TRUCK(STANDARD DECK 1-SIDE OPEN)", "DLX", "DELUXE TYPE", "ATM", "AUTOMATIC TRANSMISSION");
INSERT INTO COMPLECTATION_OPTIONS(COMPLECTATION_ID, OPTION_MNEMONIC, OPTION_LABEL) VALUES (295, "4FC", "ATM,4-SPEED FLOOR SHIFT");
INSERT INTO COMPLECTATION_OPTIONS(COMPLECTATION_ID, OPTION_MNEMONIC, OPTION_LABEL) VALUES (295, "RCB", "REGULAR CAB");
INSERT INTO COMPLECTATION_OPTIONS(COMPLECTATION_ID, OPTION_MNEMONIC, OPTION_LABEL) VALUES (295, "HLF", "0.5TONS");
INSERT INTO COMPLECTATION_OPTIONS(COMPLECTATION_ID, OPTION_MNEMONIC, OPTION_LABEL) VALUES (295, "ST", "SINGLE TIRE");
INSERT INTO COMPLECTATION_OPTIONS(COMPLECTATION_ID, OPTION_MNEMONIC, OPTION_LABEL) VALUES (295, "USA", "UNITED STATES OF AMERICA");
INSERT INTO COMPLECTATION_OPTIONS(COMPLECTATION_ID, OPTION_MNEMONIC, OPTION_LABEL) VALUES (295, "EFI", "ELECTRIC FUEL INJECTION SYSTEM");
INSERT INTO COMPLECTATION_OPTIONS(COMPLECTATION_ID, OPTION_MNEMONIC, OPTION_LABEL) VALUES (295, "IV", "INCOMPLETE VEHICLES (CHASSIS & CAB)");
INSERT INTO COMPLECTATION(ID, FRAME_ID, NAME, URL, ENGINE_MNEMONIC, ENGINE_LABEL, PRODUCTION_PERIOD, BODY_MNEMONIC, BODY_LABEL, GRADE_MNEMONIC, GRADE_LABEL, TRANSMISSION_MNEMONIC, TRANSMISSION_LABEL) VALUES (296, 36, "RN66L-PDEK", "https://toyota-europe.epc-data.com/4runner/rn66l/6153/", "22REC", "2400CC EFI", "08.1985 - 08.1988", "T1", "TRUCK(STANDARD DECK 1-SIDE OPEN)", "DLX", "DELUXE TYPE", "ATM", "AUTOMATIC TRANSMISSION");
INSERT INTO COMPLECTATION_OPTIONS(COMPLECTATION_ID, OPTION_MNEMONIC, OPTION_LABEL) VALUES (296, "4FC", "ATM,4-SPEED FLOOR SHIFT");
INSERT INTO COMPLECTATION_OPTIONS(COMPLECTATION_ID, OPTION_MNEMONIC, OPTION_LABEL) VALUES (296, "RCB", "REGULAR CAB");
INSERT INTO COMPLECTATION_OPTIONS(COMPLECTATION_ID, OPTION_MNEMONIC, OPTION_LABEL) VALUES (296, "HLF", "0.5TONS");
INSERT INTO COMPLECTATION_OPTIONS(COMPLECTATION_ID, OPTION_MNEMONIC, OPTION_LABEL) VALUES (296, "ST", "SINGLE TIRE");
INSERT INTO COMPLECTATION_OPTIONS(COMPLECTATION_ID, OPTION_MNEMONIC, OPTION_LABEL) VALUES (296, "CND", "CANADA");
INSERT INTO COMPLECTATION_OPTIONS(COMPLECTATION_ID, OPTION_MNEMONIC, OPTION_LABEL) VALUES (296, "EFI", "ELECTRIC FUEL INJECTION SYSTEM");
INSERT INTO COMPLECTATION_OPTIONS(COMPLECTATION_ID, OPTION_MNEMONIC, OPTION_LABEL) VALUES (296, "CBU", "COMPLETELY BUILT UNIT");
INSERT INTO COMPLECTATION(ID, FRAME_ID, NAME, URL, ENGINE_MNEMONIC, ENGINE_LABEL, PRODUCTION_PERIOD, BODY_MNEMONIC, BODY_LABEL, GRADE_MNEMONIC, GRADE_LABEL, TRANSMISSION_MNEMONIC, TRANSMISSION_LABEL) VALUES (297, 36, "RN66L-PGCZA", "https://toyota-europe.epc-data.com/4runner/rn66l/6172/", "22RTEC", "2400CC", "08.1985 - 08.1986", "T1", "TRUCK(STANDARD DECK 1-SIDE OPEN)", "SRT", "SR-5 TYPE (WITH TURBO)", "ATM", "AUTOMATIC TRANSMISSION");
INSERT INTO COMPLECTATION_OPTIONS(COMPLECTATION_ID, OPTION_MNEMONIC, OPTION_LABEL) VALUES (297, "4FC", "ATM,4-SPEED FLOOR SHIFT");
INSERT INTO COMPLECTATION_OPTIONS(COMPLECTATION_ID, OPTION_MNEMONIC, OPTION_LABEL) VALUES (297, "XTR", "EXTRA CAB");
INSERT INTO COMPLECTATION_OPTIONS(COMPLECTATION_ID, OPTION_MNEMONIC, OPTION_LABEL) VALUES (297, "HLF", "0.5TONS");
INSERT INTO COMPLECTATION_OPTIONS(COMPLECTATION_ID, OPTION_MNEMONIC, OPTION_LABEL) VALUES (297, "ST", "SINGLE TIRE");
INSERT INTO COMPLECTATION_OPTIONS(COMPLECTATION_ID, OPTION_MNEMONIC, OPTION_LABEL) VALUES (297, "USA", "UNITED STATES OF AMERICA");
INSERT INTO COMPLECTATION_OPTIONS(COMPLECTATION_ID, OPTION_MNEMONIC, OPTION_LABEL) VALUES (297, "TBO", "TURBO SYSTEM");
INSERT INTO COMPLECTATION_OPTIONS(COMPLECTATION_ID, OPTION_MNEMONIC, OPTION_LABEL) VALUES (297, "CBU", "COMPLETELY BUILT UNIT");
INSERT INTO COMPLECTATION(ID, FRAME_ID, NAME, URL, ENGINE_MNEMONIC, ENGINE_LABEL, PRODUCTION_PERIOD, BODY_MNEMONIC, BODY_LABEL, GRADE_MNEMONIC, GRADE_LABEL, TRANSMISSION_MNEMONIC, TRANSMISSION_LABEL) VALUES (298, 36, "RN66L-PGCZA3", "https://toyota-europe.epc-data.com/4runner/rn66l/6173/", "22RTEC", "2400CC", "08.1985 - 08.1986", "T1", "TRUCK(STANDARD DECK 1-SIDE OPEN)", "SRT", "SR-5 TYPE (WITH TURBO)", "ATM", "AUTOMATIC TRANSMISSION");
INSERT INTO COMPLECTATION_OPTIONS(COMPLECTATION_ID, OPTION_MNEMONIC, OPTION_LABEL) VALUES (298, "4FC", "ATM,4-SPEED FLOOR SHIFT");
INSERT INTO COMPLECTATION_OPTIONS(COMPLECTATION_ID, OPTION_MNEMONIC, OPTION_LABEL) VALUES (298, "XTR", "EXTRA CAB");
INSERT INTO COMPLECTATION_OPTIONS(COMPLECTATION_ID, OPTION_MNEMONIC, OPTION_LABEL) VALUES (298, "HLF", "0.5TONS");
INSERT INTO COMPLECTATION_OPTIONS(COMPLECTATION_ID, OPTION_MNEMONIC, OPTION_LABEL) VALUES (298, "ST", "SINGLE TIRE");
INSERT INTO COMPLECTATION_OPTIONS(COMPLECTATION_ID, OPTION_MNEMONIC, OPTION_LABEL) VALUES (298, "USA", "UNITED STATES OF AMERICA");
INSERT INTO COMPLECTATION_OPTIONS(COMPLECTATION_ID, OPTION_MNEMONIC, OPTION_LABEL) VALUES (298, "TBO", "TURBO SYSTEM");
INSERT INTO COMPLECTATION_OPTIONS(COMPLECTATION_ID, OPTION_MNEMONIC, OPTION_LABEL) VALUES (298, "IV", "INCOMPLETE VEHICLES (CHASSIS & CAB)");
INSERT INTO COMPLECTATION(ID, FRAME_ID, NAME, URL, ENGINE_MNEMONIC, ENGINE_LABEL, PRODUCTION_PERIOD, BODY_MNEMONIC, BODY_LABEL, GRADE_MNEMONIC, GRADE_LABEL, TRANSMISSION_MNEMONIC, TRANSMISSION_LABEL) VALUES (299, 36, "RN66L-PGCZK", "https://toyota-europe.epc-data.com/4runner/rn66l/6174/", "22RTEC", "2400CC", "08.1985 - 08.1986", "T1", "TRUCK(STANDARD DECK 1-SIDE OPEN)", "SRT", "SR-5 TYPE (WITH TURBO)", "ATM", "AUTOMATIC TRANSMISSION");
INSERT INTO COMPLECTATION_OPTIONS(COMPLECTATION_ID, OPTION_MNEMONIC, OPTION_LABEL) VALUES (299, "4FC", "ATM,4-SPEED FLOOR SHIFT");
INSERT INTO COMPLECTATION_OPTIONS(COMPLECTATION_ID, OPTION_MNEMONIC, OPTION_LABEL) VALUES (299, "XTR", "EXTRA CAB");
INSERT INTO COMPLECTATION_OPTIONS(COMPLECTATION_ID, OPTION_MNEMONIC, OPTION_LABEL) VALUES (299, "HLF", "0.5TONS");
INSERT INTO COMPLECTATION_OPTIONS(COMPLECTATION_ID, OPTION_MNEMONIC, OPTION_LABEL) VALUES (299, "ST", "SINGLE TIRE");
INSERT INTO COMPLECTATION_OPTIONS(COMPLECTATION_ID, OPTION_MNEMONIC, OPTION_LABEL) VALUES (299, "CND", "CANADA");
INSERT INTO COMPLECTATION_OPTIONS(COMPLECTATION_ID, OPTION_MNEMONIC, OPTION_LABEL) VALUES (299, "TBO", "TURBO SYSTEM");
INSERT INTO COMPLECTATION_OPTIONS(COMPLECTATION_ID, OPTION_MNEMONIC, OPTION_LABEL) VALUES (299, "CBU", "COMPLETELY BUILT UNIT");
INSERT INTO COMPLECTATION(ID, FRAME_ID, NAME, URL, ENGINE_MNEMONIC, ENGINE_LABEL, PRODUCTION_PERIOD, BODY_MNEMONIC, BODY_LABEL, GRADE_MNEMONIC, GRADE_LABEL, TRANSMISSION_MNEMONIC, TRANSMISSION_LABEL) VALUES (300, 36, "RN66L-PSCEA3", "https://toyota-europe.epc-data.com/4runner/rn66l/6197/", "22REC", "2400CC EFI", "08.1986 - 08.1988", "T1", "TRUCK(STANDARD DECK 1-SIDE OPEN)", "SR5", "SR-5 TYPE", "ATM", "AUTOMATIC TRANSMISSION");
INSERT INTO COMPLECTATION_OPTIONS(COMPLECTATION_ID, OPTION_MNEMONIC, OPTION_LABEL) VALUES (300, "4FC", "ATM,4-SPEED FLOOR SHIFT");
INSERT INTO COMPLECTATION_OPTIONS(COMPLECTATION_ID, OPTION_MNEMONIC, OPTION_LABEL) VALUES (300, "XTR", "EXTRA CAB");
INSERT INTO COMPLECTATION_OPTIONS(COMPLECTATION_ID, OPTION_MNEMONIC, OPTION_LABEL) VALUES (300, "HLF", "0.5TONS");
INSERT INTO COMPLECTATION_OPTIONS(COMPLECTATION_ID, OPTION_MNEMONIC, OPTION_LABEL) VALUES (300, "ST", "SINGLE TIRE");
INSERT INTO COMPLECTATION_OPTIONS(COMPLECTATION_ID, OPTION_MNEMONIC, OPTION_LABEL) VALUES (300, "USA", "UNITED STATES OF AMERICA");
INSERT INTO COMPLECTATION_OPTIONS(COMPLECTATION_ID, OPTION_MNEMONIC, OPTION_LABEL) VALUES (300, "EFI", "ELECTRIC FUEL INJECTION SYSTEM");
INSERT INTO COMPLECTATION_OPTIONS(COMPLECTATION_ID, OPTION_MNEMONIC, OPTION_LABEL) VALUES (300, "IV", "INCOMPLETE VEHICLES (CHASSIS & CAB)");
INSERT INTO COMPLECTATION(ID, FRAME_ID, NAME, URL, ENGINE_MNEMONIC, ENGINE_LABEL, PRODUCTION_PERIOD, BODY_MNEMONIC, BODY_LABEL, GRADE_MNEMONIC, GRADE_LABEL, TRANSMISSION_MNEMONIC, TRANSMISSION_LABEL) VALUES (301, 36, "RN66L-PSCEK", "https://toyota-europe.epc-data.com/4runner/rn66l/6198/", "22REC", "2400CC EFI", "08.1986 - 08.1987", "T1", "TRUCK(STANDARD DECK 1-SIDE OPEN)", "SR5", "SR-5 TYPE", "ATM", "AUTOMATIC TRANSMISSION");
INSERT INTO COMPLECTATION_OPTIONS(COMPLECTATION_ID, OPTION_MNEMONIC, OPTION_LABEL) VALUES (301, "4FC", "ATM,4-SPEED FLOOR SHIFT");
INSERT INTO COMPLECTATION_OPTIONS(COMPLECTATION_ID, OPTION_MNEMONIC, OPTION_LABEL) VALUES (301, "XTR", "EXTRA CAB");
INSERT INTO COMPLECTATION_OPTIONS(COMPLECTATION_ID, OPTION_MNEMONIC, OPTION_LABEL) VALUES (301, "HLF", "0.5TONS");
INSERT INTO COMPLECTATION_OPTIONS(COMPLECTATION_ID, OPTION_MNEMONIC, OPTION_LABEL) VALUES (301, "ST", "SINGLE TIRE");
INSERT INTO COMPLECTATION_OPTIONS(COMPLECTATION_ID, OPTION_MNEMONIC, OPTION_LABEL) VALUES (301, "CND", "CANADA");
INSERT INTO COMPLECTATION_OPTIONS(COMPLECTATION_ID, OPTION_MNEMONIC, OPTION_LABEL) VALUES (301, "EFI", "ELECTRIC FUEL INJECTION SYSTEM");
INSERT INTO COMPLECTATION_OPTIONS(COMPLECTATION_ID, OPTION_MNEMONIC, OPTION_LABEL) VALUES (301, "CBU", "COMPLETELY BUILT UNIT");
INSERT INTO FRAME(ID, MODEL_ID, NAME, URL) VALUES (37, 5, "RN70L", "https://toyota-europe.epc-data.com/4runner/rn70l");
INSERT INTO COMPLECTATION(ID, FRAME_ID, NAME, URL, ENGINE_MNEMONIC, ENGINE_LABEL, PRODUCTION_PERIOD, BODY_MNEMONIC, BODY_LABEL, GRADE_MNEMONIC, GRADE_LABEL, TRANSMISSION_MNEMONIC, TRANSMISSION_LABEL) VALUES (302, 37, "RN70L-LDCA3", "https://toyota-europe.epc-data.com/4runner/rn70l/6202/", "22R", "2400CC", "08.1987 - 08.1988", "T1", "TRUCK(STANDARD DECK 1-SIDE OPEN)", "DLX", "DELUXE TYPE", "MTM", "MANUAL TRANSMISSION");
INSERT INTO COMPLECTATION_OPTIONS(COMPLECTATION_ID, OPTION_MNEMONIC, OPTION_LABEL) VALUES (302, "5F", "MTM,5-SPEED FLOOR SHIFT");
INSERT INTO COMPLECTATION_OPTIONS(COMPLECTATION_ID, OPTION_MNEMONIC, OPTION_LABEL) VALUES (302, "XTR", "EXTRA CAB");
INSERT INTO COMPLECTATION_OPTIONS(COMPLECTATION_ID, OPTION_MNEMONIC, OPTION_LABEL) VALUES (302, "G", "G TYPE TRANSMISSION");
INSERT INTO COMPLECTATION_OPTIONS(COMPLECTATION_ID, OPTION_MNEMONIC, OPTION_LABEL) VALUES (302, "HLF", "0.5TONS");
INSERT INTO COMPLECTATION_OPTIONS(COMPLECTATION_ID, OPTION_MNEMONIC, OPTION_LABEL) VALUES (302, "ST", "SINGLE TIRE");
INSERT INTO COMPLECTATION_OPTIONS(COMPLECTATION_ID, OPTION_MNEMONIC, OPTION_LABEL) VALUES (302, "USA", "UNITED STATES OF AMERICA");
INSERT INTO COMPLECTATION_OPTIONS(COMPLECTATION_ID, OPTION_MNEMONIC, OPTION_LABEL) VALUES (302, "CBR", "CARBURETOR SYSTEM");
INSERT INTO COMPLECTATION_OPTIONS(COMPLECTATION_ID, OPTION_MNEMONIC, OPTION_LABEL) VALUES (302, "IV", "INCOMPLETE VEHICLES (CHASSIS & CAB)");
INSERT INTO COMPLECTATION(ID, FRAME_ID, NAME, URL, ENGINE_MNEMONIC, ENGINE_LABEL, PRODUCTION_PERIOD, BODY_MNEMONIC, BODY_LABEL, GRADE_MNEMONIC, GRADE_LABEL, TRANSMISSION_MNEMONIC, TRANSMISSION_LABEL) VALUES (303, 37, "RN70L-LRCA", "https://toyota-europe.epc-data.com/4runner/rn70l/6210/", "22R", "2400CC", "08.1987 - 08.1988", "T1", "TRUCK(STANDARD DECK 1-SIDE OPEN)", "STD", "STANDARD TYPE", "MTM", "MANUAL TRANSMISSION");
INSERT INTO COMPLECTATION_OPTIONS(COMPLECTATION_ID, OPTION_MNEMONIC, OPTION_LABEL) VALUES (303, "5F", "MTM,5-SPEED FLOOR SHIFT");
INSERT INTO COMPLECTATION_OPTIONS(COMPLECTATION_ID, OPTION_MNEMONIC, OPTION_LABEL) VALUES (303, "XTR", "EXTRA CAB");
INSERT INTO COMPLECTATION_OPTIONS(COMPLECTATION_ID, OPTION_MNEMONIC, OPTION_LABEL) VALUES (303, "G", "G TYPE TRANSMISSION");
INSERT INTO COMPLECTATION_OPTIONS(COMPLECTATION_ID, OPTION_MNEMONIC, OPTION_LABEL) VALUES (303, "HLF", "0.5TONS");
INSERT INTO COMPLECTATION_OPTIONS(COMPLECTATION_ID, OPTION_MNEMONIC, OPTION_LABEL) VALUES (303, "ST", "SINGLE TIRE");
INSERT INTO COMPLECTATION_OPTIONS(COMPLECTATION_ID, OPTION_MNEMONIC, OPTION_LABEL) VALUES (303, "USA", "UNITED STATES OF AMERICA");
INSERT INTO COMPLECTATION_OPTIONS(COMPLECTATION_ID, OPTION_MNEMONIC, OPTION_LABEL) VALUES (303, "CBR", "CARBURETOR SYSTEM");
INSERT INTO COMPLECTATION_OPTIONS(COMPLECTATION_ID, OPTION_MNEMONIC, OPTION_LABEL) VALUES (303, "CBU", "COMPLETELY BUILT UNIT");
INSERT INTO COMPLECTATION(ID, FRAME_ID, NAME, URL, ENGINE_MNEMONIC, ENGINE_LABEL, PRODUCTION_PERIOD, BODY_MNEMONIC, BODY_LABEL, GRADE_MNEMONIC, GRADE_LABEL, TRANSMISSION_MNEMONIC, TRANSMISSION_LABEL) VALUES (304, 37, "RN70L-LRCA3", "https://toyota-europe.epc-data.com/4runner/rn70l/6211/", "22R", "2400CC", "08.1987 - 08.1988", "T1", "TRUCK(STANDARD DECK 1-SIDE OPEN)", "STD", "STANDARD TYPE", "MTM", "MANUAL TRANSMISSION");
INSERT INTO COMPLECTATION_OPTIONS(COMPLECTATION_ID, OPTION_MNEMONIC, OPTION_LABEL) VALUES (304, "5F", "MTM,5-SPEED FLOOR SHIFT");
INSERT INTO COMPLECTATION_OPTIONS(COMPLECTATION_ID, OPTION_MNEMONIC, OPTION_LABEL) VALUES (304, "XTR", "EXTRA CAB");
INSERT INTO COMPLECTATION_OPTIONS(COMPLECTATION_ID, OPTION_MNEMONIC, OPTION_LABEL) VALUES (304, "G", "G TYPE TRANSMISSION");
INSERT INTO COMPLECTATION_OPTIONS(COMPLECTATION_ID, OPTION_MNEMONIC, OPTION_LABEL) VALUES (304, "HLF", "0.5TONS");
INSERT INTO COMPLECTATION_OPTIONS(COMPLECTATION_ID, OPTION_MNEMONIC, OPTION_LABEL) VALUES (304, "ST", "SINGLE TIRE");
INSERT INTO COMPLECTATION_OPTIONS(COMPLECTATION_ID, OPTION_MNEMONIC, OPTION_LABEL) VALUES (304, "USA", "UNITED STATES OF AMERICA");
INSERT INTO COMPLECTATION_OPTIONS(COMPLECTATION_ID, OPTION_MNEMONIC, OPTION_LABEL) VALUES (304, "CBR", "CARBURETOR SYSTEM");
INSERT INTO COMPLECTATION_OPTIONS(COMPLECTATION_ID, OPTION_MNEMONIC, OPTION_LABEL) VALUES (304, "IV", "INCOMPLETE VEHICLES (CHASSIS & CAB)");
INSERT INTO COMPLECTATION(ID, FRAME_ID, NAME, URL, ENGINE_MNEMONIC, ENGINE_LABEL, PRODUCTION_PERIOD, BODY_MNEMONIC, BODY_LABEL, GRADE_MNEMONIC, GRADE_LABEL, TRANSMISSION_MNEMONIC, TRANSMISSION_LABEL) VALUES (305, 37, "RN70L-MDCA", "https://toyota-europe.epc-data.com/4runner/rn70l/6203/", "22R", "2400CC", "08.1985 - 08.1987", "T1", "TRUCK(STANDARD DECK 1-SIDE OPEN)", "DLX", "DELUXE TYPE", "MTM", "MANUAL TRANSMISSION");
INSERT INTO COMPLECTATION_OPTIONS(COMPLECTATION_ID, OPTION_MNEMONIC, OPTION_LABEL) VALUES (305, "5F", "MTM,5-SPEED FLOOR SHIFT");
INSERT INTO COMPLECTATION_OPTIONS(COMPLECTATION_ID, OPTION_MNEMONIC, OPTION_LABEL) VALUES (305, "XTR", "EXTRA CAB");
INSERT INTO COMPLECTATION_OPTIONS(COMPLECTATION_ID, OPTION_MNEMONIC, OPTION_LABEL) VALUES (305, "W", "W TYPE TRANSMISSION");
INSERT INTO COMPLECTATION_OPTIONS(COMPLECTATION_ID, OPTION_MNEMONIC, OPTION_LABEL) VALUES (305, "HLF", "0.5TONS");
INSERT INTO COMPLECTATION_OPTIONS(COMPLECTATION_ID, OPTION_MNEMONIC, OPTION_LABEL) VALUES (305, "ST", "SINGLE TIRE");
INSERT INTO COMPLECTATION_OPTIONS(COMPLECTATION_ID, OPTION_MNEMONIC, OPTION_LABEL) VALUES (305, "USA", "UNITED STATES OF AMERICA");
INSERT INTO COMPLECTATION_OPTIONS(COMPLECTATION_ID, OPTION_MNEMONIC, OPTION_LABEL) VALUES (305, "CBR", "CARBURETOR SYSTEM");
INSERT INTO COMPLECTATION_OPTIONS(COMPLECTATION_ID, OPTION_MNEMONIC, OPTION_LABEL) VALUES (305, "CBU", "COMPLETELY BUILT UNIT");
INSERT INTO COMPLECTATION(ID, FRAME_ID, NAME, URL, ENGINE_MNEMONIC, ENGINE_LABEL, PRODUCTION_PERIOD, BODY_MNEMONIC, BODY_LABEL, GRADE_MNEMONIC, GRADE_LABEL, TRANSMISSION_MNEMONIC, TRANSMISSION_LABEL) VALUES (306, 37, "RN70L-MDCA3", "https://toyota-europe.epc-data.com/4runner/rn70l/6204/", "22R", "2400CC", "08.1985 - 08.1988", "T1", "TRUCK(STANDARD DECK 1-SIDE OPEN)", "DLX", "DELUXE TYPE", "MTM", "MANUAL TRANSMISSION");
INSERT INTO COMPLECTATION_OPTIONS(COMPLECTATION_ID, OPTION_MNEMONIC, OPTION_LABEL) VALUES (306, "5F", "MTM,5-SPEED FLOOR SHIFT");
INSERT INTO COMPLECTATION_OPTIONS(COMPLECTATION_ID, OPTION_MNEMONIC, OPTION_LABEL) VALUES (306, "XTR", "EXTRA CAB");
INSERT INTO COMPLECTATION_OPTIONS(COMPLECTATION_ID, OPTION_MNEMONIC, OPTION_LABEL) VALUES (306, "W", "W TYPE TRANSMISSION");
INSERT INTO COMPLECTATION_OPTIONS(COMPLECTATION_ID, OPTION_MNEMONIC, OPTION_LABEL) VALUES (306, "HLF", "0.5TONS");
INSERT INTO COMPLECTATION_OPTIONS(COMPLECTATION_ID, OPTION_MNEMONIC, OPTION_LABEL) VALUES (306, "ST", "SINGLE TIRE");
INSERT INTO COMPLECTATION_OPTIONS(COMPLECTATION_ID, OPTION_MNEMONIC, OPTION_LABEL) VALUES (306, "USA", "UNITED STATES OF AMERICA");
INSERT INTO COMPLECTATION_OPTIONS(COMPLECTATION_ID, OPTION_MNEMONIC, OPTION_LABEL) VALUES (306, "CBR", "CARBURETOR SYSTEM");
INSERT INTO COMPLECTATION_OPTIONS(COMPLECTATION_ID, OPTION_MNEMONIC, OPTION_LABEL) VALUES (306, "IV", "INCOMPLETE VEHICLES (CHASSIS & CAB)");
INSERT INTO COMPLECTATION(ID, FRAME_ID, NAME, URL, ENGINE_MNEMONIC, ENGINE_LABEL, PRODUCTION_PERIOD, BODY_MNEMONIC, BODY_LABEL, GRADE_MNEMONIC, GRADE_LABEL, TRANSMISSION_MNEMONIC, TRANSMISSION_LABEL) VALUES (307, 37, "RN70L-MDCK", "https://toyota-europe.epc-data.com/4runner/rn70l/6205/", "22R", "2400CC", "08.1985 - 08.1986", "T1", "TRUCK(STANDARD DECK 1-SIDE OPEN)", "DLX", "DELUXE TYPE", "MTM", "MANUAL TRANSMISSION");
INSERT INTO COMPLECTATION_OPTIONS(COMPLECTATION_ID, OPTION_MNEMONIC, OPTION_LABEL) VALUES (307, "5F", "MTM,5-SPEED FLOOR SHIFT");
INSERT INTO COMPLECTATION_OPTIONS(COMPLECTATION_ID, OPTION_MNEMONIC, OPTION_LABEL) VALUES (307, "XTR", "EXTRA CAB");
INSERT INTO COMPLECTATION_OPTIONS(COMPLECTATION_ID, OPTION_MNEMONIC, OPTION_LABEL) VALUES (307, "W", "W TYPE TRANSMISSION");
INSERT INTO COMPLECTATION_OPTIONS(COMPLECTATION_ID, OPTION_MNEMONIC, OPTION_LABEL) VALUES (307, "HLF", "0.5TONS");
INSERT INTO COMPLECTATION_OPTIONS(COMPLECTATION_ID, OPTION_MNEMONIC, OPTION_LABEL) VALUES (307, "ST", "SINGLE TIRE");
INSERT INTO COMPLECTATION_OPTIONS(COMPLECTATION_ID, OPTION_MNEMONIC, OPTION_LABEL) VALUES (307, "CND", "CANADA");
INSERT INTO COMPLECTATION_OPTIONS(COMPLECTATION_ID, OPTION_MNEMONIC, OPTION_LABEL) VALUES (307, "CBR", "CARBURETOR SYSTEM");
INSERT INTO COMPLECTATION_OPTIONS(COMPLECTATION_ID, OPTION_MNEMONIC, OPTION_LABEL) VALUES (307, "CBU", "COMPLETELY BUILT UNIT");
INSERT INTO COMPLECTATION(ID, FRAME_ID, NAME, URL, ENGINE_MNEMONIC, ENGINE_LABEL, PRODUCTION_PERIOD, BODY_MNEMONIC, BODY_LABEL, GRADE_MNEMONIC, GRADE_LABEL, TRANSMISSION_MNEMONIC, TRANSMISSION_LABEL) VALUES (308, 37, "RN70L-MRCA", "https://toyota-europe.epc-data.com/4runner/rn70l/6212/", "22R", "2400CC", "08.1986 - 08.1987", "T1", "TRUCK(STANDARD DECK 1-SIDE OPEN)", "STD", "STANDARD TYPE", "MTM", "MANUAL TRANSMISSION");
INSERT INTO COMPLECTATION_OPTIONS(COMPLECTATION_ID, OPTION_MNEMONIC, OPTION_LABEL) VALUES (308, "5F", "MTM,5-SPEED FLOOR SHIFT");
INSERT INTO COMPLECTATION_OPTIONS(COMPLECTATION_ID, OPTION_MNEMONIC, OPTION_LABEL) VALUES (308, "XTR", "EXTRA CAB");
INSERT INTO COMPLECTATION_OPTIONS(COMPLECTATION_ID, OPTION_MNEMONIC, OPTION_LABEL) VALUES (308, "W", "W TYPE TRANSMISSION");
INSERT INTO COMPLECTATION_OPTIONS(COMPLECTATION_ID, OPTION_MNEMONIC, OPTION_LABEL) VALUES (308, "HLF", "0.5TONS");
INSERT INTO COMPLECTATION_OPTIONS(COMPLECTATION_ID, OPTION_MNEMONIC, OPTION_LABEL) VALUES (308, "ST", "SINGLE TIRE");
INSERT INTO COMPLECTATION_OPTIONS(COMPLECTATION_ID, OPTION_MNEMONIC, OPTION_LABEL) VALUES (308, "USA", "UNITED STATES OF AMERICA");
INSERT INTO COMPLECTATION_OPTIONS(COMPLECTATION_ID, OPTION_MNEMONIC, OPTION_LABEL) VALUES (308, "CBR", "CARBURETOR SYSTEM");
INSERT INTO COMPLECTATION_OPTIONS(COMPLECTATION_ID, OPTION_MNEMONIC, OPTION_LABEL) VALUES (308, "CBU", "COMPLETELY BUILT UNIT");
INSERT INTO COMPLECTATION(ID, FRAME_ID, NAME, URL, ENGINE_MNEMONIC, ENGINE_LABEL, PRODUCTION_PERIOD, BODY_MNEMONIC, BODY_LABEL, GRADE_MNEMONIC, GRADE_LABEL, TRANSMISSION_MNEMONIC, TRANSMISSION_LABEL) VALUES (309, 37, "RN70L-MRCA3", "https://toyota-europe.epc-data.com/4runner/rn70l/6213/", "22R", "2400CC", "08.1987 - 08.1988", "T1", "TRUCK(STANDARD DECK 1-SIDE OPEN)", "STD", "STANDARD TYPE", "MTM", "MANUAL TRANSMISSION");
INSERT INTO COMPLECTATION_OPTIONS(COMPLECTATION_ID, OPTION_MNEMONIC, OPTION_LABEL) VALUES (309, "5F", "MTM,5-SPEED FLOOR SHIFT");
INSERT INTO COMPLECTATION_OPTIONS(COMPLECTATION_ID, OPTION_MNEMONIC, OPTION_LABEL) VALUES (309, "XTR", "EXTRA CAB");
INSERT INTO COMPLECTATION_OPTIONS(COMPLECTATION_ID, OPTION_MNEMONIC, OPTION_LABEL) VALUES (309, "W", "W TYPE TRANSMISSION");
INSERT INTO COMPLECTATION_OPTIONS(COMPLECTATION_ID, OPTION_MNEMONIC, OPTION_LABEL) VALUES (309, "HLF", "0.5TONS");
INSERT INTO COMPLECTATION_OPTIONS(COMPLECTATION_ID, OPTION_MNEMONIC, OPTION_LABEL) VALUES (309, "ST", "SINGLE TIRE");
INSERT INTO COMPLECTATION_OPTIONS(COMPLECTATION_ID, OPTION_MNEMONIC, OPTION_LABEL) VALUES (309, "USA", "UNITED STATES OF AMERICA");
INSERT INTO COMPLECTATION_OPTIONS(COMPLECTATION_ID, OPTION_MNEMONIC, OPTION_LABEL) VALUES (309, "CBR", "CARBURETOR SYSTEM");
INSERT INTO COMPLECTATION_OPTIONS(COMPLECTATION_ID, OPTION_MNEMONIC, OPTION_LABEL) VALUES (309, "IV", "INCOMPLETE VEHICLES (CHASSIS & CAB)");
INSERT INTO COMPLECTATION(ID, FRAME_ID, NAME, URL, ENGINE_MNEMONIC, ENGINE_LABEL, PRODUCTION_PERIOD, BODY_MNEMONIC, BODY_LABEL, GRADE_MNEMONIC, GRADE_LABEL, TRANSMISSION_MNEMONIC, TRANSMISSION_LABEL) VALUES (310, 37, "RN70L-MRCK", "https://toyota-europe.epc-data.com/4runner/rn70l/6214/", "22R", "2400CC", "08.1986 - 08.1988", "T1", "TRUCK(STANDARD DECK 1-SIDE OPEN)", "STD", "STANDARD TYPE", "MTM", "MANUAL TRANSMISSION");
INSERT INTO COMPLECTATION_OPTIONS(COMPLECTATION_ID, OPTION_MNEMONIC, OPTION_LABEL) VALUES (310, "5F", "MTM,5-SPEED FLOOR SHIFT");
INSERT INTO COMPLECTATION_OPTIONS(COMPLECTATION_ID, OPTION_MNEMONIC, OPTION_LABEL) VALUES (310, "XTR", "EXTRA CAB");
INSERT INTO COMPLECTATION_OPTIONS(COMPLECTATION_ID, OPTION_MNEMONIC, OPTION_LABEL) VALUES (310, "G", "G TYPE TRANSMISSION");
INSERT INTO COMPLECTATION_OPTIONS(COMPLECTATION_ID, OPTION_MNEMONIC, OPTION_LABEL) VALUES (310, "HLF", "0.5TONS");
INSERT INTO COMPLECTATION_OPTIONS(COMPLECTATION_ID, OPTION_MNEMONIC, OPTION_LABEL) VALUES (310, "ST", "SINGLE TIRE");
INSERT INTO COMPLECTATION_OPTIONS(COMPLECTATION_ID, OPTION_MNEMONIC, OPTION_LABEL) VALUES (310, "CND", "CANADA");
INSERT INTO COMPLECTATION_OPTIONS(COMPLECTATION_ID, OPTION_MNEMONIC, OPTION_LABEL) VALUES (310, "CBR", "CARBURETOR SYSTEM");
INSERT INTO COMPLECTATION_OPTIONS(COMPLECTATION_ID, OPTION_MNEMONIC, OPTION_LABEL) VALUES (310, "CBU", "COMPLETELY BUILT UNIT");
INSERT INTO COMPLECTATION(ID, FRAME_ID, NAME, URL, ENGINE_MNEMONIC, ENGINE_LABEL, PRODUCTION_PERIOD, BODY_MNEMONIC, BODY_LABEL, GRADE_MNEMONIC, GRADE_LABEL, TRANSMISSION_MNEMONIC, TRANSMISSION_LABEL) VALUES (311, 37, "RN70L-SDCA", "https://toyota-europe.epc-data.com/4runner/rn70l/6206/", "22R", "2400CC", "08.1985 - 08.1986", "T1", "TRUCK(STANDARD DECK 1-SIDE OPEN)", "DLX", "DELUXE TYPE", "ATM", "AUTOMATIC TRANSMISSION");
INSERT INTO COMPLECTATION_OPTIONS(COMPLECTATION_ID, OPTION_MNEMONIC, OPTION_LABEL) VALUES (311, "4HC", "ATM,4-SPEED COLUMN SHIFT");
INSERT INTO COMPLECTATION_OPTIONS(COMPLECTATION_ID, OPTION_MNEMONIC, OPTION_LABEL) VALUES (311, "XTR", "EXTRA CAB");
INSERT INTO COMPLECTATION_OPTIONS(COMPLECTATION_ID, OPTION_MNEMONIC, OPTION_LABEL) VALUES (311, "HLF", "0.5TONS");
INSERT INTO COMPLECTATION_OPTIONS(COMPLECTATION_ID, OPTION_MNEMONIC, OPTION_LABEL) VALUES (311, "ST", "SINGLE TIRE");
INSERT INTO COMPLECTATION_OPTIONS(COMPLECTATION_ID, OPTION_MNEMONIC, OPTION_LABEL) VALUES (311, "USA", "UNITED STATES OF AMERICA");
INSERT INTO COMPLECTATION_OPTIONS(COMPLECTATION_ID, OPTION_MNEMONIC, OPTION_LABEL) VALUES (311, "CBR", "CARBURETOR SYSTEM");
INSERT INTO COMPLECTATION_OPTIONS(COMPLECTATION_ID, OPTION_MNEMONIC, OPTION_LABEL) VALUES (311, "CBU", "COMPLETELY BUILT UNIT");
INSERT INTO COMPLECTATION(ID, FRAME_ID, NAME, URL, ENGINE_MNEMONIC, ENGINE_LABEL, PRODUCTION_PERIOD, BODY_MNEMONIC, BODY_LABEL, GRADE_MNEMONIC, GRADE_LABEL, TRANSMISSION_MNEMONIC, TRANSMISSION_LABEL) VALUES (312, 37, "RN70L-SDCA3", "https://toyota-europe.epc-data.com/4runner/rn70l/6207/", "22R", "2400CC", "08.1985 - 08.1987", "T1", "TRUCK(STANDARD DECK 1-SIDE OPEN)", "DLX", "DELUXE TYPE", "ATM", "AUTOMATIC TRANSMISSION");
INSERT INTO COMPLECTATION_OPTIONS(COMPLECTATION_ID, OPTION_MNEMONIC, OPTION_LABEL) VALUES (312, "4HC", "ATM,4-SPEED COLUMN SHIFT");
INSERT INTO COMPLECTATION_OPTIONS(COMPLECTATION_ID, OPTION_MNEMONIC, OPTION_LABEL) VALUES (312, "XTR", "EXTRA CAB");
INSERT INTO COMPLECTATION_OPTIONS(COMPLECTATION_ID, OPTION_MNEMONIC, OPTION_LABEL) VALUES (312, "HLF", "0.5TONS");
INSERT INTO COMPLECTATION_OPTIONS(COMPLECTATION_ID, OPTION_MNEMONIC, OPTION_LABEL) VALUES (312, "ST", "SINGLE TIRE");
INSERT INTO COMPLECTATION_OPTIONS(COMPLECTATION_ID, OPTION_MNEMONIC, OPTION_LABEL) VALUES (312, "USA", "UNITED STATES OF AMERICA");
INSERT INTO COMPLECTATION_OPTIONS(COMPLECTATION_ID, OPTION_MNEMONIC, OPTION_LABEL) VALUES (312, "CBR", "CARBURETOR SYSTEM");
INSERT INTO COMPLECTATION_OPTIONS(COMPLECTATION_ID, OPTION_MNEMONIC, OPTION_LABEL) VALUES (312, "IV", "INCOMPLETE VEHICLES (CHASSIS & CAB)");
INSERT INTO COMPLECTATION(ID, FRAME_ID, NAME, URL, ENGINE_MNEMONIC, ENGINE_LABEL, PRODUCTION_PERIOD, BODY_MNEMONIC, BODY_LABEL, GRADE_MNEMONIC, GRADE_LABEL, TRANSMISSION_MNEMONIC, TRANSMISSION_LABEL) VALUES (313, 37, "RN70L-SDCEA3", "https://toyota-europe.epc-data.com/4runner/rn70l/6209/", "22REC", "2400CC EFI", "08.1987 - 08.1988", "T1", "TRUCK(STANDARD DECK 1-SIDE OPEN)", "DLX", "DELUXE TYPE", "ATM", "AUTOMATIC TRANSMISSION");
INSERT INTO COMPLECTATION_OPTIONS(COMPLECTATION_ID, OPTION_MNEMONIC, OPTION_LABEL) VALUES (313, "4HC", "ATM,4-SPEED COLUMN SHIFT");
INSERT INTO COMPLECTATION_OPTIONS(COMPLECTATION_ID, OPTION_MNEMONIC, OPTION_LABEL) VALUES (313, "XTR", "EXTRA CAB");
INSERT INTO COMPLECTATION_OPTIONS(COMPLECTATION_ID, OPTION_MNEMONIC, OPTION_LABEL) VALUES (313, "HLF", "0.5TONS");
INSERT INTO COMPLECTATION_OPTIONS(COMPLECTATION_ID, OPTION_MNEMONIC, OPTION_LABEL) VALUES (313, "ST", "SINGLE TIRE");
INSERT INTO COMPLECTATION_OPTIONS(COMPLECTATION_ID, OPTION_MNEMONIC, OPTION_LABEL) VALUES (313, "USA", "UNITED STATES OF AMERICA");
INSERT INTO COMPLECTATION_OPTIONS(COMPLECTATION_ID, OPTION_MNEMONIC, OPTION_LABEL) VALUES (313, "EFI", "ELECTRIC FUEL INJECTION SYSTEM");
INSERT INTO COMPLECTATION_OPTIONS(COMPLECTATION_ID, OPTION_MNEMONIC, OPTION_LABEL) VALUES (313, "IV", "INCOMPLETE VEHICLES (CHASSIS & CAB)");
INSERT INTO COMPLECTATION(ID, FRAME_ID, NAME, URL, ENGINE_MNEMONIC, ENGINE_LABEL, PRODUCTION_PERIOD, BODY_MNEMONIC, BODY_LABEL, GRADE_MNEMONIC, GRADE_LABEL, TRANSMISSION_MNEMONIC, TRANSMISSION_LABEL) VALUES (314, 37, "RN70L-SDCK", "https://toyota-europe.epc-data.com/4runner/rn70l/6208/", "22R", "2400CC", "08.1985 - 08.1986", "T1", "TRUCK(STANDARD DECK 1-SIDE OPEN)", "DLX", "DELUXE TYPE", "ATM", "AUTOMATIC TRANSMISSION");
INSERT INTO COMPLECTATION_OPTIONS(COMPLECTATION_ID, OPTION_MNEMONIC, OPTION_LABEL) VALUES (314, "4HC", "ATM,4-SPEED COLUMN SHIFT");
INSERT INTO COMPLECTATION_OPTIONS(COMPLECTATION_ID, OPTION_MNEMONIC, OPTION_LABEL) VALUES (314, "XTR", "EXTRA CAB");
INSERT INTO COMPLECTATION_OPTIONS(COMPLECTATION_ID, OPTION_MNEMONIC, OPTION_LABEL) VALUES (314, "HLF", "0.5TONS");
INSERT INTO COMPLECTATION_OPTIONS(COMPLECTATION_ID, OPTION_MNEMONIC, OPTION_LABEL) VALUES (314, "ST", "SINGLE TIRE");
INSERT INTO COMPLECTATION_OPTIONS(COMPLECTATION_ID, OPTION_MNEMONIC, OPTION_LABEL) VALUES (314, "CND", "CANADA");
INSERT INTO COMPLECTATION_OPTIONS(COMPLECTATION_ID, OPTION_MNEMONIC, OPTION_LABEL) VALUES (314, "CBR", "CARBURETOR SYSTEM");
INSERT INTO COMPLECTATION_OPTIONS(COMPLECTATION_ID, OPTION_MNEMONIC, OPTION_LABEL) VALUES (314, "CBU", "COMPLETELY BUILT UNIT");
INSERT INTO COMPLECTATION(ID, FRAME_ID, NAME, URL, ENGINE_MNEMONIC, ENGINE_LABEL, PRODUCTION_PERIOD, BODY_MNEMONIC, BODY_LABEL, GRADE_MNEMONIC, GRADE_LABEL, TRANSMISSION_MNEMONIC, TRANSMISSION_LABEL) VALUES (315, 37, "RN70L-SRCA", "https://toyota-europe.epc-data.com/4runner/rn70l/6215/", "22R", "2400CC", "08.1986 - 08.1987", "T1", "TRUCK(STANDARD DECK 1-SIDE OPEN)", "STD", "STANDARD TYPE", "ATM", "AUTOMATIC TRANSMISSION");
INSERT INTO COMPLECTATION_OPTIONS(COMPLECTATION_ID, OPTION_MNEMONIC, OPTION_LABEL) VALUES (315, "4HC", "ATM,4-SPEED COLUMN SHIFT");
INSERT INTO COMPLECTATION_OPTIONS(COMPLECTATION_ID, OPTION_MNEMONIC, OPTION_LABEL) VALUES (315, "XTR", "EXTRA CAB");
INSERT INTO COMPLECTATION_OPTIONS(COMPLECTATION_ID, OPTION_MNEMONIC, OPTION_LABEL) VALUES (315, "W", "W TYPE TRANSMISSION");
INSERT INTO COMPLECTATION_OPTIONS(COMPLECTATION_ID, OPTION_MNEMONIC, OPTION_LABEL) VALUES (315, "HLF", "0.5TONS");
INSERT INTO COMPLECTATION_OPTIONS(COMPLECTATION_ID, OPTION_MNEMONIC, OPTION_LABEL) VALUES (315, "ST", "SINGLE TIRE");
INSERT INTO COMPLECTATION_OPTIONS(COMPLECTATION_ID, OPTION_MNEMONIC, OPTION_LABEL) VALUES (315, "USA", "UNITED STATES OF AMERICA");
INSERT INTO COMPLECTATION_OPTIONS(COMPLECTATION_ID, OPTION_MNEMONIC, OPTION_LABEL) VALUES (315, "CBR", "CARBURETOR SYSTEM");
INSERT INTO COMPLECTATION_OPTIONS(COMPLECTATION_ID, OPTION_MNEMONIC, OPTION_LABEL) VALUES (315, "CBU", "COMPLETELY BUILT UNIT");
INSERT INTO COMPLECTATION(ID, FRAME_ID, NAME, URL, ENGINE_MNEMONIC, ENGINE_LABEL, PRODUCTION_PERIOD, BODY_MNEMONIC, BODY_LABEL, GRADE_MNEMONIC, GRADE_LABEL, TRANSMISSION_MNEMONIC, TRANSMISSION_LABEL) VALUES (316, 37, "RN70L-SRCEA", "https://toyota-europe.epc-data.com/4runner/rn70l/6199/", "22REC", "2400CC EFI", "08.1987 - 08.1988", "T1", "TRUCK(STANDARD DECK 1-SIDE OPEN)", "STD", "STANDARD TYPE", "ATM", "AUTOMATIC TRANSMISSION");
INSERT INTO COMPLECTATION_OPTIONS(COMPLECTATION_ID, OPTION_MNEMONIC, OPTION_LABEL) VALUES (316, "4HC", "ATM,4-SPEED COLUMN SHIFT");
INSERT INTO COMPLECTATION_OPTIONS(COMPLECTATION_ID, OPTION_MNEMONIC, OPTION_LABEL) VALUES (316, "XTR", "EXTRA CAB");
INSERT INTO COMPLECTATION_OPTIONS(COMPLECTATION_ID, OPTION_MNEMONIC, OPTION_LABEL) VALUES (316, "W", "W TYPE TRANSMISSION");
INSERT INTO COMPLECTATION_OPTIONS(COMPLECTATION_ID, OPTION_MNEMONIC, OPTION_LABEL) VALUES (316, "HLF", "0.5TONS");
INSERT INTO COMPLECTATION_OPTIONS(COMPLECTATION_ID, OPTION_MNEMONIC, OPTION_LABEL) VALUES (316, "ST", "SINGLE TIRE");
INSERT INTO COMPLECTATION_OPTIONS(COMPLECTATION_ID, OPTION_MNEMONIC, OPTION_LABEL) VALUES (316, "USA", "UNITED STATES OF AMERICA");
INSERT INTO COMPLECTATION_OPTIONS(COMPLECTATION_ID, OPTION_MNEMONIC, OPTION_LABEL) VALUES (316, "EFI", "ELECTRIC FUEL INJECTION SYSTEM");
INSERT INTO COMPLECTATION_OPTIONS(COMPLECTATION_ID, OPTION_MNEMONIC, OPTION_LABEL) VALUES (316, "CBU", "COMPLETELY BUILT UNIT");
INSERT INTO COMPLECTATION(ID, FRAME_ID, NAME, URL, ENGINE_MNEMONIC, ENGINE_LABEL, PRODUCTION_PERIOD, BODY_MNEMONIC, BODY_LABEL, GRADE_MNEMONIC, GRADE_LABEL, TRANSMISSION_MNEMONIC, TRANSMISSION_LABEL) VALUES (317, 37, "RN70L-SRCEA3", "https://toyota-europe.epc-data.com/4runner/rn70l/6200/", "22REC", "2400CC EFI", "08.1987 - 08.1988", "T1", "TRUCK(STANDARD DECK 1-SIDE OPEN)", "STD", "STANDARD TYPE", "ATM", "AUTOMATIC TRANSMISSION");
INSERT INTO COMPLECTATION_OPTIONS(COMPLECTATION_ID, OPTION_MNEMONIC, OPTION_LABEL) VALUES (317, "4HC", "ATM,4-SPEED COLUMN SHIFT");
INSERT INTO COMPLECTATION_OPTIONS(COMPLECTATION_ID, OPTION_MNEMONIC, OPTION_LABEL) VALUES (317, "XTR", "EXTRA CAB");
INSERT INTO COMPLECTATION_OPTIONS(COMPLECTATION_ID, OPTION_MNEMONIC, OPTION_LABEL) VALUES (317, "HLF", "0.5TONS");
INSERT INTO COMPLECTATION_OPTIONS(COMPLECTATION_ID, OPTION_MNEMONIC, OPTION_LABEL) VALUES (317, "ST", "SINGLE TIRE");
INSERT INTO COMPLECTATION_OPTIONS(COMPLECTATION_ID, OPTION_MNEMONIC, OPTION_LABEL) VALUES (317, "USA", "UNITED STATES OF AMERICA");
INSERT INTO COMPLECTATION_OPTIONS(COMPLECTATION_ID, OPTION_MNEMONIC, OPTION_LABEL) VALUES (317, "EFI", "ELECTRIC FUEL INJECTION SYSTEM");
INSERT INTO COMPLECTATION_OPTIONS(COMPLECTATION_ID, OPTION_MNEMONIC, OPTION_LABEL) VALUES (317, "IV", "INCOMPLETE VEHICLES (CHASSIS & CAB)");
INSERT INTO COMPLECTATION(ID, FRAME_ID, NAME, URL, ENGINE_MNEMONIC, ENGINE_LABEL, PRODUCTION_PERIOD, BODY_MNEMONIC, BODY_LABEL, GRADE_MNEMONIC, GRADE_LABEL, TRANSMISSION_MNEMONIC, TRANSMISSION_LABEL) VALUES (318, 37, "RN70L-SRCEK", "https://toyota-europe.epc-data.com/4runner/rn70l/6201/", "22REC", "2400CC EFI", "08.1987 - 08.1988", "T1", "TRUCK(STANDARD DECK 1-SIDE OPEN)", "STD", "STANDARD TYPE", "ATM", "AUTOMATIC TRANSMISSION");
INSERT INTO COMPLECTATION_OPTIONS(COMPLECTATION_ID, OPTION_MNEMONIC, OPTION_LABEL) VALUES (318, "4HC", "ATM,4-SPEED COLUMN SHIFT");
INSERT INTO COMPLECTATION_OPTIONS(COMPLECTATION_ID, OPTION_MNEMONIC, OPTION_LABEL) VALUES (318, "XTR", "EXTRA CAB");
INSERT INTO COMPLECTATION_OPTIONS(COMPLECTATION_ID, OPTION_MNEMONIC, OPTION_LABEL) VALUES (318, "HLF", "0.5TONS");
INSERT INTO COMPLECTATION_OPTIONS(COMPLECTATION_ID, OPTION_MNEMONIC, OPTION_LABEL) VALUES (318, "ST", "SINGLE TIRE");
INSERT INTO COMPLECTATION_OPTIONS(COMPLECTATION_ID, OPTION_MNEMONIC, OPTION_LABEL) VALUES (318, "CND", "CANADA");
INSERT INTO COMPLECTATION_OPTIONS(COMPLECTATION_ID, OPTION_MNEMONIC, OPTION_LABEL) VALUES (318, "EFI", "ELECTRIC FUEL INJECTION SYSTEM");
INSERT INTO COMPLECTATION_OPTIONS(COMPLECTATION_ID, OPTION_MNEMONIC, OPTION_LABEL) VALUES (318, "CBU", "COMPLETELY BUILT UNIT");
INSERT INTO COMPLECTATION(ID, FRAME_ID, NAME, URL, ENGINE_MNEMONIC, ENGINE_LABEL, PRODUCTION_PERIOD, BODY_MNEMONIC, BODY_LABEL, GRADE_MNEMONIC, GRADE_LABEL, TRANSMISSION_MNEMONIC, TRANSMISSION_LABEL) VALUES (319, 37, "RN70L-SRCK", "https://toyota-europe.epc-data.com/4runner/rn70l/6216/", "22R", "2400CC", "08.1986 - 08.1987", "T1", "TRUCK(STANDARD DECK 1-SIDE OPEN)", "STD", "STANDARD TYPE", "ATM", "AUTOMATIC TRANSMISSION");
INSERT INTO COMPLECTATION_OPTIONS(COMPLECTATION_ID, OPTION_MNEMONIC, OPTION_LABEL) VALUES (319, "4HC", "ATM,4-SPEED COLUMN SHIFT");
INSERT INTO COMPLECTATION_OPTIONS(COMPLECTATION_ID, OPTION_MNEMONIC, OPTION_LABEL) VALUES (319, "XTR", "EXTRA CAB");
INSERT INTO COMPLECTATION_OPTIONS(COMPLECTATION_ID, OPTION_MNEMONIC, OPTION_LABEL) VALUES (319, "HLF", "0.5TONS");
INSERT INTO COMPLECTATION_OPTIONS(COMPLECTATION_ID, OPTION_MNEMONIC, OPTION_LABEL) VALUES (319, "ST", "SINGLE TIRE");
INSERT INTO COMPLECTATION_OPTIONS(COMPLECTATION_ID, OPTION_MNEMONIC, OPTION_LABEL) VALUES (319, "CND", "CANADA");
INSERT INTO COMPLECTATION_OPTIONS(COMPLECTATION_ID, OPTION_MNEMONIC, OPTION_LABEL) VALUES (319, "CBR", "CARBURETOR SYSTEM");
INSERT INTO COMPLECTATION_OPTIONS(COMPLECTATION_ID, OPTION_MNEMONIC, OPTION_LABEL) VALUES (319, "CBU", "COMPLETELY BUILT UNIT");
INSERT INTO FRAME(ID, MODEL_ID, NAME, URL) VALUES (38, 5, "RN75L", "https://toyota-europe.epc-data.com/4runner/rn75l");
INSERT INTO COMPLECTATION(ID, FRAME_ID, NAME, URL, ENGINE_MNEMONIC, ENGINE_LABEL, PRODUCTION_PERIOD, BODY_MNEMONIC, BODY_LABEL, GRADE_MNEMONIC, GRADE_LABEL, TRANSMISSION_MNEMONIC, TRANSMISSION_LABEL) VALUES (320, 38, "RN75L-KRTEA3W", "https://toyota-europe.epc-data.com/4runner/rn75l/6250/", "22REC", "2400CC EFI", "08.1985 - 08.1988", "T1", "TRUCK(STANDARD DECK 1-SIDE OPEN)", "STD", "STANDARD TYPE", "MTM", "MANUAL TRANSMISSION");
INSERT INTO COMPLECTATION_OPTIONS(COMPLECTATION_ID, OPTION_MNEMONIC, OPTION_LABEL) VALUES (320, "4F", "MTM,4-SPEED FLOOR SHIFT");
INSERT INTO COMPLECTATION_OPTIONS(COMPLECTATION_ID, OPTION_MNEMONIC, OPTION_LABEL) VALUES (320, "RCB", "REGULAR CAB");
INSERT INTO COMPLECTATION_OPTIONS(COMPLECTATION_ID, OPTION_MNEMONIC, OPTION_LABEL) VALUES (320, "W", "W TYPE TRANSMISSION");
INSERT INTO COMPLECTATION_OPTIONS(COMPLECTATION_ID, OPTION_MNEMONIC, OPTION_LABEL) VALUES (320, "HVY", "HEAVY");
INSERT INTO COMPLECTATION_OPTIONS(COMPLECTATION_ID, OPTION_MNEMONIC, OPTION_LABEL) VALUES (320, "WT", "DOUBLE TIRE");
INSERT INTO COMPLECTATION_OPTIONS(COMPLECTATION_ID, OPTION_MNEMONIC, OPTION_LABEL) VALUES (320, "USA", "UNITED STATES OF AMERICA");
INSERT INTO COMPLECTATION_OPTIONS(COMPLECTATION_ID, OPTION_MNEMONIC, OPTION_LABEL) VALUES (320, "EFI", "ELECTRIC FUEL INJECTION SYSTEM");
INSERT INTO COMPLECTATION_OPTIONS(COMPLECTATION_ID, OPTION_MNEMONIC, OPTION_LABEL) VALUES (320, "IV", "INCOMPLETE VEHICLES (CHASSIS & CAB)");
INSERT INTO COMPLECTATION(ID, FRAME_ID, NAME, URL, ENGINE_MNEMONIC, ENGINE_LABEL, PRODUCTION_PERIOD, BODY_MNEMONIC, BODY_LABEL, GRADE_MNEMONIC, GRADE_LABEL, TRANSMISSION_MNEMONIC, TRANSMISSION_LABEL) VALUES (321, 38, "RN75L-PDTEA3W", "https://toyota-europe.epc-data.com/4runner/rn75l/6251/", "22REC", "2400CC EFI", "08.1987 - 08.1988", "T1", "TRUCK(STANDARD DECK 1-SIDE OPEN)", "DLX", "DELUXE TYPE", "ATM", "AUTOMATIC TRANSMISSION");
INSERT INTO COMPLECTATION_OPTIONS(COMPLECTATION_ID, OPTION_MNEMONIC, OPTION_LABEL) VALUES (321, "4FC", "ATM,4-SPEED FLOOR SHIFT");
INSERT INTO COMPLECTATION_OPTIONS(COMPLECTATION_ID, OPTION_MNEMONIC, OPTION_LABEL) VALUES (321, "RCB", "REGULAR CAB");
INSERT INTO COMPLECTATION_OPTIONS(COMPLECTATION_ID, OPTION_MNEMONIC, OPTION_LABEL) VALUES (321, "HVY", "HEAVY");
INSERT INTO COMPLECTATION_OPTIONS(COMPLECTATION_ID, OPTION_MNEMONIC, OPTION_LABEL) VALUES (321, "WT", "DOUBLE TIRE");
INSERT INTO COMPLECTATION_OPTIONS(COMPLECTATION_ID, OPTION_MNEMONIC, OPTION_LABEL) VALUES (321, "USA", "UNITED STATES OF AMERICA");
INSERT INTO COMPLECTATION_OPTIONS(COMPLECTATION_ID, OPTION_MNEMONIC, OPTION_LABEL) VALUES (321, "EFI", "ELECTRIC FUEL INJECTION SYSTEM");
INSERT INTO COMPLECTATION_OPTIONS(COMPLECTATION_ID, OPTION_MNEMONIC, OPTION_LABEL) VALUES (321, "IV", "INCOMPLETE VEHICLES (CHASSIS & CAB)");
INSERT INTO COMPLECTATION(ID, FRAME_ID, NAME, URL, ENGINE_MNEMONIC, ENGINE_LABEL, PRODUCTION_PERIOD, BODY_MNEMONIC, BODY_LABEL, GRADE_MNEMONIC, GRADE_LABEL, TRANSMISSION_MNEMONIC, TRANSMISSION_LABEL) VALUES (322, 38, "RN75L-SDTEA3W", "https://toyota-europe.epc-data.com/4runner/rn75l/6252/", "22REC", "2400CC EFI", "08.1985 - 08.1987", "T1", "TRUCK(STANDARD DECK 1-SIDE OPEN)", "DLX", "DELUXE TYPE", "ATM", "AUTOMATIC TRANSMISSION");
INSERT INTO COMPLECTATION_OPTIONS(COMPLECTATION_ID, OPTION_MNEMONIC, OPTION_LABEL) VALUES (322, "4HC", "ATM,4-SPEED COLUMN SHIFT");
INSERT INTO COMPLECTATION_OPTIONS(COMPLECTATION_ID, OPTION_MNEMONIC, OPTION_LABEL) VALUES (322, "RCB", "REGULAR CAB");
INSERT INTO COMPLECTATION_OPTIONS(COMPLECTATION_ID, OPTION_MNEMONIC, OPTION_LABEL) VALUES (322, "HVY", "HEAVY");
INSERT INTO COMPLECTATION_OPTIONS(COMPLECTATION_ID, OPTION_MNEMONIC, OPTION_LABEL) VALUES (322, "WT", "DOUBLE TIRE");
INSERT INTO COMPLECTATION_OPTIONS(COMPLECTATION_ID, OPTION_MNEMONIC, OPTION_LABEL) VALUES (322, "USA", "UNITED STATES OF AMERICA");
INSERT INTO COMPLECTATION_OPTIONS(COMPLECTATION_ID, OPTION_MNEMONIC, OPTION_LABEL) VALUES (322, "EFI", "ELECTRIC FUEL INJECTION SYSTEM");
INSERT INTO COMPLECTATION_OPTIONS(COMPLECTATION_ID, OPTION_MNEMONIC, OPTION_LABEL) VALUES (322, "IV", "INCOMPLETE VEHICLES (CHASSIS & CAB)");
INSERT INTO COMPLECTATION(ID, FRAME_ID, NAME, URL, ENGINE_MNEMONIC, ENGINE_LABEL, PRODUCTION_PERIOD, BODY_MNEMONIC, BODY_LABEL, GRADE_MNEMONIC, GRADE_LABEL, TRANSMISSION_MNEMONIC, TRANSMISSION_LABEL) VALUES (323, 38, "RN75L-SDTEK3W", "https://toyota-europe.epc-data.com/4runner/rn75l/6253/", "22REC", "2400CC EFI", "08.1985 - 08.1988", "T1", "TRUCK(STANDARD DECK 1-SIDE OPEN)", "DLX", "DELUXE TYPE", "ATM", "AUTOMATIC TRANSMISSION");
INSERT INTO COMPLECTATION_OPTIONS(COMPLECTATION_ID, OPTION_MNEMONIC, OPTION_LABEL) VALUES (323, "4HC", "ATM,4-SPEED COLUMN SHIFT");
INSERT INTO COMPLECTATION_OPTIONS(COMPLECTATION_ID, OPTION_MNEMONIC, OPTION_LABEL) VALUES (323, "RCB", "REGULAR CAB");
INSERT INTO COMPLECTATION_OPTIONS(COMPLECTATION_ID, OPTION_MNEMONIC, OPTION_LABEL) VALUES (323, "HVY", "HEAVY");
INSERT INTO COMPLECTATION_OPTIONS(COMPLECTATION_ID, OPTION_MNEMONIC, OPTION_LABEL) VALUES (323, "WT", "DOUBLE TIRE");
INSERT INTO COMPLECTATION_OPTIONS(COMPLECTATION_ID, OPTION_MNEMONIC, OPTION_LABEL) VALUES (323, "CND", "CANADA");
INSERT INTO COMPLECTATION_OPTIONS(COMPLECTATION_ID, OPTION_MNEMONIC, OPTION_LABEL) VALUES (323, "EFI", "ELECTRIC FUEL INJECTION SYSTEM");
INSERT INTO COMPLECTATION_OPTIONS(COMPLECTATION_ID, OPTION_MNEMONIC, OPTION_LABEL) VALUES (323, "IV", "INCOMPLETE VEHICLES (CHASSIS & CAB)");
INSERT INTO FRAME(ID, MODEL_ID, NAME, URL) VALUES (39, 5, "RN80L", "https://toyota-europe.epc-data.com/4runner/rn80l");
INSERT INTO COMPLECTATION(ID, FRAME_ID, NAME, URL, ENGINE_MNEMONIC, ENGINE_LABEL, PRODUCTION_PERIOD, BODY_MNEMONIC, BODY_LABEL, GRADE_MNEMONIC, GRADE_LABEL, TRANSMISSION_MNEMONIC, TRANSMISSION_LABEL) VALUES (324, 39, "RN80L-TRKREA", "https://toyota-europe.epc-data.com/4runner/rn80l/6375/", "22RE", "2400CC EFI", "08.1989 - 08.1990", "", "", "STD", "STANDARD TYPE", "MTM", "MANUAL TRANSMISSION");
INSERT INTO COMPLECTATION_OPTIONS(COMPLECTATION_ID, OPTION_MNEMONIC, OPTION_LABEL) VALUES (324, "4F", "MTM,4-SPEED FLOOR SHIFT");
INSERT INTO COMPLECTATION_OPTIONS(COMPLECTATION_ID, OPTION_MNEMONIC, OPTION_LABEL) VALUES (324, "RCB", "REGULAR CAB");
INSERT INTO COMPLECTATION_OPTIONS(COMPLECTATION_ID, OPTION_MNEMONIC, OPTION_LABEL) VALUES (324, "ST", "SINGLE TIRE");
INSERT INTO COMPLECTATION_OPTIONS(COMPLECTATION_ID, OPTION_MNEMONIC, OPTION_LABEL) VALUES (324, "HLF", "0.5TONS");
INSERT INTO COMPLECTATION_OPTIONS(COMPLECTATION_ID, OPTION_MNEMONIC, OPTION_LABEL) VALUES (324, "W", "W TYPE TRANSMISSION");
INSERT INTO COMPLECTATION_OPTIONS(COMPLECTATION_ID, OPTION_MNEMONIC, OPTION_LABEL) VALUES (324, "EFI", "ELECTRIC FUEL INJECTION SYSTEM");
INSERT INTO COMPLECTATION_OPTIONS(COMPLECTATION_ID, OPTION_MNEMONIC, OPTION_LABEL) VALUES (324, "USA", "UNITED STATES OF AMERICA");
INSERT INTO COMPLECTATION_OPTIONS(COMPLECTATION_ID, OPTION_MNEMONIC, OPTION_LABEL) VALUES (324, "CBU", "COMPLETELY BUILT UNIT");
INSERT INTO COMPLECTATION_OPTIONS(COMPLECTATION_ID, OPTION_MNEMONIC, OPTION_LABEL) VALUES (324, "T1", "TRUCK(STANDARD DECK 1-SIDE OPEN)");
INSERT INTO COMPLECTATION_OPTIONS(COMPLECTATION_ID, OPTION_MNEMONIC, OPTION_LABEL) VALUES (324, "JPP", "JAPAN PRODUCT PARTS");
INSERT INTO COMPLECTATION(ID, FRAME_ID, NAME, URL, ENGINE_MNEMONIC, ENGINE_LABEL, PRODUCTION_PERIOD, BODY_MNEMONIC, BODY_LABEL, GRADE_MNEMONIC, GRADE_LABEL, TRANSMISSION_MNEMONIC, TRANSMISSION_LABEL) VALUES (325, 39, "RN80L-TRKRSA", "https://toyota-europe.epc-data.com/4runner/rn80l/6384/", "22R", "2400CC", "08.1988 - 08.1989", "", "", "STD", "STANDARD TYPE", "MTM", "MANUAL TRANSMISSION");
INSERT INTO COMPLECTATION_OPTIONS(COMPLECTATION_ID, OPTION_MNEMONIC, OPTION_LABEL) VALUES (325, "4F", "MTM,4-SPEED FLOOR SHIFT");
INSERT INTO COMPLECTATION_OPTIONS(COMPLECTATION_ID, OPTION_MNEMONIC, OPTION_LABEL) VALUES (325, "RCB", "REGULAR CAB");
INSERT INTO COMPLECTATION_OPTIONS(COMPLECTATION_ID, OPTION_MNEMONIC, OPTION_LABEL) VALUES (325, "ST", "SINGLE TIRE");
INSERT INTO COMPLECTATION_OPTIONS(COMPLECTATION_ID, OPTION_MNEMONIC, OPTION_LABEL) VALUES (325, "HLF", "0.5TONS");
INSERT INTO COMPLECTATION_OPTIONS(COMPLECTATION_ID, OPTION_MNEMONIC, OPTION_LABEL) VALUES (325, "W", "W TYPE TRANSMISSION");
INSERT INTO COMPLECTATION_OPTIONS(COMPLECTATION_ID, OPTION_MNEMONIC, OPTION_LABEL) VALUES (325, "CBR", "CARBURETOR SYSTEM");
INSERT INTO COMPLECTATION_OPTIONS(COMPLECTATION_ID, OPTION_MNEMONIC, OPTION_LABEL) VALUES (325, "USA", "UNITED STATES OF AMERICA");
INSERT INTO COMPLECTATION_OPTIONS(COMPLECTATION_ID, OPTION_MNEMONIC, OPTION_LABEL) VALUES (325, "CBU", "COMPLETELY BUILT UNIT");
INSERT INTO COMPLECTATION_OPTIONS(COMPLECTATION_ID, OPTION_MNEMONIC, OPTION_LABEL) VALUES (325, "T1", "TRUCK(STANDARD DECK 1-SIDE OPEN)");
INSERT INTO COMPLECTATION_OPTIONS(COMPLECTATION_ID, OPTION_MNEMONIC, OPTION_LABEL) VALUES (325, "JPP", "JAPAN PRODUCT PARTS");
INSERT INTO COMPLECTATION(ID, FRAME_ID, NAME, URL, ENGINE_MNEMONIC, ENGINE_LABEL, PRODUCTION_PERIOD, BODY_MNEMONIC, BODY_LABEL, GRADE_MNEMONIC, GRADE_LABEL, TRANSMISSION_MNEMONIC, TRANSMISSION_LABEL) VALUES (326, 39, "RN80L-TRKRSA3", "https://toyota-europe.epc-data.com/4runner/rn80l/6385/", "22R", "2400CC", "08.1988 - 08.1989", "", "", "STD", "STANDARD TYPE", "MTM", "MANUAL TRANSMISSION");
INSERT INTO COMPLECTATION_OPTIONS(COMPLECTATION_ID, OPTION_MNEMONIC, OPTION_LABEL) VALUES (326, "4F", "MTM,4-SPEED FLOOR SHIFT");
INSERT INTO COMPLECTATION_OPTIONS(COMPLECTATION_ID, OPTION_MNEMONIC, OPTION_LABEL) VALUES (326, "RCB", "REGULAR CAB");
INSERT INTO COMPLECTATION_OPTIONS(COMPLECTATION_ID, OPTION_MNEMONIC, OPTION_LABEL) VALUES (326, "ST", "SINGLE TIRE");
INSERT INTO COMPLECTATION_OPTIONS(COMPLECTATION_ID, OPTION_MNEMONIC, OPTION_LABEL) VALUES (326, "HLF", "0.5TONS");
INSERT INTO COMPLECTATION_OPTIONS(COMPLECTATION_ID, OPTION_MNEMONIC, OPTION_LABEL) VALUES (326, "W", "W TYPE TRANSMISSION");
INSERT INTO COMPLECTATION_OPTIONS(COMPLECTATION_ID, OPTION_MNEMONIC, OPTION_LABEL) VALUES (326, "CBR", "CARBURETOR SYSTEM");
INSERT INTO COMPLECTATION_OPTIONS(COMPLECTATION_ID, OPTION_MNEMONIC, OPTION_LABEL) VALUES (326, "USA", "UNITED STATES OF AMERICA");
INSERT INTO COMPLECTATION_OPTIONS(COMPLECTATION_ID, OPTION_MNEMONIC, OPTION_LABEL) VALUES (326, "IV3", "INCOMPLETE VEHICLES (CAB & CHASSIS)");
INSERT INTO COMPLECTATION_OPTIONS(COMPLECTATION_ID, OPTION_MNEMONIC, OPTION_LABEL) VALUES (326, "T1", "TRUCK(STANDARD DECK 1-SIDE OPEN)");
INSERT INTO COMPLECTATION_OPTIONS(COMPLECTATION_ID, OPTION_MNEMONIC, OPTION_LABEL) VALUES (326, "JPP", "JAPAN PRODUCT PARTS");
INSERT INTO COMPLECTATION(ID, FRAME_ID, NAME, URL, ENGINE_MNEMONIC, ENGINE_LABEL, PRODUCTION_PERIOD, BODY_MNEMONIC, BODY_LABEL, GRADE_MNEMONIC, GRADE_LABEL, TRANSMISSION_MNEMONIC, TRANSMISSION_LABEL) VALUES (327, 39, "RN80L-TRLDSA", "https://toyota-europe.epc-data.com/4runner/rn80l/6378/", "22R", "2400CC", "08.1988 - 08.1990", "", "", "DLX", "DELUXE TYPE", "MTM", "MANUAL TRANSMISSION");
INSERT INTO COMPLECTATION_OPTIONS(COMPLECTATION_ID, OPTION_MNEMONIC, OPTION_LABEL) VALUES (327, "5F", "MTM,5-SPEED FLOOR SHIFT");
INSERT INTO COMPLECTATION_OPTIONS(COMPLECTATION_ID, OPTION_MNEMONIC, OPTION_LABEL) VALUES (327, "RCB", "REGULAR CAB");
INSERT INTO COMPLECTATION_OPTIONS(COMPLECTATION_ID, OPTION_MNEMONIC, OPTION_LABEL) VALUES (327, "ST", "SINGLE TIRE");
INSERT INTO COMPLECTATION_OPTIONS(COMPLECTATION_ID, OPTION_MNEMONIC, OPTION_LABEL) VALUES (327, "HLF", "0.5TONS");
INSERT INTO COMPLECTATION_OPTIONS(COMPLECTATION_ID, OPTION_MNEMONIC, OPTION_LABEL) VALUES (327, "G", "G TYPE TRANSMISSION");
INSERT INTO COMPLECTATION_OPTIONS(COMPLECTATION_ID, OPTION_MNEMONIC, OPTION_LABEL) VALUES (327, "CBR", "CARBURETOR SYSTEM");
INSERT INTO COMPLECTATION_OPTIONS(COMPLECTATION_ID, OPTION_MNEMONIC, OPTION_LABEL) VALUES (327, "USA", "UNITED STATES OF AMERICA");
INSERT INTO COMPLECTATION_OPTIONS(COMPLECTATION_ID, OPTION_MNEMONIC, OPTION_LABEL) VALUES (327, "CBU", "COMPLETELY BUILT UNIT");
INSERT INTO COMPLECTATION_OPTIONS(COMPLECTATION_ID, OPTION_MNEMONIC, OPTION_LABEL) VALUES (327, "T1", "TRUCK(STANDARD DECK 1-SIDE OPEN)");
INSERT INTO COMPLECTATION_OPTIONS(COMPLECTATION_ID, OPTION_MNEMONIC, OPTION_LABEL) VALUES (327, "JPP", "JAPAN PRODUCT PARTS");
INSERT INTO COMPLECTATION(ID, FRAME_ID, NAME, URL, ENGINE_MNEMONIC, ENGINE_LABEL, PRODUCTION_PERIOD, BODY_MNEMONIC, BODY_LABEL, GRADE_MNEMONIC, GRADE_LABEL, TRANSMISSION_MNEMONIC, TRANSMISSION_LABEL) VALUES (328, 39, "RN80L-TRLDSA3", "https://toyota-europe.epc-data.com/4runner/rn80l/6379/", "22R", "2400CC", "08.1988 - 08.1989", "", "", "DLX", "DELUXE TYPE", "MTM", "MANUAL TRANSMISSION");
INSERT INTO COMPLECTATION_OPTIONS(COMPLECTATION_ID, OPTION_MNEMONIC, OPTION_LABEL) VALUES (328, "5F", "MTM,5-SPEED FLOOR SHIFT");
INSERT INTO COMPLECTATION_OPTIONS(COMPLECTATION_ID, OPTION_MNEMONIC, OPTION_LABEL) VALUES (328, "RCB", "REGULAR CAB");
INSERT INTO COMPLECTATION_OPTIONS(COMPLECTATION_ID, OPTION_MNEMONIC, OPTION_LABEL) VALUES (328, "ST", "SINGLE TIRE");
INSERT INTO COMPLECTATION_OPTIONS(COMPLECTATION_ID, OPTION_MNEMONIC, OPTION_LABEL) VALUES (328, "HLF", "0.5TONS");
INSERT INTO COMPLECTATION_OPTIONS(COMPLECTATION_ID, OPTION_MNEMONIC, OPTION_LABEL) VALUES (328, "G", "G TYPE TRANSMISSION");
INSERT INTO COMPLECTATION_OPTIONS(COMPLECTATION_ID, OPTION_MNEMONIC, OPTION_LABEL) VALUES (328, "CBR", "CARBURETOR SYSTEM");
INSERT INTO COMPLECTATION_OPTIONS(COMPLECTATION_ID, OPTION_MNEMONIC, OPTION_LABEL) VALUES (328, "USA", "UNITED STATES OF AMERICA");
INSERT INTO COMPLECTATION_OPTIONS(COMPLECTATION_ID, OPTION_MNEMONIC, OPTION_LABEL) VALUES (328, "IV3", "INCOMPLETE VEHICLES (CAB & CHASSIS)");
INSERT INTO COMPLECTATION_OPTIONS(COMPLECTATION_ID, OPTION_MNEMONIC, OPTION_LABEL) VALUES (328, "T1", "TRUCK(STANDARD DECK 1-SIDE OPEN)");
INSERT INTO COMPLECTATION_OPTIONS(COMPLECTATION_ID, OPTION_MNEMONIC, OPTION_LABEL) VALUES (328, "JPP", "JAPAN PRODUCT PARTS");
INSERT INTO COMPLECTATION(ID, FRAME_ID, NAME, URL, ENGINE_MNEMONIC, ENGINE_LABEL, PRODUCTION_PERIOD, BODY_MNEMONIC, BODY_LABEL, GRADE_MNEMONIC, GRADE_LABEL, TRANSMISSION_MNEMONIC, TRANSMISSION_LABEL) VALUES (329, 39, "RN80L-TRMDEA", "https://toyota-europe.epc-data.com/4runner/rn80l/6380/", "22RE", "2400CC EFI", "08.1988 - 01.1995", "", "", "DLX", "DELUXE TYPE", "MTM", "MANUAL TRANSMISSION");
INSERT INTO COMPLECTATION_OPTIONS(COMPLECTATION_ID, OPTION_MNEMONIC, OPTION_LABEL) VALUES (329, "5F", "MTM,5-SPEED FLOOR SHIFT");
INSERT INTO COMPLECTATION_OPTIONS(COMPLECTATION_ID, OPTION_MNEMONIC, OPTION_LABEL) VALUES (329, "RCB", "REGULAR CAB");
INSERT INTO COMPLECTATION_OPTIONS(COMPLECTATION_ID, OPTION_MNEMONIC, OPTION_LABEL) VALUES (329, "ST", "SINGLE TIRE");
INSERT INTO COMPLECTATION_OPTIONS(COMPLECTATION_ID, OPTION_MNEMONIC, OPTION_LABEL) VALUES (329, "HLF", "0.5TONS");
INSERT INTO COMPLECTATION_OPTIONS(COMPLECTATION_ID, OPTION_MNEMONIC, OPTION_LABEL) VALUES (329, "W", "W TYPE TRANSMISSION");
INSERT INTO COMPLECTATION_OPTIONS(COMPLECTATION_ID, OPTION_MNEMONIC, OPTION_LABEL) VALUES (329, "EFI", "ELECTRIC FUEL INJECTION SYSTEM");
INSERT INTO COMPLECTATION_OPTIONS(COMPLECTATION_ID, OPTION_MNEMONIC, OPTION_LABEL) VALUES (329, "USA", "UNITED STATES OF AMERICA");
INSERT INTO COMPLECTATION_OPTIONS(COMPLECTATION_ID, OPTION_MNEMONIC, OPTION_LABEL) VALUES (329, "CBU", "COMPLETELY BUILT UNIT");
INSERT INTO COMPLECTATION_OPTIONS(COMPLECTATION_ID, OPTION_MNEMONIC, OPTION_LABEL) VALUES (329, "T1", "TRUCK(STANDARD DECK 1-SIDE OPEN)");
INSERT INTO COMPLECTATION_OPTIONS(COMPLECTATION_ID, OPTION_MNEMONIC, OPTION_LABEL) VALUES (329, "JPP", "JAPAN PRODUCT PARTS");
INSERT INTO COMPLECTATION(ID, FRAME_ID, NAME, URL, ENGINE_MNEMONIC, ENGINE_LABEL, PRODUCTION_PERIOD, BODY_MNEMONIC, BODY_LABEL, GRADE_MNEMONIC, GRADE_LABEL, TRANSMISSION_MNEMONIC, TRANSMISSION_LABEL) VALUES (330, 39, "RN80L-TRMDEA3", "https://toyota-europe.epc-data.com/4runner/rn80l/6381/", "22RE", "2400CC EFI", "08.1988 - 08.1989", "", "", "DLX", "DELUXE TYPE", "MTM", "MANUAL TRANSMISSION");
INSERT INTO COMPLECTATION_OPTIONS(COMPLECTATION_ID, OPTION_MNEMONIC, OPTION_LABEL) VALUES (330, "5F", "MTM,5-SPEED FLOOR SHIFT");
INSERT INTO COMPLECTATION_OPTIONS(COMPLECTATION_ID, OPTION_MNEMONIC, OPTION_LABEL) VALUES (330, "RCB", "REGULAR CAB");
INSERT INTO COMPLECTATION_OPTIONS(COMPLECTATION_ID, OPTION_MNEMONIC, OPTION_LABEL) VALUES (330, "ST", "SINGLE TIRE");
INSERT INTO COMPLECTATION_OPTIONS(COMPLECTATION_ID, OPTION_MNEMONIC, OPTION_LABEL) VALUES (330, "HLF", "0.5TONS");
INSERT INTO COMPLECTATION_OPTIONS(COMPLECTATION_ID, OPTION_MNEMONIC, OPTION_LABEL) VALUES (330, "W", "W TYPE TRANSMISSION");
INSERT INTO COMPLECTATION_OPTIONS(COMPLECTATION_ID, OPTION_MNEMONIC, OPTION_LABEL) VALUES (330, "EFI", "ELECTRIC FUEL INJECTION SYSTEM");
INSERT INTO COMPLECTATION_OPTIONS(COMPLECTATION_ID, OPTION_MNEMONIC, OPTION_LABEL) VALUES (330, "USA", "UNITED STATES OF AMERICA");
INSERT INTO COMPLECTATION_OPTIONS(COMPLECTATION_ID, OPTION_MNEMONIC, OPTION_LABEL) VALUES (330, "IV3", "INCOMPLETE VEHICLES (CAB & CHASSIS)");
INSERT INTO COMPLECTATION_OPTIONS(COMPLECTATION_ID, OPTION_MNEMONIC, OPTION_LABEL) VALUES (330, "T1", "TRUCK(STANDARD DECK 1-SIDE OPEN)");
INSERT INTO COMPLECTATION_OPTIONS(COMPLECTATION_ID, OPTION_MNEMONIC, OPTION_LABEL) VALUES (330, "JPP", "JAPAN PRODUCT PARTS");
INSERT INTO COMPLECTATION(ID, FRAME_ID, NAME, URL, ENGINE_MNEMONIC, ENGINE_LABEL, PRODUCTION_PERIOD, BODY_MNEMONIC, BODY_LABEL, GRADE_MNEMONIC, GRADE_LABEL, TRANSMISSION_MNEMONIC, TRANSMISSION_LABEL) VALUES (331, 39, "RN80L-TRMREA", "https://toyota-europe.epc-data.com/4runner/rn80l/6376/", "22RE", "2400CC EFI", "08.1990 - 01.1995", "", "", "STD", "STANDARD TYPE", "MTM", "MANUAL TRANSMISSION");
INSERT INTO COMPLECTATION_OPTIONS(COMPLECTATION_ID, OPTION_MNEMONIC, OPTION_LABEL) VALUES (331, "5F", "MTM,5-SPEED FLOOR SHIFT");
INSERT INTO COMPLECTATION_OPTIONS(COMPLECTATION_ID, OPTION_MNEMONIC, OPTION_LABEL) VALUES (331, "RCB", "REGULAR CAB");
INSERT INTO COMPLECTATION_OPTIONS(COMPLECTATION_ID, OPTION_MNEMONIC, OPTION_LABEL) VALUES (331, "ST", "SINGLE TIRE");
INSERT INTO COMPLECTATION_OPTIONS(COMPLECTATION_ID, OPTION_MNEMONIC, OPTION_LABEL) VALUES (331, "HLF", "0.5TONS");
INSERT INTO COMPLECTATION_OPTIONS(COMPLECTATION_ID, OPTION_MNEMONIC, OPTION_LABEL) VALUES (331, "W", "W TYPE TRANSMISSION");
INSERT INTO COMPLECTATION_OPTIONS(COMPLECTATION_ID, OPTION_MNEMONIC, OPTION_LABEL) VALUES (331, "EFI", "ELECTRIC FUEL INJECTION SYSTEM");
INSERT INTO COMPLECTATION_OPTIONS(COMPLECTATION_ID, OPTION_MNEMONIC, OPTION_LABEL) VALUES (331, "USA", "UNITED STATES OF AMERICA");
INSERT INTO COMPLECTATION_OPTIONS(COMPLECTATION_ID, OPTION_MNEMONIC, OPTION_LABEL) VALUES (331, "CBU", "COMPLETELY BUILT UNIT");
INSERT INTO COMPLECTATION_OPTIONS(COMPLECTATION_ID, OPTION_MNEMONIC, OPTION_LABEL) VALUES (331, "T1", "TRUCK(STANDARD DECK 1-SIDE OPEN)");
INSERT INTO COMPLECTATION_OPTIONS(COMPLECTATION_ID, OPTION_MNEMONIC, OPTION_LABEL) VALUES (331, "JPP", "JAPAN PRODUCT PARTS");
INSERT INTO COMPLECTATION(ID, FRAME_ID, NAME, URL, ENGINE_MNEMONIC, ENGINE_LABEL, PRODUCTION_PERIOD, BODY_MNEMONIC, BODY_LABEL, GRADE_MNEMONIC, GRADE_LABEL, TRANSMISSION_MNEMONIC, TRANSMISSION_LABEL) VALUES (332, 39, "RN80L-TRMREK", "https://toyota-europe.epc-data.com/4runner/rn80l/6377/", "22RE", "2400CC EFI", "08.1990 - 01.1995", "", "", "STD", "STANDARD TYPE", "MTM", "MANUAL TRANSMISSION");
INSERT INTO COMPLECTATION_OPTIONS(COMPLECTATION_ID, OPTION_MNEMONIC, OPTION_LABEL) VALUES (332, "5F", "MTM,5-SPEED FLOOR SHIFT");
INSERT INTO COMPLECTATION_OPTIONS(COMPLECTATION_ID, OPTION_MNEMONIC, OPTION_LABEL) VALUES (332, "RCB", "REGULAR CAB");
INSERT INTO COMPLECTATION_OPTIONS(COMPLECTATION_ID, OPTION_MNEMONIC, OPTION_LABEL) VALUES (332, "ST", "SINGLE TIRE");
INSERT INTO COMPLECTATION_OPTIONS(COMPLECTATION_ID, OPTION_MNEMONIC, OPTION_LABEL) VALUES (332, "HLF", "0.5TONS");
INSERT INTO COMPLECTATION_OPTIONS(COMPLECTATION_ID, OPTION_MNEMONIC, OPTION_LABEL) VALUES (332, "W", "W TYPE TRANSMISSION");
INSERT INTO COMPLECTATION_OPTIONS(COMPLECTATION_ID, OPTION_MNEMONIC, OPTION_LABEL) VALUES (332, "EFI", "ELECTRIC FUEL INJECTION SYSTEM");
INSERT INTO COMPLECTATION_OPTIONS(COMPLECTATION_ID, OPTION_MNEMONIC, OPTION_LABEL) VALUES (332, "CND", "CANADA");
INSERT INTO COMPLECTATION_OPTIONS(COMPLECTATION_ID, OPTION_MNEMONIC, OPTION_LABEL) VALUES (332, "CBU", "COMPLETELY BUILT UNIT");
INSERT INTO COMPLECTATION_OPTIONS(COMPLECTATION_ID, OPTION_MNEMONIC, OPTION_LABEL) VALUES (332, "T1", "TRUCK(STANDARD DECK 1-SIDE OPEN)");
INSERT INTO COMPLECTATION_OPTIONS(COMPLECTATION_ID, OPTION_MNEMONIC, OPTION_LABEL) VALUES (332, "JPP", "JAPAN PRODUCT PARTS");
INSERT INTO COMPLECTATION(ID, FRAME_ID, NAME, URL, ENGINE_MNEMONIC, ENGINE_LABEL, PRODUCTION_PERIOD, BODY_MNEMONIC, BODY_LABEL, GRADE_MNEMONIC, GRADE_LABEL, TRANSMISSION_MNEMONIC, TRANSMISSION_LABEL) VALUES (333, 39, "RN80L-TRMRSK", "https://toyota-europe.epc-data.com/4runner/rn80l/6386/", "22R", "2400CC", "08.1988 - 08.1990", "", "", "STD", "STANDARD TYPE", "MTM", "MANUAL TRANSMISSION");
INSERT INTO COMPLECTATION_OPTIONS(COMPLECTATION_ID, OPTION_MNEMONIC, OPTION_LABEL) VALUES (333, "5F", "MTM,5-SPEED FLOOR SHIFT");
INSERT INTO COMPLECTATION_OPTIONS(COMPLECTATION_ID, OPTION_MNEMONIC, OPTION_LABEL) VALUES (333, "RCB", "REGULAR CAB");
INSERT INTO COMPLECTATION_OPTIONS(COMPLECTATION_ID, OPTION_MNEMONIC, OPTION_LABEL) VALUES (333, "ST", "SINGLE TIRE");
INSERT INTO COMPLECTATION_OPTIONS(COMPLECTATION_ID, OPTION_MNEMONIC, OPTION_LABEL) VALUES (333, "HLF", "0.5TONS");
INSERT INTO COMPLECTATION_OPTIONS(COMPLECTATION_ID, OPTION_MNEMONIC, OPTION_LABEL) VALUES (333, "G", "G TYPE TRANSMISSION");
INSERT INTO COMPLECTATION_OPTIONS(COMPLECTATION_ID, OPTION_MNEMONIC, OPTION_LABEL) VALUES (333, "CBR", "CARBURETOR SYSTEM");
INSERT INTO COMPLECTATION_OPTIONS(COMPLECTATION_ID, OPTION_MNEMONIC, OPTION_LABEL) VALUES (333, "CND", "CANADA");
INSERT INTO COMPLECTATION_OPTIONS(COMPLECTATION_ID, OPTION_MNEMONIC, OPTION_LABEL) VALUES (333, "CBU", "COMPLETELY BUILT UNIT");
INSERT INTO COMPLECTATION_OPTIONS(COMPLECTATION_ID, OPTION_MNEMONIC, OPTION_LABEL) VALUES (333, "T1", "TRUCK(STANDARD DECK 1-SIDE OPEN)");
INSERT INTO COMPLECTATION_OPTIONS(COMPLECTATION_ID, OPTION_MNEMONIC, OPTION_LABEL) VALUES (333, "JPP", "JAPAN PRODUCT PARTS");
INSERT INTO COMPLECTATION(ID, FRAME_ID, NAME, URL, ENGINE_MNEMONIC, ENGINE_LABEL, PRODUCTION_PERIOD, BODY_MNEMONIC, BODY_LABEL, GRADE_MNEMONIC, GRADE_LABEL, TRANSMISSION_MNEMONIC, TRANSMISSION_LABEL) VALUES (334, 39, "RN80L-TRSDEA", "https://toyota-europe.epc-data.com/4runner/rn80l/6382/", "22RE", "2400CC EFI", "08.1988 - 01.1995", "", "", "DLX", "DELUXE TYPE", "ATM", "AUTOMATIC TRANSMISSION");
INSERT INTO COMPLECTATION_OPTIONS(COMPLECTATION_ID, OPTION_MNEMONIC, OPTION_LABEL) VALUES (334, "4HC", "ATM,4-SPEED COLUMN SHIFT");
INSERT INTO COMPLECTATION_OPTIONS(COMPLECTATION_ID, OPTION_MNEMONIC, OPTION_LABEL) VALUES (334, "RCB", "REGULAR CAB");
INSERT INTO COMPLECTATION_OPTIONS(COMPLECTATION_ID, OPTION_MNEMONIC, OPTION_LABEL) VALUES (334, "ST", "SINGLE TIRE");
INSERT INTO COMPLECTATION_OPTIONS(COMPLECTATION_ID, OPTION_MNEMONIC, OPTION_LABEL) VALUES (334, "HLF", "0.5TONS");
INSERT INTO COMPLECTATION_OPTIONS(COMPLECTATION_ID, OPTION_MNEMONIC, OPTION_LABEL) VALUES (334, "EFI", "ELECTRIC FUEL INJECTION SYSTEM");
INSERT INTO COMPLECTATION_OPTIONS(COMPLECTATION_ID, OPTION_MNEMONIC, OPTION_LABEL) VALUES (334, "USA", "UNITED STATES OF AMERICA");
INSERT INTO COMPLECTATION_OPTIONS(COMPLECTATION_ID, OPTION_MNEMONIC, OPTION_LABEL) VALUES (334, "CBU", "COMPLETELY BUILT UNIT");
INSERT INTO COMPLECTATION_OPTIONS(COMPLECTATION_ID, OPTION_MNEMONIC, OPTION_LABEL) VALUES (334, "T1", "TRUCK(STANDARD DECK 1-SIDE OPEN)");
INSERT INTO COMPLECTATION_OPTIONS(COMPLECTATION_ID, OPTION_MNEMONIC, OPTION_LABEL) VALUES (334, "JPP", "JAPAN PRODUCT PARTS");
INSERT INTO COMPLECTATION(ID, FRAME_ID, NAME, URL, ENGINE_MNEMONIC, ENGINE_LABEL, PRODUCTION_PERIOD, BODY_MNEMONIC, BODY_LABEL, GRADE_MNEMONIC, GRADE_LABEL, TRANSMISSION_MNEMONIC, TRANSMISSION_LABEL) VALUES (335, 39, "RN80L-TRSDEA3", "https://toyota-europe.epc-data.com/4runner/rn80l/6383/", "22RE", "2400CC EFI", "08.1988 - 08.1989", "", "", "DLX", "DELUXE TYPE", "ATM", "AUTOMATIC TRANSMISSION");
INSERT INTO COMPLECTATION_OPTIONS(COMPLECTATION_ID, OPTION_MNEMONIC, OPTION_LABEL) VALUES (335, "4HC", "ATM,4-SPEED COLUMN SHIFT");
INSERT INTO COMPLECTATION_OPTIONS(COMPLECTATION_ID, OPTION_MNEMONIC, OPTION_LABEL) VALUES (335, "RCB", "REGULAR CAB");
INSERT INTO COMPLECTATION_OPTIONS(COMPLECTATION_ID, OPTION_MNEMONIC, OPTION_LABEL) VALUES (335, "ST", "SINGLE TIRE");
INSERT INTO COMPLECTATION_OPTIONS(COMPLECTATION_ID, OPTION_MNEMONIC, OPTION_LABEL) VALUES (335, "HLF", "0.5TONS");
INSERT INTO COMPLECTATION_OPTIONS(COMPLECTATION_ID, OPTION_MNEMONIC, OPTION_LABEL) VALUES (335, "EFI", "ELECTRIC FUEL INJECTION SYSTEM");
INSERT INTO COMPLECTATION_OPTIONS(COMPLECTATION_ID, OPTION_MNEMONIC, OPTION_LABEL) VALUES (335, "USA", "UNITED STATES OF AMERICA");
INSERT INTO COMPLECTATION_OPTIONS(COMPLECTATION_ID, OPTION_MNEMONIC, OPTION_LABEL) VALUES (335, "IV3", "INCOMPLETE VEHICLES (CAB & CHASSIS)");
INSERT INTO COMPLECTATION_OPTIONS(COMPLECTATION_ID, OPTION_MNEMONIC, OPTION_LABEL) VALUES (335, "T1", "TRUCK(STANDARD DECK 1-SIDE OPEN)");
INSERT INTO COMPLECTATION_OPTIONS(COMPLECTATION_ID, OPTION_MNEMONIC, OPTION_LABEL) VALUES (335, "JPP", "JAPAN PRODUCT PARTS");
INSERT INTO COMPLECTATION(ID, FRAME_ID, NAME, URL, ENGINE_MNEMONIC, ENGINE_LABEL, PRODUCTION_PERIOD, BODY_MNEMONIC, BODY_LABEL, GRADE_MNEMONIC, GRADE_LABEL, TRANSMISSION_MNEMONIC, TRANSMISSION_LABEL) VALUES (336, 39, "RN80L-TRTRSA", "https://toyota-europe.epc-data.com/4runner/rn80l/6387/", "22R", "2400CC", "08.1988 - 08.1990", "", "", "STD", "STANDARD TYPE", "MTM", "MANUAL TRANSMISSION");
INSERT INTO COMPLECTATION_OPTIONS(COMPLECTATION_ID, OPTION_MNEMONIC, OPTION_LABEL) VALUES (336, "4F", "MTM,4-SPEED FLOOR SHIFT");
INSERT INTO COMPLECTATION_OPTIONS(COMPLECTATION_ID, OPTION_MNEMONIC, OPTION_LABEL) VALUES (336, "RCB", "REGULAR CAB");
INSERT INTO COMPLECTATION_OPTIONS(COMPLECTATION_ID, OPTION_MNEMONIC, OPTION_LABEL) VALUES (336, "ST", "SINGLE TIRE");
INSERT INTO COMPLECTATION_OPTIONS(COMPLECTATION_ID, OPTION_MNEMONIC, OPTION_LABEL) VALUES (336, "HLF", "0.5TONS");
INSERT INTO COMPLECTATION_OPTIONS(COMPLECTATION_ID, OPTION_MNEMONIC, OPTION_LABEL) VALUES (336, "G", "G TYPE TRANSMISSION");
INSERT INTO COMPLECTATION_OPTIONS(COMPLECTATION_ID, OPTION_MNEMONIC, OPTION_LABEL) VALUES (336, "CBR", "CARBURETOR SYSTEM");
INSERT INTO COMPLECTATION_OPTIONS(COMPLECTATION_ID, OPTION_MNEMONIC, OPTION_LABEL) VALUES (336, "USA", "UNITED STATES OF AMERICA");
INSERT INTO COMPLECTATION_OPTIONS(COMPLECTATION_ID, OPTION_MNEMONIC, OPTION_LABEL) VALUES (336, "CBU", "COMPLETELY BUILT UNIT");
INSERT INTO COMPLECTATION_OPTIONS(COMPLECTATION_ID, OPTION_MNEMONIC, OPTION_LABEL) VALUES (336, "T1", "TRUCK(STANDARD DECK 1-SIDE OPEN)");
INSERT INTO COMPLECTATION_OPTIONS(COMPLECTATION_ID, OPTION_MNEMONIC, OPTION_LABEL) VALUES (336, "JPP", "JAPAN PRODUCT PARTS");
INSERT INTO COMPLECTATION(ID, FRAME_ID, NAME, URL, ENGINE_MNEMONIC, ENGINE_LABEL, PRODUCTION_PERIOD, BODY_MNEMONIC, BODY_LABEL, GRADE_MNEMONIC, GRADE_LABEL, TRANSMISSION_MNEMONIC, TRANSMISSION_LABEL) VALUES (337, 39, "RN80L-TRTRSA3", "https://toyota-europe.epc-data.com/4runner/rn80l/6388/", "22R", "2400CC", "08.1988 - 08.1989", "", "", "STD", "STANDARD TYPE", "MTM", "MANUAL TRANSMISSION");
INSERT INTO COMPLECTATION_OPTIONS(COMPLECTATION_ID, OPTION_MNEMONIC, OPTION_LABEL) VALUES (337, "4F", "MTM,4-SPEED FLOOR SHIFT");
INSERT INTO COMPLECTATION_OPTIONS(COMPLECTATION_ID, OPTION_MNEMONIC, OPTION_LABEL) VALUES (337, "RCB", "REGULAR CAB");
INSERT INTO COMPLECTATION_OPTIONS(COMPLECTATION_ID, OPTION_MNEMONIC, OPTION_LABEL) VALUES (337, "ST", "SINGLE TIRE");
INSERT INTO COMPLECTATION_OPTIONS(COMPLECTATION_ID, OPTION_MNEMONIC, OPTION_LABEL) VALUES (337, "HLF", "0.5TONS");
INSERT INTO COMPLECTATION_OPTIONS(COMPLECTATION_ID, OPTION_MNEMONIC, OPTION_LABEL) VALUES (337, "G", "G TYPE TRANSMISSION");
INSERT INTO COMPLECTATION_OPTIONS(COMPLECTATION_ID, OPTION_MNEMONIC, OPTION_LABEL) VALUES (337, "CBR", "CARBURETOR SYSTEM");
INSERT INTO COMPLECTATION_OPTIONS(COMPLECTATION_ID, OPTION_MNEMONIC, OPTION_LABEL) VALUES (337, "USA", "UNITED STATES OF AMERICA");
INSERT INTO COMPLECTATION_OPTIONS(COMPLECTATION_ID, OPTION_MNEMONIC, OPTION_LABEL) VALUES (337, "IV3", "INCOMPLETE VEHICLES (CAB & CHASSIS)");
INSERT INTO COMPLECTATION_OPTIONS(COMPLECTATION_ID, OPTION_MNEMONIC, OPTION_LABEL) VALUES (337, "T1", "TRUCK(STANDARD DECK 1-SIDE OPEN)");
INSERT INTO COMPLECTATION_OPTIONS(COMPLECTATION_ID, OPTION_MNEMONIC, OPTION_LABEL) VALUES (337, "JPP", "JAPAN PRODUCT PARTS");
INSERT INTO FRAME(ID, MODEL_ID, NAME, URL) VALUES (40, 5, "RN85L", "https://toyota-europe.epc-data.com/4runner/rn85l");
INSERT INTO COMPLECTATION(ID, FRAME_ID, NAME, URL, ENGINE_MNEMONIC, ENGINE_LABEL, PRODUCTION_PERIOD, BODY_MNEMONIC, BODY_LABEL, GRADE_MNEMONIC, GRADE_LABEL, TRANSMISSION_MNEMONIC, TRANSMISSION_LABEL) VALUES (338, 40, "RN85L-TRLDSA", "https://toyota-europe.epc-data.com/4runner/rn85l/6389/", "22R", "2400CC", "08.1988 - 08.1990", "", "", "DLX", "DELUXE TYPE", "MTM", "MANUAL TRANSMISSION");
INSERT INTO COMPLECTATION_OPTIONS(COMPLECTATION_ID, OPTION_MNEMONIC, OPTION_LABEL) VALUES (338, "5F", "MTM,5-SPEED FLOOR SHIFT");
INSERT INTO COMPLECTATION_OPTIONS(COMPLECTATION_ID, OPTION_MNEMONIC, OPTION_LABEL) VALUES (338, "RCB", "REGULAR CAB");
INSERT INTO COMPLECTATION_OPTIONS(COMPLECTATION_ID, OPTION_MNEMONIC, OPTION_LABEL) VALUES (338, "ST", "SINGLE TIRE");
INSERT INTO COMPLECTATION_OPTIONS(COMPLECTATION_ID, OPTION_MNEMONIC, OPTION_LABEL) VALUES (338, "HLF", "0.5TONS");
INSERT INTO COMPLECTATION_OPTIONS(COMPLECTATION_ID, OPTION_MNEMONIC, OPTION_LABEL) VALUES (338, "G", "G TYPE TRANSMISSION");
INSERT INTO COMPLECTATION_OPTIONS(COMPLECTATION_ID, OPTION_MNEMONIC, OPTION_LABEL) VALUES (338, "CBR", "CARBURETOR SYSTEM");
INSERT INTO COMPLECTATION_OPTIONS(COMPLECTATION_ID, OPTION_MNEMONIC, OPTION_LABEL) VALUES (338, "USA", "UNITED STATES OF AMERICA");
INSERT INTO COMPLECTATION_OPTIONS(COMPLECTATION_ID, OPTION_MNEMONIC, OPTION_LABEL) VALUES (338, "CBU", "COMPLETELY BUILT UNIT");
INSERT INTO COMPLECTATION_OPTIONS(COMPLECTATION_ID, OPTION_MNEMONIC, OPTION_LABEL) VALUES (338, "T1", "TRUCK(STANDARD DECK 1-SIDE OPEN)");
INSERT INTO COMPLECTATION_OPTIONS(COMPLECTATION_ID, OPTION_MNEMONIC, OPTION_LABEL) VALUES (338, "JPP", "JAPAN PRODUCT PARTS");
INSERT INTO COMPLECTATION(ID, FRAME_ID, NAME, URL, ENGINE_MNEMONIC, ENGINE_LABEL, PRODUCTION_PERIOD, BODY_MNEMONIC, BODY_LABEL, GRADE_MNEMONIC, GRADE_LABEL, TRANSMISSION_MNEMONIC, TRANSMISSION_LABEL) VALUES (339, 40, "RN85L-TRLDSA3", "https://toyota-europe.epc-data.com/4runner/rn85l/6390/", "22R", "2400CC", "08.1988 - 08.1989", "", "", "DLX", "DELUXE TYPE", "MTM", "MANUAL TRANSMISSION");
INSERT INTO COMPLECTATION_OPTIONS(COMPLECTATION_ID, OPTION_MNEMONIC, OPTION_LABEL) VALUES (339, "5F", "MTM,5-SPEED FLOOR SHIFT");
INSERT INTO COMPLECTATION_OPTIONS(COMPLECTATION_ID, OPTION_MNEMONIC, OPTION_LABEL) VALUES (339, "RCB", "REGULAR CAB");
INSERT INTO COMPLECTATION_OPTIONS(COMPLECTATION_ID, OPTION_MNEMONIC, OPTION_LABEL) VALUES (339, "ST", "SINGLE TIRE");
INSERT INTO COMPLECTATION_OPTIONS(COMPLECTATION_ID, OPTION_MNEMONIC, OPTION_LABEL) VALUES (339, "HLF", "0.5TONS");
INSERT INTO COMPLECTATION_OPTIONS(COMPLECTATION_ID, OPTION_MNEMONIC, OPTION_LABEL) VALUES (339, "G", "G TYPE TRANSMISSION");
INSERT INTO COMPLECTATION_OPTIONS(COMPLECTATION_ID, OPTION_MNEMONIC, OPTION_LABEL) VALUES (339, "CBR", "CARBURETOR SYSTEM");
INSERT INTO COMPLECTATION_OPTIONS(COMPLECTATION_ID, OPTION_MNEMONIC, OPTION_LABEL) VALUES (339, "USA", "UNITED STATES OF AMERICA");
INSERT INTO COMPLECTATION_OPTIONS(COMPLECTATION_ID, OPTION_MNEMONIC, OPTION_LABEL) VALUES (339, "IV3", "INCOMPLETE VEHICLES (CAB & CHASSIS)");
INSERT INTO COMPLECTATION_OPTIONS(COMPLECTATION_ID, OPTION_MNEMONIC, OPTION_LABEL) VALUES (339, "T1", "TRUCK(STANDARD DECK 1-SIDE OPEN)");
INSERT INTO COMPLECTATION_OPTIONS(COMPLECTATION_ID, OPTION_MNEMONIC, OPTION_LABEL) VALUES (339, "JPP", "JAPAN PRODUCT PARTS");
INSERT INTO COMPLECTATION(ID, FRAME_ID, NAME, URL, ENGINE_MNEMONIC, ENGINE_LABEL, PRODUCTION_PERIOD, BODY_MNEMONIC, BODY_LABEL, GRADE_MNEMONIC, GRADE_LABEL, TRANSMISSION_MNEMONIC, TRANSMISSION_LABEL) VALUES (340, 40, "RN85L-TRMDEA", "https://toyota-europe.epc-data.com/4runner/rn85l/6392/", "22RE", "2400CC EFI", "08.1988 - 10.1994", "", "", "DLX", "DELUXE TYPE", "MTM", "MANUAL TRANSMISSION");
INSERT INTO COMPLECTATION_OPTIONS(COMPLECTATION_ID, OPTION_MNEMONIC, OPTION_LABEL) VALUES (340, "5F", "MTM,5-SPEED FLOOR SHIFT");
INSERT INTO COMPLECTATION_OPTIONS(COMPLECTATION_ID, OPTION_MNEMONIC, OPTION_LABEL) VALUES (340, "RCB", "REGULAR CAB");
INSERT INTO COMPLECTATION_OPTIONS(COMPLECTATION_ID, OPTION_MNEMONIC, OPTION_LABEL) VALUES (340, "ST", "SINGLE TIRE");
INSERT INTO COMPLECTATION_OPTIONS(COMPLECTATION_ID, OPTION_MNEMONIC, OPTION_LABEL) VALUES (340, "HLF", "0.5TONS");
INSERT INTO COMPLECTATION_OPTIONS(COMPLECTATION_ID, OPTION_MNEMONIC, OPTION_LABEL) VALUES (340, "W", "W TYPE TRANSMISSION");
INSERT INTO COMPLECTATION_OPTIONS(COMPLECTATION_ID, OPTION_MNEMONIC, OPTION_LABEL) VALUES (340, "EFI", "ELECTRIC FUEL INJECTION SYSTEM");
INSERT INTO COMPLECTATION_OPTIONS(COMPLECTATION_ID, OPTION_MNEMONIC, OPTION_LABEL) VALUES (340, "USA", "UNITED STATES OF AMERICA");
INSERT INTO COMPLECTATION_OPTIONS(COMPLECTATION_ID, OPTION_MNEMONIC, OPTION_LABEL) VALUES (340, "CBU", "COMPLETELY BUILT UNIT");
INSERT INTO COMPLECTATION_OPTIONS(COMPLECTATION_ID, OPTION_MNEMONIC, OPTION_LABEL) VALUES (340, "T1", "TRUCK(STANDARD DECK 1-SIDE OPEN)");
INSERT INTO COMPLECTATION_OPTIONS(COMPLECTATION_ID, OPTION_MNEMONIC, OPTION_LABEL) VALUES (340, "JPP", "JAPAN PRODUCT PARTS");
INSERT INTO COMPLECTATION(ID, FRAME_ID, NAME, URL, ENGINE_MNEMONIC, ENGINE_LABEL, PRODUCTION_PERIOD, BODY_MNEMONIC, BODY_LABEL, GRADE_MNEMONIC, GRADE_LABEL, TRANSMISSION_MNEMONIC, TRANSMISSION_LABEL) VALUES (341, 40, "RN85L-TRMDEA3", "https://toyota-europe.epc-data.com/4runner/rn85l/6393/", "22RE", "2400CC EFI", "08.1988 - 08.1989", "", "", "DLX", "DELUXE TYPE", "MTM", "MANUAL TRANSMISSION");
INSERT INTO COMPLECTATION_OPTIONS(COMPLECTATION_ID, OPTION_MNEMONIC, OPTION_LABEL) VALUES (341, "5F", "MTM,5-SPEED FLOOR SHIFT");
INSERT INTO COMPLECTATION_OPTIONS(COMPLECTATION_ID, OPTION_MNEMONIC, OPTION_LABEL) VALUES (341, "RCB", "REGULAR CAB");
INSERT INTO COMPLECTATION_OPTIONS(COMPLECTATION_ID, OPTION_MNEMONIC, OPTION_LABEL) VALUES (341, "ST", "SINGLE TIRE");
INSERT INTO COMPLECTATION_OPTIONS(COMPLECTATION_ID, OPTION_MNEMONIC, OPTION_LABEL) VALUES (341, "HLF", "0.5TONS");
INSERT INTO COMPLECTATION_OPTIONS(COMPLECTATION_ID, OPTION_MNEMONIC, OPTION_LABEL) VALUES (341, "W", "W TYPE TRANSMISSION");
INSERT INTO COMPLECTATION_OPTIONS(COMPLECTATION_ID, OPTION_MNEMONIC, OPTION_LABEL) VALUES (341, "EFI", "ELECTRIC FUEL INJECTION SYSTEM");
INSERT INTO COMPLECTATION_OPTIONS(COMPLECTATION_ID, OPTION_MNEMONIC, OPTION_LABEL) VALUES (341, "USA", "UNITED STATES OF AMERICA");
INSERT INTO COMPLECTATION_OPTIONS(COMPLECTATION_ID, OPTION_MNEMONIC, OPTION_LABEL) VALUES (341, "IV3", "INCOMPLETE VEHICLES (CAB & CHASSIS)");
INSERT INTO COMPLECTATION_OPTIONS(COMPLECTATION_ID, OPTION_MNEMONIC, OPTION_LABEL) VALUES (341, "T1", "TRUCK(STANDARD DECK 1-SIDE OPEN)");
INSERT INTO COMPLECTATION_OPTIONS(COMPLECTATION_ID, OPTION_MNEMONIC, OPTION_LABEL) VALUES (341, "JPP", "JAPAN PRODUCT PARTS");
INSERT INTO COMPLECTATION(ID, FRAME_ID, NAME, URL, ENGINE_MNEMONIC, ENGINE_LABEL, PRODUCTION_PERIOD, BODY_MNEMONIC, BODY_LABEL, GRADE_MNEMONIC, GRADE_LABEL, TRANSMISSION_MNEMONIC, TRANSMISSION_LABEL) VALUES (342, 40, "RN85L-TRMDEK", "https://toyota-europe.epc-data.com/4runner/rn85l/6394/", "22RE", "2400CC EFI", "08.1990 - 10.1994", "", "", "DLX", "DELUXE TYPE", "MTM", "MANUAL TRANSMISSION");
INSERT INTO COMPLECTATION_OPTIONS(COMPLECTATION_ID, OPTION_MNEMONIC, OPTION_LABEL) VALUES (342, "5F", "MTM,5-SPEED FLOOR SHIFT");
INSERT INTO COMPLECTATION_OPTIONS(COMPLECTATION_ID, OPTION_MNEMONIC, OPTION_LABEL) VALUES (342, "RCB", "REGULAR CAB");
INSERT INTO COMPLECTATION_OPTIONS(COMPLECTATION_ID, OPTION_MNEMONIC, OPTION_LABEL) VALUES (342, "ST", "SINGLE TIRE");
INSERT INTO COMPLECTATION_OPTIONS(COMPLECTATION_ID, OPTION_MNEMONIC, OPTION_LABEL) VALUES (342, "HLF", "0.5TONS");
INSERT INTO COMPLECTATION_OPTIONS(COMPLECTATION_ID, OPTION_MNEMONIC, OPTION_LABEL) VALUES (342, "W", "W TYPE TRANSMISSION");
INSERT INTO COMPLECTATION_OPTIONS(COMPLECTATION_ID, OPTION_MNEMONIC, OPTION_LABEL) VALUES (342, "EFI", "ELECTRIC FUEL INJECTION SYSTEM");
INSERT INTO COMPLECTATION_OPTIONS(COMPLECTATION_ID, OPTION_MNEMONIC, OPTION_LABEL) VALUES (342, "CND", "CANADA");
INSERT INTO COMPLECTATION_OPTIONS(COMPLECTATION_ID, OPTION_MNEMONIC, OPTION_LABEL) VALUES (342, "CBU", "COMPLETELY BUILT UNIT");
INSERT INTO COMPLECTATION_OPTIONS(COMPLECTATION_ID, OPTION_MNEMONIC, OPTION_LABEL) VALUES (342, "T1", "TRUCK(STANDARD DECK 1-SIDE OPEN)");
INSERT INTO COMPLECTATION_OPTIONS(COMPLECTATION_ID, OPTION_MNEMONIC, OPTION_LABEL) VALUES (342, "JPP", "JAPAN PRODUCT PARTS");
INSERT INTO COMPLECTATION(ID, FRAME_ID, NAME, URL, ENGINE_MNEMONIC, ENGINE_LABEL, PRODUCTION_PERIOD, BODY_MNEMONIC, BODY_LABEL, GRADE_MNEMONIC, GRADE_LABEL, TRANSMISSION_MNEMONIC, TRANSMISSION_LABEL) VALUES (343, 40, "RN85L-TRMDSK", "https://toyota-europe.epc-data.com/4runner/rn85l/6391/", "22R", "2400CC", "08.1988 - 08.1990", "", "", "DLX", "DELUXE TYPE", "MTM", "MANUAL TRANSMISSION");
INSERT INTO COMPLECTATION_OPTIONS(COMPLECTATION_ID, OPTION_MNEMONIC, OPTION_LABEL) VALUES (343, "5F", "MTM,5-SPEED FLOOR SHIFT");
INSERT INTO COMPLECTATION_OPTIONS(COMPLECTATION_ID, OPTION_MNEMONIC, OPTION_LABEL) VALUES (343, "RCB", "REGULAR CAB");
INSERT INTO COMPLECTATION_OPTIONS(COMPLECTATION_ID, OPTION_MNEMONIC, OPTION_LABEL) VALUES (343, "ST", "SINGLE TIRE");
INSERT INTO COMPLECTATION_OPTIONS(COMPLECTATION_ID, OPTION_MNEMONIC, OPTION_LABEL) VALUES (343, "HLF", "0.5TONS");
INSERT INTO COMPLECTATION_OPTIONS(COMPLECTATION_ID, OPTION_MNEMONIC, OPTION_LABEL) VALUES (343, "G", "G TYPE TRANSMISSION");
INSERT INTO COMPLECTATION_OPTIONS(COMPLECTATION_ID, OPTION_MNEMONIC, OPTION_LABEL) VALUES (343, "CBR", "CARBURETOR SYSTEM");
INSERT INTO COMPLECTATION_OPTIONS(COMPLECTATION_ID, OPTION_MNEMONIC, OPTION_LABEL) VALUES (343, "CND", "CANADA");
INSERT INTO COMPLECTATION_OPTIONS(COMPLECTATION_ID, OPTION_MNEMONIC, OPTION_LABEL) VALUES (343, "CBU", "COMPLETELY BUILT UNIT");
INSERT INTO COMPLECTATION_OPTIONS(COMPLECTATION_ID, OPTION_MNEMONIC, OPTION_LABEL) VALUES (343, "T1", "TRUCK(STANDARD DECK 1-SIDE OPEN)");
INSERT INTO COMPLECTATION_OPTIONS(COMPLECTATION_ID, OPTION_MNEMONIC, OPTION_LABEL) VALUES (343, "JPP", "JAPAN PRODUCT PARTS");
INSERT INTO COMPLECTATION(ID, FRAME_ID, NAME, URL, ENGINE_MNEMONIC, ENGINE_LABEL, PRODUCTION_PERIOD, BODY_MNEMONIC, BODY_LABEL, GRADE_MNEMONIC, GRADE_LABEL, TRANSMISSION_MNEMONIC, TRANSMISSION_LABEL) VALUES (344, 40, "RN85L-TRMSEA", "https://toyota-europe.epc-data.com/4runner/rn85l/6398/", "22RE", "2400CC EFI", "08.1988 - 08.1990", "", "", "SR5", "SR-5 TYPE", "MTM", "MANUAL TRANSMISSION");
INSERT INTO COMPLECTATION_OPTIONS(COMPLECTATION_ID, OPTION_MNEMONIC, OPTION_LABEL) VALUES (344, "5F", "MTM,5-SPEED FLOOR SHIFT");
INSERT INTO COMPLECTATION_OPTIONS(COMPLECTATION_ID, OPTION_MNEMONIC, OPTION_LABEL) VALUES (344, "RCB", "REGULAR CAB");
INSERT INTO COMPLECTATION_OPTIONS(COMPLECTATION_ID, OPTION_MNEMONIC, OPTION_LABEL) VALUES (344, "ST", "SINGLE TIRE");
INSERT INTO COMPLECTATION_OPTIONS(COMPLECTATION_ID, OPTION_MNEMONIC, OPTION_LABEL) VALUES (344, "HLF", "0.5TONS");
INSERT INTO COMPLECTATION_OPTIONS(COMPLECTATION_ID, OPTION_MNEMONIC, OPTION_LABEL) VALUES (344, "W", "W TYPE TRANSMISSION");
INSERT INTO COMPLECTATION_OPTIONS(COMPLECTATION_ID, OPTION_MNEMONIC, OPTION_LABEL) VALUES (344, "EFI", "ELECTRIC FUEL INJECTION SYSTEM");
INSERT INTO COMPLECTATION_OPTIONS(COMPLECTATION_ID, OPTION_MNEMONIC, OPTION_LABEL) VALUES (344, "USA", "UNITED STATES OF AMERICA");
INSERT INTO COMPLECTATION_OPTIONS(COMPLECTATION_ID, OPTION_MNEMONIC, OPTION_LABEL) VALUES (344, "CBU", "COMPLETELY BUILT UNIT");
INSERT INTO COMPLECTATION_OPTIONS(COMPLECTATION_ID, OPTION_MNEMONIC, OPTION_LABEL) VALUES (344, "T1", "TRUCK(STANDARD DECK 1-SIDE OPEN)");
INSERT INTO COMPLECTATION_OPTIONS(COMPLECTATION_ID, OPTION_MNEMONIC, OPTION_LABEL) VALUES (344, "JPP", "JAPAN PRODUCT PARTS");
INSERT INTO COMPLECTATION(ID, FRAME_ID, NAME, URL, ENGINE_MNEMONIC, ENGINE_LABEL, PRODUCTION_PERIOD, BODY_MNEMONIC, BODY_LABEL, GRADE_MNEMONIC, GRADE_LABEL, TRANSMISSION_MNEMONIC, TRANSMISSION_LABEL) VALUES (345, 40, "RN85L-TRMSEA3", "https://toyota-europe.epc-data.com/4runner/rn85l/6399/", "22RE", "2400CC EFI", "08.1988 - 08.1989", "", "", "SR5", "SR-5 TYPE", "MTM", "MANUAL TRANSMISSION");
INSERT INTO COMPLECTATION_OPTIONS(COMPLECTATION_ID, OPTION_MNEMONIC, OPTION_LABEL) VALUES (345, "5F", "MTM,5-SPEED FLOOR SHIFT");
INSERT INTO COMPLECTATION_OPTIONS(COMPLECTATION_ID, OPTION_MNEMONIC, OPTION_LABEL) VALUES (345, "RCB", "REGULAR CAB");
INSERT INTO COMPLECTATION_OPTIONS(COMPLECTATION_ID, OPTION_MNEMONIC, OPTION_LABEL) VALUES (345, "ST", "SINGLE TIRE");
INSERT INTO COMPLECTATION_OPTIONS(COMPLECTATION_ID, OPTION_MNEMONIC, OPTION_LABEL) VALUES (345, "HLF", "0.5TONS");
INSERT INTO COMPLECTATION_OPTIONS(COMPLECTATION_ID, OPTION_MNEMONIC, OPTION_LABEL) VALUES (345, "W", "W TYPE TRANSMISSION");
INSERT INTO COMPLECTATION_OPTIONS(COMPLECTATION_ID, OPTION_MNEMONIC, OPTION_LABEL) VALUES (345, "EFI", "ELECTRIC FUEL INJECTION SYSTEM");
INSERT INTO COMPLECTATION_OPTIONS(COMPLECTATION_ID, OPTION_MNEMONIC, OPTION_LABEL) VALUES (345, "USA", "UNITED STATES OF AMERICA");
INSERT INTO COMPLECTATION_OPTIONS(COMPLECTATION_ID, OPTION_MNEMONIC, OPTION_LABEL) VALUES (345, "IV3", "INCOMPLETE VEHICLES (CAB & CHASSIS)");
INSERT INTO COMPLECTATION_OPTIONS(COMPLECTATION_ID, OPTION_MNEMONIC, OPTION_LABEL) VALUES (345, "T1", "TRUCK(STANDARD DECK 1-SIDE OPEN)");
INSERT INTO COMPLECTATION_OPTIONS(COMPLECTATION_ID, OPTION_MNEMONIC, OPTION_LABEL) VALUES (345, "JPP", "JAPAN PRODUCT PARTS");
INSERT INTO COMPLECTATION(ID, FRAME_ID, NAME, URL, ENGINE_MNEMONIC, ENGINE_LABEL, PRODUCTION_PERIOD, BODY_MNEMONIC, BODY_LABEL, GRADE_MNEMONIC, GRADE_LABEL, TRANSMISSION_MNEMONIC, TRANSMISSION_LABEL) VALUES (346, 40, "RN85L-TRSDEA", "https://toyota-europe.epc-data.com/4runner/rn85l/6395/", "22RE", "2400CC EFI", "08.1988 - 10.1994", "", "", "DLX", "DELUXE TYPE", "ATM", "AUTOMATIC TRANSMISSION");
INSERT INTO COMPLECTATION_OPTIONS(COMPLECTATION_ID, OPTION_MNEMONIC, OPTION_LABEL) VALUES (346, "4HC", "ATM,4-SPEED COLUMN SHIFT");
INSERT INTO COMPLECTATION_OPTIONS(COMPLECTATION_ID, OPTION_MNEMONIC, OPTION_LABEL) VALUES (346, "RCB", "REGULAR CAB");
INSERT INTO COMPLECTATION_OPTIONS(COMPLECTATION_ID, OPTION_MNEMONIC, OPTION_LABEL) VALUES (346, "ST", "SINGLE TIRE");
INSERT INTO COMPLECTATION_OPTIONS(COMPLECTATION_ID, OPTION_MNEMONIC, OPTION_LABEL) VALUES (346, "HLF", "0.5TONS");
INSERT INTO COMPLECTATION_OPTIONS(COMPLECTATION_ID, OPTION_MNEMONIC, OPTION_LABEL) VALUES (346, "EFI", "ELECTRIC FUEL INJECTION SYSTEM");
INSERT INTO COMPLECTATION_OPTIONS(COMPLECTATION_ID, OPTION_MNEMONIC, OPTION_LABEL) VALUES (346, "USA", "UNITED STATES OF AMERICA");
INSERT INTO COMPLECTATION_OPTIONS(COMPLECTATION_ID, OPTION_MNEMONIC, OPTION_LABEL) VALUES (346, "CBU", "COMPLETELY BUILT UNIT");
INSERT INTO COMPLECTATION_OPTIONS(COMPLECTATION_ID, OPTION_MNEMONIC, OPTION_LABEL) VALUES (346, "T1", "TRUCK(STANDARD DECK 1-SIDE OPEN)");
INSERT INTO COMPLECTATION_OPTIONS(COMPLECTATION_ID, OPTION_MNEMONIC, OPTION_LABEL) VALUES (346, "JPP", "JAPAN PRODUCT PARTS");
INSERT INTO COMPLECTATION(ID, FRAME_ID, NAME, URL, ENGINE_MNEMONIC, ENGINE_LABEL, PRODUCTION_PERIOD, BODY_MNEMONIC, BODY_LABEL, GRADE_MNEMONIC, GRADE_LABEL, TRANSMISSION_MNEMONIC, TRANSMISSION_LABEL) VALUES (347, 40, "RN85L-TRSDEA3", "https://toyota-europe.epc-data.com/4runner/rn85l/6396/", "22RE", "2400CC EFI", "08.1988 - 08.1989", "", "", "DLX", "DELUXE TYPE", "ATM", "AUTOMATIC TRANSMISSION");
INSERT INTO COMPLECTATION_OPTIONS(COMPLECTATION_ID, OPTION_MNEMONIC, OPTION_LABEL) VALUES (347, "4HC", "ATM,4-SPEED COLUMN SHIFT");
INSERT INTO COMPLECTATION_OPTIONS(COMPLECTATION_ID, OPTION_MNEMONIC, OPTION_LABEL) VALUES (347, "RCB", "REGULAR CAB");
INSERT INTO COMPLECTATION_OPTIONS(COMPLECTATION_ID, OPTION_MNEMONIC, OPTION_LABEL) VALUES (347, "ST", "SINGLE TIRE");
INSERT INTO COMPLECTATION_OPTIONS(COMPLECTATION_ID, OPTION_MNEMONIC, OPTION_LABEL) VALUES (347, "HLF", "0.5TONS");
INSERT INTO COMPLECTATION_OPTIONS(COMPLECTATION_ID, OPTION_MNEMONIC, OPTION_LABEL) VALUES (347, "EFI", "ELECTRIC FUEL INJECTION SYSTEM");
INSERT INTO COMPLECTATION_OPTIONS(COMPLECTATION_ID, OPTION_MNEMONIC, OPTION_LABEL) VALUES (347, "USA", "UNITED STATES OF AMERICA");
INSERT INTO COMPLECTATION_OPTIONS(COMPLECTATION_ID, OPTION_MNEMONIC, OPTION_LABEL) VALUES (347, "IV3", "INCOMPLETE VEHICLES (CAB & CHASSIS)");
INSERT INTO COMPLECTATION_OPTIONS(COMPLECTATION_ID, OPTION_MNEMONIC, OPTION_LABEL) VALUES (347, "T1", "TRUCK(STANDARD DECK 1-SIDE OPEN)");
INSERT INTO COMPLECTATION_OPTIONS(COMPLECTATION_ID, OPTION_MNEMONIC, OPTION_LABEL) VALUES (347, "JPP", "JAPAN PRODUCT PARTS");
INSERT INTO COMPLECTATION(ID, FRAME_ID, NAME, URL, ENGINE_MNEMONIC, ENGINE_LABEL, PRODUCTION_PERIOD, BODY_MNEMONIC, BODY_LABEL, GRADE_MNEMONIC, GRADE_LABEL, TRANSMISSION_MNEMONIC, TRANSMISSION_LABEL) VALUES (348, 40, "RN85L-TRSDEK", "https://toyota-europe.epc-data.com/4runner/rn85l/6397/", "22RE", "2400CC EFI", "08.1988 - 10.1994", "", "", "DLX", "DELUXE TYPE", "ATM", "AUTOMATIC TRANSMISSION");
INSERT INTO COMPLECTATION_OPTIONS(COMPLECTATION_ID, OPTION_MNEMONIC, OPTION_LABEL) VALUES (348, "4HC", "ATM,4-SPEED COLUMN SHIFT");
INSERT INTO COMPLECTATION_OPTIONS(COMPLECTATION_ID, OPTION_MNEMONIC, OPTION_LABEL) VALUES (348, "RCB", "REGULAR CAB");
INSERT INTO COMPLECTATION_OPTIONS(COMPLECTATION_ID, OPTION_MNEMONIC, OPTION_LABEL) VALUES (348, "ST", "SINGLE TIRE");
INSERT INTO COMPLECTATION_OPTIONS(COMPLECTATION_ID, OPTION_MNEMONIC, OPTION_LABEL) VALUES (348, "HLF", "0.5TONS");
INSERT INTO COMPLECTATION_OPTIONS(COMPLECTATION_ID, OPTION_MNEMONIC, OPTION_LABEL) VALUES (348, "EFI", "ELECTRIC FUEL INJECTION SYSTEM");
INSERT INTO COMPLECTATION_OPTIONS(COMPLECTATION_ID, OPTION_MNEMONIC, OPTION_LABEL) VALUES (348, "CND", "CANADA");
INSERT INTO COMPLECTATION_OPTIONS(COMPLECTATION_ID, OPTION_MNEMONIC, OPTION_LABEL) VALUES (348, "CBU", "COMPLETELY BUILT UNIT");
INSERT INTO COMPLECTATION_OPTIONS(COMPLECTATION_ID, OPTION_MNEMONIC, OPTION_LABEL) VALUES (348, "T1", "TRUCK(STANDARD DECK 1-SIDE OPEN)");
INSERT INTO COMPLECTATION_OPTIONS(COMPLECTATION_ID, OPTION_MNEMONIC, OPTION_LABEL) VALUES (348, "JPP", "JAPAN PRODUCT PARTS");
INSERT INTO COMPLECTATION(ID, FRAME_ID, NAME, URL, ENGINE_MNEMONIC, ENGINE_LABEL, PRODUCTION_PERIOD, BODY_MNEMONIC, BODY_LABEL, GRADE_MNEMONIC, GRADE_LABEL, TRANSMISSION_MNEMONIC, TRANSMISSION_LABEL) VALUES (349, 40, "RN85L-TRSSEA", "https://toyota-europe.epc-data.com/4runner/rn85l/6400/", "22RE", "2400CC EFI", "08.1988 - 08.1990", "", "", "SR5", "SR-5 TYPE", "ATM", "AUTOMATIC TRANSMISSION");
INSERT INTO COMPLECTATION_OPTIONS(COMPLECTATION_ID, OPTION_MNEMONIC, OPTION_LABEL) VALUES (349, "4HC", "ATM,4-SPEED COLUMN SHIFT");
INSERT INTO COMPLECTATION_OPTIONS(COMPLECTATION_ID, OPTION_MNEMONIC, OPTION_LABEL) VALUES (349, "RCB", "REGULAR CAB");
INSERT INTO COMPLECTATION_OPTIONS(COMPLECTATION_ID, OPTION_MNEMONIC, OPTION_LABEL) VALUES (349, "ST", "SINGLE TIRE");
INSERT INTO COMPLECTATION_OPTIONS(COMPLECTATION_ID, OPTION_MNEMONIC, OPTION_LABEL) VALUES (349, "HLF", "0.5TONS");
INSERT INTO COMPLECTATION_OPTIONS(COMPLECTATION_ID, OPTION_MNEMONIC, OPTION_LABEL) VALUES (349, "EFI", "ELECTRIC FUEL INJECTION SYSTEM");
INSERT INTO COMPLECTATION_OPTIONS(COMPLECTATION_ID, OPTION_MNEMONIC, OPTION_LABEL) VALUES (349, "USA", "UNITED STATES OF AMERICA");
INSERT INTO COMPLECTATION_OPTIONS(COMPLECTATION_ID, OPTION_MNEMONIC, OPTION_LABEL) VALUES (349, "CBU", "COMPLETELY BUILT UNIT");
INSERT INTO COMPLECTATION_OPTIONS(COMPLECTATION_ID, OPTION_MNEMONIC, OPTION_LABEL) VALUES (349, "T1", "TRUCK(STANDARD DECK 1-SIDE OPEN)");
INSERT INTO COMPLECTATION_OPTIONS(COMPLECTATION_ID, OPTION_MNEMONIC, OPTION_LABEL) VALUES (349, "JPP", "JAPAN PRODUCT PARTS");
INSERT INTO COMPLECTATION(ID, FRAME_ID, NAME, URL, ENGINE_MNEMONIC, ENGINE_LABEL, PRODUCTION_PERIOD, BODY_MNEMONIC, BODY_LABEL, GRADE_MNEMONIC, GRADE_LABEL, TRANSMISSION_MNEMONIC, TRANSMISSION_LABEL) VALUES (350, 40, "RN85L-TRSSEA3", "https://toyota-europe.epc-data.com/4runner/rn85l/6401/", "22RE", "2400CC EFI", "08.1988 - 08.1989", "", "", "SR5", "SR-5 TYPE", "ATM", "AUTOMATIC TRANSMISSION");
INSERT INTO COMPLECTATION_OPTIONS(COMPLECTATION_ID, OPTION_MNEMONIC, OPTION_LABEL) VALUES (350, "4HC", "ATM,4-SPEED COLUMN SHIFT");
INSERT INTO COMPLECTATION_OPTIONS(COMPLECTATION_ID, OPTION_MNEMONIC, OPTION_LABEL) VALUES (350, "RCB", "REGULAR CAB");
INSERT INTO COMPLECTATION_OPTIONS(COMPLECTATION_ID, OPTION_MNEMONIC, OPTION_LABEL) VALUES (350, "ST", "SINGLE TIRE");
INSERT INTO COMPLECTATION_OPTIONS(COMPLECTATION_ID, OPTION_MNEMONIC, OPTION_LABEL) VALUES (350, "HLF", "0.5TONS");
INSERT INTO COMPLECTATION_OPTIONS(COMPLECTATION_ID, OPTION_MNEMONIC, OPTION_LABEL) VALUES (350, "EFI", "ELECTRIC FUEL INJECTION SYSTEM");
INSERT INTO COMPLECTATION_OPTIONS(COMPLECTATION_ID, OPTION_MNEMONIC, OPTION_LABEL) VALUES (350, "USA", "UNITED STATES OF AMERICA");
INSERT INTO COMPLECTATION_OPTIONS(COMPLECTATION_ID, OPTION_MNEMONIC, OPTION_LABEL) VALUES (350, "IV3", "INCOMPLETE VEHICLES (CAB & CHASSIS)");
INSERT INTO COMPLECTATION_OPTIONS(COMPLECTATION_ID, OPTION_MNEMONIC, OPTION_LABEL) VALUES (350, "T1", "TRUCK(STANDARD DECK 1-SIDE OPEN)");
INSERT INTO COMPLECTATION_OPTIONS(COMPLECTATION_ID, OPTION_MNEMONIC, OPTION_LABEL) VALUES (350, "JPP", "JAPAN PRODUCT PARTS");
INSERT INTO FRAME(ID, MODEL_ID, NAME, URL) VALUES (41, 5, "RN90L", "https://toyota-europe.epc-data.com/4runner/rn90l");
INSERT INTO COMPLECTATION(ID, FRAME_ID, NAME, URL, ENGINE_MNEMONIC, ENGINE_LABEL, PRODUCTION_PERIOD, BODY_MNEMONIC, BODY_LABEL, GRADE_MNEMONIC, GRADE_LABEL, TRANSMISSION_MNEMONIC, TRANSMISSION_LABEL) VALUES (351, 41, "RN90L-CRLDSA", "https://toyota-europe.epc-data.com/4runner/rn90l/6402/", "22R", "2400CC", "08.1988 - 08.1990", "", "", "DLX", "DELUXE TYPE", "MTM", "MANUAL TRANSMISSION");
INSERT INTO COMPLECTATION_OPTIONS(COMPLECTATION_ID, OPTION_MNEMONIC, OPTION_LABEL) VALUES (351, "5F", "MTM,5-SPEED FLOOR SHIFT");
INSERT INTO COMPLECTATION_OPTIONS(COMPLECTATION_ID, OPTION_MNEMONIC, OPTION_LABEL) VALUES (351, "XTR", "EXTRA CAB");
INSERT INTO COMPLECTATION_OPTIONS(COMPLECTATION_ID, OPTION_MNEMONIC, OPTION_LABEL) VALUES (351, "ST", "SINGLE TIRE");
INSERT INTO COMPLECTATION_OPTIONS(COMPLECTATION_ID, OPTION_MNEMONIC, OPTION_LABEL) VALUES (351, "HLF", "0.5TONS");
INSERT INTO COMPLECTATION_OPTIONS(COMPLECTATION_ID, OPTION_MNEMONIC, OPTION_LABEL) VALUES (351, "G", "G TYPE TRANSMISSION");
INSERT INTO COMPLECTATION_OPTIONS(COMPLECTATION_ID, OPTION_MNEMONIC, OPTION_LABEL) VALUES (351, "CBR", "CARBURETOR SYSTEM");
INSERT INTO COMPLECTATION_OPTIONS(COMPLECTATION_ID, OPTION_MNEMONIC, OPTION_LABEL) VALUES (351, "USA", "UNITED STATES OF AMERICA");
INSERT INTO COMPLECTATION_OPTIONS(COMPLECTATION_ID, OPTION_MNEMONIC, OPTION_LABEL) VALUES (351, "CBU", "COMPLETELY BUILT UNIT");
INSERT INTO COMPLECTATION_OPTIONS(COMPLECTATION_ID, OPTION_MNEMONIC, OPTION_LABEL) VALUES (351, "T1", "TRUCK(STANDARD DECK 1-SIDE OPEN)");
INSERT INTO COMPLECTATION_OPTIONS(COMPLECTATION_ID, OPTION_MNEMONIC, OPTION_LABEL) VALUES (351, "JPP", "JAPAN PRODUCT PARTS");
INSERT INTO COMPLECTATION(ID, FRAME_ID, NAME, URL, ENGINE_MNEMONIC, ENGINE_LABEL, PRODUCTION_PERIOD, BODY_MNEMONIC, BODY_LABEL, GRADE_MNEMONIC, GRADE_LABEL, TRANSMISSION_MNEMONIC, TRANSMISSION_LABEL) VALUES (352, 41, "RN90L-CRLDSA3", "https://toyota-europe.epc-data.com/4runner/rn90l/6403/", "22R", "2400CC", "08.1988 - 08.1989", "", "", "DLX", "DELUXE TYPE", "MTM", "MANUAL TRANSMISSION");
INSERT INTO COMPLECTATION_OPTIONS(COMPLECTATION_ID, OPTION_MNEMONIC, OPTION_LABEL) VALUES (352, "5F", "MTM,5-SPEED FLOOR SHIFT");
INSERT INTO COMPLECTATION_OPTIONS(COMPLECTATION_ID, OPTION_MNEMONIC, OPTION_LABEL) VALUES (352, "XTR", "EXTRA CAB");
INSERT INTO COMPLECTATION_OPTIONS(COMPLECTATION_ID, OPTION_MNEMONIC, OPTION_LABEL) VALUES (352, "ST", "SINGLE TIRE");
INSERT INTO COMPLECTATION_OPTIONS(COMPLECTATION_ID, OPTION_MNEMONIC, OPTION_LABEL) VALUES (352, "HLF", "0.5TONS");
INSERT INTO COMPLECTATION_OPTIONS(COMPLECTATION_ID, OPTION_MNEMONIC, OPTION_LABEL) VALUES (352, "G", "G TYPE TRANSMISSION");
INSERT INTO COMPLECTATION_OPTIONS(COMPLECTATION_ID, OPTION_MNEMONIC, OPTION_LABEL) VALUES (352, "CBR", "CARBURETOR SYSTEM");
INSERT INTO COMPLECTATION_OPTIONS(COMPLECTATION_ID, OPTION_MNEMONIC, OPTION_LABEL) VALUES (352, "USA", "UNITED STATES OF AMERICA");
INSERT INTO COMPLECTATION_OPTIONS(COMPLECTATION_ID, OPTION_MNEMONIC, OPTION_LABEL) VALUES (352, "IV3", "INCOMPLETE VEHICLES (CAB & CHASSIS)");
INSERT INTO COMPLECTATION_OPTIONS(COMPLECTATION_ID, OPTION_MNEMONIC, OPTION_LABEL) VALUES (352, "T1", "TRUCK(STANDARD DECK 1-SIDE OPEN)");
INSERT INTO COMPLECTATION_OPTIONS(COMPLECTATION_ID, OPTION_MNEMONIC, OPTION_LABEL) VALUES (352, "JPP", "JAPAN PRODUCT PARTS");
INSERT INTO COMPLECTATION(ID, FRAME_ID, NAME, URL, ENGINE_MNEMONIC, ENGINE_LABEL, PRODUCTION_PERIOD, BODY_MNEMONIC, BODY_LABEL, GRADE_MNEMONIC, GRADE_LABEL, TRANSMISSION_MNEMONIC, TRANSMISSION_LABEL) VALUES (353, 41, "RN90L-CRMDEA", "https://toyota-europe.epc-data.com/4runner/rn90l/6405/", "22RE", "2400CC EFI", "08.1988 - 01.1995", "", "", "DLX", "DELUXE TYPE", "MTM", "MANUAL TRANSMISSION");
INSERT INTO COMPLECTATION_OPTIONS(COMPLECTATION_ID, OPTION_MNEMONIC, OPTION_LABEL) VALUES (353, "5F", "MTM,5-SPEED FLOOR SHIFT");
INSERT INTO COMPLECTATION_OPTIONS(COMPLECTATION_ID, OPTION_MNEMONIC, OPTION_LABEL) VALUES (353, "XTR", "EXTRA CAB");
INSERT INTO COMPLECTATION_OPTIONS(COMPLECTATION_ID, OPTION_MNEMONIC, OPTION_LABEL) VALUES (353, "ST", "SINGLE TIRE");
INSERT INTO COMPLECTATION_OPTIONS(COMPLECTATION_ID, OPTION_MNEMONIC, OPTION_LABEL) VALUES (353, "HLF", "0.5TONS");
INSERT INTO COMPLECTATION_OPTIONS(COMPLECTATION_ID, OPTION_MNEMONIC, OPTION_LABEL) VALUES (353, "W", "W TYPE TRANSMISSION");
INSERT INTO COMPLECTATION_OPTIONS(COMPLECTATION_ID, OPTION_MNEMONIC, OPTION_LABEL) VALUES (353, "EFI", "ELECTRIC FUEL INJECTION SYSTEM");
INSERT INTO COMPLECTATION_OPTIONS(COMPLECTATION_ID, OPTION_MNEMONIC, OPTION_LABEL) VALUES (353, "USA", "UNITED STATES OF AMERICA");
INSERT INTO COMPLECTATION_OPTIONS(COMPLECTATION_ID, OPTION_MNEMONIC, OPTION_LABEL) VALUES (353, "CBU", "COMPLETELY BUILT UNIT");
INSERT INTO COMPLECTATION_OPTIONS(COMPLECTATION_ID, OPTION_MNEMONIC, OPTION_LABEL) VALUES (353, "T1", "TRUCK(STANDARD DECK 1-SIDE OPEN)");
INSERT INTO COMPLECTATION_OPTIONS(COMPLECTATION_ID, OPTION_MNEMONIC, OPTION_LABEL) VALUES (353, "JPP", "JAPAN PRODUCT PARTS");
INSERT INTO COMPLECTATION(ID, FRAME_ID, NAME, URL, ENGINE_MNEMONIC, ENGINE_LABEL, PRODUCTION_PERIOD, BODY_MNEMONIC, BODY_LABEL, GRADE_MNEMONIC, GRADE_LABEL, TRANSMISSION_MNEMONIC, TRANSMISSION_LABEL) VALUES (354, 41, "RN90L-CRMDEA3", "https://toyota-europe.epc-data.com/4runner/rn90l/6406/", "22RE", "2400CC EFI", "08.1988 - 08.1989", "", "", "DLX", "DELUXE TYPE", "MTM", "MANUAL TRANSMISSION");
INSERT INTO COMPLECTATION_OPTIONS(COMPLECTATION_ID, OPTION_MNEMONIC, OPTION_LABEL) VALUES (354, "5F", "MTM,5-SPEED FLOOR SHIFT");
INSERT INTO COMPLECTATION_OPTIONS(COMPLECTATION_ID, OPTION_MNEMONIC, OPTION_LABEL) VALUES (354, "XTR", "EXTRA CAB");
INSERT INTO COMPLECTATION_OPTIONS(COMPLECTATION_ID, OPTION_MNEMONIC, OPTION_LABEL) VALUES (354, "ST", "SINGLE TIRE");
INSERT INTO COMPLECTATION_OPTIONS(COMPLECTATION_ID, OPTION_MNEMONIC, OPTION_LABEL) VALUES (354, "HLF", "0.5TONS");
INSERT INTO COMPLECTATION_OPTIONS(COMPLECTATION_ID, OPTION_MNEMONIC, OPTION_LABEL) VALUES (354, "W", "W TYPE TRANSMISSION");
INSERT INTO COMPLECTATION_OPTIONS(COMPLECTATION_ID, OPTION_MNEMONIC, OPTION_LABEL) VALUES (354, "EFI", "ELECTRIC FUEL INJECTION SYSTEM");
INSERT INTO COMPLECTATION_OPTIONS(COMPLECTATION_ID, OPTION_MNEMONIC, OPTION_LABEL) VALUES (354, "USA", "UNITED STATES OF AMERICA");
INSERT INTO COMPLECTATION_OPTIONS(COMPLECTATION_ID, OPTION_MNEMONIC, OPTION_LABEL) VALUES (354, "IV3", "INCOMPLETE VEHICLES (CAB & CHASSIS)");
INSERT INTO COMPLECTATION_OPTIONS(COMPLECTATION_ID, OPTION_MNEMONIC, OPTION_LABEL) VALUES (354, "T1", "TRUCK(STANDARD DECK 1-SIDE OPEN)");
INSERT INTO COMPLECTATION_OPTIONS(COMPLECTATION_ID, OPTION_MNEMONIC, OPTION_LABEL) VALUES (354, "JPP", "JAPAN PRODUCT PARTS");
INSERT INTO COMPLECTATION(ID, FRAME_ID, NAME, URL, ENGINE_MNEMONIC, ENGINE_LABEL, PRODUCTION_PERIOD, BODY_MNEMONIC, BODY_LABEL, GRADE_MNEMONIC, GRADE_LABEL, TRANSMISSION_MNEMONIC, TRANSMISSION_LABEL) VALUES (355, 41, "RN90L-CRMDEK", "https://toyota-europe.epc-data.com/4runner/rn90l/6407/", "22RE", "2400CC EFI", "08.1990 - 01.1995", "", "", "DLX", "DELUXE TYPE", "MTM", "MANUAL TRANSMISSION");
INSERT INTO COMPLECTATION_OPTIONS(COMPLECTATION_ID, OPTION_MNEMONIC, OPTION_LABEL) VALUES (355, "5F", "MTM,5-SPEED FLOOR SHIFT");
INSERT INTO COMPLECTATION_OPTIONS(COMPLECTATION_ID, OPTION_MNEMONIC, OPTION_LABEL) VALUES (355, "XTR", "EXTRA CAB");
INSERT INTO COMPLECTATION_OPTIONS(COMPLECTATION_ID, OPTION_MNEMONIC, OPTION_LABEL) VALUES (355, "ST", "SINGLE TIRE");
INSERT INTO COMPLECTATION_OPTIONS(COMPLECTATION_ID, OPTION_MNEMONIC, OPTION_LABEL) VALUES (355, "HLF", "0.5TONS");
INSERT INTO COMPLECTATION_OPTIONS(COMPLECTATION_ID, OPTION_MNEMONIC, OPTION_LABEL) VALUES (355, "W", "W TYPE TRANSMISSION");
INSERT INTO COMPLECTATION_OPTIONS(COMPLECTATION_ID, OPTION_MNEMONIC, OPTION_LABEL) VALUES (355, "EFI", "ELECTRIC FUEL INJECTION SYSTEM");
INSERT INTO COMPLECTATION_OPTIONS(COMPLECTATION_ID, OPTION_MNEMONIC, OPTION_LABEL) VALUES (355, "CND", "CANADA");
INSERT INTO COMPLECTATION_OPTIONS(COMPLECTATION_ID, OPTION_MNEMONIC, OPTION_LABEL) VALUES (355, "CBU", "COMPLETELY BUILT UNIT");
INSERT INTO COMPLECTATION_OPTIONS(COMPLECTATION_ID, OPTION_MNEMONIC, OPTION_LABEL) VALUES (355, "T1", "TRUCK(STANDARD DECK 1-SIDE OPEN)");
INSERT INTO COMPLECTATION_OPTIONS(COMPLECTATION_ID, OPTION_MNEMONIC, OPTION_LABEL) VALUES (355, "JPP", "JAPAN PRODUCT PARTS");
INSERT INTO COMPLECTATION(ID, FRAME_ID, NAME, URL, ENGINE_MNEMONIC, ENGINE_LABEL, PRODUCTION_PERIOD, BODY_MNEMONIC, BODY_LABEL, GRADE_MNEMONIC, GRADE_LABEL, TRANSMISSION_MNEMONIC, TRANSMISSION_LABEL) VALUES (356, 41, "RN90L-CRMDSK", "https://toyota-europe.epc-data.com/4runner/rn90l/6404/", "22R", "2400CC", "08.1988 - 08.1990", "", "", "DLX", "DELUXE TYPE", "MTM", "MANUAL TRANSMISSION");
INSERT INTO COMPLECTATION_OPTIONS(COMPLECTATION_ID, OPTION_MNEMONIC, OPTION_LABEL) VALUES (356, "5F", "MTM,5-SPEED FLOOR SHIFT");
INSERT INTO COMPLECTATION_OPTIONS(COMPLECTATION_ID, OPTION_MNEMONIC, OPTION_LABEL) VALUES (356, "XTR", "EXTRA CAB");
INSERT INTO COMPLECTATION_OPTIONS(COMPLECTATION_ID, OPTION_MNEMONIC, OPTION_LABEL) VALUES (356, "ST", "SINGLE TIRE");
INSERT INTO COMPLECTATION_OPTIONS(COMPLECTATION_ID, OPTION_MNEMONIC, OPTION_LABEL) VALUES (356, "HLF", "0.5TONS");
INSERT INTO COMPLECTATION_OPTIONS(COMPLECTATION_ID, OPTION_MNEMONIC, OPTION_LABEL) VALUES (356, "G", "G TYPE TRANSMISSION");
INSERT INTO COMPLECTATION_OPTIONS(COMPLECTATION_ID, OPTION_MNEMONIC, OPTION_LABEL) VALUES (356, "CBR", "CARBURETOR SYSTEM");
INSERT INTO COMPLECTATION_OPTIONS(COMPLECTATION_ID, OPTION_MNEMONIC, OPTION_LABEL) VALUES (356, "CND", "CANADA");
INSERT INTO COMPLECTATION_OPTIONS(COMPLECTATION_ID, OPTION_MNEMONIC, OPTION_LABEL) VALUES (356, "CBU", "COMPLETELY BUILT UNIT");
INSERT INTO COMPLECTATION_OPTIONS(COMPLECTATION_ID, OPTION_MNEMONIC, OPTION_LABEL) VALUES (356, "T1", "TRUCK(STANDARD DECK 1-SIDE OPEN)");
INSERT INTO COMPLECTATION_OPTIONS(COMPLECTATION_ID, OPTION_MNEMONIC, OPTION_LABEL) VALUES (356, "JPP", "JAPAN PRODUCT PARTS");
INSERT INTO COMPLECTATION(ID, FRAME_ID, NAME, URL, ENGINE_MNEMONIC, ENGINE_LABEL, PRODUCTION_PERIOD, BODY_MNEMONIC, BODY_LABEL, GRADE_MNEMONIC, GRADE_LABEL, TRANSMISSION_MNEMONIC, TRANSMISSION_LABEL) VALUES (357, 41, "RN90L-CRMSEA", "https://toyota-europe.epc-data.com/4runner/rn90l/6411/", "22RE", "2400CC EFI", "08.1988 - 08.1990", "", "", "SR5", "SR-5 TYPE", "MTM", "MANUAL TRANSMISSION");
INSERT INTO COMPLECTATION_OPTIONS(COMPLECTATION_ID, OPTION_MNEMONIC, OPTION_LABEL) VALUES (357, "5F", "MTM,5-SPEED FLOOR SHIFT");
INSERT INTO COMPLECTATION_OPTIONS(COMPLECTATION_ID, OPTION_MNEMONIC, OPTION_LABEL) VALUES (357, "XTR", "EXTRA CAB");
INSERT INTO COMPLECTATION_OPTIONS(COMPLECTATION_ID, OPTION_MNEMONIC, OPTION_LABEL) VALUES (357, "ST", "SINGLE TIRE");
INSERT INTO COMPLECTATION_OPTIONS(COMPLECTATION_ID, OPTION_MNEMONIC, OPTION_LABEL) VALUES (357, "HLF", "0.5TONS");
INSERT INTO COMPLECTATION_OPTIONS(COMPLECTATION_ID, OPTION_MNEMONIC, OPTION_LABEL) VALUES (357, "W", "W TYPE TRANSMISSION");
INSERT INTO COMPLECTATION_OPTIONS(COMPLECTATION_ID, OPTION_MNEMONIC, OPTION_LABEL) VALUES (357, "EFI", "ELECTRIC FUEL INJECTION SYSTEM");
INSERT INTO COMPLECTATION_OPTIONS(COMPLECTATION_ID, OPTION_MNEMONIC, OPTION_LABEL) VALUES (357, "USA", "UNITED STATES OF AMERICA");
INSERT INTO COMPLECTATION_OPTIONS(COMPLECTATION_ID, OPTION_MNEMONIC, OPTION_LABEL) VALUES (357, "CBU", "COMPLETELY BUILT UNIT");
INSERT INTO COMPLECTATION_OPTIONS(COMPLECTATION_ID, OPTION_MNEMONIC, OPTION_LABEL) VALUES (357, "T1", "TRUCK(STANDARD DECK 1-SIDE OPEN)");
INSERT INTO COMPLECTATION_OPTIONS(COMPLECTATION_ID, OPTION_MNEMONIC, OPTION_LABEL) VALUES (357, "JPP", "JAPAN PRODUCT PARTS");
INSERT INTO COMPLECTATION(ID, FRAME_ID, NAME, URL, ENGINE_MNEMONIC, ENGINE_LABEL, PRODUCTION_PERIOD, BODY_MNEMONIC, BODY_LABEL, GRADE_MNEMONIC, GRADE_LABEL, TRANSMISSION_MNEMONIC, TRANSMISSION_LABEL) VALUES (358, 41, "RN90L-CRMSEA3", "https://toyota-europe.epc-data.com/4runner/rn90l/6412/", "22RE", "2400CC EFI", "08.1988 - 08.1989", "", "", "SR5", "SR-5 TYPE", "MTM", "MANUAL TRANSMISSION");
INSERT INTO COMPLECTATION_OPTIONS(COMPLECTATION_ID, OPTION_MNEMONIC, OPTION_LABEL) VALUES (358, "5F", "MTM,5-SPEED FLOOR SHIFT");
INSERT INTO COMPLECTATION_OPTIONS(COMPLECTATION_ID, OPTION_MNEMONIC, OPTION_LABEL) VALUES (358, "XTR", "EXTRA CAB");
INSERT INTO COMPLECTATION_OPTIONS(COMPLECTATION_ID, OPTION_MNEMONIC, OPTION_LABEL) VALUES (358, "ST", "SINGLE TIRE");
INSERT INTO COMPLECTATION_OPTIONS(COMPLECTATION_ID, OPTION_MNEMONIC, OPTION_LABEL) VALUES (358, "HLF", "0.5TONS");
INSERT INTO COMPLECTATION_OPTIONS(COMPLECTATION_ID, OPTION_MNEMONIC, OPTION_LABEL) VALUES (358, "W", "W TYPE TRANSMISSION");
INSERT INTO COMPLECTATION_OPTIONS(COMPLECTATION_ID, OPTION_MNEMONIC, OPTION_LABEL) VALUES (358, "EFI", "ELECTRIC FUEL INJECTION SYSTEM");
INSERT INTO COMPLECTATION_OPTIONS(COMPLECTATION_ID, OPTION_MNEMONIC, OPTION_LABEL) VALUES (358, "USA", "UNITED STATES OF AMERICA");
INSERT INTO COMPLECTATION_OPTIONS(COMPLECTATION_ID, OPTION_MNEMONIC, OPTION_LABEL) VALUES (358, "IV3", "INCOMPLETE VEHICLES (CAB & CHASSIS)");
INSERT INTO COMPLECTATION_OPTIONS(COMPLECTATION_ID, OPTION_MNEMONIC, OPTION_LABEL) VALUES (358, "T1", "TRUCK(STANDARD DECK 1-SIDE OPEN)");
INSERT INTO COMPLECTATION_OPTIONS(COMPLECTATION_ID, OPTION_MNEMONIC, OPTION_LABEL) VALUES (358, "JPP", "JAPAN PRODUCT PARTS");
INSERT INTO COMPLECTATION(ID, FRAME_ID, NAME, URL, ENGINE_MNEMONIC, ENGINE_LABEL, PRODUCTION_PERIOD, BODY_MNEMONIC, BODY_LABEL, GRADE_MNEMONIC, GRADE_LABEL, TRANSMISSION_MNEMONIC, TRANSMISSION_LABEL) VALUES (359, 41, "RN90L-CRSDEA", "https://toyota-europe.epc-data.com/4runner/rn90l/6408/", "22RE", "2400CC EFI", "08.1988 - 01.1995", "", "", "DLX", "DELUXE TYPE", "ATM", "AUTOMATIC TRANSMISSION");
INSERT INTO COMPLECTATION_OPTIONS(COMPLECTATION_ID, OPTION_MNEMONIC, OPTION_LABEL) VALUES (359, "4HC", "ATM,4-SPEED COLUMN SHIFT");
INSERT INTO COMPLECTATION_OPTIONS(COMPLECTATION_ID, OPTION_MNEMONIC, OPTION_LABEL) VALUES (359, "XTR", "EXTRA CAB");
INSERT INTO COMPLECTATION_OPTIONS(COMPLECTATION_ID, OPTION_MNEMONIC, OPTION_LABEL) VALUES (359, "ST", "SINGLE TIRE");
INSERT INTO COMPLECTATION_OPTIONS(COMPLECTATION_ID, OPTION_MNEMONIC, OPTION_LABEL) VALUES (359, "HLF", "0.5TONS");
INSERT INTO COMPLECTATION_OPTIONS(COMPLECTATION_ID, OPTION_MNEMONIC, OPTION_LABEL) VALUES (359, "EFI", "ELECTRIC FUEL INJECTION SYSTEM");
INSERT INTO COMPLECTATION_OPTIONS(COMPLECTATION_ID, OPTION_MNEMONIC, OPTION_LABEL) VALUES (359, "USA", "UNITED STATES OF AMERICA");
INSERT INTO COMPLECTATION_OPTIONS(COMPLECTATION_ID, OPTION_MNEMONIC, OPTION_LABEL) VALUES (359, "CBU", "COMPLETELY BUILT UNIT");
INSERT INTO COMPLECTATION_OPTIONS(COMPLECTATION_ID, OPTION_MNEMONIC, OPTION_LABEL) VALUES (359, "T1", "TRUCK(STANDARD DECK 1-SIDE OPEN)");
INSERT INTO COMPLECTATION_OPTIONS(COMPLECTATION_ID, OPTION_MNEMONIC, OPTION_LABEL) VALUES (359, "JPP", "JAPAN PRODUCT PARTS");
INSERT INTO COMPLECTATION(ID, FRAME_ID, NAME, URL, ENGINE_MNEMONIC, ENGINE_LABEL, PRODUCTION_PERIOD, BODY_MNEMONIC, BODY_LABEL, GRADE_MNEMONIC, GRADE_LABEL, TRANSMISSION_MNEMONIC, TRANSMISSION_LABEL) VALUES (360, 41, "RN90L-CRSDEA3", "https://toyota-europe.epc-data.com/4runner/rn90l/6409/", "22RE", "2400CC EFI", "08.1988 - 08.1989", "", "", "DLX", "DELUXE TYPE", "ATM", "AUTOMATIC TRANSMISSION");
INSERT INTO COMPLECTATION_OPTIONS(COMPLECTATION_ID, OPTION_MNEMONIC, OPTION_LABEL) VALUES (360, "4HC", "ATM,4-SPEED COLUMN SHIFT");
INSERT INTO COMPLECTATION_OPTIONS(COMPLECTATION_ID, OPTION_MNEMONIC, OPTION_LABEL) VALUES (360, "XTR", "EXTRA CAB");
INSERT INTO COMPLECTATION_OPTIONS(COMPLECTATION_ID, OPTION_MNEMONIC, OPTION_LABEL) VALUES (360, "ST", "SINGLE TIRE");
INSERT INTO COMPLECTATION_OPTIONS(COMPLECTATION_ID, OPTION_MNEMONIC, OPTION_LABEL) VALUES (360, "HLF", "0.5TONS");
INSERT INTO COMPLECTATION_OPTIONS(COMPLECTATION_ID, OPTION_MNEMONIC, OPTION_LABEL) VALUES (360, "EFI", "ELECTRIC FUEL INJECTION SYSTEM");
INSERT INTO COMPLECTATION_OPTIONS(COMPLECTATION_ID, OPTION_MNEMONIC, OPTION_LABEL) VALUES (360, "USA", "UNITED STATES OF AMERICA");
INSERT INTO COMPLECTATION_OPTIONS(COMPLECTATION_ID, OPTION_MNEMONIC, OPTION_LABEL) VALUES (360, "IV3", "INCOMPLETE VEHICLES (CAB & CHASSIS)");
INSERT INTO COMPLECTATION_OPTIONS(COMPLECTATION_ID, OPTION_MNEMONIC, OPTION_LABEL) VALUES (360, "T1", "TRUCK(STANDARD DECK 1-SIDE OPEN)");
INSERT INTO COMPLECTATION_OPTIONS(COMPLECTATION_ID, OPTION_MNEMONIC, OPTION_LABEL) VALUES (360, "JPP", "JAPAN PRODUCT PARTS");
INSERT INTO COMPLECTATION(ID, FRAME_ID, NAME, URL, ENGINE_MNEMONIC, ENGINE_LABEL, PRODUCTION_PERIOD, BODY_MNEMONIC, BODY_LABEL, GRADE_MNEMONIC, GRADE_LABEL, TRANSMISSION_MNEMONIC, TRANSMISSION_LABEL) VALUES (361, 41, "RN90L-CRSDEK", "https://toyota-europe.epc-data.com/4runner/rn90l/6410/", "22RE", "2400CC EFI", "08.1988 - 01.1995", "", "", "DLX", "DELUXE TYPE", "ATM", "AUTOMATIC TRANSMISSION");
INSERT INTO COMPLECTATION_OPTIONS(COMPLECTATION_ID, OPTION_MNEMONIC, OPTION_LABEL) VALUES (361, "4HC", "ATM,4-SPEED COLUMN SHIFT");
INSERT INTO COMPLECTATION_OPTIONS(COMPLECTATION_ID, OPTION_MNEMONIC, OPTION_LABEL) VALUES (361, "XTR", "EXTRA CAB");
INSERT INTO COMPLECTATION_OPTIONS(COMPLECTATION_ID, OPTION_MNEMONIC, OPTION_LABEL) VALUES (361, "ST", "SINGLE TIRE");
INSERT INTO COMPLECTATION_OPTIONS(COMPLECTATION_ID, OPTION_MNEMONIC, OPTION_LABEL) VALUES (361, "HLF", "0.5TONS");
INSERT INTO COMPLECTATION_OPTIONS(COMPLECTATION_ID, OPTION_MNEMONIC, OPTION_LABEL) VALUES (361, "EFI", "ELECTRIC FUEL INJECTION SYSTEM");
INSERT INTO COMPLECTATION_OPTIONS(COMPLECTATION_ID, OPTION_MNEMONIC, OPTION_LABEL) VALUES (361, "CND", "CANADA");
INSERT INTO COMPLECTATION_OPTIONS(COMPLECTATION_ID, OPTION_MNEMONIC, OPTION_LABEL) VALUES (361, "CBU", "COMPLETELY BUILT UNIT");
INSERT INTO COMPLECTATION_OPTIONS(COMPLECTATION_ID, OPTION_MNEMONIC, OPTION_LABEL) VALUES (361, "T1", "TRUCK(STANDARD DECK 1-SIDE OPEN)");
INSERT INTO COMPLECTATION_OPTIONS(COMPLECTATION_ID, OPTION_MNEMONIC, OPTION_LABEL) VALUES (361, "JPP", "JAPAN PRODUCT PARTS");
INSERT INTO COMPLECTATION(ID, FRAME_ID, NAME, URL, ENGINE_MNEMONIC, ENGINE_LABEL, PRODUCTION_PERIOD, BODY_MNEMONIC, BODY_LABEL, GRADE_MNEMONIC, GRADE_LABEL, TRANSMISSION_MNEMONIC, TRANSMISSION_LABEL) VALUES (362, 41, "RN90L-CRSSEA", "https://toyota-europe.epc-data.com/4runner/rn90l/6413/", "22RE", "2400CC EFI", "08.1988 - 08.1990", "", "", "SR5", "SR-5 TYPE", "ATM", "AUTOMATIC TRANSMISSION");
INSERT INTO COMPLECTATION_OPTIONS(COMPLECTATION_ID, OPTION_MNEMONIC, OPTION_LABEL) VALUES (362, "4HC", "ATM,4-SPEED COLUMN SHIFT");
INSERT INTO COMPLECTATION_OPTIONS(COMPLECTATION_ID, OPTION_MNEMONIC, OPTION_LABEL) VALUES (362, "XTR", "EXTRA CAB");
INSERT INTO COMPLECTATION_OPTIONS(COMPLECTATION_ID, OPTION_MNEMONIC, OPTION_LABEL) VALUES (362, "ST", "SINGLE TIRE");
INSERT INTO COMPLECTATION_OPTIONS(COMPLECTATION_ID, OPTION_MNEMONIC, OPTION_LABEL) VALUES (362, "HLF", "0.5TONS");
INSERT INTO COMPLECTATION_OPTIONS(COMPLECTATION_ID, OPTION_MNEMONIC, OPTION_LABEL) VALUES (362, "EFI", "ELECTRIC FUEL INJECTION SYSTEM");
INSERT INTO COMPLECTATION_OPTIONS(COMPLECTATION_ID, OPTION_MNEMONIC, OPTION_LABEL) VALUES (362, "USA", "UNITED STATES OF AMERICA");
INSERT INTO COMPLECTATION_OPTIONS(COMPLECTATION_ID, OPTION_MNEMONIC, OPTION_LABEL) VALUES (362, "CBU", "COMPLETELY BUILT UNIT");
INSERT INTO COMPLECTATION_OPTIONS(COMPLECTATION_ID, OPTION_MNEMONIC, OPTION_LABEL) VALUES (362, "T1", "TRUCK(STANDARD DECK 1-SIDE OPEN)");
INSERT INTO COMPLECTATION_OPTIONS(COMPLECTATION_ID, OPTION_MNEMONIC, OPTION_LABEL) VALUES (362, "JPP", "JAPAN PRODUCT PARTS");
INSERT INTO COMPLECTATION(ID, FRAME_ID, NAME, URL, ENGINE_MNEMONIC, ENGINE_LABEL, PRODUCTION_PERIOD, BODY_MNEMONIC, BODY_LABEL, GRADE_MNEMONIC, GRADE_LABEL, TRANSMISSION_MNEMONIC, TRANSMISSION_LABEL) VALUES (363, 41, "RN90L-CRSSEA3", "https://toyota-europe.epc-data.com/4runner/rn90l/6414/", "22RE", "2400CC EFI", "08.1988 - 08.1989", "", "", "SR5", "SR-5 TYPE", "ATM", "AUTOMATIC TRANSMISSION");
INSERT INTO COMPLECTATION_OPTIONS(COMPLECTATION_ID, OPTION_MNEMONIC, OPTION_LABEL) VALUES (363, "4HC", "ATM,4-SPEED COLUMN SHIFT");
INSERT INTO COMPLECTATION_OPTIONS(COMPLECTATION_ID, OPTION_MNEMONIC, OPTION_LABEL) VALUES (363, "XTR", "EXTRA CAB");
INSERT INTO COMPLECTATION_OPTIONS(COMPLECTATION_ID, OPTION_MNEMONIC, OPTION_LABEL) VALUES (363, "ST", "SINGLE TIRE");
INSERT INTO COMPLECTATION_OPTIONS(COMPLECTATION_ID, OPTION_MNEMONIC, OPTION_LABEL) VALUES (363, "HLF", "0.5TONS");
INSERT INTO COMPLECTATION_OPTIONS(COMPLECTATION_ID, OPTION_MNEMONIC, OPTION_LABEL) VALUES (363, "EFI", "ELECTRIC FUEL INJECTION SYSTEM");
INSERT INTO COMPLECTATION_OPTIONS(COMPLECTATION_ID, OPTION_MNEMONIC, OPTION_LABEL) VALUES (363, "USA", "UNITED STATES OF AMERICA");
INSERT INTO COMPLECTATION_OPTIONS(COMPLECTATION_ID, OPTION_MNEMONIC, OPTION_LABEL) VALUES (363, "IV3", "INCOMPLETE VEHICLES (CAB & CHASSIS)");
INSERT INTO COMPLECTATION_OPTIONS(COMPLECTATION_ID, OPTION_MNEMONIC, OPTION_LABEL) VALUES (363, "T1", "TRUCK(STANDARD DECK 1-SIDE OPEN)");
INSERT INTO COMPLECTATION_OPTIONS(COMPLECTATION_ID, OPTION_MNEMONIC, OPTION_LABEL) VALUES (363, "JPP", "JAPAN PRODUCT PARTS");
INSERT INTO FRAME(ID, MODEL_ID, NAME, URL) VALUES (42, 5, "RZN180L", "https://toyota-europe.epc-data.com/4runner/rzn180l");
INSERT INTO COMPLECTATION(ID, FRAME_ID, NAME, URL, ENGINE_MNEMONIC, ENGINE_LABEL, PRODUCTION_PERIOD, BODY_MNEMONIC, BODY_LABEL, GRADE_MNEMONIC, GRADE_LABEL, TRANSMISSION_MNEMONIC, TRANSMISSION_LABEL) VALUES (364, 42, "RZN180L-GKMSKA", "https://toyota-europe.epc-data.com/4runner/rzn180l/6328/", "3RZFE", "2700CC EFI", "11.1995 - 08.2000", "", "", "SR5B", "SR5 TYPE(-0008),BASE TYPE(0008-)", "MTM", "MANUAL TRANSMISSION");
INSERT INTO COMPLECTATION_OPTIONS(COMPLECTATION_ID, OPTION_MNEMONIC, OPTION_LABEL) VALUES (364, "5F", "MTM,5-SPEED FLOOR SHIFT");
INSERT INTO COMPLECTATION(ID, FRAME_ID, NAME, URL, ENGINE_MNEMONIC, ENGINE_LABEL, PRODUCTION_PERIOD, BODY_MNEMONIC, BODY_LABEL, GRADE_MNEMONIC, GRADE_LABEL, TRANSMISSION_MNEMONIC, TRANSMISSION_LABEL) VALUES (365, 42, "RZN180L-GKPSKA", "https://toyota-europe.epc-data.com/4runner/rzn180l/6329/", "3RZFE", "2700CC EFI", "11.1995 - 08.2000", "", "", "SR5B", "SR5 TYPE(-0008),BASE TYPE(0008-)", "ATM", "AUTOMATIC TRANSMISSION");
INSERT INTO COMPLECTATION_OPTIONS(COMPLECTATION_ID, OPTION_MNEMONIC, OPTION_LABEL) VALUES (365, "4FC", "ATM,4-SPEED FLOOR SHIFT");
INSERT INTO FRAME(ID, MODEL_ID, NAME, URL) VALUES (43, 5, "RZN185L", "https://toyota-europe.epc-data.com/4runner/rzn185l");
INSERT INTO COMPLECTATION(ID, FRAME_ID, NAME, URL, ENGINE_MNEMONIC, ENGINE_LABEL, PRODUCTION_PERIOD, BODY_MNEMONIC, BODY_LABEL, GRADE_MNEMONIC, GRADE_LABEL, TRANSMISSION_MNEMONIC, TRANSMISSION_LABEL) VALUES (366, 43, "RZN185L-GKMSKA", "https://toyota-europe.epc-data.com/4runner/rzn185l/6333/", "3RZFE", "2700CC EFI", "11.1995 - 08.2000", "", "", "SR5B", "SR5 TYPE(-0008),BASE TYPE(0008-)", "MTM", "MANUAL TRANSMISSION");
INSERT INTO COMPLECTATION_OPTIONS(COMPLECTATION_ID, OPTION_MNEMONIC, OPTION_LABEL) VALUES (366, "5F", "MTM,5-SPEED FLOOR SHIFT");
INSERT INTO COMPLECTATION(ID, FRAME_ID, NAME, URL, ENGINE_MNEMONIC, ENGINE_LABEL, PRODUCTION_PERIOD, BODY_MNEMONIC, BODY_LABEL, GRADE_MNEMONIC, GRADE_LABEL, TRANSMISSION_MNEMONIC, TRANSMISSION_LABEL) VALUES (367, 43, "RZN185L-GKPSKA", "https://toyota-europe.epc-data.com/4runner/rzn185l/6334/", "3RZFE", "2700CC EFI", "11.1995 - 08.2000", "", "", "SR5B", "SR5 TYPE(-0008),BASE TYPE(0008-)", "ATM", "AUTOMATIC TRANSMISSION");
INSERT INTO COMPLECTATION_OPTIONS(COMPLECTATION_ID, OPTION_MNEMONIC, OPTION_LABEL) VALUES (367, "4FC", "ATM,4-SPEED FLOOR SHIFT");
INSERT INTO FRAME(ID, MODEL_ID, NAME, URL) VALUES (44, 5, "VZN100L", "https://toyota-europe.epc-data.com/4runner/vzn100l");
INSERT INTO COMPLECTATION(ID, FRAME_ID, NAME, URL, ENGINE_MNEMONIC, ENGINE_LABEL, PRODUCTION_PERIOD, BODY_MNEMONIC, BODY_LABEL, GRADE_MNEMONIC, GRADE_LABEL, TRANSMISSION_MNEMONIC, TRANSMISSION_LABEL) VALUES (368, 44, "VZN100L-TRMDEA", "https://toyota-europe.epc-data.com/4runner/vzn100l/6301/", "3VZE", "3000CC EFI", "08.1988 - 01.1995", "T1", "TRUCK(STANDARD DECK 1-SIDE OPEN)", "DLX", "DELUXE TYPE", "MTM", "MANUAL TRANSMISSION");
INSERT INTO COMPLECTATION_OPTIONS(COMPLECTATION_ID, OPTION_MNEMONIC, OPTION_LABEL) VALUES (368, "5F", "MTM,5-SPEED FLOOR SHIFT");
INSERT INTO COMPLECTATION_OPTIONS(COMPLECTATION_ID, OPTION_MNEMONIC, OPTION_LABEL) VALUES (368, "RCB", "REGULAR CAB");
INSERT INTO COMPLECTATION_OPTIONS(COMPLECTATION_ID, OPTION_MNEMONIC, OPTION_LABEL) VALUES (368, "R", "R TYPE TRANSMISSION");
INSERT INTO COMPLECTATION_OPTIONS(COMPLECTATION_ID, OPTION_MNEMONIC, OPTION_LABEL) VALUES (368, "EFI", "ELECTRIC FUEL INJECTION SYSTEM");
INSERT INTO COMPLECTATION_OPTIONS(COMPLECTATION_ID, OPTION_MNEMONIC, OPTION_LABEL) VALUES (368, "USA", "UNITED STATES OF AMERICA");
INSERT INTO COMPLECTATION_OPTIONS(COMPLECTATION_ID, OPTION_MNEMONIC, OPTION_LABEL) VALUES (368, "CBU", "COMPLETELY BUILT UNIT");
INSERT INTO COMPLECTATION_OPTIONS(COMPLECTATION_ID, OPTION_MNEMONIC, OPTION_LABEL) VALUES (368, "JPP", "JAPAN PRODUCT PARTS");
INSERT INTO COMPLECTATION(ID, FRAME_ID, NAME, URL, ENGINE_MNEMONIC, ENGINE_LABEL, PRODUCTION_PERIOD, BODY_MNEMONIC, BODY_LABEL, GRADE_MNEMONIC, GRADE_LABEL, TRANSMISSION_MNEMONIC, TRANSMISSION_LABEL) VALUES (369, 44, "VZN100L-TRMDEA3", "https://toyota-europe.epc-data.com/4runner/vzn100l/6302/", "3VZE", "3000CC EFI", "08.1988 - 08.1989", "T1", "TRUCK(STANDARD DECK 1-SIDE OPEN)", "DLX", "DELUXE TYPE", "MTM", "MANUAL TRANSMISSION");
INSERT INTO COMPLECTATION_OPTIONS(COMPLECTATION_ID, OPTION_MNEMONIC, OPTION_LABEL) VALUES (369, "5F", "MTM,5-SPEED FLOOR SHIFT");
INSERT INTO COMPLECTATION_OPTIONS(COMPLECTATION_ID, OPTION_MNEMONIC, OPTION_LABEL) VALUES (369, "RCB", "REGULAR CAB");
INSERT INTO COMPLECTATION_OPTIONS(COMPLECTATION_ID, OPTION_MNEMONIC, OPTION_LABEL) VALUES (369, "R", "R TYPE TRANSMISSION");
INSERT INTO COMPLECTATION_OPTIONS(COMPLECTATION_ID, OPTION_MNEMONIC, OPTION_LABEL) VALUES (369, "EFI", "ELECTRIC FUEL INJECTION SYSTEM");
INSERT INTO COMPLECTATION_OPTIONS(COMPLECTATION_ID, OPTION_MNEMONIC, OPTION_LABEL) VALUES (369, "USA", "UNITED STATES OF AMERICA");
INSERT INTO COMPLECTATION_OPTIONS(COMPLECTATION_ID, OPTION_MNEMONIC, OPTION_LABEL) VALUES (369, "IV3", "INCOMPLETE VEHICLES (CAB & CHASSIS)");
INSERT INTO COMPLECTATION_OPTIONS(COMPLECTATION_ID, OPTION_MNEMONIC, OPTION_LABEL) VALUES (369, "JPP", "JAPAN PRODUCT PARTS");
INSERT INTO COMPLECTATION(ID, FRAME_ID, NAME, URL, ENGINE_MNEMONIC, ENGINE_LABEL, PRODUCTION_PERIOD, BODY_MNEMONIC, BODY_LABEL, GRADE_MNEMONIC, GRADE_LABEL, TRANSMISSION_MNEMONIC, TRANSMISSION_LABEL) VALUES (370, 44, "VZN100L-TRMDEK", "https://toyota-europe.epc-data.com/4runner/vzn100l/6303/", "3VZE", "3000CC EFI", "08.1988 - 01.1995", "T1", "TRUCK(STANDARD DECK 1-SIDE OPEN)", "DLX", "DELUXE TYPE", "MTM", "MANUAL TRANSMISSION");
INSERT INTO COMPLECTATION_OPTIONS(COMPLECTATION_ID, OPTION_MNEMONIC, OPTION_LABEL) VALUES (370, "5F", "MTM,5-SPEED FLOOR SHIFT");
INSERT INTO COMPLECTATION_OPTIONS(COMPLECTATION_ID, OPTION_MNEMONIC, OPTION_LABEL) VALUES (370, "RCB", "REGULAR CAB");
INSERT INTO COMPLECTATION_OPTIONS(COMPLECTATION_ID, OPTION_MNEMONIC, OPTION_LABEL) VALUES (370, "R", "R TYPE TRANSMISSION");
INSERT INTO COMPLECTATION_OPTIONS(COMPLECTATION_ID, OPTION_MNEMONIC, OPTION_LABEL) VALUES (370, "EFI", "ELECTRIC FUEL INJECTION SYSTEM");
INSERT INTO COMPLECTATION_OPTIONS(COMPLECTATION_ID, OPTION_MNEMONIC, OPTION_LABEL) VALUES (370, "CND", "CANADA");
INSERT INTO COMPLECTATION_OPTIONS(COMPLECTATION_ID, OPTION_MNEMONIC, OPTION_LABEL) VALUES (370, "CBU", "COMPLETELY BUILT UNIT");
INSERT INTO COMPLECTATION_OPTIONS(COMPLECTATION_ID, OPTION_MNEMONIC, OPTION_LABEL) VALUES (370, "JPP", "JAPAN PRODUCT PARTS");
INSERT INTO COMPLECTATION(ID, FRAME_ID, NAME, URL, ENGINE_MNEMONIC, ENGINE_LABEL, PRODUCTION_PERIOD, BODY_MNEMONIC, BODY_LABEL, GRADE_MNEMONIC, GRADE_LABEL, TRANSMISSION_MNEMONIC, TRANSMISSION_LABEL) VALUES (371, 44, "VZN100L-TRMGEA", "https://toyota-europe.epc-data.com/4runner/vzn100l/6304/", "3VZE", "3000CC EFI", "08.1988 - 08.1990", "T1", "TRUCK(STANDARD DECK 1-SIDE OPEN)", "SR5", "SR-5 TYPE", "MTM", "MANUAL TRANSMISSION");
INSERT INTO COMPLECTATION_OPTIONS(COMPLECTATION_ID, OPTION_MNEMONIC, OPTION_LABEL) VALUES (371, "5F", "MTM,5-SPEED FLOOR SHIFT");
INSERT INTO COMPLECTATION_OPTIONS(COMPLECTATION_ID, OPTION_MNEMONIC, OPTION_LABEL) VALUES (371, "RCB", "REGULAR CAB");
INSERT INTO COMPLECTATION_OPTIONS(COMPLECTATION_ID, OPTION_MNEMONIC, OPTION_LABEL) VALUES (371, "R", "R TYPE TRANSMISSION");
INSERT INTO COMPLECTATION_OPTIONS(COMPLECTATION_ID, OPTION_MNEMONIC, OPTION_LABEL) VALUES (371, "EFI", "ELECTRIC FUEL INJECTION SYSTEM");
INSERT INTO COMPLECTATION_OPTIONS(COMPLECTATION_ID, OPTION_MNEMONIC, OPTION_LABEL) VALUES (371, "USA", "UNITED STATES OF AMERICA");
INSERT INTO COMPLECTATION_OPTIONS(COMPLECTATION_ID, OPTION_MNEMONIC, OPTION_LABEL) VALUES (371, "CBU", "COMPLETELY BUILT UNIT");
INSERT INTO COMPLECTATION_OPTIONS(COMPLECTATION_ID, OPTION_MNEMONIC, OPTION_LABEL) VALUES (371, "JPP", "JAPAN PRODUCT PARTS");
INSERT INTO COMPLECTATION(ID, FRAME_ID, NAME, URL, ENGINE_MNEMONIC, ENGINE_LABEL, PRODUCTION_PERIOD, BODY_MNEMONIC, BODY_LABEL, GRADE_MNEMONIC, GRADE_LABEL, TRANSMISSION_MNEMONIC, TRANSMISSION_LABEL) VALUES (372, 44, "VZN100L-TRMGEA3", "https://toyota-europe.epc-data.com/4runner/vzn100l/6305/", "3VZE", "3000CC EFI", "08.1988 - 08.1989", "T1", "TRUCK(STANDARD DECK 1-SIDE OPEN)", "SR5", "SR-5 TYPE", "MTM", "MANUAL TRANSMISSION");
INSERT INTO COMPLECTATION_OPTIONS(COMPLECTATION_ID, OPTION_MNEMONIC, OPTION_LABEL) VALUES (372, "5F", "MTM,5-SPEED FLOOR SHIFT");
INSERT INTO COMPLECTATION_OPTIONS(COMPLECTATION_ID, OPTION_MNEMONIC, OPTION_LABEL) VALUES (372, "RCB", "REGULAR CAB");
INSERT INTO COMPLECTATION_OPTIONS(COMPLECTATION_ID, OPTION_MNEMONIC, OPTION_LABEL) VALUES (372, "R", "R TYPE TRANSMISSION");
INSERT INTO COMPLECTATION_OPTIONS(COMPLECTATION_ID, OPTION_MNEMONIC, OPTION_LABEL) VALUES (372, "EFI", "ELECTRIC FUEL INJECTION SYSTEM");
INSERT INTO COMPLECTATION_OPTIONS(COMPLECTATION_ID, OPTION_MNEMONIC, OPTION_LABEL) VALUES (372, "USA", "UNITED STATES OF AMERICA");
INSERT INTO COMPLECTATION_OPTIONS(COMPLECTATION_ID, OPTION_MNEMONIC, OPTION_LABEL) VALUES (372, "IV3", "INCOMPLETE VEHICLES (CAB & CHASSIS)");
INSERT INTO COMPLECTATION_OPTIONS(COMPLECTATION_ID, OPTION_MNEMONIC, OPTION_LABEL) VALUES (372, "JPP", "JAPAN PRODUCT PARTS");
INSERT INTO FRAME(ID, MODEL_ID, NAME, URL) VALUES (45, 5, "VZN105L", "https://toyota-europe.epc-data.com/4runner/vzn105l");
INSERT INTO COMPLECTATION(ID, FRAME_ID, NAME, URL, ENGINE_MNEMONIC, ENGINE_LABEL, PRODUCTION_PERIOD, BODY_MNEMONIC, BODY_LABEL, GRADE_MNEMONIC, GRADE_LABEL, TRANSMISSION_MNEMONIC, TRANSMISSION_LABEL) VALUES (373, 45, "VZN105L-TRMDEA", "https://toyota-europe.epc-data.com/4runner/vzn105l/6306/", "3VZE", "3000CC EFI", "08.1988 - 08.1992", "T1", "TRUCK(STANDARD DECK 1-SIDE OPEN)", "DLX", "DELUXE TYPE", "MTM", "MANUAL TRANSMISSION");
INSERT INTO COMPLECTATION_OPTIONS(COMPLECTATION_ID, OPTION_MNEMONIC, OPTION_LABEL) VALUES (373, "5F", "MTM,5-SPEED FLOOR SHIFT");
INSERT INTO COMPLECTATION_OPTIONS(COMPLECTATION_ID, OPTION_MNEMONIC, OPTION_LABEL) VALUES (373, "RCB", "REGULAR CAB");
INSERT INTO COMPLECTATION_OPTIONS(COMPLECTATION_ID, OPTION_MNEMONIC, OPTION_LABEL) VALUES (373, "R", "R TYPE TRANSMISSION");
INSERT INTO COMPLECTATION_OPTIONS(COMPLECTATION_ID, OPTION_MNEMONIC, OPTION_LABEL) VALUES (373, "EFI", "ELECTRIC FUEL INJECTION SYSTEM");
INSERT INTO COMPLECTATION_OPTIONS(COMPLECTATION_ID, OPTION_MNEMONIC, OPTION_LABEL) VALUES (373, "USA", "UNITED STATES OF AMERICA");
INSERT INTO COMPLECTATION_OPTIONS(COMPLECTATION_ID, OPTION_MNEMONIC, OPTION_LABEL) VALUES (373, "CBU", "COMPLETELY BUILT UNIT");
INSERT INTO COMPLECTATION_OPTIONS(COMPLECTATION_ID, OPTION_MNEMONIC, OPTION_LABEL) VALUES (373, "JPP", "JAPAN PRODUCT PARTS");
INSERT INTO COMPLECTATION(ID, FRAME_ID, NAME, URL, ENGINE_MNEMONIC, ENGINE_LABEL, PRODUCTION_PERIOD, BODY_MNEMONIC, BODY_LABEL, GRADE_MNEMONIC, GRADE_LABEL, TRANSMISSION_MNEMONIC, TRANSMISSION_LABEL) VALUES (374, 45, "VZN105L-TRMDEA3", "https://toyota-europe.epc-data.com/4runner/vzn105l/6307/", "3VZE", "3000CC EFI", "08.1988 - 08.1989", "T1", "TRUCK(STANDARD DECK 1-SIDE OPEN)", "DLX", "DELUXE TYPE", "MTM", "MANUAL TRANSMISSION");
INSERT INTO COMPLECTATION_OPTIONS(COMPLECTATION_ID, OPTION_MNEMONIC, OPTION_LABEL) VALUES (374, "5F", "MTM,5-SPEED FLOOR SHIFT");
INSERT INTO COMPLECTATION_OPTIONS(COMPLECTATION_ID, OPTION_MNEMONIC, OPTION_LABEL) VALUES (374, "RCB", "REGULAR CAB");
INSERT INTO COMPLECTATION_OPTIONS(COMPLECTATION_ID, OPTION_MNEMONIC, OPTION_LABEL) VALUES (374, "R", "R TYPE TRANSMISSION");
INSERT INTO COMPLECTATION_OPTIONS(COMPLECTATION_ID, OPTION_MNEMONIC, OPTION_LABEL) VALUES (374, "EFI", "ELECTRIC FUEL INJECTION SYSTEM");
INSERT INTO COMPLECTATION_OPTIONS(COMPLECTATION_ID, OPTION_MNEMONIC, OPTION_LABEL) VALUES (374, "USA", "UNITED STATES OF AMERICA");
INSERT INTO COMPLECTATION_OPTIONS(COMPLECTATION_ID, OPTION_MNEMONIC, OPTION_LABEL) VALUES (374, "IV3", "INCOMPLETE VEHICLES (CAB & CHASSIS)");
INSERT INTO COMPLECTATION_OPTIONS(COMPLECTATION_ID, OPTION_MNEMONIC, OPTION_LABEL) VALUES (374, "JPP", "JAPAN PRODUCT PARTS");
INSERT INTO COMPLECTATION(ID, FRAME_ID, NAME, URL, ENGINE_MNEMONIC, ENGINE_LABEL, PRODUCTION_PERIOD, BODY_MNEMONIC, BODY_LABEL, GRADE_MNEMONIC, GRADE_LABEL, TRANSMISSION_MNEMONIC, TRANSMISSION_LABEL) VALUES (375, 45, "VZN105L-TRMDEK", "https://toyota-europe.epc-data.com/4runner/vzn105l/6308/", "3VZE", "3000CC EFI", "08.1988 - 08.1990", "T1", "TRUCK(STANDARD DECK 1-SIDE OPEN)", "DLX", "DELUXE TYPE", "MTM", "MANUAL TRANSMISSION");
INSERT INTO COMPLECTATION_OPTIONS(COMPLECTATION_ID, OPTION_MNEMONIC, OPTION_LABEL) VALUES (375, "5F", "MTM,5-SPEED FLOOR SHIFT");
INSERT INTO COMPLECTATION_OPTIONS(COMPLECTATION_ID, OPTION_MNEMONIC, OPTION_LABEL) VALUES (375, "RCB", "REGULAR CAB");
INSERT INTO COMPLECTATION_OPTIONS(COMPLECTATION_ID, OPTION_MNEMONIC, OPTION_LABEL) VALUES (375, "R", "R TYPE TRANSMISSION");
INSERT INTO COMPLECTATION_OPTIONS(COMPLECTATION_ID, OPTION_MNEMONIC, OPTION_LABEL) VALUES (375, "EFI", "ELECTRIC FUEL INJECTION SYSTEM");
INSERT INTO COMPLECTATION_OPTIONS(COMPLECTATION_ID, OPTION_MNEMONIC, OPTION_LABEL) VALUES (375, "CND", "CANADA");
INSERT INTO COMPLECTATION_OPTIONS(COMPLECTATION_ID, OPTION_MNEMONIC, OPTION_LABEL) VALUES (375, "CBU", "COMPLETELY BUILT UNIT");
INSERT INTO COMPLECTATION_OPTIONS(COMPLECTATION_ID, OPTION_MNEMONIC, OPTION_LABEL) VALUES (375, "JPP", "JAPAN PRODUCT PARTS");
INSERT INTO COMPLECTATION(ID, FRAME_ID, NAME, URL, ENGINE_MNEMONIC, ENGINE_LABEL, PRODUCTION_PERIOD, BODY_MNEMONIC, BODY_LABEL, GRADE_MNEMONIC, GRADE_LABEL, TRANSMISSION_MNEMONIC, TRANSMISSION_LABEL) VALUES (376, 45, "VZN105L-TRPDEA", "https://toyota-europe.epc-data.com/4runner/vzn105l/6309/", "3VZE", "3000CC EFI", "08.1988 - 08.1990", "T1", "TRUCK(STANDARD DECK 1-SIDE OPEN)", "DLX", "DELUXE TYPE", "ATM", "AUTOMATIC TRANSMISSION");
INSERT INTO COMPLECTATION_OPTIONS(COMPLECTATION_ID, OPTION_MNEMONIC, OPTION_LABEL) VALUES (376, "4FC", "ATM,4-SPEED FLOOR SHIFT");
INSERT INTO COMPLECTATION_OPTIONS(COMPLECTATION_ID, OPTION_MNEMONIC, OPTION_LABEL) VALUES (376, "RCB", "REGULAR CAB");
INSERT INTO COMPLECTATION_OPTIONS(COMPLECTATION_ID, OPTION_MNEMONIC, OPTION_LABEL) VALUES (376, "EFI", "ELECTRIC FUEL INJECTION SYSTEM");
INSERT INTO COMPLECTATION_OPTIONS(COMPLECTATION_ID, OPTION_MNEMONIC, OPTION_LABEL) VALUES (376, "USA", "UNITED STATES OF AMERICA");
INSERT INTO COMPLECTATION_OPTIONS(COMPLECTATION_ID, OPTION_MNEMONIC, OPTION_LABEL) VALUES (376, "CBU", "COMPLETELY BUILT UNIT");
INSERT INTO COMPLECTATION_OPTIONS(COMPLECTATION_ID, OPTION_MNEMONIC, OPTION_LABEL) VALUES (376, "JPP", "JAPAN PRODUCT PARTS");
INSERT INTO COMPLECTATION(ID, FRAME_ID, NAME, URL, ENGINE_MNEMONIC, ENGINE_LABEL, PRODUCTION_PERIOD, BODY_MNEMONIC, BODY_LABEL, GRADE_MNEMONIC, GRADE_LABEL, TRANSMISSION_MNEMONIC, TRANSMISSION_LABEL) VALUES (377, 45, "VZN105L-TRPDEA3", "https://toyota-europe.epc-data.com/4runner/vzn105l/6310/", "3VZE", "3000CC EFI", "08.1988 - 08.1989", "T1", "TRUCK(STANDARD DECK 1-SIDE OPEN)", "DLX", "DELUXE TYPE", "ATM", "AUTOMATIC TRANSMISSION");
INSERT INTO COMPLECTATION_OPTIONS(COMPLECTATION_ID, OPTION_MNEMONIC, OPTION_LABEL) VALUES (377, "4FC", "ATM,4-SPEED FLOOR SHIFT");
INSERT INTO COMPLECTATION_OPTIONS(COMPLECTATION_ID, OPTION_MNEMONIC, OPTION_LABEL) VALUES (377, "RCB", "REGULAR CAB");
INSERT INTO COMPLECTATION_OPTIONS(COMPLECTATION_ID, OPTION_MNEMONIC, OPTION_LABEL) VALUES (377, "EFI", "ELECTRIC FUEL INJECTION SYSTEM");
INSERT INTO COMPLECTATION_OPTIONS(COMPLECTATION_ID, OPTION_MNEMONIC, OPTION_LABEL) VALUES (377, "USA", "UNITED STATES OF AMERICA");
INSERT INTO COMPLECTATION_OPTIONS(COMPLECTATION_ID, OPTION_MNEMONIC, OPTION_LABEL) VALUES (377, "IV3", "INCOMPLETE VEHICLES (CAB & CHASSIS)");
INSERT INTO COMPLECTATION_OPTIONS(COMPLECTATION_ID, OPTION_MNEMONIC, OPTION_LABEL) VALUES (377, "JPP", "JAPAN PRODUCT PARTS");
INSERT INTO FRAME(ID, MODEL_ID, NAME, URL) VALUES (46, 5, "VZN110L", "https://toyota-europe.epc-data.com/4runner/vzn110l");
INSERT INTO COMPLECTATION(ID, FRAME_ID, NAME, URL, ENGINE_MNEMONIC, ENGINE_LABEL, PRODUCTION_PERIOD, BODY_MNEMONIC, BODY_LABEL, GRADE_MNEMONIC, GRADE_LABEL, TRANSMISSION_MNEMONIC, TRANSMISSION_LABEL) VALUES (378, 46, "VZN110L-CRMDEA", "https://toyota-europe.epc-data.com/4runner/vzn110l/6311/", "3VZE", "3000CC EFI", "08.1988 - 01.1995", "T1", "TRUCK(STANDARD DECK 1-SIDE OPEN)", "DLX", "DELUXE TYPE", "MTM", "MANUAL TRANSMISSION");
INSERT INTO COMPLECTATION_OPTIONS(COMPLECTATION_ID, OPTION_MNEMONIC, OPTION_LABEL) VALUES (378, "5F", "MTM,5-SPEED FLOOR SHIFT");
INSERT INTO COMPLECTATION_OPTIONS(COMPLECTATION_ID, OPTION_MNEMONIC, OPTION_LABEL) VALUES (378, "XTR", "EXTRA CAB");
INSERT INTO COMPLECTATION_OPTIONS(COMPLECTATION_ID, OPTION_MNEMONIC, OPTION_LABEL) VALUES (378, "R", "R TYPE TRANSMISSION");
INSERT INTO COMPLECTATION_OPTIONS(COMPLECTATION_ID, OPTION_MNEMONIC, OPTION_LABEL) VALUES (378, "EFI", "ELECTRIC FUEL INJECTION SYSTEM");
INSERT INTO COMPLECTATION_OPTIONS(COMPLECTATION_ID, OPTION_MNEMONIC, OPTION_LABEL) VALUES (378, "USA", "UNITED STATES OF AMERICA");
INSERT INTO COMPLECTATION_OPTIONS(COMPLECTATION_ID, OPTION_MNEMONIC, OPTION_LABEL) VALUES (378, "CBU", "COMPLETELY BUILT UNIT");
INSERT INTO COMPLECTATION_OPTIONS(COMPLECTATION_ID, OPTION_MNEMONIC, OPTION_LABEL) VALUES (378, "JPP", "JAPAN PRODUCT PARTS");
INSERT INTO COMPLECTATION(ID, FRAME_ID, NAME, URL, ENGINE_MNEMONIC, ENGINE_LABEL, PRODUCTION_PERIOD, BODY_MNEMONIC, BODY_LABEL, GRADE_MNEMONIC, GRADE_LABEL, TRANSMISSION_MNEMONIC, TRANSMISSION_LABEL) VALUES (379, 46, "VZN110L-CRMDEA3", "https://toyota-europe.epc-data.com/4runner/vzn110l/6312/", "3VZE", "3000CC EFI", "08.1988 - 08.1989", "T1", "TRUCK(STANDARD DECK 1-SIDE OPEN)", "DLX", "DELUXE TYPE", "MTM", "MANUAL TRANSMISSION");
INSERT INTO COMPLECTATION_OPTIONS(COMPLECTATION_ID, OPTION_MNEMONIC, OPTION_LABEL) VALUES (379, "5F", "MTM,5-SPEED FLOOR SHIFT");
INSERT INTO COMPLECTATION_OPTIONS(COMPLECTATION_ID, OPTION_MNEMONIC, OPTION_LABEL) VALUES (379, "XTR", "EXTRA CAB");
INSERT INTO COMPLECTATION_OPTIONS(COMPLECTATION_ID, OPTION_MNEMONIC, OPTION_LABEL) VALUES (379, "R", "R TYPE TRANSMISSION");
INSERT INTO COMPLECTATION_OPTIONS(COMPLECTATION_ID, OPTION_MNEMONIC, OPTION_LABEL) VALUES (379, "EFI", "ELECTRIC FUEL INJECTION SYSTEM");
INSERT INTO COMPLECTATION_OPTIONS(COMPLECTATION_ID, OPTION_MNEMONIC, OPTION_LABEL) VALUES (379, "USA", "UNITED STATES OF AMERICA");
INSERT INTO COMPLECTATION_OPTIONS(COMPLECTATION_ID, OPTION_MNEMONIC, OPTION_LABEL) VALUES (379, "IV3", "INCOMPLETE VEHICLES (CAB & CHASSIS)");
INSERT INTO COMPLECTATION_OPTIONS(COMPLECTATION_ID, OPTION_MNEMONIC, OPTION_LABEL) VALUES (379, "JPP", "JAPAN PRODUCT PARTS");
INSERT INTO COMPLECTATION(ID, FRAME_ID, NAME, URL, ENGINE_MNEMONIC, ENGINE_LABEL, PRODUCTION_PERIOD, BODY_MNEMONIC, BODY_LABEL, GRADE_MNEMONIC, GRADE_LABEL, TRANSMISSION_MNEMONIC, TRANSMISSION_LABEL) VALUES (380, 46, "VZN110L-CRMDEK", "https://toyota-europe.epc-data.com/4runner/vzn110l/6313/", "3VZE", "3000CC EFI", "08.1988 - 01.1995", "T1", "TRUCK(STANDARD DECK 1-SIDE OPEN)", "DLX", "DELUXE TYPE", "MTM", "MANUAL TRANSMISSION");
INSERT INTO COMPLECTATION_OPTIONS(COMPLECTATION_ID, OPTION_MNEMONIC, OPTION_LABEL) VALUES (380, "5F", "MTM,5-SPEED FLOOR SHIFT");
INSERT INTO COMPLECTATION_OPTIONS(COMPLECTATION_ID, OPTION_MNEMONIC, OPTION_LABEL) VALUES (380, "XTR", "EXTRA CAB");
INSERT INTO COMPLECTATION_OPTIONS(COMPLECTATION_ID, OPTION_MNEMONIC, OPTION_LABEL) VALUES (380, "R", "R TYPE TRANSMISSION");
INSERT INTO COMPLECTATION_OPTIONS(COMPLECTATION_ID, OPTION_MNEMONIC, OPTION_LABEL) VALUES (380, "EFI", "ELECTRIC FUEL INJECTION SYSTEM");
INSERT INTO COMPLECTATION_OPTIONS(COMPLECTATION_ID, OPTION_MNEMONIC, OPTION_LABEL) VALUES (380, "CND", "CANADA");
INSERT INTO COMPLECTATION_OPTIONS(COMPLECTATION_ID, OPTION_MNEMONIC, OPTION_LABEL) VALUES (380, "CBU", "COMPLETELY BUILT UNIT");
INSERT INTO COMPLECTATION_OPTIONS(COMPLECTATION_ID, OPTION_MNEMONIC, OPTION_LABEL) VALUES (380, "JPP", "JAPAN PRODUCT PARTS");
INSERT INTO COMPLECTATION(ID, FRAME_ID, NAME, URL, ENGINE_MNEMONIC, ENGINE_LABEL, PRODUCTION_PERIOD, BODY_MNEMONIC, BODY_LABEL, GRADE_MNEMONIC, GRADE_LABEL, TRANSMISSION_MNEMONIC, TRANSMISSION_LABEL) VALUES (381, 46, "VZN110L-CRMGEA", "https://toyota-europe.epc-data.com/4runner/vzn110l/6317/", "3VZE", "3000CC EFI", "08.1988 - 01.1995", "T1", "TRUCK(STANDARD DECK 1-SIDE OPEN)", "SR5", "SR-5 TYPE", "MTM", "MANUAL TRANSMISSION");
INSERT INTO COMPLECTATION_OPTIONS(COMPLECTATION_ID, OPTION_MNEMONIC, OPTION_LABEL) VALUES (381, "5F", "MTM,5-SPEED FLOOR SHIFT");
INSERT INTO COMPLECTATION_OPTIONS(COMPLECTATION_ID, OPTION_MNEMONIC, OPTION_LABEL) VALUES (381, "XTR", "EXTRA CAB");
INSERT INTO COMPLECTATION_OPTIONS(COMPLECTATION_ID, OPTION_MNEMONIC, OPTION_LABEL) VALUES (381, "R", "R TYPE TRANSMISSION");
INSERT INTO COMPLECTATION_OPTIONS(COMPLECTATION_ID, OPTION_MNEMONIC, OPTION_LABEL) VALUES (381, "EFI", "ELECTRIC FUEL INJECTION SYSTEM");
INSERT INTO COMPLECTATION_OPTIONS(COMPLECTATION_ID, OPTION_MNEMONIC, OPTION_LABEL) VALUES (381, "USA", "UNITED STATES OF AMERICA");
INSERT INTO COMPLECTATION_OPTIONS(COMPLECTATION_ID, OPTION_MNEMONIC, OPTION_LABEL) VALUES (381, "CBU", "COMPLETELY BUILT UNIT");
INSERT INTO COMPLECTATION_OPTIONS(COMPLECTATION_ID, OPTION_MNEMONIC, OPTION_LABEL) VALUES (381, "JPP", "JAPAN PRODUCT PARTS");
INSERT INTO COMPLECTATION(ID, FRAME_ID, NAME, URL, ENGINE_MNEMONIC, ENGINE_LABEL, PRODUCTION_PERIOD, BODY_MNEMONIC, BODY_LABEL, GRADE_MNEMONIC, GRADE_LABEL, TRANSMISSION_MNEMONIC, TRANSMISSION_LABEL) VALUES (382, 46, "VZN110L-CRMGEA3", "https://toyota-europe.epc-data.com/4runner/vzn110l/6318/", "3VZE", "3000CC EFI", "08.1988 - 08.1989", "T1", "TRUCK(STANDARD DECK 1-SIDE OPEN)", "SR5", "SR-5 TYPE", "MTM", "MANUAL TRANSMISSION");
INSERT INTO COMPLECTATION_OPTIONS(COMPLECTATION_ID, OPTION_MNEMONIC, OPTION_LABEL) VALUES (382, "5F", "MTM,5-SPEED FLOOR SHIFT");
INSERT INTO COMPLECTATION_OPTIONS(COMPLECTATION_ID, OPTION_MNEMONIC, OPTION_LABEL) VALUES (382, "XTR", "EXTRA CAB");
INSERT INTO COMPLECTATION_OPTIONS(COMPLECTATION_ID, OPTION_MNEMONIC, OPTION_LABEL) VALUES (382, "R", "R TYPE TRANSMISSION");
INSERT INTO COMPLECTATION_OPTIONS(COMPLECTATION_ID, OPTION_MNEMONIC, OPTION_LABEL) VALUES (382, "EFI", "ELECTRIC FUEL INJECTION SYSTEM");
INSERT INTO COMPLECTATION_OPTIONS(COMPLECTATION_ID, OPTION_MNEMONIC, OPTION_LABEL) VALUES (382, "USA", "UNITED STATES OF AMERICA");
INSERT INTO COMPLECTATION_OPTIONS(COMPLECTATION_ID, OPTION_MNEMONIC, OPTION_LABEL) VALUES (382, "IV3", "INCOMPLETE VEHICLES (CAB & CHASSIS)");
INSERT INTO COMPLECTATION_OPTIONS(COMPLECTATION_ID, OPTION_MNEMONIC, OPTION_LABEL) VALUES (382, "JPP", "JAPAN PRODUCT PARTS");
INSERT INTO COMPLECTATION(ID, FRAME_ID, NAME, URL, ENGINE_MNEMONIC, ENGINE_LABEL, PRODUCTION_PERIOD, BODY_MNEMONIC, BODY_LABEL, GRADE_MNEMONIC, GRADE_LABEL, TRANSMISSION_MNEMONIC, TRANSMISSION_LABEL) VALUES (383, 46, "VZN110L-CRMGEK", "https://toyota-europe.epc-data.com/4runner/vzn110l/6319/", "3VZE", "3000CC EFI", "08.1988 - 01.1995", "T1", "TRUCK(STANDARD DECK 1-SIDE OPEN)", "SR5", "SR-5 TYPE", "MTM", "MANUAL TRANSMISSION");
INSERT INTO COMPLECTATION_OPTIONS(COMPLECTATION_ID, OPTION_MNEMONIC, OPTION_LABEL) VALUES (383, "5F", "MTM,5-SPEED FLOOR SHIFT");
INSERT INTO COMPLECTATION_OPTIONS(COMPLECTATION_ID, OPTION_MNEMONIC, OPTION_LABEL) VALUES (383, "XTR", "EXTRA CAB");
INSERT INTO COMPLECTATION_OPTIONS(COMPLECTATION_ID, OPTION_MNEMONIC, OPTION_LABEL) VALUES (383, "R", "R TYPE TRANSMISSION");
INSERT INTO COMPLECTATION_OPTIONS(COMPLECTATION_ID, OPTION_MNEMONIC, OPTION_LABEL) VALUES (383, "EFI", "ELECTRIC FUEL INJECTION SYSTEM");
INSERT INTO COMPLECTATION_OPTIONS(COMPLECTATION_ID, OPTION_MNEMONIC, OPTION_LABEL) VALUES (383, "CND", "CANADA");
INSERT INTO COMPLECTATION_OPTIONS(COMPLECTATION_ID, OPTION_MNEMONIC, OPTION_LABEL) VALUES (383, "CBU", "COMPLETELY BUILT UNIT");
INSERT INTO COMPLECTATION_OPTIONS(COMPLECTATION_ID, OPTION_MNEMONIC, OPTION_LABEL) VALUES (383, "JPP", "JAPAN PRODUCT PARTS");
INSERT INTO COMPLECTATION(ID, FRAME_ID, NAME, URL, ENGINE_MNEMONIC, ENGINE_LABEL, PRODUCTION_PERIOD, BODY_MNEMONIC, BODY_LABEL, GRADE_MNEMONIC, GRADE_LABEL, TRANSMISSION_MNEMONIC, TRANSMISSION_LABEL) VALUES (384, 46, "VZN110L-CRPDEA", "https://toyota-europe.epc-data.com/4runner/vzn110l/6314/", "3VZE", "3000CC EFI", "08.1988 - 01.1995", "T1", "TRUCK(STANDARD DECK 1-SIDE OPEN)", "DLX", "DELUXE TYPE", "ATM", "AUTOMATIC TRANSMISSION");
INSERT INTO COMPLECTATION_OPTIONS(COMPLECTATION_ID, OPTION_MNEMONIC, OPTION_LABEL) VALUES (384, "4FC", "ATM,4-SPEED FLOOR SHIFT");
INSERT INTO COMPLECTATION_OPTIONS(COMPLECTATION_ID, OPTION_MNEMONIC, OPTION_LABEL) VALUES (384, "XTR", "EXTRA CAB");
INSERT INTO COMPLECTATION_OPTIONS(COMPLECTATION_ID, OPTION_MNEMONIC, OPTION_LABEL) VALUES (384, "EFI", "ELECTRIC FUEL INJECTION SYSTEM");
INSERT INTO COMPLECTATION_OPTIONS(COMPLECTATION_ID, OPTION_MNEMONIC, OPTION_LABEL) VALUES (384, "USA", "UNITED STATES OF AMERICA");
INSERT INTO COMPLECTATION_OPTIONS(COMPLECTATION_ID, OPTION_MNEMONIC, OPTION_LABEL) VALUES (384, "CBU", "COMPLETELY BUILT UNIT");
INSERT INTO COMPLECTATION_OPTIONS(COMPLECTATION_ID, OPTION_MNEMONIC, OPTION_LABEL) VALUES (384, "JPP", "JAPAN PRODUCT PARTS");
INSERT INTO COMPLECTATION(ID, FRAME_ID, NAME, URL, ENGINE_MNEMONIC, ENGINE_LABEL, PRODUCTION_PERIOD, BODY_MNEMONIC, BODY_LABEL, GRADE_MNEMONIC, GRADE_LABEL, TRANSMISSION_MNEMONIC, TRANSMISSION_LABEL) VALUES (385, 46, "VZN110L-CRPDEA3", "https://toyota-europe.epc-data.com/4runner/vzn110l/6315/", "3VZE", "3000CC EFI", "08.1988 - 08.1989", "T1", "TRUCK(STANDARD DECK 1-SIDE OPEN)", "DLX", "DELUXE TYPE", "ATM", "AUTOMATIC TRANSMISSION");
INSERT INTO COMPLECTATION_OPTIONS(COMPLECTATION_ID, OPTION_MNEMONIC, OPTION_LABEL) VALUES (385, "4FC", "ATM,4-SPEED FLOOR SHIFT");
INSERT INTO COMPLECTATION_OPTIONS(COMPLECTATION_ID, OPTION_MNEMONIC, OPTION_LABEL) VALUES (385, "XTR", "EXTRA CAB");
INSERT INTO COMPLECTATION_OPTIONS(COMPLECTATION_ID, OPTION_MNEMONIC, OPTION_LABEL) VALUES (385, "EFI", "ELECTRIC FUEL INJECTION SYSTEM");
INSERT INTO COMPLECTATION_OPTIONS(COMPLECTATION_ID, OPTION_MNEMONIC, OPTION_LABEL) VALUES (385, "USA", "UNITED STATES OF AMERICA");
INSERT INTO COMPLECTATION_OPTIONS(COMPLECTATION_ID, OPTION_MNEMONIC, OPTION_LABEL) VALUES (385, "IV3", "INCOMPLETE VEHICLES (CAB & CHASSIS)");
INSERT INTO COMPLECTATION_OPTIONS(COMPLECTATION_ID, OPTION_MNEMONIC, OPTION_LABEL) VALUES (385, "JPP", "JAPAN PRODUCT PARTS");
INSERT INTO COMPLECTATION(ID, FRAME_ID, NAME, URL, ENGINE_MNEMONIC, ENGINE_LABEL, PRODUCTION_PERIOD, BODY_MNEMONIC, BODY_LABEL, GRADE_MNEMONIC, GRADE_LABEL, TRANSMISSION_MNEMONIC, TRANSMISSION_LABEL) VALUES (386, 46, "VZN110L-CRPDEK", "https://toyota-europe.epc-data.com/4runner/vzn110l/6316/", "3VZE", "3000CC EFI", "08.1988 - 01.1995", "T1", "TRUCK(STANDARD DECK 1-SIDE OPEN)", "DLX", "DELUXE TYPE", "ATM", "AUTOMATIC TRANSMISSION");
INSERT INTO COMPLECTATION_OPTIONS(COMPLECTATION_ID, OPTION_MNEMONIC, OPTION_LABEL) VALUES (386, "4FC", "ATM,4-SPEED FLOOR SHIFT");
INSERT INTO COMPLECTATION_OPTIONS(COMPLECTATION_ID, OPTION_MNEMONIC, OPTION_LABEL) VALUES (386, "XTR", "EXTRA CAB");
INSERT INTO COMPLECTATION_OPTIONS(COMPLECTATION_ID, OPTION_MNEMONIC, OPTION_LABEL) VALUES (386, "EFI", "ELECTRIC FUEL INJECTION SYSTEM");
INSERT INTO COMPLECTATION_OPTIONS(COMPLECTATION_ID, OPTION_MNEMONIC, OPTION_LABEL) VALUES (386, "CND", "CANADA");
INSERT INTO COMPLECTATION_OPTIONS(COMPLECTATION_ID, OPTION_MNEMONIC, OPTION_LABEL) VALUES (386, "CBU", "COMPLETELY BUILT UNIT");
INSERT INTO COMPLECTATION_OPTIONS(COMPLECTATION_ID, OPTION_MNEMONIC, OPTION_LABEL) VALUES (386, "JPP", "JAPAN PRODUCT PARTS");
INSERT INTO COMPLECTATION(ID, FRAME_ID, NAME, URL, ENGINE_MNEMONIC, ENGINE_LABEL, PRODUCTION_PERIOD, BODY_MNEMONIC, BODY_LABEL, GRADE_MNEMONIC, GRADE_LABEL, TRANSMISSION_MNEMONIC, TRANSMISSION_LABEL) VALUES (387, 46, "VZN110L-CRPGEA", "https://toyota-europe.epc-data.com/4runner/vzn110l/6320/", "3VZE", "3000CC EFI", "08.1988 - 01.1995", "T1", "TRUCK(STANDARD DECK 1-SIDE OPEN)", "SR5", "SR-5 TYPE", "ATM", "AUTOMATIC TRANSMISSION");
INSERT INTO COMPLECTATION_OPTIONS(COMPLECTATION_ID, OPTION_MNEMONIC, OPTION_LABEL) VALUES (387, "4FC", "ATM,4-SPEED FLOOR SHIFT");
INSERT INTO COMPLECTATION_OPTIONS(COMPLECTATION_ID, OPTION_MNEMONIC, OPTION_LABEL) VALUES (387, "XTR", "EXTRA CAB");
INSERT INTO COMPLECTATION_OPTIONS(COMPLECTATION_ID, OPTION_MNEMONIC, OPTION_LABEL) VALUES (387, "EFI", "ELECTRIC FUEL INJECTION SYSTEM");
INSERT INTO COMPLECTATION_OPTIONS(COMPLECTATION_ID, OPTION_MNEMONIC, OPTION_LABEL) VALUES (387, "USA", "UNITED STATES OF AMERICA");
INSERT INTO COMPLECTATION_OPTIONS(COMPLECTATION_ID, OPTION_MNEMONIC, OPTION_LABEL) VALUES (387, "CBU", "COMPLETELY BUILT UNIT");
INSERT INTO COMPLECTATION_OPTIONS(COMPLECTATION_ID, OPTION_MNEMONIC, OPTION_LABEL) VALUES (387, "JPP", "JAPAN PRODUCT PARTS");
INSERT INTO COMPLECTATION(ID, FRAME_ID, NAME, URL, ENGINE_MNEMONIC, ENGINE_LABEL, PRODUCTION_PERIOD, BODY_MNEMONIC, BODY_LABEL, GRADE_MNEMONIC, GRADE_LABEL, TRANSMISSION_MNEMONIC, TRANSMISSION_LABEL) VALUES (388, 46, "VZN110L-CRPGEA3", "https://toyota-europe.epc-data.com/4runner/vzn110l/6321/", "3VZE", "3000CC EFI", "08.1988 - 08.1989", "T1", "TRUCK(STANDARD DECK 1-SIDE OPEN)", "SR5", "SR-5 TYPE", "ATM", "AUTOMATIC TRANSMISSION");
INSERT INTO COMPLECTATION_OPTIONS(COMPLECTATION_ID, OPTION_MNEMONIC, OPTION_LABEL) VALUES (388, "4FC", "ATM,4-SPEED FLOOR SHIFT");
INSERT INTO COMPLECTATION_OPTIONS(COMPLECTATION_ID, OPTION_MNEMONIC, OPTION_LABEL) VALUES (388, "XTR", "EXTRA CAB");
INSERT INTO COMPLECTATION_OPTIONS(COMPLECTATION_ID, OPTION_MNEMONIC, OPTION_LABEL) VALUES (388, "EFI", "ELECTRIC FUEL INJECTION SYSTEM");
INSERT INTO COMPLECTATION_OPTIONS(COMPLECTATION_ID, OPTION_MNEMONIC, OPTION_LABEL) VALUES (388, "USA", "UNITED STATES OF AMERICA");
INSERT INTO COMPLECTATION_OPTIONS(COMPLECTATION_ID, OPTION_MNEMONIC, OPTION_LABEL) VALUES (388, "IV3", "INCOMPLETE VEHICLES (CAB & CHASSIS)");
INSERT INTO COMPLECTATION_OPTIONS(COMPLECTATION_ID, OPTION_MNEMONIC, OPTION_LABEL) VALUES (388, "JPP", "JAPAN PRODUCT PARTS");
INSERT INTO FRAME(ID, MODEL_ID, NAME, URL) VALUES (47, 5, "VZN120L", "https://toyota-europe.epc-data.com/4runner/vzn120l");
INSERT INTO COMPLECTATION(ID, FRAME_ID, NAME, URL, ENGINE_MNEMONIC, ENGINE_LABEL, PRODUCTION_PERIOD, BODY_MNEMONIC, BODY_LABEL, GRADE_MNEMONIC, GRADE_LABEL, TRANSMISSION_MNEMONIC, TRANSMISSION_LABEL) VALUES (389, 47, "VZN120L-GKPGEA", "https://toyota-europe.epc-data.com/4runner/vzn120l/6372/", "3VZE", "3000CC EFI", "04.1989 - 11.1995", "", "", "SR5", "SR-5 TYPE", "ATM", "AUTOMATIC TRANSMISSION");
INSERT INTO COMPLECTATION_OPTIONS(COMPLECTATION_ID, OPTION_MNEMONIC, OPTION_LABEL) VALUES (389, "4FC", "ATM,4-SPEED FLOOR SHIFT");
INSERT INTO COMPLECTATION_OPTIONS(COMPLECTATION_ID, OPTION_MNEMONIC, OPTION_LABEL) VALUES (389, "WG", "WAGON(4-RUNNER)");
INSERT INTO COMPLECTATION_OPTIONS(COMPLECTATION_ID, OPTION_MNEMONIC, OPTION_LABEL) VALUES (389, "EFI", "ELECTRIC FUEL INJECTION SYSTEM");
INSERT INTO COMPLECTATION_OPTIONS(COMPLECTATION_ID, OPTION_MNEMONIC, OPTION_LABEL) VALUES (389, "USA", "UNITED STATES OF AMERICA");
INSERT INTO COMPLECTATION_OPTIONS(COMPLECTATION_ID, OPTION_MNEMONIC, OPTION_LABEL) VALUES (389, "CBU", "COMPLETELY BUILT UNIT");
INSERT INTO COMPLECTATION_OPTIONS(COMPLECTATION_ID, OPTION_MNEMONIC, OPTION_LABEL) VALUES (389, "4D", "4-DOOR WAGON");
INSERT INTO COMPLECTATION_OPTIONS(COMPLECTATION_ID, OPTION_MNEMONIC, OPTION_LABEL) VALUES (389, "JPP", "JAPAN PRODUCT PARTS");
INSERT INTO FRAME(ID, MODEL_ID, NAME, URL) VALUES (48, 5, "VZN130L", "https://toyota-europe.epc-data.com/4runner/vzn130l");
INSERT INTO COMPLECTATION(ID, FRAME_ID, NAME, URL, ENGINE_MNEMONIC, ENGINE_LABEL, PRODUCTION_PERIOD, BODY_MNEMONIC, BODY_LABEL, GRADE_MNEMONIC, GRADE_LABEL, TRANSMISSION_MNEMONIC, TRANSMISSION_LABEL) VALUES (390, 48, "VZN130L-GJMGEA", "https://toyota-europe.epc-data.com/4runner/vzn130l/6260/", "3VZE", "3000CC EFI", "04.1989 - 08.1993", "2D", "2-DOOR WAGON", "SR5", "SR-5 TYPE", "MTM", "MANUAL TRANSMISSION");
INSERT INTO COMPLECTATION_OPTIONS(COMPLECTATION_ID, OPTION_MNEMONIC, OPTION_LABEL) VALUES (390, "5F", "MTM,5-SPEED FLOOR SHIFT");
INSERT INTO COMPLECTATION_OPTIONS(COMPLECTATION_ID, OPTION_MNEMONIC, OPTION_LABEL) VALUES (390, "WG", "WAGON(4-RUNNER)");
INSERT INTO COMPLECTATION_OPTIONS(COMPLECTATION_ID, OPTION_MNEMONIC, OPTION_LABEL) VALUES (390, "R", "R TYPE TRANSMISSION");
INSERT INTO COMPLECTATION_OPTIONS(COMPLECTATION_ID, OPTION_MNEMONIC, OPTION_LABEL) VALUES (390, "EFI", "ELECTRIC FUEL INJECTION SYSTEM");
INSERT INTO COMPLECTATION_OPTIONS(COMPLECTATION_ID, OPTION_MNEMONIC, OPTION_LABEL) VALUES (390, "USA", "UNITED STATES OF AMERICA");
INSERT INTO COMPLECTATION_OPTIONS(COMPLECTATION_ID, OPTION_MNEMONIC, OPTION_LABEL) VALUES (390, "CBU", "COMPLETELY BUILT UNIT");
INSERT INTO COMPLECTATION_OPTIONS(COMPLECTATION_ID, OPTION_MNEMONIC, OPTION_LABEL) VALUES (390, "JPP", "JAPAN PRODUCT PARTS");
INSERT INTO COMPLECTATION(ID, FRAME_ID, NAME, URL, ENGINE_MNEMONIC, ENGINE_LABEL, PRODUCTION_PERIOD, BODY_MNEMONIC, BODY_LABEL, GRADE_MNEMONIC, GRADE_LABEL, TRANSMISSION_MNEMONIC, TRANSMISSION_LABEL) VALUES (391, 48, "VZN130L-GJPGEA", "https://toyota-europe.epc-data.com/4runner/vzn130l/6261/", "3VZE", "3000CC EFI", "04.1989 - 08.1993", "2D", "2-DOOR WAGON", "SR5", "SR-5 TYPE", "ATM", "AUTOMATIC TRANSMISSION");
INSERT INTO COMPLECTATION_OPTIONS(COMPLECTATION_ID, OPTION_MNEMONIC, OPTION_LABEL) VALUES (391, "4FC", "ATM,4-SPEED FLOOR SHIFT");
INSERT INTO COMPLECTATION_OPTIONS(COMPLECTATION_ID, OPTION_MNEMONIC, OPTION_LABEL) VALUES (391, "WG", "WAGON(4-RUNNER)");
INSERT INTO COMPLECTATION_OPTIONS(COMPLECTATION_ID, OPTION_MNEMONIC, OPTION_LABEL) VALUES (391, "EFI", "ELECTRIC FUEL INJECTION SYSTEM");
INSERT INTO COMPLECTATION_OPTIONS(COMPLECTATION_ID, OPTION_MNEMONIC, OPTION_LABEL) VALUES (391, "USA", "UNITED STATES OF AMERICA");
INSERT INTO COMPLECTATION_OPTIONS(COMPLECTATION_ID, OPTION_MNEMONIC, OPTION_LABEL) VALUES (391, "CBU", "COMPLETELY BUILT UNIT");
INSERT INTO COMPLECTATION_OPTIONS(COMPLECTATION_ID, OPTION_MNEMONIC, OPTION_LABEL) VALUES (391, "JPP", "JAPAN PRODUCT PARTS");
INSERT INTO COMPLECTATION(ID, FRAME_ID, NAME, URL, ENGINE_MNEMONIC, ENGINE_LABEL, PRODUCTION_PERIOD, BODY_MNEMONIC, BODY_LABEL, GRADE_MNEMONIC, GRADE_LABEL, TRANSMISSION_MNEMONIC, TRANSMISSION_LABEL) VALUES (392, 48, "VZN130L-GKMGEA", "https://toyota-europe.epc-data.com/4runner/vzn130l/6262/", "3VZE", "3000CC EFI", "04.1989 - 11.1995", "4D", "4-DOOR WAGON", "SR5", "SR-5 TYPE", "MTM", "MANUAL TRANSMISSION");
INSERT INTO COMPLECTATION_OPTIONS(COMPLECTATION_ID, OPTION_MNEMONIC, OPTION_LABEL) VALUES (392, "5F", "MTM,5-SPEED FLOOR SHIFT");
INSERT INTO COMPLECTATION_OPTIONS(COMPLECTATION_ID, OPTION_MNEMONIC, OPTION_LABEL) VALUES (392, "WG", "WAGON(4-RUNNER)");
INSERT INTO COMPLECTATION_OPTIONS(COMPLECTATION_ID, OPTION_MNEMONIC, OPTION_LABEL) VALUES (392, "R", "R TYPE TRANSMISSION");
INSERT INTO COMPLECTATION_OPTIONS(COMPLECTATION_ID, OPTION_MNEMONIC, OPTION_LABEL) VALUES (392, "EFI", "ELECTRIC FUEL INJECTION SYSTEM");
INSERT INTO COMPLECTATION_OPTIONS(COMPLECTATION_ID, OPTION_MNEMONIC, OPTION_LABEL) VALUES (392, "USA", "UNITED STATES OF AMERICA");
INSERT INTO COMPLECTATION_OPTIONS(COMPLECTATION_ID, OPTION_MNEMONIC, OPTION_LABEL) VALUES (392, "CBU", "COMPLETELY BUILT UNIT");
INSERT INTO COMPLECTATION_OPTIONS(COMPLECTATION_ID, OPTION_MNEMONIC, OPTION_LABEL) VALUES (392, "JPP", "JAPAN PRODUCT PARTS");
INSERT INTO COMPLECTATION(ID, FRAME_ID, NAME, URL, ENGINE_MNEMONIC, ENGINE_LABEL, PRODUCTION_PERIOD, BODY_MNEMONIC, BODY_LABEL, GRADE_MNEMONIC, GRADE_LABEL, TRANSMISSION_MNEMONIC, TRANSMISSION_LABEL) VALUES (393, 48, "VZN130L-GKPGEA", "https://toyota-europe.epc-data.com/4runner/vzn130l/6263/", "3VZE", "3000CC EFI", "04.1989 - 11.1995", "4D", "4-DOOR WAGON", "SR5", "SR-5 TYPE", "ATM", "AUTOMATIC TRANSMISSION");
INSERT INTO COMPLECTATION_OPTIONS(COMPLECTATION_ID, OPTION_MNEMONIC, OPTION_LABEL) VALUES (393, "4FC", "ATM,4-SPEED FLOOR SHIFT");
INSERT INTO COMPLECTATION_OPTIONS(COMPLECTATION_ID, OPTION_MNEMONIC, OPTION_LABEL) VALUES (393, "WG", "WAGON(4-RUNNER)");
INSERT INTO COMPLECTATION_OPTIONS(COMPLECTATION_ID, OPTION_MNEMONIC, OPTION_LABEL) VALUES (393, "EFI", "ELECTRIC FUEL INJECTION SYSTEM");
INSERT INTO COMPLECTATION_OPTIONS(COMPLECTATION_ID, OPTION_MNEMONIC, OPTION_LABEL) VALUES (393, "USA", "UNITED STATES OF AMERICA");
INSERT INTO COMPLECTATION_OPTIONS(COMPLECTATION_ID, OPTION_MNEMONIC, OPTION_LABEL) VALUES (393, "CBU", "COMPLETELY BUILT UNIT");
INSERT INTO COMPLECTATION_OPTIONS(COMPLECTATION_ID, OPTION_MNEMONIC, OPTION_LABEL) VALUES (393, "JPP", "JAPAN PRODUCT PARTS");
INSERT INTO FRAME(ID, MODEL_ID, NAME, URL) VALUES (49, 5, "VZN131L", "https://toyota-europe.epc-data.com/4runner/vzn131l");
INSERT INTO COMPLECTATION(ID, FRAME_ID, NAME, URL, ENGINE_MNEMONIC, ENGINE_LABEL, PRODUCTION_PERIOD, BODY_MNEMONIC, BODY_LABEL, GRADE_MNEMONIC, GRADE_LABEL, TRANSMISSION_MNEMONIC, TRANSMISSION_LABEL) VALUES (394, 49, "VZN131L-RJMGEK", "https://toyota-europe.epc-data.com/4runner/vzn131l/6322/", "3VZE", "3000CC EFI", "04.1989 - 08.1993", "2D", "2-DOOR WAGON", "SR5", "SR-5 TYPE", "MTM", "MANUAL TRANSMISSION");
INSERT INTO COMPLECTATION_OPTIONS(COMPLECTATION_ID, OPTION_MNEMONIC, OPTION_LABEL) VALUES (394, "5F", "MTM,5-SPEED FLOOR SHIFT");
INSERT INTO COMPLECTATION_OPTIONS(COMPLECTATION_ID, OPTION_MNEMONIC, OPTION_LABEL) VALUES (394, "WG", "WAGON(4-RUNNER)");
INSERT INTO COMPLECTATION_OPTIONS(COMPLECTATION_ID, OPTION_MNEMONIC, OPTION_LABEL) VALUES (394, "R", "R TYPE TRANSMISSION");
INSERT INTO COMPLECTATION_OPTIONS(COMPLECTATION_ID, OPTION_MNEMONIC, OPTION_LABEL) VALUES (394, "EFI", "ELECTRIC FUEL INJECTION SYSTEM");
INSERT INTO COMPLECTATION_OPTIONS(COMPLECTATION_ID, OPTION_MNEMONIC, OPTION_LABEL) VALUES (394, "CND", "CANADA");
INSERT INTO COMPLECTATION_OPTIONS(COMPLECTATION_ID, OPTION_MNEMONIC, OPTION_LABEL) VALUES (394, "CBU", "COMPLETELY BUILT UNIT");
INSERT INTO COMPLECTATION_OPTIONS(COMPLECTATION_ID, OPTION_MNEMONIC, OPTION_LABEL) VALUES (394, "JPP", "JAPAN PRODUCT PARTS");
INSERT INTO COMPLECTATION(ID, FRAME_ID, NAME, URL, ENGINE_MNEMONIC, ENGINE_LABEL, PRODUCTION_PERIOD, BODY_MNEMONIC, BODY_LABEL, GRADE_MNEMONIC, GRADE_LABEL, TRANSMISSION_MNEMONIC, TRANSMISSION_LABEL) VALUES (395, 49, "VZN131L-RJPGEK", "https://toyota-europe.epc-data.com/4runner/vzn131l/6323/", "3VZE", "3000CC EFI", "04.1989 - 08.1993", "2D", "2-DOOR WAGON", "SR5", "SR-5 TYPE", "ATM", "AUTOMATIC TRANSMISSION");
INSERT INTO COMPLECTATION_OPTIONS(COMPLECTATION_ID, OPTION_MNEMONIC, OPTION_LABEL) VALUES (395, "4FC", "ATM,4-SPEED FLOOR SHIFT");
INSERT INTO COMPLECTATION_OPTIONS(COMPLECTATION_ID, OPTION_MNEMONIC, OPTION_LABEL) VALUES (395, "WG", "WAGON(4-RUNNER)");
INSERT INTO COMPLECTATION_OPTIONS(COMPLECTATION_ID, OPTION_MNEMONIC, OPTION_LABEL) VALUES (395, "EFI", "ELECTRIC FUEL INJECTION SYSTEM");
INSERT INTO COMPLECTATION_OPTIONS(COMPLECTATION_ID, OPTION_MNEMONIC, OPTION_LABEL) VALUES (395, "CND", "CANADA");
INSERT INTO COMPLECTATION_OPTIONS(COMPLECTATION_ID, OPTION_MNEMONIC, OPTION_LABEL) VALUES (395, "CBU", "COMPLETELY BUILT UNIT");
INSERT INTO COMPLECTATION_OPTIONS(COMPLECTATION_ID, OPTION_MNEMONIC, OPTION_LABEL) VALUES (395, "JPP", "JAPAN PRODUCT PARTS");
INSERT INTO COMPLECTATION(ID, FRAME_ID, NAME, URL, ENGINE_MNEMONIC, ENGINE_LABEL, PRODUCTION_PERIOD, BODY_MNEMONIC, BODY_LABEL, GRADE_MNEMONIC, GRADE_LABEL, TRANSMISSION_MNEMONIC, TRANSMISSION_LABEL) VALUES (396, 49, "VZN131L-RKMGEK", "https://toyota-europe.epc-data.com/4runner/vzn131l/6324/", "3VZE", "3000CC EFI", "04.1989 - 11.1995", "4D", "4-DOOR WAGON", "SR5", "SR-5 TYPE", "MTM", "MANUAL TRANSMISSION");
INSERT INTO COMPLECTATION_OPTIONS(COMPLECTATION_ID, OPTION_MNEMONIC, OPTION_LABEL) VALUES (396, "5F", "MTM,5-SPEED FLOOR SHIFT");
INSERT INTO COMPLECTATION_OPTIONS(COMPLECTATION_ID, OPTION_MNEMONIC, OPTION_LABEL) VALUES (396, "WG", "WAGON(4-RUNNER)");
INSERT INTO COMPLECTATION_OPTIONS(COMPLECTATION_ID, OPTION_MNEMONIC, OPTION_LABEL) VALUES (396, "R", "R TYPE TRANSMISSION");
INSERT INTO COMPLECTATION_OPTIONS(COMPLECTATION_ID, OPTION_MNEMONIC, OPTION_LABEL) VALUES (396, "EFI", "ELECTRIC FUEL INJECTION SYSTEM");
INSERT INTO COMPLECTATION_OPTIONS(COMPLECTATION_ID, OPTION_MNEMONIC, OPTION_LABEL) VALUES (396, "CND", "CANADA");
INSERT INTO COMPLECTATION_OPTIONS(COMPLECTATION_ID, OPTION_MNEMONIC, OPTION_LABEL) VALUES (396, "CBU", "COMPLETELY BUILT UNIT");
INSERT INTO COMPLECTATION_OPTIONS(COMPLECTATION_ID, OPTION_MNEMONIC, OPTION_LABEL) VALUES (396, "JPP", "JAPAN PRODUCT PARTS");
INSERT INTO COMPLECTATION(ID, FRAME_ID, NAME, URL, ENGINE_MNEMONIC, ENGINE_LABEL, PRODUCTION_PERIOD, BODY_MNEMONIC, BODY_LABEL, GRADE_MNEMONIC, GRADE_LABEL, TRANSMISSION_MNEMONIC, TRANSMISSION_LABEL) VALUES (397, 49, "VZN131L-RKPGEK", "https://toyota-europe.epc-data.com/4runner/vzn131l/6325/", "3VZE", "3000CC EFI", "04.1989 - 11.1995", "4D", "4-DOOR WAGON", "SR5", "SR-5 TYPE", "ATM", "AUTOMATIC TRANSMISSION");
INSERT INTO COMPLECTATION_OPTIONS(COMPLECTATION_ID, OPTION_MNEMONIC, OPTION_LABEL) VALUES (397, "4FC", "ATM,4-SPEED FLOOR SHIFT");
INSERT INTO COMPLECTATION_OPTIONS(COMPLECTATION_ID, OPTION_MNEMONIC, OPTION_LABEL) VALUES (397, "WG", "WAGON(4-RUNNER)");
INSERT INTO COMPLECTATION_OPTIONS(COMPLECTATION_ID, OPTION_MNEMONIC, OPTION_LABEL) VALUES (397, "EFI", "ELECTRIC FUEL INJECTION SYSTEM");
INSERT INTO COMPLECTATION_OPTIONS(COMPLECTATION_ID, OPTION_MNEMONIC, OPTION_LABEL) VALUES (397, "CND", "CANADA");
INSERT INTO COMPLECTATION_OPTIONS(COMPLECTATION_ID, OPTION_MNEMONIC, OPTION_LABEL) VALUES (397, "CBU", "COMPLETELY BUILT UNIT");
INSERT INTO COMPLECTATION_OPTIONS(COMPLECTATION_ID, OPTION_MNEMONIC, OPTION_LABEL) VALUES (397, "JPP", "JAPAN PRODUCT PARTS");
INSERT INTO FRAME(ID, MODEL_ID, NAME, URL) VALUES (50, 5, "VZN180L", "https://toyota-europe.epc-data.com/4runner/vzn180l");
INSERT INTO COMPLECTATION(ID, FRAME_ID, NAME, URL, ENGINE_MNEMONIC, ENGINE_LABEL, PRODUCTION_PERIOD, BODY_MNEMONIC, BODY_LABEL, GRADE_MNEMONIC, GRADE_LABEL, TRANSMISSION_MNEMONIC, TRANSMISSION_LABEL) VALUES (398, 50, "VZN180L-GKPGKA", "https://toyota-europe.epc-data.com/4runner/vzn180l/6331/", "5VZFE", "3400CC EFI", "11.1995 - 08.2002", "", "", "SR5V", "SR5-V6 TYPE(-0008),SR5 TYPE(0008-)", "ATM", "AUTOMATIC TRANSMISSION");
INSERT INTO COMPLECTATION_OPTIONS(COMPLECTATION_ID, OPTION_MNEMONIC, OPTION_LABEL) VALUES (398, "4FC", "ATM,4-SPEED FLOOR SHIFT");
INSERT INTO COMPLECTATION(ID, FRAME_ID, NAME, URL, ENGINE_MNEMONIC, ENGINE_LABEL, PRODUCTION_PERIOD, BODY_MNEMONIC, BODY_LABEL, GRADE_MNEMONIC, GRADE_LABEL, TRANSMISSION_MNEMONIC, TRANSMISSION_LABEL) VALUES (399, 50, "VZN180L-GKPSKA", "https://toyota-europe.epc-data.com/4runner/vzn180l/6330/", "5VZFE", "3400CC EFI", "08.2000 - 08.2002", "", "", "SR5B", "SR5 TYPE(-0008),BASE TYPE(0008-)", "ATM", "AUTOMATIC TRANSMISSION");
INSERT INTO COMPLECTATION_OPTIONS(COMPLECTATION_ID, OPTION_MNEMONIC, OPTION_LABEL) VALUES (399, "4FC", "ATM,4-SPEED FLOOR SHIFT");
INSERT INTO COMPLECTATION(ID, FRAME_ID, NAME, URL, ENGINE_MNEMONIC, ENGINE_LABEL, PRODUCTION_PERIOD, BODY_MNEMONIC, BODY_LABEL, GRADE_MNEMONIC, GRADE_LABEL, TRANSMISSION_MNEMONIC, TRANSMISSION_LABEL) VALUES (400, 50, "VZN180L-GKPZKA", "https://toyota-europe.epc-data.com/4runner/vzn180l/6332/", "5VZFE", "3400CC EFI", "08.1996 - 08.2002", "", "", "LULI", "LUXURY TYPE(-0008),LIMITED TYPE(0008-)", "ATM", "AUTOMATIC TRANSMISSION");
INSERT INTO COMPLECTATION_OPTIONS(COMPLECTATION_ID, OPTION_MNEMONIC, OPTION_LABEL) VALUES (400, "4FC", "ATM,4-SPEED FLOOR SHIFT");
INSERT INTO FRAME(ID, MODEL_ID, NAME, URL) VALUES (51, 5, "VZN185L", "https://toyota-europe.epc-data.com/4runner/vzn185l");
INSERT INTO COMPLECTATION(ID, FRAME_ID, NAME, URL, ENGINE_MNEMONIC, ENGINE_LABEL, PRODUCTION_PERIOD, BODY_MNEMONIC, BODY_LABEL, GRADE_MNEMONIC, GRADE_LABEL, TRANSMISSION_MNEMONIC, TRANSMISSION_LABEL) VALUES (401, 51, "VZN185L-GKMGKA", "https://toyota-europe.epc-data.com/4runner/vzn185l/6335/", "5VZFE", "3400CC EFI", "11.1995 - 08.2000", "", "", "SR5V", "SR5-V6 TYPE(-0008),SR5 TYPE(0008-)", "MTM", "MANUAL TRANSMISSION");
INSERT INTO COMPLECTATION_OPTIONS(COMPLECTATION_ID, OPTION_MNEMONIC, OPTION_LABEL) VALUES (401, "5F", "MTM,5-SPEED FLOOR SHIFT");
INSERT INTO COMPLECTATION(ID, FRAME_ID, NAME, URL, ENGINE_MNEMONIC, ENGINE_LABEL, PRODUCTION_PERIOD, BODY_MNEMONIC, BODY_LABEL, GRADE_MNEMONIC, GRADE_LABEL, TRANSMISSION_MNEMONIC, TRANSMISSION_LABEL) VALUES (402, 51, "VZN185L-GKPGKA", "https://toyota-europe.epc-data.com/4runner/vzn185l/6338/", "5VZFE", "3400CC EFI", "11.1995 - 08.2002", "", "", "SR5V", "SR5-V6 TYPE(-0008),SR5 TYPE(0008-)", "ATM", "AUTOMATIC TRANSMISSION");
INSERT INTO COMPLECTATION_OPTIONS(COMPLECTATION_ID, OPTION_MNEMONIC, OPTION_LABEL) VALUES (402, "4FC", "ATM,4-SPEED FLOOR SHIFT");
INSERT INTO COMPLECTATION(ID, FRAME_ID, NAME, URL, ENGINE_MNEMONIC, ENGINE_LABEL, PRODUCTION_PERIOD, BODY_MNEMONIC, BODY_LABEL, GRADE_MNEMONIC, GRADE_LABEL, TRANSMISSION_MNEMONIC, TRANSMISSION_LABEL) VALUES (403, 51, "VZN185L-GKPSKA", "https://toyota-europe.epc-data.com/4runner/vzn185l/6336/", "5VZFE", "3400CC EFI", "08.2000 - 08.2002", "", "", "SR5B", "SR5 TYPE(-0008),BASE TYPE(0008-)", "ATM", "AUTOMATIC TRANSMISSION");
INSERT INTO COMPLECTATION_OPTIONS(COMPLECTATION_ID, OPTION_MNEMONIC, OPTION_LABEL) VALUES (403, "4FC", "ATM,4-SPEED FLOOR SHIFT");
INSERT INTO COMPLECTATION(ID, FRAME_ID, NAME, URL, ENGINE_MNEMONIC, ENGINE_LABEL, PRODUCTION_PERIOD, BODY_MNEMONIC, BODY_LABEL, GRADE_MNEMONIC, GRADE_LABEL, TRANSMISSION_MNEMONIC, TRANSMISSION_LABEL) VALUES (404, 51, "VZN185L-GKPZKA", "https://toyota-europe.epc-data.com/4runner/vzn185l/6340/", "5VZFE", "3400CC EFI", "11.1995 - 08.2002", "", "", "LULI", "LUXURY TYPE(-0008),LIMITED TYPE(0008-)", "ATM", "AUTOMATIC TRANSMISSION");
INSERT INTO COMPLECTATION_OPTIONS(COMPLECTATION_ID, OPTION_MNEMONIC, OPTION_LABEL) VALUES (404, "4FC", "ATM,4-SPEED FLOOR SHIFT");
INSERT INTO FRAME(ID, MODEL_ID, NAME, URL) VALUES (52, 5, "VZN61L", "https://toyota-europe.epc-data.com/4runner/vzn61l");
INSERT INTO COMPLECTATION(ID, FRAME_ID, NAME, URL, ENGINE_MNEMONIC, ENGINE_LABEL, PRODUCTION_PERIOD, BODY_MNEMONIC, BODY_LABEL, GRADE_MNEMONIC, GRADE_LABEL, TRANSMISSION_MNEMONIC, TRANSMISSION_LABEL) VALUES (405, 52, "VZN61L-MBEA", "https://toyota-europe.epc-data.com/4runner/vzn61l/6223/", "3VZE", "3000CC EFI", "11.1987 - 08.1988", "T1", "TRUCK(STANDARD DECK 1-SIDE OPEN)", "STD", "STANDARD TYPE", "MTM", "MANUAL TRANSMISSION");
INSERT INTO COMPLECTATION_OPTIONS(COMPLECTATION_ID, OPTION_MNEMONIC, OPTION_LABEL) VALUES (405, "5F", "MTM,5-SPEED FLOOR SHIFT");
INSERT INTO COMPLECTATION_OPTIONS(COMPLECTATION_ID, OPTION_MNEMONIC, OPTION_LABEL) VALUES (405, "RCB", "REGULAR CAB");
INSERT INTO COMPLECTATION_OPTIONS(COMPLECTATION_ID, OPTION_MNEMONIC, OPTION_LABEL) VALUES (405, "R", "R TYPE TRANSMISSION");
INSERT INTO COMPLECTATION_OPTIONS(COMPLECTATION_ID, OPTION_MNEMONIC, OPTION_LABEL) VALUES (405, "HLF", "0.5TONS");
INSERT INTO COMPLECTATION_OPTIONS(COMPLECTATION_ID, OPTION_MNEMONIC, OPTION_LABEL) VALUES (405, "ST", "SINGLE TIRE");
INSERT INTO COMPLECTATION_OPTIONS(COMPLECTATION_ID, OPTION_MNEMONIC, OPTION_LABEL) VALUES (405, "USA", "UNITED STATES OF AMERICA");
INSERT INTO COMPLECTATION_OPTIONS(COMPLECTATION_ID, OPTION_MNEMONIC, OPTION_LABEL) VALUES (405, "EFI", "ELECTRIC FUEL INJECTION SYSTEM");
INSERT INTO COMPLECTATION_OPTIONS(COMPLECTATION_ID, OPTION_MNEMONIC, OPTION_LABEL) VALUES (405, "CBU", "COMPLETELY BUILT UNIT");
INSERT INTO COMPLECTATION(ID, FRAME_ID, NAME, URL, ENGINE_MNEMONIC, ENGINE_LABEL, PRODUCTION_PERIOD, BODY_MNEMONIC, BODY_LABEL, GRADE_MNEMONIC, GRADE_LABEL, TRANSMISSION_MNEMONIC, TRANSMISSION_LABEL) VALUES (406, 52, "VZN61L-MBEA3", "https://toyota-europe.epc-data.com/4runner/vzn61l/6224/", "3VZE", "3000CC EFI", "11.1987 - 08.1988", "T1", "TRUCK(STANDARD DECK 1-SIDE OPEN)", "STD", "STANDARD TYPE", "MTM", "MANUAL TRANSMISSION");
INSERT INTO COMPLECTATION_OPTIONS(COMPLECTATION_ID, OPTION_MNEMONIC, OPTION_LABEL) VALUES (406, "5F", "MTM,5-SPEED FLOOR SHIFT");
INSERT INTO COMPLECTATION_OPTIONS(COMPLECTATION_ID, OPTION_MNEMONIC, OPTION_LABEL) VALUES (406, "RCB", "REGULAR CAB");
INSERT INTO COMPLECTATION_OPTIONS(COMPLECTATION_ID, OPTION_MNEMONIC, OPTION_LABEL) VALUES (406, "R", "R TYPE TRANSMISSION");
INSERT INTO COMPLECTATION_OPTIONS(COMPLECTATION_ID, OPTION_MNEMONIC, OPTION_LABEL) VALUES (406, "HLF", "0.5TONS");
INSERT INTO COMPLECTATION_OPTIONS(COMPLECTATION_ID, OPTION_MNEMONIC, OPTION_LABEL) VALUES (406, "ST", "SINGLE TIRE");
INSERT INTO COMPLECTATION_OPTIONS(COMPLECTATION_ID, OPTION_MNEMONIC, OPTION_LABEL) VALUES (406, "USA", "UNITED STATES OF AMERICA");
INSERT INTO COMPLECTATION_OPTIONS(COMPLECTATION_ID, OPTION_MNEMONIC, OPTION_LABEL) VALUES (406, "EFI", "ELECTRIC FUEL INJECTION SYSTEM");
INSERT INTO COMPLECTATION_OPTIONS(COMPLECTATION_ID, OPTION_MNEMONIC, OPTION_LABEL) VALUES (406, "IV", "INCOMPLETE VEHICLES (CHASSIS & CAB)");
INSERT INTO COMPLECTATION(ID, FRAME_ID, NAME, URL, ENGINE_MNEMONIC, ENGINE_LABEL, PRODUCTION_PERIOD, BODY_MNEMONIC, BODY_LABEL, GRADE_MNEMONIC, GRADE_LABEL, TRANSMISSION_MNEMONIC, TRANSMISSION_LABEL) VALUES (407, 52, "VZN61L-MSEA", "https://toyota-europe.epc-data.com/4runner/vzn61l/6225/", "3VZE", "3000CC EFI", "11.1987 - 08.1988", "T1", "TRUCK(STANDARD DECK 1-SIDE OPEN)", "SR5", "SR-5 TYPE", "MTM", "MANUAL TRANSMISSION");
INSERT INTO COMPLECTATION_OPTIONS(COMPLECTATION_ID, OPTION_MNEMONIC, OPTION_LABEL) VALUES (407, "5F", "MTM,5-SPEED FLOOR SHIFT");
INSERT INTO COMPLECTATION_OPTIONS(COMPLECTATION_ID, OPTION_MNEMONIC, OPTION_LABEL) VALUES (407, "RCB", "REGULAR CAB");
INSERT INTO COMPLECTATION_OPTIONS(COMPLECTATION_ID, OPTION_MNEMONIC, OPTION_LABEL) VALUES (407, "R", "R TYPE TRANSMISSION");
INSERT INTO COMPLECTATION_OPTIONS(COMPLECTATION_ID, OPTION_MNEMONIC, OPTION_LABEL) VALUES (407, "HLF", "0.5TONS");
INSERT INTO COMPLECTATION_OPTIONS(COMPLECTATION_ID, OPTION_MNEMONIC, OPTION_LABEL) VALUES (407, "ST", "SINGLE TIRE");
INSERT INTO COMPLECTATION_OPTIONS(COMPLECTATION_ID, OPTION_MNEMONIC, OPTION_LABEL) VALUES (407, "USA", "UNITED STATES OF AMERICA");
INSERT INTO COMPLECTATION_OPTIONS(COMPLECTATION_ID, OPTION_MNEMONIC, OPTION_LABEL) VALUES (407, "EFI", "ELECTRIC FUEL INJECTION SYSTEM");
INSERT INTO COMPLECTATION_OPTIONS(COMPLECTATION_ID, OPTION_MNEMONIC, OPTION_LABEL) VALUES (407, "CBU", "COMPLETELY BUILT UNIT");
INSERT INTO COMPLECTATION(ID, FRAME_ID, NAME, URL, ENGINE_MNEMONIC, ENGINE_LABEL, PRODUCTION_PERIOD, BODY_MNEMONIC, BODY_LABEL, GRADE_MNEMONIC, GRADE_LABEL, TRANSMISSION_MNEMONIC, TRANSMISSION_LABEL) VALUES (408, 52, "VZN61L-MSEA3", "https://toyota-europe.epc-data.com/4runner/vzn61l/6226/", "3VZE", "3000CC EFI", "11.1987 - 08.1988", "T1", "TRUCK(STANDARD DECK 1-SIDE OPEN)", "SR5", "SR-5 TYPE", "MTM", "MANUAL TRANSMISSION");
INSERT INTO COMPLECTATION_OPTIONS(COMPLECTATION_ID, OPTION_MNEMONIC, OPTION_LABEL) VALUES (408, "5F", "MTM,5-SPEED FLOOR SHIFT");
INSERT INTO COMPLECTATION_OPTIONS(COMPLECTATION_ID, OPTION_MNEMONIC, OPTION_LABEL) VALUES (408, "RCB", "REGULAR CAB");
INSERT INTO COMPLECTATION_OPTIONS(COMPLECTATION_ID, OPTION_MNEMONIC, OPTION_LABEL) VALUES (408, "R", "R TYPE TRANSMISSION");
INSERT INTO COMPLECTATION_OPTIONS(COMPLECTATION_ID, OPTION_MNEMONIC, OPTION_LABEL) VALUES (408, "HLF", "0.5TONS");
INSERT INTO COMPLECTATION_OPTIONS(COMPLECTATION_ID, OPTION_MNEMONIC, OPTION_LABEL) VALUES (408, "ST", "SINGLE TIRE");
INSERT INTO COMPLECTATION_OPTIONS(COMPLECTATION_ID, OPTION_MNEMONIC, OPTION_LABEL) VALUES (408, "USA", "UNITED STATES OF AMERICA");
INSERT INTO COMPLECTATION_OPTIONS(COMPLECTATION_ID, OPTION_MNEMONIC, OPTION_LABEL) VALUES (408, "EFI", "ELECTRIC FUEL INJECTION SYSTEM");
INSERT INTO COMPLECTATION_OPTIONS(COMPLECTATION_ID, OPTION_MNEMONIC, OPTION_LABEL) VALUES (408, "IV", "INCOMPLETE VEHICLES (CHASSIS & CAB)");
INSERT INTO COMPLECTATION(ID, FRAME_ID, NAME, URL, ENGINE_MNEMONIC, ENGINE_LABEL, PRODUCTION_PERIOD, BODY_MNEMONIC, BODY_LABEL, GRADE_MNEMONIC, GRADE_LABEL, TRANSMISSION_MNEMONIC, TRANSMISSION_LABEL) VALUES (409, 52, "VZN61LG-MSEA", "https://toyota-europe.epc-data.com/4runner/vzn61l/6039/", "3VZE", "3000CC EFI", "11.1987 - 03.1989", "WG", "WAGON(4-RUNNER)", "SR5", "SR-5 TYPE", "MTM", "MANUAL TRANSMISSION");
INSERT INTO COMPLECTATION_OPTIONS(COMPLECTATION_ID, OPTION_MNEMONIC, OPTION_LABEL) VALUES (409, "5F", "MTM,5-SPEED FLOOR SHIFT");
INSERT INTO COMPLECTATION_OPTIONS(COMPLECTATION_ID, OPTION_MNEMONIC, OPTION_LABEL) VALUES (409, "R", "R TYPE TRANSMISSION");
INSERT INTO COMPLECTATION_OPTIONS(COMPLECTATION_ID, OPTION_MNEMONIC, OPTION_LABEL) VALUES (409, "ST", "SINGLE TIRE");
INSERT INTO COMPLECTATION_OPTIONS(COMPLECTATION_ID, OPTION_MNEMONIC, OPTION_LABEL) VALUES (409, "USA", "UNITED STATES OF AMERICA");
INSERT INTO COMPLECTATION_OPTIONS(COMPLECTATION_ID, OPTION_MNEMONIC, OPTION_LABEL) VALUES (409, "EFI", "ELECTRIC FUEL INJECTION SYSTEM");
INSERT INTO COMPLECTATION_OPTIONS(COMPLECTATION_ID, OPTION_MNEMONIC, OPTION_LABEL) VALUES (409, "CBU", "COMPLETELY BUILT UNIT");
INSERT INTO COMPLECTATION(ID, FRAME_ID, NAME, URL, ENGINE_MNEMONIC, ENGINE_LABEL, PRODUCTION_PERIOD, BODY_MNEMONIC, BODY_LABEL, GRADE_MNEMONIC, GRADE_LABEL, TRANSMISSION_MNEMONIC, TRANSMISSION_LABEL) VALUES (410, 52, "VZN61LG-PSEA", "https://toyota-europe.epc-data.com/4runner/vzn61l/6040/", "3VZE", "3000CC EFI", "11.1987 - 03.1989", "WG", "WAGON(4-RUNNER)", "SR5", "SR-5 TYPE", "ATM", "AUTOMATIC TRANSMISSION");
INSERT INTO COMPLECTATION_OPTIONS(COMPLECTATION_ID, OPTION_MNEMONIC, OPTION_LABEL) VALUES (410, "4FC", "ATM,4-SPEED FLOOR SHIFT");
INSERT INTO COMPLECTATION_OPTIONS(COMPLECTATION_ID, OPTION_MNEMONIC, OPTION_LABEL) VALUES (410, "ST", "SINGLE TIRE");
INSERT INTO COMPLECTATION_OPTIONS(COMPLECTATION_ID, OPTION_MNEMONIC, OPTION_LABEL) VALUES (410, "USA", "UNITED STATES OF AMERICA");
INSERT INTO COMPLECTATION_OPTIONS(COMPLECTATION_ID, OPTION_MNEMONIC, OPTION_LABEL) VALUES (410, "EFI", "ELECTRIC FUEL INJECTION SYSTEM");
INSERT INTO COMPLECTATION_OPTIONS(COMPLECTATION_ID, OPTION_MNEMONIC, OPTION_LABEL) VALUES (410, "CBU", "COMPLETELY BUILT UNIT");
INSERT INTO COMPLECTATION(ID, FRAME_ID, NAME, URL, ENGINE_MNEMONIC, ENGINE_LABEL, PRODUCTION_PERIOD, BODY_MNEMONIC, BODY_LABEL, GRADE_MNEMONIC, GRADE_LABEL, TRANSMISSION_MNEMONIC, TRANSMISSION_LABEL) VALUES (411, 52, "VZN61LV-MDEA", "https://toyota-europe.epc-data.com/4runner/vzn61l/6221/", "3VZE", "3000CC EFI", "08.1988 - 03.1989", "V", "VAN", "DLX", "DELUXE TYPE", "MTM", "MANUAL TRANSMISSION");
INSERT INTO COMPLECTATION_OPTIONS(COMPLECTATION_ID, OPTION_MNEMONIC, OPTION_LABEL) VALUES (411, "5F", "MTM,5-SPEED FLOOR SHIFT");
INSERT INTO COMPLECTATION_OPTIONS(COMPLECTATION_ID, OPTION_MNEMONIC, OPTION_LABEL) VALUES (411, "R", "R TYPE TRANSMISSION");
INSERT INTO COMPLECTATION_OPTIONS(COMPLECTATION_ID, OPTION_MNEMONIC, OPTION_LABEL) VALUES (411, "ST", "SINGLE TIRE");
INSERT INTO COMPLECTATION_OPTIONS(COMPLECTATION_ID, OPTION_MNEMONIC, OPTION_LABEL) VALUES (411, "USA", "UNITED STATES OF AMERICA");
INSERT INTO COMPLECTATION_OPTIONS(COMPLECTATION_ID, OPTION_MNEMONIC, OPTION_LABEL) VALUES (411, "EFI", "ELECTRIC FUEL INJECTION SYSTEM");
INSERT INTO COMPLECTATION_OPTIONS(COMPLECTATION_ID, OPTION_MNEMONIC, OPTION_LABEL) VALUES (411, "CBU", "COMPLETELY BUILT UNIT");
INSERT INTO COMPLECTATION(ID, FRAME_ID, NAME, URL, ENGINE_MNEMONIC, ENGINE_LABEL, PRODUCTION_PERIOD, BODY_MNEMONIC, BODY_LABEL, GRADE_MNEMONIC, GRADE_LABEL, TRANSMISSION_MNEMONIC, TRANSMISSION_LABEL) VALUES (412, 52, "VZN61LV-MSEA", "https://toyota-europe.epc-data.com/4runner/vzn61l/6217/", "3VZE", "3000CC EFI", "11.1987 - 08.1988", "V", "VAN", "SR5", "SR-5 TYPE", "MTM", "MANUAL TRANSMISSION");
INSERT INTO COMPLECTATION_OPTIONS(COMPLECTATION_ID, OPTION_MNEMONIC, OPTION_LABEL) VALUES (412, "5F", "MTM,5-SPEED FLOOR SHIFT");
INSERT INTO COMPLECTATION_OPTIONS(COMPLECTATION_ID, OPTION_MNEMONIC, OPTION_LABEL) VALUES (412, "R", "R TYPE TRANSMISSION");
INSERT INTO COMPLECTATION_OPTIONS(COMPLECTATION_ID, OPTION_MNEMONIC, OPTION_LABEL) VALUES (412, "ST", "SINGLE TIRE");
INSERT INTO COMPLECTATION_OPTIONS(COMPLECTATION_ID, OPTION_MNEMONIC, OPTION_LABEL) VALUES (412, "USA", "UNITED STATES OF AMERICA");
INSERT INTO COMPLECTATION_OPTIONS(COMPLECTATION_ID, OPTION_MNEMONIC, OPTION_LABEL) VALUES (412, "EFI", "ELECTRIC FUEL INJECTION SYSTEM");
INSERT INTO COMPLECTATION_OPTIONS(COMPLECTATION_ID, OPTION_MNEMONIC, OPTION_LABEL) VALUES (412, "CBU", "COMPLETELY BUILT UNIT");
INSERT INTO COMPLECTATION(ID, FRAME_ID, NAME, URL, ENGINE_MNEMONIC, ENGINE_LABEL, PRODUCTION_PERIOD, BODY_MNEMONIC, BODY_LABEL, GRADE_MNEMONIC, GRADE_LABEL, TRANSMISSION_MNEMONIC, TRANSMISSION_LABEL) VALUES (413, 52, "VZN61LV-MSEK", "https://toyota-europe.epc-data.com/4runner/vzn61l/6218/", "3VZE", "3000CC EFI", "11.1987 - 03.1989", "V", "VAN", "SR5", "SR-5 TYPE", "MTM", "MANUAL TRANSMISSION");
INSERT INTO COMPLECTATION_OPTIONS(COMPLECTATION_ID, OPTION_MNEMONIC, OPTION_LABEL) VALUES (413, "5F", "MTM,5-SPEED FLOOR SHIFT");
INSERT INTO COMPLECTATION_OPTIONS(COMPLECTATION_ID, OPTION_MNEMONIC, OPTION_LABEL) VALUES (413, "R", "R TYPE TRANSMISSION");
INSERT INTO COMPLECTATION_OPTIONS(COMPLECTATION_ID, OPTION_MNEMONIC, OPTION_LABEL) VALUES (413, "ST", "SINGLE TIRE");
INSERT INTO COMPLECTATION_OPTIONS(COMPLECTATION_ID, OPTION_MNEMONIC, OPTION_LABEL) VALUES (413, "CND", "CANADA");
INSERT INTO COMPLECTATION_OPTIONS(COMPLECTATION_ID, OPTION_MNEMONIC, OPTION_LABEL) VALUES (413, "EFI", "ELECTRIC FUEL INJECTION SYSTEM");
INSERT INTO COMPLECTATION_OPTIONS(COMPLECTATION_ID, OPTION_MNEMONIC, OPTION_LABEL) VALUES (413, "CBU", "COMPLETELY BUILT UNIT");
INSERT INTO COMPLECTATION(ID, FRAME_ID, NAME, URL, ENGINE_MNEMONIC, ENGINE_LABEL, PRODUCTION_PERIOD, BODY_MNEMONIC, BODY_LABEL, GRADE_MNEMONIC, GRADE_LABEL, TRANSMISSION_MNEMONIC, TRANSMISSION_LABEL) VALUES (414, 52, "VZN61LV-PDEA", "https://toyota-europe.epc-data.com/4runner/vzn61l/6222/", "3VZE", "3000CC EFI", "08.1988 - 03.1989", "V", "VAN", "DLX", "DELUXE TYPE", "ATM", "AUTOMATIC TRANSMISSION");
INSERT INTO COMPLECTATION_OPTIONS(COMPLECTATION_ID, OPTION_MNEMONIC, OPTION_LABEL) VALUES (414, "4FC", "ATM,4-SPEED FLOOR SHIFT");
INSERT INTO COMPLECTATION_OPTIONS(COMPLECTATION_ID, OPTION_MNEMONIC, OPTION_LABEL) VALUES (414, "ST", "SINGLE TIRE");
INSERT INTO COMPLECTATION_OPTIONS(COMPLECTATION_ID, OPTION_MNEMONIC, OPTION_LABEL) VALUES (414, "USA", "UNITED STATES OF AMERICA");
INSERT INTO COMPLECTATION_OPTIONS(COMPLECTATION_ID, OPTION_MNEMONIC, OPTION_LABEL) VALUES (414, "EFI", "ELECTRIC FUEL INJECTION SYSTEM");
INSERT INTO COMPLECTATION_OPTIONS(COMPLECTATION_ID, OPTION_MNEMONIC, OPTION_LABEL) VALUES (414, "CBU", "COMPLETELY BUILT UNIT");
INSERT INTO COMPLECTATION(ID, FRAME_ID, NAME, URL, ENGINE_MNEMONIC, ENGINE_LABEL, PRODUCTION_PERIOD, BODY_MNEMONIC, BODY_LABEL, GRADE_MNEMONIC, GRADE_LABEL, TRANSMISSION_MNEMONIC, TRANSMISSION_LABEL) VALUES (415, 52, "VZN61LV-PSEA", "https://toyota-europe.epc-data.com/4runner/vzn61l/6219/", "3VZE", "3000CC EFI", "11.1987 - 08.1988", "V", "VAN", "SR5", "SR-5 TYPE", "ATM", "AUTOMATIC TRANSMISSION");
INSERT INTO COMPLECTATION_OPTIONS(COMPLECTATION_ID, OPTION_MNEMONIC, OPTION_LABEL) VALUES (415, "4FC", "ATM,4-SPEED FLOOR SHIFT");
INSERT INTO COMPLECTATION_OPTIONS(COMPLECTATION_ID, OPTION_MNEMONIC, OPTION_LABEL) VALUES (415, "ST", "SINGLE TIRE");
INSERT INTO COMPLECTATION_OPTIONS(COMPLECTATION_ID, OPTION_MNEMONIC, OPTION_LABEL) VALUES (415, "USA", "UNITED STATES OF AMERICA");
INSERT INTO COMPLECTATION_OPTIONS(COMPLECTATION_ID, OPTION_MNEMONIC, OPTION_LABEL) VALUES (415, "EFI", "ELECTRIC FUEL INJECTION SYSTEM");
INSERT INTO COMPLECTATION_OPTIONS(COMPLECTATION_ID, OPTION_MNEMONIC, OPTION_LABEL) VALUES (415, "CBU", "COMPLETELY BUILT UNIT");
INSERT INTO COMPLECTATION(ID, FRAME_ID, NAME, URL, ENGINE_MNEMONIC, ENGINE_LABEL, PRODUCTION_PERIOD, BODY_MNEMONIC, BODY_LABEL, GRADE_MNEMONIC, GRADE_LABEL, TRANSMISSION_MNEMONIC, TRANSMISSION_LABEL) VALUES (416, 52, "VZN61LV-PSEK", "https://toyota-europe.epc-data.com/4runner/vzn61l/6220/", "3VZE", "3000CC EFI", "11.1987 - 03.1989", "V", "VAN", "SR5", "SR-5 TYPE", "ATM", "AUTOMATIC TRANSMISSION");
INSERT INTO COMPLECTATION_OPTIONS(COMPLECTATION_ID, OPTION_MNEMONIC, OPTION_LABEL) VALUES (416, "4FC", "ATM,4-SPEED FLOOR SHIFT");
INSERT INTO COMPLECTATION_OPTIONS(COMPLECTATION_ID, OPTION_MNEMONIC, OPTION_LABEL) VALUES (416, "ST", "SINGLE TIRE");
INSERT INTO COMPLECTATION_OPTIONS(COMPLECTATION_ID, OPTION_MNEMONIC, OPTION_LABEL) VALUES (416, "CND", "CANADA");
INSERT INTO COMPLECTATION_OPTIONS(COMPLECTATION_ID, OPTION_MNEMONIC, OPTION_LABEL) VALUES (416, "EFI", "ELECTRIC FUEL INJECTION SYSTEM");
INSERT INTO COMPLECTATION_OPTIONS(COMPLECTATION_ID, OPTION_MNEMONIC, OPTION_LABEL) VALUES (416, "CBU", "COMPLETELY BUILT UNIT");
INSERT INTO FRAME(ID, MODEL_ID, NAME, URL) VALUES (53, 5, "VZN61LG", "https://toyota-europe.epc-data.com/4runner/vzn61lg");
INSERT INTO COMPLECTATION(ID, FRAME_ID, NAME, URL, ENGINE_MNEMONIC, ENGINE_LABEL, PRODUCTION_PERIOD, BODY_MNEMONIC, BODY_LABEL, GRADE_MNEMONIC, GRADE_LABEL, TRANSMISSION_MNEMONIC, TRANSMISSION_LABEL) VALUES (417, 53, "VZN61LG-MSEA", "https://toyota-europe.epc-data.com/4runner/vzn61lg/6039/", "3VZE", "3000CC EFI", "11.1987 - 03.1989", "WG", "WAGON(4-RUNNER)", "SR5", "SR-5 TYPE", "MTM", "MANUAL TRANSMISSION");
INSERT INTO COMPLECTATION_OPTIONS(COMPLECTATION_ID, OPTION_MNEMONIC, OPTION_LABEL) VALUES (417, "5F", "MTM,5-SPEED FLOOR SHIFT");
INSERT INTO COMPLECTATION_OPTIONS(COMPLECTATION_ID, OPTION_MNEMONIC, OPTION_LABEL) VALUES (417, "R", "R TYPE TRANSMISSION");
INSERT INTO COMPLECTATION_OPTIONS(COMPLECTATION_ID, OPTION_MNEMONIC, OPTION_LABEL) VALUES (417, "ST", "SINGLE TIRE");
INSERT INTO COMPLECTATION_OPTIONS(COMPLECTATION_ID, OPTION_MNEMONIC, OPTION_LABEL) VALUES (417, "USA", "UNITED STATES OF AMERICA");
INSERT INTO COMPLECTATION_OPTIONS(COMPLECTATION_ID, OPTION_MNEMONIC, OPTION_LABEL) VALUES (417, "EFI", "ELECTRIC FUEL INJECTION SYSTEM");
INSERT INTO COMPLECTATION_OPTIONS(COMPLECTATION_ID, OPTION_MNEMONIC, OPTION_LABEL) VALUES (417, "CBU", "COMPLETELY BUILT UNIT");
INSERT INTO COMPLECTATION(ID, FRAME_ID, NAME, URL, ENGINE_MNEMONIC, ENGINE_LABEL, PRODUCTION_PERIOD, BODY_MNEMONIC, BODY_LABEL, GRADE_MNEMONIC, GRADE_LABEL, TRANSMISSION_MNEMONIC, TRANSMISSION_LABEL) VALUES (418, 53, "VZN61LG-PSEA", "https://toyota-europe.epc-data.com/4runner/vzn61lg/6040/", "3VZE", "3000CC EFI", "11.1987 - 03.1989", "WG", "WAGON(4-RUNNER)", "SR5", "SR-5 TYPE", "ATM", "AUTOMATIC TRANSMISSION");
INSERT INTO COMPLECTATION_OPTIONS(COMPLECTATION_ID, OPTION_MNEMONIC, OPTION_LABEL) VALUES (418, "4FC", "ATM,4-SPEED FLOOR SHIFT");
INSERT INTO COMPLECTATION_OPTIONS(COMPLECTATION_ID, OPTION_MNEMONIC, OPTION_LABEL) VALUES (418, "ST", "SINGLE TIRE");
INSERT INTO COMPLECTATION_OPTIONS(COMPLECTATION_ID, OPTION_MNEMONIC, OPTION_LABEL) VALUES (418, "USA", "UNITED STATES OF AMERICA");
INSERT INTO COMPLECTATION_OPTIONS(COMPLECTATION_ID, OPTION_MNEMONIC, OPTION_LABEL) VALUES (418, "EFI", "ELECTRIC FUEL INJECTION SYSTEM");
INSERT INTO COMPLECTATION_OPTIONS(COMPLECTATION_ID, OPTION_MNEMONIC, OPTION_LABEL) VALUES (418, "CBU", "COMPLETELY BUILT UNIT");
INSERT INTO FRAME(ID, MODEL_ID, NAME, URL) VALUES (54, 5, "VZN61LV", "https://toyota-europe.epc-data.com/4runner/vzn61lv");
INSERT INTO COMPLECTATION(ID, FRAME_ID, NAME, URL, ENGINE_MNEMONIC, ENGINE_LABEL, PRODUCTION_PERIOD, BODY_MNEMONIC, BODY_LABEL, GRADE_MNEMONIC, GRADE_LABEL, TRANSMISSION_MNEMONIC, TRANSMISSION_LABEL) VALUES (419, 54, "VZN61LV-MDEA", "https://toyota-europe.epc-data.com/4runner/vzn61lv/6221/", "3VZE", "3000CC EFI", "08.1988 - 03.1989", "V", "VAN", "DLX", "DELUXE TYPE", "MTM", "MANUAL TRANSMISSION");
INSERT INTO COMPLECTATION_OPTIONS(COMPLECTATION_ID, OPTION_MNEMONIC, OPTION_LABEL) VALUES (419, "5F", "MTM,5-SPEED FLOOR SHIFT");
INSERT INTO COMPLECTATION_OPTIONS(COMPLECTATION_ID, OPTION_MNEMONIC, OPTION_LABEL) VALUES (419, "R", "R TYPE TRANSMISSION");
INSERT INTO COMPLECTATION_OPTIONS(COMPLECTATION_ID, OPTION_MNEMONIC, OPTION_LABEL) VALUES (419, "ST", "SINGLE TIRE");
INSERT INTO COMPLECTATION_OPTIONS(COMPLECTATION_ID, OPTION_MNEMONIC, OPTION_LABEL) VALUES (419, "USA", "UNITED STATES OF AMERICA");
INSERT INTO COMPLECTATION_OPTIONS(COMPLECTATION_ID, OPTION_MNEMONIC, OPTION_LABEL) VALUES (419, "EFI", "ELECTRIC FUEL INJECTION SYSTEM");
INSERT INTO COMPLECTATION_OPTIONS(COMPLECTATION_ID, OPTION_MNEMONIC, OPTION_LABEL) VALUES (419, "CBU", "COMPLETELY BUILT UNIT");
INSERT INTO COMPLECTATION(ID, FRAME_ID, NAME, URL, ENGINE_MNEMONIC, ENGINE_LABEL, PRODUCTION_PERIOD, BODY_MNEMONIC, BODY_LABEL, GRADE_MNEMONIC, GRADE_LABEL, TRANSMISSION_MNEMONIC, TRANSMISSION_LABEL) VALUES (420, 54, "VZN61LV-MSEA", "https://toyota-europe.epc-data.com/4runner/vzn61lv/6217/", "3VZE", "3000CC EFI", "11.1987 - 08.1988", "V", "VAN", "SR5", "SR-5 TYPE", "MTM", "MANUAL TRANSMISSION");
INSERT INTO COMPLECTATION_OPTIONS(COMPLECTATION_ID, OPTION_MNEMONIC, OPTION_LABEL) VALUES (420, "5F", "MTM,5-SPEED FLOOR SHIFT");
INSERT INTO COMPLECTATION_OPTIONS(COMPLECTATION_ID, OPTION_MNEMONIC, OPTION_LABEL) VALUES (420, "R", "R TYPE TRANSMISSION");
INSERT INTO COMPLECTATION_OPTIONS(COMPLECTATION_ID, OPTION_MNEMONIC, OPTION_LABEL) VALUES (420, "ST", "SINGLE TIRE");
INSERT INTO COMPLECTATION_OPTIONS(COMPLECTATION_ID, OPTION_MNEMONIC, OPTION_LABEL) VALUES (420, "USA", "UNITED STATES OF AMERICA");
INSERT INTO COMPLECTATION_OPTIONS(COMPLECTATION_ID, OPTION_MNEMONIC, OPTION_LABEL) VALUES (420, "EFI", "ELECTRIC FUEL INJECTION SYSTEM");
INSERT INTO COMPLECTATION_OPTIONS(COMPLECTATION_ID, OPTION_MNEMONIC, OPTION_LABEL) VALUES (420, "CBU", "COMPLETELY BUILT UNIT");
INSERT INTO COMPLECTATION(ID, FRAME_ID, NAME, URL, ENGINE_MNEMONIC, ENGINE_LABEL, PRODUCTION_PERIOD, BODY_MNEMONIC, BODY_LABEL, GRADE_MNEMONIC, GRADE_LABEL, TRANSMISSION_MNEMONIC, TRANSMISSION_LABEL) VALUES (421, 54, "VZN61LV-MSEK", "https://toyota-europe.epc-data.com/4runner/vzn61lv/6218/", "3VZE", "3000CC EFI", "11.1987 - 03.1989", "V", "VAN", "SR5", "SR-5 TYPE", "MTM", "MANUAL TRANSMISSION");
INSERT INTO COMPLECTATION_OPTIONS(COMPLECTATION_ID, OPTION_MNEMONIC, OPTION_LABEL) VALUES (421, "5F", "MTM,5-SPEED FLOOR SHIFT");
INSERT INTO COMPLECTATION_OPTIONS(COMPLECTATION_ID, OPTION_MNEMONIC, OPTION_LABEL) VALUES (421, "R", "R TYPE TRANSMISSION");
INSERT INTO COMPLECTATION_OPTIONS(COMPLECTATION_ID, OPTION_MNEMONIC, OPTION_LABEL) VALUES (421, "ST", "SINGLE TIRE");
INSERT INTO COMPLECTATION_OPTIONS(COMPLECTATION_ID, OPTION_MNEMONIC, OPTION_LABEL) VALUES (421, "CND", "CANADA");
INSERT INTO COMPLECTATION_OPTIONS(COMPLECTATION_ID, OPTION_MNEMONIC, OPTION_LABEL) VALUES (421, "EFI", "ELECTRIC FUEL INJECTION SYSTEM");
INSERT INTO COMPLECTATION_OPTIONS(COMPLECTATION_ID, OPTION_MNEMONIC, OPTION_LABEL) VALUES (421, "CBU", "COMPLETELY BUILT UNIT");
INSERT INTO COMPLECTATION(ID, FRAME_ID, NAME, URL, ENGINE_MNEMONIC, ENGINE_LABEL, PRODUCTION_PERIOD, BODY_MNEMONIC, BODY_LABEL, GRADE_MNEMONIC, GRADE_LABEL, TRANSMISSION_MNEMONIC, TRANSMISSION_LABEL) VALUES (422, 54, "VZN61LV-PDEA", "https://toyota-europe.epc-data.com/4runner/vzn61lv/6222/", "3VZE", "3000CC EFI", "08.1988 - 03.1989", "V", "VAN", "DLX", "DELUXE TYPE", "ATM", "AUTOMATIC TRANSMISSION");
INSERT INTO COMPLECTATION_OPTIONS(COMPLECTATION_ID, OPTION_MNEMONIC, OPTION_LABEL) VALUES (422, "4FC", "ATM,4-SPEED FLOOR SHIFT");
INSERT INTO COMPLECTATION_OPTIONS(COMPLECTATION_ID, OPTION_MNEMONIC, OPTION_LABEL) VALUES (422, "ST", "SINGLE TIRE");
INSERT INTO COMPLECTATION_OPTIONS(COMPLECTATION_ID, OPTION_MNEMONIC, OPTION_LABEL) VALUES (422, "USA", "UNITED STATES OF AMERICA");
INSERT INTO COMPLECTATION_OPTIONS(COMPLECTATION_ID, OPTION_MNEMONIC, OPTION_LABEL) VALUES (422, "EFI", "ELECTRIC FUEL INJECTION SYSTEM");
INSERT INTO COMPLECTATION_OPTIONS(COMPLECTATION_ID, OPTION_MNEMONIC, OPTION_LABEL) VALUES (422, "CBU", "COMPLETELY BUILT UNIT");
INSERT INTO COMPLECTATION(ID, FRAME_ID, NAME, URL, ENGINE_MNEMONIC, ENGINE_LABEL, PRODUCTION_PERIOD, BODY_MNEMONIC, BODY_LABEL, GRADE_MNEMONIC, GRADE_LABEL, TRANSMISSION_MNEMONIC, TRANSMISSION_LABEL) VALUES (423, 54, "VZN61LV-PSEA", "https://toyota-europe.epc-data.com/4runner/vzn61lv/6219/", "3VZE", "3000CC EFI", "11.1987 - 08.1988", "V", "VAN", "SR5", "SR-5 TYPE", "ATM", "AUTOMATIC TRANSMISSION");
INSERT INTO COMPLECTATION_OPTIONS(COMPLECTATION_ID, OPTION_MNEMONIC, OPTION_LABEL) VALUES (423, "4FC", "ATM,4-SPEED FLOOR SHIFT");
INSERT INTO COMPLECTATION_OPTIONS(COMPLECTATION_ID, OPTION_MNEMONIC, OPTION_LABEL) VALUES (423, "ST", "SINGLE TIRE");
INSERT INTO COMPLECTATION_OPTIONS(COMPLECTATION_ID, OPTION_MNEMONIC, OPTION_LABEL) VALUES (423, "USA", "UNITED STATES OF AMERICA");
INSERT INTO COMPLECTATION_OPTIONS(COMPLECTATION_ID, OPTION_MNEMONIC, OPTION_LABEL) VALUES (423, "EFI", "ELECTRIC FUEL INJECTION SYSTEM");
INSERT INTO COMPLECTATION_OPTIONS(COMPLECTATION_ID, OPTION_MNEMONIC, OPTION_LABEL) VALUES (423, "CBU", "COMPLETELY BUILT UNIT");
INSERT INTO COMPLECTATION(ID, FRAME_ID, NAME, URL, ENGINE_MNEMONIC, ENGINE_LABEL, PRODUCTION_PERIOD, BODY_MNEMONIC, BODY_LABEL, GRADE_MNEMONIC, GRADE_LABEL, TRANSMISSION_MNEMONIC, TRANSMISSION_LABEL) VALUES (424, 54, "VZN61LV-PSEK", "https://toyota-europe.epc-data.com/4runner/vzn61lv/6220/", "3VZE", "3000CC EFI", "11.1987 - 03.1989", "V", "VAN", "SR5", "SR-5 TYPE", "ATM", "AUTOMATIC TRANSMISSION");
INSERT INTO COMPLECTATION_OPTIONS(COMPLECTATION_ID, OPTION_MNEMONIC, OPTION_LABEL) VALUES (424, "4FC", "ATM,4-SPEED FLOOR SHIFT");
INSERT INTO COMPLECTATION_OPTIONS(COMPLECTATION_ID, OPTION_MNEMONIC, OPTION_LABEL) VALUES (424, "ST", "SINGLE TIRE");
INSERT INTO COMPLECTATION_OPTIONS(COMPLECTATION_ID, OPTION_MNEMONIC, OPTION_LABEL) VALUES (424, "CND", "CANADA");
INSERT INTO COMPLECTATION_OPTIONS(COMPLECTATION_ID, OPTION_MNEMONIC, OPTION_LABEL) VALUES (424, "EFI", "ELECTRIC FUEL INJECTION SYSTEM");
INSERT INTO COMPLECTATION_OPTIONS(COMPLECTATION_ID, OPTION_MNEMONIC, OPTION_LABEL) VALUES (424, "CBU", "COMPLETELY BUILT UNIT");
INSERT INTO FRAME(ID, MODEL_ID, NAME, URL) VALUES (55, 5, "VZN66L", "https://toyota-europe.epc-data.com/4runner/vzn66l");
INSERT INTO COMPLECTATION(ID, FRAME_ID, NAME, URL, ENGINE_MNEMONIC, ENGINE_LABEL, PRODUCTION_PERIOD, BODY_MNEMONIC, BODY_LABEL, GRADE_MNEMONIC, GRADE_LABEL, TRANSMISSION_MNEMONIC, TRANSMISSION_LABEL) VALUES (425, 55, "VZN66L-MDCEA3", "https://toyota-europe.epc-data.com/4runner/vzn66l/6236/", "3VZE", "3000CC EFI", "11.1987 - 08.1988", "T1", "TRUCK(STANDARD DECK 1-SIDE OPEN)", "DLX", "DELUXE TYPE", "MTM", "MANUAL TRANSMISSION");
INSERT INTO COMPLECTATION_OPTIONS(COMPLECTATION_ID, OPTION_MNEMONIC, OPTION_LABEL) VALUES (425, "5F", "MTM,5-SPEED FLOOR SHIFT");
INSERT INTO COMPLECTATION_OPTIONS(COMPLECTATION_ID, OPTION_MNEMONIC, OPTION_LABEL) VALUES (425, "XTR", "EXTRA CAB");
INSERT INTO COMPLECTATION_OPTIONS(COMPLECTATION_ID, OPTION_MNEMONIC, OPTION_LABEL) VALUES (425, "R", "R TYPE TRANSMISSION");
INSERT INTO COMPLECTATION_OPTIONS(COMPLECTATION_ID, OPTION_MNEMONIC, OPTION_LABEL) VALUES (425, "HLF", "0.5TONS");
INSERT INTO COMPLECTATION_OPTIONS(COMPLECTATION_ID, OPTION_MNEMONIC, OPTION_LABEL) VALUES (425, "ST", "SINGLE TIRE");
INSERT INTO COMPLECTATION_OPTIONS(COMPLECTATION_ID, OPTION_MNEMONIC, OPTION_LABEL) VALUES (425, "USA", "UNITED STATES OF AMERICA");
INSERT INTO COMPLECTATION_OPTIONS(COMPLECTATION_ID, OPTION_MNEMONIC, OPTION_LABEL) VALUES (425, "EFI", "ELECTRIC FUEL INJECTION SYSTEM");
INSERT INTO COMPLECTATION_OPTIONS(COMPLECTATION_ID, OPTION_MNEMONIC, OPTION_LABEL) VALUES (425, "IV", "INCOMPLETE VEHICLES (CHASSIS & CAB)");
INSERT INTO COMPLECTATION(ID, FRAME_ID, NAME, URL, ENGINE_MNEMONIC, ENGINE_LABEL, PRODUCTION_PERIOD, BODY_MNEMONIC, BODY_LABEL, GRADE_MNEMONIC, GRADE_LABEL, TRANSMISSION_MNEMONIC, TRANSMISSION_LABEL) VALUES (426, 55, "VZN66L-MDCEK", "https://toyota-europe.epc-data.com/4runner/vzn66l/6237/", "3VZE", "3000CC EFI", "11.1987 - 08.1988", "T1", "TRUCK(STANDARD DECK 1-SIDE OPEN)", "DLX", "DELUXE TYPE", "MTM", "MANUAL TRANSMISSION");
INSERT INTO COMPLECTATION_OPTIONS(COMPLECTATION_ID, OPTION_MNEMONIC, OPTION_LABEL) VALUES (426, "5F", "MTM,5-SPEED FLOOR SHIFT");
INSERT INTO COMPLECTATION_OPTIONS(COMPLECTATION_ID, OPTION_MNEMONIC, OPTION_LABEL) VALUES (426, "XTR", "EXTRA CAB");
INSERT INTO COMPLECTATION_OPTIONS(COMPLECTATION_ID, OPTION_MNEMONIC, OPTION_LABEL) VALUES (426, "R", "R TYPE TRANSMISSION");
INSERT INTO COMPLECTATION_OPTIONS(COMPLECTATION_ID, OPTION_MNEMONIC, OPTION_LABEL) VALUES (426, "HLF", "0.5TONS");
INSERT INTO COMPLECTATION_OPTIONS(COMPLECTATION_ID, OPTION_MNEMONIC, OPTION_LABEL) VALUES (426, "ST", "SINGLE TIRE");
INSERT INTO COMPLECTATION_OPTIONS(COMPLECTATION_ID, OPTION_MNEMONIC, OPTION_LABEL) VALUES (426, "CND", "CANADA");
INSERT INTO COMPLECTATION_OPTIONS(COMPLECTATION_ID, OPTION_MNEMONIC, OPTION_LABEL) VALUES (426, "EFI", "ELECTRIC FUEL INJECTION SYSTEM");
INSERT INTO COMPLECTATION_OPTIONS(COMPLECTATION_ID, OPTION_MNEMONIC, OPTION_LABEL) VALUES (426, "CBU", "COMPLETELY BUILT UNIT");
INSERT INTO COMPLECTATION(ID, FRAME_ID, NAME, URL, ENGINE_MNEMONIC, ENGINE_LABEL, PRODUCTION_PERIOD, BODY_MNEMONIC, BODY_LABEL, GRADE_MNEMONIC, GRADE_LABEL, TRANSMISSION_MNEMONIC, TRANSMISSION_LABEL) VALUES (427, 55, "VZN66L-MDEA3", "https://toyota-europe.epc-data.com/4runner/vzn66l/6227/", "3VZE", "3000CC EFI", "11.1987 - 08.1988", "T1", "TRUCK(STANDARD DECK 1-SIDE OPEN)", "DLX", "DELUXE TYPE", "MTM", "MANUAL TRANSMISSION");
INSERT INTO COMPLECTATION_OPTIONS(COMPLECTATION_ID, OPTION_MNEMONIC, OPTION_LABEL) VALUES (427, "5F", "MTM,5-SPEED FLOOR SHIFT");
INSERT INTO COMPLECTATION_OPTIONS(COMPLECTATION_ID, OPTION_MNEMONIC, OPTION_LABEL) VALUES (427, "RCB", "REGULAR CAB");
INSERT INTO COMPLECTATION_OPTIONS(COMPLECTATION_ID, OPTION_MNEMONIC, OPTION_LABEL) VALUES (427, "R", "R TYPE TRANSMISSION");
INSERT INTO COMPLECTATION_OPTIONS(COMPLECTATION_ID, OPTION_MNEMONIC, OPTION_LABEL) VALUES (427, "HLF", "0.5TONS");
INSERT INTO COMPLECTATION_OPTIONS(COMPLECTATION_ID, OPTION_MNEMONIC, OPTION_LABEL) VALUES (427, "ST", "SINGLE TIRE");
INSERT INTO COMPLECTATION_OPTIONS(COMPLECTATION_ID, OPTION_MNEMONIC, OPTION_LABEL) VALUES (427, "USA", "UNITED STATES OF AMERICA");
INSERT INTO COMPLECTATION_OPTIONS(COMPLECTATION_ID, OPTION_MNEMONIC, OPTION_LABEL) VALUES (427, "EFI", "ELECTRIC FUEL INJECTION SYSTEM");
INSERT INTO COMPLECTATION_OPTIONS(COMPLECTATION_ID, OPTION_MNEMONIC, OPTION_LABEL) VALUES (427, "IV", "INCOMPLETE VEHICLES (CHASSIS & CAB)");
INSERT INTO COMPLECTATION(ID, FRAME_ID, NAME, URL, ENGINE_MNEMONIC, ENGINE_LABEL, PRODUCTION_PERIOD, BODY_MNEMONIC, BODY_LABEL, GRADE_MNEMONIC, GRADE_LABEL, TRANSMISSION_MNEMONIC, TRANSMISSION_LABEL) VALUES (428, 55, "VZN66L-MDEK", "https://toyota-europe.epc-data.com/4runner/vzn66l/6228/", "3VZE", "3000CC EFI", "11.1987 - 08.1988", "T1", "TRUCK(STANDARD DECK 1-SIDE OPEN)", "DLX", "DELUXE TYPE", "MTM", "MANUAL TRANSMISSION");
INSERT INTO COMPLECTATION_OPTIONS(COMPLECTATION_ID, OPTION_MNEMONIC, OPTION_LABEL) VALUES (428, "5F", "MTM,5-SPEED FLOOR SHIFT");
INSERT INTO COMPLECTATION_OPTIONS(COMPLECTATION_ID, OPTION_MNEMONIC, OPTION_LABEL) VALUES (428, "RCB", "REGULAR CAB");
INSERT INTO COMPLECTATION_OPTIONS(COMPLECTATION_ID, OPTION_MNEMONIC, OPTION_LABEL) VALUES (428, "R", "R TYPE TRANSMISSION");
INSERT INTO COMPLECTATION_OPTIONS(COMPLECTATION_ID, OPTION_MNEMONIC, OPTION_LABEL) VALUES (428, "HLF", "0.5TONS");
INSERT INTO COMPLECTATION_OPTIONS(COMPLECTATION_ID, OPTION_MNEMONIC, OPTION_LABEL) VALUES (428, "ST", "SINGLE TIRE");
INSERT INTO COMPLECTATION_OPTIONS(COMPLECTATION_ID, OPTION_MNEMONIC, OPTION_LABEL) VALUES (428, "CND", "CANADA");
INSERT INTO COMPLECTATION_OPTIONS(COMPLECTATION_ID, OPTION_MNEMONIC, OPTION_LABEL) VALUES (428, "EFI", "ELECTRIC FUEL INJECTION SYSTEM");
INSERT INTO COMPLECTATION_OPTIONS(COMPLECTATION_ID, OPTION_MNEMONIC, OPTION_LABEL) VALUES (428, "CBU", "COMPLETELY BUILT UNIT");
INSERT INTO COMPLECTATION(ID, FRAME_ID, NAME, URL, ENGINE_MNEMONIC, ENGINE_LABEL, PRODUCTION_PERIOD, BODY_MNEMONIC, BODY_LABEL, GRADE_MNEMONIC, GRADE_LABEL, TRANSMISSION_MNEMONIC, TRANSMISSION_LABEL) VALUES (429, 55, "VZN66L-MSCEA", "https://toyota-europe.epc-data.com/4runner/vzn66l/6231/", "3VZE", "3000CC EFI", "11.1987 - 08.1988", "T1", "TRUCK(STANDARD DECK 1-SIDE OPEN)", "SR5", "SR-5 TYPE", "MTM", "MANUAL TRANSMISSION");
INSERT INTO COMPLECTATION_OPTIONS(COMPLECTATION_ID, OPTION_MNEMONIC, OPTION_LABEL) VALUES (429, "5F", "MTM,5-SPEED FLOOR SHIFT");
INSERT INTO COMPLECTATION_OPTIONS(COMPLECTATION_ID, OPTION_MNEMONIC, OPTION_LABEL) VALUES (429, "XTR", "EXTRA CAB");
INSERT INTO COMPLECTATION_OPTIONS(COMPLECTATION_ID, OPTION_MNEMONIC, OPTION_LABEL) VALUES (429, "R", "R TYPE TRANSMISSION");
INSERT INTO COMPLECTATION_OPTIONS(COMPLECTATION_ID, OPTION_MNEMONIC, OPTION_LABEL) VALUES (429, "HLF", "0.5TONS");
INSERT INTO COMPLECTATION_OPTIONS(COMPLECTATION_ID, OPTION_MNEMONIC, OPTION_LABEL) VALUES (429, "ST", "SINGLE TIRE");
INSERT INTO COMPLECTATION_OPTIONS(COMPLECTATION_ID, OPTION_MNEMONIC, OPTION_LABEL) VALUES (429, "USA", "UNITED STATES OF AMERICA");
INSERT INTO COMPLECTATION_OPTIONS(COMPLECTATION_ID, OPTION_MNEMONIC, OPTION_LABEL) VALUES (429, "EFI", "ELECTRIC FUEL INJECTION SYSTEM");
INSERT INTO COMPLECTATION_OPTIONS(COMPLECTATION_ID, OPTION_MNEMONIC, OPTION_LABEL) VALUES (429, "CBU", "COMPLETELY BUILT UNIT");
INSERT INTO COMPLECTATION(ID, FRAME_ID, NAME, URL, ENGINE_MNEMONIC, ENGINE_LABEL, PRODUCTION_PERIOD, BODY_MNEMONIC, BODY_LABEL, GRADE_MNEMONIC, GRADE_LABEL, TRANSMISSION_MNEMONIC, TRANSMISSION_LABEL) VALUES (430, 55, "VZN66L-MSCEA3", "https://toyota-europe.epc-data.com/4runner/vzn66l/6232/", "3VZE", "3000CC EFI", "11.1987 - 08.1988", "T1", "TRUCK(STANDARD DECK 1-SIDE OPEN)", "SR5", "SR-5 TYPE", "MTM", "MANUAL TRANSMISSION");
INSERT INTO COMPLECTATION_OPTIONS(COMPLECTATION_ID, OPTION_MNEMONIC, OPTION_LABEL) VALUES (430, "5F", "MTM,5-SPEED FLOOR SHIFT");
INSERT INTO COMPLECTATION_OPTIONS(COMPLECTATION_ID, OPTION_MNEMONIC, OPTION_LABEL) VALUES (430, "XTR", "EXTRA CAB");
INSERT INTO COMPLECTATION_OPTIONS(COMPLECTATION_ID, OPTION_MNEMONIC, OPTION_LABEL) VALUES (430, "R", "R TYPE TRANSMISSION");
INSERT INTO COMPLECTATION_OPTIONS(COMPLECTATION_ID, OPTION_MNEMONIC, OPTION_LABEL) VALUES (430, "HLF", "0.5TONS");
INSERT INTO COMPLECTATION_OPTIONS(COMPLECTATION_ID, OPTION_MNEMONIC, OPTION_LABEL) VALUES (430, "ST", "SINGLE TIRE");
INSERT INTO COMPLECTATION_OPTIONS(COMPLECTATION_ID, OPTION_MNEMONIC, OPTION_LABEL) VALUES (430, "USA", "UNITED STATES OF AMERICA");
INSERT INTO COMPLECTATION_OPTIONS(COMPLECTATION_ID, OPTION_MNEMONIC, OPTION_LABEL) VALUES (430, "EFI", "ELECTRIC FUEL INJECTION SYSTEM");
INSERT INTO COMPLECTATION_OPTIONS(COMPLECTATION_ID, OPTION_MNEMONIC, OPTION_LABEL) VALUES (430, "IV", "INCOMPLETE VEHICLES (CHASSIS & CAB)");
INSERT INTO COMPLECTATION(ID, FRAME_ID, NAME, URL, ENGINE_MNEMONIC, ENGINE_LABEL, PRODUCTION_PERIOD, BODY_MNEMONIC, BODY_LABEL, GRADE_MNEMONIC, GRADE_LABEL, TRANSMISSION_MNEMONIC, TRANSMISSION_LABEL) VALUES (431, 55, "VZN66L-MSCEK", "https://toyota-europe.epc-data.com/4runner/vzn66l/6233/", "3VZE", "3000CC EFI", "11.1987 - 08.1988", "T1", "TRUCK(STANDARD DECK 1-SIDE OPEN)", "SR5", "SR-5 TYPE", "MTM", "MANUAL TRANSMISSION");
INSERT INTO COMPLECTATION_OPTIONS(COMPLECTATION_ID, OPTION_MNEMONIC, OPTION_LABEL) VALUES (431, "5F", "MTM,5-SPEED FLOOR SHIFT");
INSERT INTO COMPLECTATION_OPTIONS(COMPLECTATION_ID, OPTION_MNEMONIC, OPTION_LABEL) VALUES (431, "XTR", "EXTRA CAB");
INSERT INTO COMPLECTATION_OPTIONS(COMPLECTATION_ID, OPTION_MNEMONIC, OPTION_LABEL) VALUES (431, "R", "R TYPE TRANSMISSION");
INSERT INTO COMPLECTATION_OPTIONS(COMPLECTATION_ID, OPTION_MNEMONIC, OPTION_LABEL) VALUES (431, "HLF", "0.5TONS");
INSERT INTO COMPLECTATION_OPTIONS(COMPLECTATION_ID, OPTION_MNEMONIC, OPTION_LABEL) VALUES (431, "ST", "SINGLE TIRE");
INSERT INTO COMPLECTATION_OPTIONS(COMPLECTATION_ID, OPTION_MNEMONIC, OPTION_LABEL) VALUES (431, "CND", "CANADA");
INSERT INTO COMPLECTATION_OPTIONS(COMPLECTATION_ID, OPTION_MNEMONIC, OPTION_LABEL) VALUES (431, "EFI", "ELECTRIC FUEL INJECTION SYSTEM");
INSERT INTO COMPLECTATION_OPTIONS(COMPLECTATION_ID, OPTION_MNEMONIC, OPTION_LABEL) VALUES (431, "CBU", "COMPLETELY BUILT UNIT");
INSERT INTO COMPLECTATION(ID, FRAME_ID, NAME, URL, ENGINE_MNEMONIC, ENGINE_LABEL, PRODUCTION_PERIOD, BODY_MNEMONIC, BODY_LABEL, GRADE_MNEMONIC, GRADE_LABEL, TRANSMISSION_MNEMONIC, TRANSMISSION_LABEL) VALUES (432, 55, "VZN66L-PDCEA3", "https://toyota-europe.epc-data.com/4runner/vzn66l/6238/", "3VZE", "3000CC EFI", "11.1987 - 08.1988", "T1", "TRUCK(STANDARD DECK 1-SIDE OPEN)", "DLX", "DELUXE TYPE", "ATM", "AUTOMATIC TRANSMISSION");
INSERT INTO COMPLECTATION_OPTIONS(COMPLECTATION_ID, OPTION_MNEMONIC, OPTION_LABEL) VALUES (432, "4FC", "ATM,4-SPEED FLOOR SHIFT");
INSERT INTO COMPLECTATION_OPTIONS(COMPLECTATION_ID, OPTION_MNEMONIC, OPTION_LABEL) VALUES (432, "XTR", "EXTRA CAB");
INSERT INTO COMPLECTATION_OPTIONS(COMPLECTATION_ID, OPTION_MNEMONIC, OPTION_LABEL) VALUES (432, "HLF", "0.5TONS");
INSERT INTO COMPLECTATION_OPTIONS(COMPLECTATION_ID, OPTION_MNEMONIC, OPTION_LABEL) VALUES (432, "ST", "SINGLE TIRE");
INSERT INTO COMPLECTATION_OPTIONS(COMPLECTATION_ID, OPTION_MNEMONIC, OPTION_LABEL) VALUES (432, "USA", "UNITED STATES OF AMERICA");
INSERT INTO COMPLECTATION_OPTIONS(COMPLECTATION_ID, OPTION_MNEMONIC, OPTION_LABEL) VALUES (432, "EFI", "ELECTRIC FUEL INJECTION SYSTEM");
INSERT INTO COMPLECTATION_OPTIONS(COMPLECTATION_ID, OPTION_MNEMONIC, OPTION_LABEL) VALUES (432, "IV", "INCOMPLETE VEHICLES (CHASSIS & CAB)");
INSERT INTO COMPLECTATION(ID, FRAME_ID, NAME, URL, ENGINE_MNEMONIC, ENGINE_LABEL, PRODUCTION_PERIOD, BODY_MNEMONIC, BODY_LABEL, GRADE_MNEMONIC, GRADE_LABEL, TRANSMISSION_MNEMONIC, TRANSMISSION_LABEL) VALUES (433, 55, "VZN66L-PDEA3", "https://toyota-europe.epc-data.com/4runner/vzn66l/6229/", "3VZE", "3000CC EFI", "11.1987 - 08.1988", "T1", "TRUCK(STANDARD DECK 1-SIDE OPEN)", "DLX", "DELUXE TYPE", "ATM", "AUTOMATIC TRANSMISSION");
INSERT INTO COMPLECTATION_OPTIONS(COMPLECTATION_ID, OPTION_MNEMONIC, OPTION_LABEL) VALUES (433, "4FC", "ATM,4-SPEED FLOOR SHIFT");
INSERT INTO COMPLECTATION_OPTIONS(COMPLECTATION_ID, OPTION_MNEMONIC, OPTION_LABEL) VALUES (433, "RCB", "REGULAR CAB");
INSERT INTO COMPLECTATION_OPTIONS(COMPLECTATION_ID, OPTION_MNEMONIC, OPTION_LABEL) VALUES (433, "HLF", "0.5TONS");
INSERT INTO COMPLECTATION_OPTIONS(COMPLECTATION_ID, OPTION_MNEMONIC, OPTION_LABEL) VALUES (433, "ST", "SINGLE TIRE");
INSERT INTO COMPLECTATION_OPTIONS(COMPLECTATION_ID, OPTION_MNEMONIC, OPTION_LABEL) VALUES (433, "USA", "UNITED STATES OF AMERICA");
INSERT INTO COMPLECTATION_OPTIONS(COMPLECTATION_ID, OPTION_MNEMONIC, OPTION_LABEL) VALUES (433, "EFI", "ELECTRIC FUEL INJECTION SYSTEM");
INSERT INTO COMPLECTATION_OPTIONS(COMPLECTATION_ID, OPTION_MNEMONIC, OPTION_LABEL) VALUES (433, "IV", "INCOMPLETE VEHICLES (CHASSIS & CAB)");
INSERT INTO COMPLECTATION(ID, FRAME_ID, NAME, URL, ENGINE_MNEMONIC, ENGINE_LABEL, PRODUCTION_PERIOD, BODY_MNEMONIC, BODY_LABEL, GRADE_MNEMONIC, GRADE_LABEL, TRANSMISSION_MNEMONIC, TRANSMISSION_LABEL) VALUES (434, 55, "VZN66L-PDEK", "https://toyota-europe.epc-data.com/4runner/vzn66l/6230/", "3VZE", "3000CC EFI", "11.1987 - 08.1988", "T1", "TRUCK(STANDARD DECK 1-SIDE OPEN)", "DLX", "DELUXE TYPE", "ATM", "AUTOMATIC TRANSMISSION");
INSERT INTO COMPLECTATION_OPTIONS(COMPLECTATION_ID, OPTION_MNEMONIC, OPTION_LABEL) VALUES (434, "4FC", "ATM,4-SPEED FLOOR SHIFT");
INSERT INTO COMPLECTATION_OPTIONS(COMPLECTATION_ID, OPTION_MNEMONIC, OPTION_LABEL) VALUES (434, "RCB", "REGULAR CAB");
INSERT INTO COMPLECTATION_OPTIONS(COMPLECTATION_ID, OPTION_MNEMONIC, OPTION_LABEL) VALUES (434, "HLF", "0.5TONS");
INSERT INTO COMPLECTATION_OPTIONS(COMPLECTATION_ID, OPTION_MNEMONIC, OPTION_LABEL) VALUES (434, "ST", "SINGLE TIRE");
INSERT INTO COMPLECTATION_OPTIONS(COMPLECTATION_ID, OPTION_MNEMONIC, OPTION_LABEL) VALUES (434, "CND", "CANADA");
INSERT INTO COMPLECTATION_OPTIONS(COMPLECTATION_ID, OPTION_MNEMONIC, OPTION_LABEL) VALUES (434, "EFI", "ELECTRIC FUEL INJECTION SYSTEM");
INSERT INTO COMPLECTATION_OPTIONS(COMPLECTATION_ID, OPTION_MNEMONIC, OPTION_LABEL) VALUES (434, "CBU", "COMPLETELY BUILT UNIT");
INSERT INTO COMPLECTATION(ID, FRAME_ID, NAME, URL, ENGINE_MNEMONIC, ENGINE_LABEL, PRODUCTION_PERIOD, BODY_MNEMONIC, BODY_LABEL, GRADE_MNEMONIC, GRADE_LABEL, TRANSMISSION_MNEMONIC, TRANSMISSION_LABEL) VALUES (435, 55, "VZN66L-PSCEA3", "https://toyota-europe.epc-data.com/4runner/vzn66l/6234/", "3VZE", "3000CC EFI", "11.1987 - 08.1988", "T1", "TRUCK(STANDARD DECK 1-SIDE OPEN)", "SR5", "SR-5 TYPE", "ATM", "AUTOMATIC TRANSMISSION");
INSERT INTO COMPLECTATION_OPTIONS(COMPLECTATION_ID, OPTION_MNEMONIC, OPTION_LABEL) VALUES (435, "4FC", "ATM,4-SPEED FLOOR SHIFT");
INSERT INTO COMPLECTATION_OPTIONS(COMPLECTATION_ID, OPTION_MNEMONIC, OPTION_LABEL) VALUES (435, "XTR", "EXTRA CAB");
INSERT INTO COMPLECTATION_OPTIONS(COMPLECTATION_ID, OPTION_MNEMONIC, OPTION_LABEL) VALUES (435, "HLF", "0.5TONS");
INSERT INTO COMPLECTATION_OPTIONS(COMPLECTATION_ID, OPTION_MNEMONIC, OPTION_LABEL) VALUES (435, "ST", "SINGLE TIRE");
INSERT INTO COMPLECTATION_OPTIONS(COMPLECTATION_ID, OPTION_MNEMONIC, OPTION_LABEL) VALUES (435, "USA", "UNITED STATES OF AMERICA");
INSERT INTO COMPLECTATION_OPTIONS(COMPLECTATION_ID, OPTION_MNEMONIC, OPTION_LABEL) VALUES (435, "EFI", "ELECTRIC FUEL INJECTION SYSTEM");
INSERT INTO COMPLECTATION_OPTIONS(COMPLECTATION_ID, OPTION_MNEMONIC, OPTION_LABEL) VALUES (435, "IV", "INCOMPLETE VEHICLES (CHASSIS & CAB)");
INSERT INTO COMPLECTATION(ID, FRAME_ID, NAME, URL, ENGINE_MNEMONIC, ENGINE_LABEL, PRODUCTION_PERIOD, BODY_MNEMONIC, BODY_LABEL, GRADE_MNEMONIC, GRADE_LABEL, TRANSMISSION_MNEMONIC, TRANSMISSION_LABEL) VALUES (436, 55, "VZN66L-PSCEK", "https://toyota-europe.epc-data.com/4runner/vzn66l/6235/", "3VZE", "3000CC EFI", "11.1987 - 08.1988", "T1", "TRUCK(STANDARD DECK 1-SIDE OPEN)", "SR5", "SR-5 TYPE", "ATM", "AUTOMATIC TRANSMISSION");
INSERT INTO COMPLECTATION_OPTIONS(COMPLECTATION_ID, OPTION_MNEMONIC, OPTION_LABEL) VALUES (436, "4FC", "ATM,4-SPEED FLOOR SHIFT");
INSERT INTO COMPLECTATION_OPTIONS(COMPLECTATION_ID, OPTION_MNEMONIC, OPTION_LABEL) VALUES (436, "XTR", "EXTRA CAB");
INSERT INTO COMPLECTATION_OPTIONS(COMPLECTATION_ID, OPTION_MNEMONIC, OPTION_LABEL) VALUES (436, "HLF", "0.5TONS");
INSERT INTO COMPLECTATION_OPTIONS(COMPLECTATION_ID, OPTION_MNEMONIC, OPTION_LABEL) VALUES (436, "ST", "SINGLE TIRE");
INSERT INTO COMPLECTATION_OPTIONS(COMPLECTATION_ID, OPTION_MNEMONIC, OPTION_LABEL) VALUES (436, "CND", "CANADA");
INSERT INTO COMPLECTATION_OPTIONS(COMPLECTATION_ID, OPTION_MNEMONIC, OPTION_LABEL) VALUES (436, "EFI", "ELECTRIC FUEL INJECTION SYSTEM");
INSERT INTO COMPLECTATION_OPTIONS(COMPLECTATION_ID, OPTION_MNEMONIC, OPTION_LABEL) VALUES (436, "CBU", "COMPLETELY BUILT UNIT");
INSERT INTO FRAME(ID, MODEL_ID, NAME, URL) VALUES (56, 5, "VZN85L", "https://toyota-europe.epc-data.com/4runner/vzn85l");
INSERT INTO COMPLECTATION(ID, FRAME_ID, NAME, URL, ENGINE_MNEMONIC, ENGINE_LABEL, PRODUCTION_PERIOD, BODY_MNEMONIC, BODY_LABEL, GRADE_MNEMONIC, GRADE_LABEL, TRANSMISSION_MNEMONIC, TRANSMISSION_LABEL) VALUES (437, 56, "VZN85L-THMDEA", "https://toyota-europe.epc-data.com/4runner/vzn85l/6421/", "3VZE", "3000CC EFI", "08.1988 - 08.1992", "", "", "DLX", "DELUXE TYPE", "MTM", "MANUAL TRANSMISSION");
INSERT INTO COMPLECTATION_OPTIONS(COMPLECTATION_ID, OPTION_MNEMONIC, OPTION_LABEL) VALUES (437, "5F", "MTM,5-SPEED FLOOR SHIFT");
INSERT INTO COMPLECTATION_OPTIONS(COMPLECTATION_ID, OPTION_MNEMONIC, OPTION_LABEL) VALUES (437, "RCB", "REGULAR CAB");
INSERT INTO COMPLECTATION_OPTIONS(COMPLECTATION_ID, OPTION_MNEMONIC, OPTION_LABEL) VALUES (437, "ST", "SINGLE TIRE");
INSERT INTO COMPLECTATION_OPTIONS(COMPLECTATION_ID, OPTION_MNEMONIC, OPTION_LABEL) VALUES (437, "10T", "1.0TONS");
INSERT INTO COMPLECTATION_OPTIONS(COMPLECTATION_ID, OPTION_MNEMONIC, OPTION_LABEL) VALUES (437, "R", "R TYPE TRANSMISSION");
INSERT INTO COMPLECTATION_OPTIONS(COMPLECTATION_ID, OPTION_MNEMONIC, OPTION_LABEL) VALUES (437, "EFI", "ELECTRIC FUEL INJECTION SYSTEM");
INSERT INTO COMPLECTATION_OPTIONS(COMPLECTATION_ID, OPTION_MNEMONIC, OPTION_LABEL) VALUES (437, "USA", "UNITED STATES OF AMERICA");
INSERT INTO COMPLECTATION_OPTIONS(COMPLECTATION_ID, OPTION_MNEMONIC, OPTION_LABEL) VALUES (437, "CBU", "COMPLETELY BUILT UNIT");
INSERT INTO COMPLECTATION_OPTIONS(COMPLECTATION_ID, OPTION_MNEMONIC, OPTION_LABEL) VALUES (437, "T1", "TRUCK(STANDARD DECK 1-SIDE OPEN)");
INSERT INTO COMPLECTATION_OPTIONS(COMPLECTATION_ID, OPTION_MNEMONIC, OPTION_LABEL) VALUES (437, "JPP", "JAPAN PRODUCT PARTS");
INSERT INTO COMPLECTATION(ID, FRAME_ID, NAME, URL, ENGINE_MNEMONIC, ENGINE_LABEL, PRODUCTION_PERIOD, BODY_MNEMONIC, BODY_LABEL, GRADE_MNEMONIC, GRADE_LABEL, TRANSMISSION_MNEMONIC, TRANSMISSION_LABEL) VALUES (438, 56, "VZN85L-THMDEA3", "https://toyota-europe.epc-data.com/4runner/vzn85l/6422/", "3VZE", "3000CC EFI", "08.1988 - 08.1989", "", "", "DLX", "DELUXE TYPE", "MTM", "MANUAL TRANSMISSION");
INSERT INTO COMPLECTATION_OPTIONS(COMPLECTATION_ID, OPTION_MNEMONIC, OPTION_LABEL) VALUES (438, "5F", "MTM,5-SPEED FLOOR SHIFT");
INSERT INTO COMPLECTATION_OPTIONS(COMPLECTATION_ID, OPTION_MNEMONIC, OPTION_LABEL) VALUES (438, "RCB", "REGULAR CAB");
INSERT INTO COMPLECTATION_OPTIONS(COMPLECTATION_ID, OPTION_MNEMONIC, OPTION_LABEL) VALUES (438, "ST", "SINGLE TIRE");
INSERT INTO COMPLECTATION_OPTIONS(COMPLECTATION_ID, OPTION_MNEMONIC, OPTION_LABEL) VALUES (438, "10T", "1.0TONS");
INSERT INTO COMPLECTATION_OPTIONS(COMPLECTATION_ID, OPTION_MNEMONIC, OPTION_LABEL) VALUES (438, "R", "R TYPE TRANSMISSION");
INSERT INTO COMPLECTATION_OPTIONS(COMPLECTATION_ID, OPTION_MNEMONIC, OPTION_LABEL) VALUES (438, "EFI", "ELECTRIC FUEL INJECTION SYSTEM");
INSERT INTO COMPLECTATION_OPTIONS(COMPLECTATION_ID, OPTION_MNEMONIC, OPTION_LABEL) VALUES (438, "USA", "UNITED STATES OF AMERICA");
INSERT INTO COMPLECTATION_OPTIONS(COMPLECTATION_ID, OPTION_MNEMONIC, OPTION_LABEL) VALUES (438, "IV3", "INCOMPLETE VEHICLES (CAB & CHASSIS)");
INSERT INTO COMPLECTATION_OPTIONS(COMPLECTATION_ID, OPTION_MNEMONIC, OPTION_LABEL) VALUES (438, "T1", "TRUCK(STANDARD DECK 1-SIDE OPEN)");
INSERT INTO COMPLECTATION_OPTIONS(COMPLECTATION_ID, OPTION_MNEMONIC, OPTION_LABEL) VALUES (438, "JPP", "JAPAN PRODUCT PARTS");
INSERT INTO COMPLECTATION(ID, FRAME_ID, NAME, URL, ENGINE_MNEMONIC, ENGINE_LABEL, PRODUCTION_PERIOD, BODY_MNEMONIC, BODY_LABEL, GRADE_MNEMONIC, GRADE_LABEL, TRANSMISSION_MNEMONIC, TRANSMISSION_LABEL) VALUES (439, 56, "VZN85L-THSDEA", "https://toyota-europe.epc-data.com/4runner/vzn85l/6423/", "3VZE", "3000CC EFI", "08.1988 - 08.1992", "", "", "DLX", "DELUXE TYPE", "ATM", "AUTOMATIC TRANSMISSION");
INSERT INTO COMPLECTATION_OPTIONS(COMPLECTATION_ID, OPTION_MNEMONIC, OPTION_LABEL) VALUES (439, "4HC", "ATM,4-SPEED COLUMN SHIFT");
INSERT INTO COMPLECTATION_OPTIONS(COMPLECTATION_ID, OPTION_MNEMONIC, OPTION_LABEL) VALUES (439, "RCB", "REGULAR CAB");
INSERT INTO COMPLECTATION_OPTIONS(COMPLECTATION_ID, OPTION_MNEMONIC, OPTION_LABEL) VALUES (439, "ST", "SINGLE TIRE");
INSERT INTO COMPLECTATION_OPTIONS(COMPLECTATION_ID, OPTION_MNEMONIC, OPTION_LABEL) VALUES (439, "10T", "1.0TONS");
INSERT INTO COMPLECTATION_OPTIONS(COMPLECTATION_ID, OPTION_MNEMONIC, OPTION_LABEL) VALUES (439, "EFI", "ELECTRIC FUEL INJECTION SYSTEM");
INSERT INTO COMPLECTATION_OPTIONS(COMPLECTATION_ID, OPTION_MNEMONIC, OPTION_LABEL) VALUES (439, "USA", "UNITED STATES OF AMERICA");
INSERT INTO COMPLECTATION_OPTIONS(COMPLECTATION_ID, OPTION_MNEMONIC, OPTION_LABEL) VALUES (439, "CBU", "COMPLETELY BUILT UNIT");
INSERT INTO COMPLECTATION_OPTIONS(COMPLECTATION_ID, OPTION_MNEMONIC, OPTION_LABEL) VALUES (439, "T1", "TRUCK(STANDARD DECK 1-SIDE OPEN)");
INSERT INTO COMPLECTATION_OPTIONS(COMPLECTATION_ID, OPTION_MNEMONIC, OPTION_LABEL) VALUES (439, "JPP", "JAPAN PRODUCT PARTS");
INSERT INTO COMPLECTATION(ID, FRAME_ID, NAME, URL, ENGINE_MNEMONIC, ENGINE_LABEL, PRODUCTION_PERIOD, BODY_MNEMONIC, BODY_LABEL, GRADE_MNEMONIC, GRADE_LABEL, TRANSMISSION_MNEMONIC, TRANSMISSION_LABEL) VALUES (440, 56, "VZN85L-THSDEA3", "https://toyota-europe.epc-data.com/4runner/vzn85l/6424/", "3VZE", "3000CC EFI", "08.1988 - 08.1989", "", "", "DLX", "DELUXE TYPE", "ATM", "AUTOMATIC TRANSMISSION");
INSERT INTO COMPLECTATION_OPTIONS(COMPLECTATION_ID, OPTION_MNEMONIC, OPTION_LABEL) VALUES (440, "4HC", "ATM,4-SPEED COLUMN SHIFT");
INSERT INTO COMPLECTATION_OPTIONS(COMPLECTATION_ID, OPTION_MNEMONIC, OPTION_LABEL) VALUES (440, "RCB", "REGULAR CAB");
INSERT INTO COMPLECTATION_OPTIONS(COMPLECTATION_ID, OPTION_MNEMONIC, OPTION_LABEL) VALUES (440, "ST", "SINGLE TIRE");
INSERT INTO COMPLECTATION_OPTIONS(COMPLECTATION_ID, OPTION_MNEMONIC, OPTION_LABEL) VALUES (440, "10T", "1.0TONS");
INSERT INTO COMPLECTATION_OPTIONS(COMPLECTATION_ID, OPTION_MNEMONIC, OPTION_LABEL) VALUES (440, "EFI", "ELECTRIC FUEL INJECTION SYSTEM");
INSERT INTO COMPLECTATION_OPTIONS(COMPLECTATION_ID, OPTION_MNEMONIC, OPTION_LABEL) VALUES (440, "USA", "UNITED STATES OF AMERICA");
INSERT INTO COMPLECTATION_OPTIONS(COMPLECTATION_ID, OPTION_MNEMONIC, OPTION_LABEL) VALUES (440, "IV3", "INCOMPLETE VEHICLES (CAB & CHASSIS)");
INSERT INTO COMPLECTATION_OPTIONS(COMPLECTATION_ID, OPTION_MNEMONIC, OPTION_LABEL) VALUES (440, "T1", "TRUCK(STANDARD DECK 1-SIDE OPEN)");
INSERT INTO COMPLECTATION_OPTIONS(COMPLECTATION_ID, OPTION_MNEMONIC, OPTION_LABEL) VALUES (440, "JPP", "JAPAN PRODUCT PARTS");
INSERT INTO COMPLECTATION(ID, FRAME_ID, NAME, URL, ENGINE_MNEMONIC, ENGINE_LABEL, PRODUCTION_PERIOD, BODY_MNEMONIC, BODY_LABEL, GRADE_MNEMONIC, GRADE_LABEL, TRANSMISSION_MNEMONIC, TRANSMISSION_LABEL) VALUES (441, 56, "VZN85L-TRMDEA", "https://toyota-europe.epc-data.com/4runner/vzn85l/6415/", "3VZE", "3000CC EFI", "08.1988 - 08.1990", "", "", "DLX", "DELUXE TYPE", "MTM", "MANUAL TRANSMISSION");
INSERT INTO COMPLECTATION_OPTIONS(COMPLECTATION_ID, OPTION_MNEMONIC, OPTION_LABEL) VALUES (441, "5F", "MTM,5-SPEED FLOOR SHIFT");
INSERT INTO COMPLECTATION_OPTIONS(COMPLECTATION_ID, OPTION_MNEMONIC, OPTION_LABEL) VALUES (441, "RCB", "REGULAR CAB");
INSERT INTO COMPLECTATION_OPTIONS(COMPLECTATION_ID, OPTION_MNEMONIC, OPTION_LABEL) VALUES (441, "ST", "SINGLE TIRE");
INSERT INTO COMPLECTATION_OPTIONS(COMPLECTATION_ID, OPTION_MNEMONIC, OPTION_LABEL) VALUES (441, "HLF", "0.5TONS");
INSERT INTO COMPLECTATION_OPTIONS(COMPLECTATION_ID, OPTION_MNEMONIC, OPTION_LABEL) VALUES (441, "R", "R TYPE TRANSMISSION");
INSERT INTO COMPLECTATION_OPTIONS(COMPLECTATION_ID, OPTION_MNEMONIC, OPTION_LABEL) VALUES (441, "EFI", "ELECTRIC FUEL INJECTION SYSTEM");
INSERT INTO COMPLECTATION_OPTIONS(COMPLECTATION_ID, OPTION_MNEMONIC, OPTION_LABEL) VALUES (441, "USA", "UNITED STATES OF AMERICA");
INSERT INTO COMPLECTATION_OPTIONS(COMPLECTATION_ID, OPTION_MNEMONIC, OPTION_LABEL) VALUES (441, "CBU", "COMPLETELY BUILT UNIT");
INSERT INTO COMPLECTATION_OPTIONS(COMPLECTATION_ID, OPTION_MNEMONIC, OPTION_LABEL) VALUES (441, "T1", "TRUCK(STANDARD DECK 1-SIDE OPEN)");
INSERT INTO COMPLECTATION_OPTIONS(COMPLECTATION_ID, OPTION_MNEMONIC, OPTION_LABEL) VALUES (441, "JPP", "JAPAN PRODUCT PARTS");
INSERT INTO COMPLECTATION(ID, FRAME_ID, NAME, URL, ENGINE_MNEMONIC, ENGINE_LABEL, PRODUCTION_PERIOD, BODY_MNEMONIC, BODY_LABEL, GRADE_MNEMONIC, GRADE_LABEL, TRANSMISSION_MNEMONIC, TRANSMISSION_LABEL) VALUES (442, 56, "VZN85L-TRMDEA3", "https://toyota-europe.epc-data.com/4runner/vzn85l/6416/", "3VZE", "3000CC EFI", "08.1988 - 08.1989", "", "", "DLX", "DELUXE TYPE", "MTM", "MANUAL TRANSMISSION");
INSERT INTO COMPLECTATION_OPTIONS(COMPLECTATION_ID, OPTION_MNEMONIC, OPTION_LABEL) VALUES (442, "5F", "MTM,5-SPEED FLOOR SHIFT");
INSERT INTO COMPLECTATION_OPTIONS(COMPLECTATION_ID, OPTION_MNEMONIC, OPTION_LABEL) VALUES (442, "RCB", "REGULAR CAB");
INSERT INTO COMPLECTATION_OPTIONS(COMPLECTATION_ID, OPTION_MNEMONIC, OPTION_LABEL) VALUES (442, "ST", "SINGLE TIRE");
INSERT INTO COMPLECTATION_OPTIONS(COMPLECTATION_ID, OPTION_MNEMONIC, OPTION_LABEL) VALUES (442, "HLF", "0.5TONS");
INSERT INTO COMPLECTATION_OPTIONS(COMPLECTATION_ID, OPTION_MNEMONIC, OPTION_LABEL) VALUES (442, "R", "R TYPE TRANSMISSION");
INSERT INTO COMPLECTATION_OPTIONS(COMPLECTATION_ID, OPTION_MNEMONIC, OPTION_LABEL) VALUES (442, "EFI", "ELECTRIC FUEL INJECTION SYSTEM");
INSERT INTO COMPLECTATION_OPTIONS(COMPLECTATION_ID, OPTION_MNEMONIC, OPTION_LABEL) VALUES (442, "USA", "UNITED STATES OF AMERICA");
INSERT INTO COMPLECTATION_OPTIONS(COMPLECTATION_ID, OPTION_MNEMONIC, OPTION_LABEL) VALUES (442, "IV3", "INCOMPLETE VEHICLES (CAB & CHASSIS)");
INSERT INTO COMPLECTATION_OPTIONS(COMPLECTATION_ID, OPTION_MNEMONIC, OPTION_LABEL) VALUES (442, "T1", "TRUCK(STANDARD DECK 1-SIDE OPEN)");
INSERT INTO COMPLECTATION_OPTIONS(COMPLECTATION_ID, OPTION_MNEMONIC, OPTION_LABEL) VALUES (442, "JPP", "JAPAN PRODUCT PARTS");
INSERT INTO COMPLECTATION(ID, FRAME_ID, NAME, URL, ENGINE_MNEMONIC, ENGINE_LABEL, PRODUCTION_PERIOD, BODY_MNEMONIC, BODY_LABEL, GRADE_MNEMONIC, GRADE_LABEL, TRANSMISSION_MNEMONIC, TRANSMISSION_LABEL) VALUES (443, 56, "VZN85L-TRMDEK", "https://toyota-europe.epc-data.com/4runner/vzn85l/6417/", "3VZE", "3000CC EFI", "08.1988 - 08.1990", "", "", "DLX", "DELUXE TYPE", "MTM", "MANUAL TRANSMISSION");
INSERT INTO COMPLECTATION_OPTIONS(COMPLECTATION_ID, OPTION_MNEMONIC, OPTION_LABEL) VALUES (443, "5F", "MTM,5-SPEED FLOOR SHIFT");
INSERT INTO COMPLECTATION_OPTIONS(COMPLECTATION_ID, OPTION_MNEMONIC, OPTION_LABEL) VALUES (443, "RCB", "REGULAR CAB");
INSERT INTO COMPLECTATION_OPTIONS(COMPLECTATION_ID, OPTION_MNEMONIC, OPTION_LABEL) VALUES (443, "ST", "SINGLE TIRE");
INSERT INTO COMPLECTATION_OPTIONS(COMPLECTATION_ID, OPTION_MNEMONIC, OPTION_LABEL) VALUES (443, "HLF", "0.5TONS");
INSERT INTO COMPLECTATION_OPTIONS(COMPLECTATION_ID, OPTION_MNEMONIC, OPTION_LABEL) VALUES (443, "R", "R TYPE TRANSMISSION");
INSERT INTO COMPLECTATION_OPTIONS(COMPLECTATION_ID, OPTION_MNEMONIC, OPTION_LABEL) VALUES (443, "EFI", "ELECTRIC FUEL INJECTION SYSTEM");
INSERT INTO COMPLECTATION_OPTIONS(COMPLECTATION_ID, OPTION_MNEMONIC, OPTION_LABEL) VALUES (443, "CND", "CANADA");
INSERT INTO COMPLECTATION_OPTIONS(COMPLECTATION_ID, OPTION_MNEMONIC, OPTION_LABEL) VALUES (443, "CBU", "COMPLETELY BUILT UNIT");
INSERT INTO COMPLECTATION_OPTIONS(COMPLECTATION_ID, OPTION_MNEMONIC, OPTION_LABEL) VALUES (443, "T1", "TRUCK(STANDARD DECK 1-SIDE OPEN)");
INSERT INTO COMPLECTATION_OPTIONS(COMPLECTATION_ID, OPTION_MNEMONIC, OPTION_LABEL) VALUES (443, "JPP", "JAPAN PRODUCT PARTS");
INSERT INTO COMPLECTATION(ID, FRAME_ID, NAME, URL, ENGINE_MNEMONIC, ENGINE_LABEL, PRODUCTION_PERIOD, BODY_MNEMONIC, BODY_LABEL, GRADE_MNEMONIC, GRADE_LABEL, TRANSMISSION_MNEMONIC, TRANSMISSION_LABEL) VALUES (444, 56, "VZN85L-TRMREA6", "https://toyota-europe.epc-data.com/4runner/vzn85l/6436/", "3VZE", "3000CC EFI", "08.1988 - 08.1990", "", "", "STD", "STANDARD TYPE", "MTM", "MANUAL TRANSMISSION");
INSERT INTO COMPLECTATION_OPTIONS(COMPLECTATION_ID, OPTION_MNEMONIC, OPTION_LABEL) VALUES (444, "5F", "MTM,5-SPEED FLOOR SHIFT");
INSERT INTO COMPLECTATION_OPTIONS(COMPLECTATION_ID, OPTION_MNEMONIC, OPTION_LABEL) VALUES (444, "RCB", "REGULAR CAB");
INSERT INTO COMPLECTATION_OPTIONS(COMPLECTATION_ID, OPTION_MNEMONIC, OPTION_LABEL) VALUES (444, "ST", "SINGLE TIRE");
INSERT INTO COMPLECTATION_OPTIONS(COMPLECTATION_ID, OPTION_MNEMONIC, OPTION_LABEL) VALUES (444, "HLF", "0.5TONS");
INSERT INTO COMPLECTATION_OPTIONS(COMPLECTATION_ID, OPTION_MNEMONIC, OPTION_LABEL) VALUES (444, "R", "R TYPE TRANSMISSION");
INSERT INTO COMPLECTATION_OPTIONS(COMPLECTATION_ID, OPTION_MNEMONIC, OPTION_LABEL) VALUES (444, "EFI", "ELECTRIC FUEL INJECTION SYSTEM");
INSERT INTO COMPLECTATION_OPTIONS(COMPLECTATION_ID, OPTION_MNEMONIC, OPTION_LABEL) VALUES (444, "USA", "UNITED STATES OF AMERICA");
INSERT INTO COMPLECTATION_OPTIONS(COMPLECTATION_ID, OPTION_MNEMONIC, OPTION_LABEL) VALUES (444, "IV6", "INCOMPLETE VEHICLES (CAB & CHASSIS)");
INSERT INTO COMPLECTATION_OPTIONS(COMPLECTATION_ID, OPTION_MNEMONIC, OPTION_LABEL) VALUES (444, "T1", "TRUCK(STANDARD DECK 1-SIDE OPEN)");
INSERT INTO COMPLECTATION_OPTIONS(COMPLECTATION_ID, OPTION_MNEMONIC, OPTION_LABEL) VALUES (444, "JPP", "JAPAN PRODUCT PARTS");
INSERT INTO COMPLECTATION(ID, FRAME_ID, NAME, URL, ENGINE_MNEMONIC, ENGINE_LABEL, PRODUCTION_PERIOD, BODY_MNEMONIC, BODY_LABEL, GRADE_MNEMONIC, GRADE_LABEL, TRANSMISSION_MNEMONIC, TRANSMISSION_LABEL) VALUES (445, 56, "VZN85L-TRSDEA", "https://toyota-europe.epc-data.com/4runner/vzn85l/6418/", "3VZE", "3000CC EFI", "08.1988 - 08.1990", "", "", "DLX", "DELUXE TYPE", "ATM", "AUTOMATIC TRANSMISSION");
INSERT INTO COMPLECTATION_OPTIONS(COMPLECTATION_ID, OPTION_MNEMONIC, OPTION_LABEL) VALUES (445, "4HC", "ATM,4-SPEED COLUMN SHIFT");
INSERT INTO COMPLECTATION_OPTIONS(COMPLECTATION_ID, OPTION_MNEMONIC, OPTION_LABEL) VALUES (445, "RCB", "REGULAR CAB");
INSERT INTO COMPLECTATION_OPTIONS(COMPLECTATION_ID, OPTION_MNEMONIC, OPTION_LABEL) VALUES (445, "ST", "SINGLE TIRE");
INSERT INTO COMPLECTATION_OPTIONS(COMPLECTATION_ID, OPTION_MNEMONIC, OPTION_LABEL) VALUES (445, "HLF", "0.5TONS");
INSERT INTO COMPLECTATION_OPTIONS(COMPLECTATION_ID, OPTION_MNEMONIC, OPTION_LABEL) VALUES (445, "EFI", "ELECTRIC FUEL INJECTION SYSTEM");
INSERT INTO COMPLECTATION_OPTIONS(COMPLECTATION_ID, OPTION_MNEMONIC, OPTION_LABEL) VALUES (445, "USA", "UNITED STATES OF AMERICA");
INSERT INTO COMPLECTATION_OPTIONS(COMPLECTATION_ID, OPTION_MNEMONIC, OPTION_LABEL) VALUES (445, "CBU", "COMPLETELY BUILT UNIT");
INSERT INTO COMPLECTATION_OPTIONS(COMPLECTATION_ID, OPTION_MNEMONIC, OPTION_LABEL) VALUES (445, "T1", "TRUCK(STANDARD DECK 1-SIDE OPEN)");
INSERT INTO COMPLECTATION_OPTIONS(COMPLECTATION_ID, OPTION_MNEMONIC, OPTION_LABEL) VALUES (445, "JPP", "JAPAN PRODUCT PARTS");
INSERT INTO COMPLECTATION(ID, FRAME_ID, NAME, URL, ENGINE_MNEMONIC, ENGINE_LABEL, PRODUCTION_PERIOD, BODY_MNEMONIC, BODY_LABEL, GRADE_MNEMONIC, GRADE_LABEL, TRANSMISSION_MNEMONIC, TRANSMISSION_LABEL) VALUES (446, 56, "VZN85L-TRSDEA3", "https://toyota-europe.epc-data.com/4runner/vzn85l/6419/", "3VZE", "3000CC EFI", "08.1988 - 08.1989", "", "", "DLX", "DELUXE TYPE", "ATM", "AUTOMATIC TRANSMISSION");
INSERT INTO COMPLECTATION_OPTIONS(COMPLECTATION_ID, OPTION_MNEMONIC, OPTION_LABEL) VALUES (446, "4HC", "ATM,4-SPEED COLUMN SHIFT");
INSERT INTO COMPLECTATION_OPTIONS(COMPLECTATION_ID, OPTION_MNEMONIC, OPTION_LABEL) VALUES (446, "RCB", "REGULAR CAB");
INSERT INTO COMPLECTATION_OPTIONS(COMPLECTATION_ID, OPTION_MNEMONIC, OPTION_LABEL) VALUES (446, "ST", "SINGLE TIRE");
INSERT INTO COMPLECTATION_OPTIONS(COMPLECTATION_ID, OPTION_MNEMONIC, OPTION_LABEL) VALUES (446, "HLF", "0.5TONS");
INSERT INTO COMPLECTATION_OPTIONS(COMPLECTATION_ID, OPTION_MNEMONIC, OPTION_LABEL) VALUES (446, "EFI", "ELECTRIC FUEL INJECTION SYSTEM");
INSERT INTO COMPLECTATION_OPTIONS(COMPLECTATION_ID, OPTION_MNEMONIC, OPTION_LABEL) VALUES (446, "USA", "UNITED STATES OF AMERICA");
INSERT INTO COMPLECTATION_OPTIONS(COMPLECTATION_ID, OPTION_MNEMONIC, OPTION_LABEL) VALUES (446, "IV3", "INCOMPLETE VEHICLES (CAB & CHASSIS)");
INSERT INTO COMPLECTATION_OPTIONS(COMPLECTATION_ID, OPTION_MNEMONIC, OPTION_LABEL) VALUES (446, "T1", "TRUCK(STANDARD DECK 1-SIDE OPEN)");
INSERT INTO COMPLECTATION_OPTIONS(COMPLECTATION_ID, OPTION_MNEMONIC, OPTION_LABEL) VALUES (446, "JPP", "JAPAN PRODUCT PARTS");
INSERT INTO COMPLECTATION(ID, FRAME_ID, NAME, URL, ENGINE_MNEMONIC, ENGINE_LABEL, PRODUCTION_PERIOD, BODY_MNEMONIC, BODY_LABEL, GRADE_MNEMONIC, GRADE_LABEL, TRANSMISSION_MNEMONIC, TRANSMISSION_LABEL) VALUES (447, 56, "VZN85L-TRSDEK", "https://toyota-europe.epc-data.com/4runner/vzn85l/6420/", "3VZE", "3000CC EFI", "08.1988 - 08.1990", "", "", "DLX", "DELUXE TYPE", "ATM", "AUTOMATIC TRANSMISSION");
INSERT INTO COMPLECTATION_OPTIONS(COMPLECTATION_ID, OPTION_MNEMONIC, OPTION_LABEL) VALUES (447, "4HC", "ATM,4-SPEED COLUMN SHIFT");
INSERT INTO COMPLECTATION_OPTIONS(COMPLECTATION_ID, OPTION_MNEMONIC, OPTION_LABEL) VALUES (447, "RCB", "REGULAR CAB");
INSERT INTO COMPLECTATION_OPTIONS(COMPLECTATION_ID, OPTION_MNEMONIC, OPTION_LABEL) VALUES (447, "ST", "SINGLE TIRE");
INSERT INTO COMPLECTATION_OPTIONS(COMPLECTATION_ID, OPTION_MNEMONIC, OPTION_LABEL) VALUES (447, "HLF", "0.5TONS");
INSERT INTO COMPLECTATION_OPTIONS(COMPLECTATION_ID, OPTION_MNEMONIC, OPTION_LABEL) VALUES (447, "EFI", "ELECTRIC FUEL INJECTION SYSTEM");
INSERT INTO COMPLECTATION_OPTIONS(COMPLECTATION_ID, OPTION_MNEMONIC, OPTION_LABEL) VALUES (447, "CND", "CANADA");
INSERT INTO COMPLECTATION_OPTIONS(COMPLECTATION_ID, OPTION_MNEMONIC, OPTION_LABEL) VALUES (447, "CBU", "COMPLETELY BUILT UNIT");
INSERT INTO COMPLECTATION_OPTIONS(COMPLECTATION_ID, OPTION_MNEMONIC, OPTION_LABEL) VALUES (447, "T1", "TRUCK(STANDARD DECK 1-SIDE OPEN)");
INSERT INTO COMPLECTATION_OPTIONS(COMPLECTATION_ID, OPTION_MNEMONIC, OPTION_LABEL) VALUES (447, "JPP", "JAPAN PRODUCT PARTS");
INSERT INTO COMPLECTATION(ID, FRAME_ID, NAME, URL, ENGINE_MNEMONIC, ENGINE_LABEL, PRODUCTION_PERIOD, BODY_MNEMONIC, BODY_LABEL, GRADE_MNEMONIC, GRADE_LABEL, TRANSMISSION_MNEMONIC, TRANSMISSION_LABEL) VALUES (448, 56, "VZN85L-TRSREA6", "https://toyota-europe.epc-data.com/4runner/vzn85l/6437/", "3VZE", "3000CC EFI", "08.1988 - 08.1990", "", "", "STD", "STANDARD TYPE", "ATM", "AUTOMATIC TRANSMISSION");
INSERT INTO COMPLECTATION_OPTIONS(COMPLECTATION_ID, OPTION_MNEMONIC, OPTION_LABEL) VALUES (448, "4HC", "ATM,4-SPEED COLUMN SHIFT");
INSERT INTO COMPLECTATION_OPTIONS(COMPLECTATION_ID, OPTION_MNEMONIC, OPTION_LABEL) VALUES (448, "RCB", "REGULAR CAB");
INSERT INTO COMPLECTATION_OPTIONS(COMPLECTATION_ID, OPTION_MNEMONIC, OPTION_LABEL) VALUES (448, "ST", "SINGLE TIRE");
INSERT INTO COMPLECTATION_OPTIONS(COMPLECTATION_ID, OPTION_MNEMONIC, OPTION_LABEL) VALUES (448, "HLF", "0.5TONS");
INSERT INTO COMPLECTATION_OPTIONS(COMPLECTATION_ID, OPTION_MNEMONIC, OPTION_LABEL) VALUES (448, "EFI", "ELECTRIC FUEL INJECTION SYSTEM");
INSERT INTO COMPLECTATION_OPTIONS(COMPLECTATION_ID, OPTION_MNEMONIC, OPTION_LABEL) VALUES (448, "USA", "UNITED STATES OF AMERICA");
INSERT INTO COMPLECTATION_OPTIONS(COMPLECTATION_ID, OPTION_MNEMONIC, OPTION_LABEL) VALUES (448, "IV6", "INCOMPLETE VEHICLES (CAB & CHASSIS)");
INSERT INTO COMPLECTATION_OPTIONS(COMPLECTATION_ID, OPTION_MNEMONIC, OPTION_LABEL) VALUES (448, "T1", "TRUCK(STANDARD DECK 1-SIDE OPEN)");
INSERT INTO COMPLECTATION_OPTIONS(COMPLECTATION_ID, OPTION_MNEMONIC, OPTION_LABEL) VALUES (448, "JPP", "JAPAN PRODUCT PARTS");
INSERT INTO COMPLECTATION(ID, FRAME_ID, NAME, URL, ENGINE_MNEMONIC, ENGINE_LABEL, PRODUCTION_PERIOD, BODY_MNEMONIC, BODY_LABEL, GRADE_MNEMONIC, GRADE_LABEL, TRANSMISSION_MNEMONIC, TRANSMISSION_LABEL) VALUES (449, 56, "VZN85L-TWMREA6", "https://toyota-europe.epc-data.com/4runner/vzn85l/6438/", "3VZE", "3000CC EFI", "08.1988 - 08.1993", "", "", "STD", "STANDARD TYPE", "MTM", "MANUAL TRANSMISSION");
INSERT INTO COMPLECTATION_OPTIONS(COMPLECTATION_ID, OPTION_MNEMONIC, OPTION_LABEL) VALUES (449, "5F", "MTM,5-SPEED FLOOR SHIFT");
INSERT INTO COMPLECTATION_OPTIONS(COMPLECTATION_ID, OPTION_MNEMONIC, OPTION_LABEL) VALUES (449, "RCB", "REGULAR CAB");
INSERT INTO COMPLECTATION_OPTIONS(COMPLECTATION_ID, OPTION_MNEMONIC, OPTION_LABEL) VALUES (449, "WT", "DOUBLE TIRE");
INSERT INTO COMPLECTATION_OPTIONS(COMPLECTATION_ID, OPTION_MNEMONIC, OPTION_LABEL) VALUES (449, "HLF", "0.5TONS");
INSERT INTO COMPLECTATION_OPTIONS(COMPLECTATION_ID, OPTION_MNEMONIC, OPTION_LABEL) VALUES (449, "R", "R TYPE TRANSMISSION");
INSERT INTO COMPLECTATION_OPTIONS(COMPLECTATION_ID, OPTION_MNEMONIC, OPTION_LABEL) VALUES (449, "EFI", "ELECTRIC FUEL INJECTION SYSTEM");
INSERT INTO COMPLECTATION_OPTIONS(COMPLECTATION_ID, OPTION_MNEMONIC, OPTION_LABEL) VALUES (449, "USA", "UNITED STATES OF AMERICA");
INSERT INTO COMPLECTATION_OPTIONS(COMPLECTATION_ID, OPTION_MNEMONIC, OPTION_LABEL) VALUES (449, "IV6", "INCOMPLETE VEHICLES (CAB & CHASSIS)");
INSERT INTO COMPLECTATION_OPTIONS(COMPLECTATION_ID, OPTION_MNEMONIC, OPTION_LABEL) VALUES (449, "T1", "TRUCK(STANDARD DECK 1-SIDE OPEN)");
INSERT INTO COMPLECTATION_OPTIONS(COMPLECTATION_ID, OPTION_MNEMONIC, OPTION_LABEL) VALUES (449, "JPP", "JAPAN PRODUCT PARTS");
INSERT INTO COMPLECTATION(ID, FRAME_ID, NAME, URL, ENGINE_MNEMONIC, ENGINE_LABEL, PRODUCTION_PERIOD, BODY_MNEMONIC, BODY_LABEL, GRADE_MNEMONIC, GRADE_LABEL, TRANSMISSION_MNEMONIC, TRANSMISSION_LABEL) VALUES (450, 56, "VZN85L-TWSREA6", "https://toyota-europe.epc-data.com/4runner/vzn85l/6439/", "3VZE", "3000CC EFI", "08.1988 - 08.1993", "", "", "STD", "STANDARD TYPE", "ATM", "AUTOMATIC TRANSMISSION");
INSERT INTO COMPLECTATION_OPTIONS(COMPLECTATION_ID, OPTION_MNEMONIC, OPTION_LABEL) VALUES (450, "4HC", "ATM,4-SPEED COLUMN SHIFT");
INSERT INTO COMPLECTATION_OPTIONS(COMPLECTATION_ID, OPTION_MNEMONIC, OPTION_LABEL) VALUES (450, "RCB", "REGULAR CAB");
INSERT INTO COMPLECTATION_OPTIONS(COMPLECTATION_ID, OPTION_MNEMONIC, OPTION_LABEL) VALUES (450, "WT", "DOUBLE TIRE");
INSERT INTO COMPLECTATION_OPTIONS(COMPLECTATION_ID, OPTION_MNEMONIC, OPTION_LABEL) VALUES (450, "HLF", "0.5TONS");
INSERT INTO COMPLECTATION_OPTIONS(COMPLECTATION_ID, OPTION_MNEMONIC, OPTION_LABEL) VALUES (450, "EFI", "ELECTRIC FUEL INJECTION SYSTEM");
INSERT INTO COMPLECTATION_OPTIONS(COMPLECTATION_ID, OPTION_MNEMONIC, OPTION_LABEL) VALUES (450, "USA", "UNITED STATES OF AMERICA");
INSERT INTO COMPLECTATION_OPTIONS(COMPLECTATION_ID, OPTION_MNEMONIC, OPTION_LABEL) VALUES (450, "IV6", "INCOMPLETE VEHICLES (CAB & CHASSIS)");
INSERT INTO COMPLECTATION_OPTIONS(COMPLECTATION_ID, OPTION_MNEMONIC, OPTION_LABEL) VALUES (450, "T1", "TRUCK(STANDARD DECK 1-SIDE OPEN)");
INSERT INTO COMPLECTATION_OPTIONS(COMPLECTATION_ID, OPTION_MNEMONIC, OPTION_LABEL) VALUES (450, "JPP", "JAPAN PRODUCT PARTS");
INSERT INTO FRAME(ID, MODEL_ID, NAME, URL) VALUES (57, 5, "VZN90L", "https://toyota-europe.epc-data.com/4runner/vzn90l");
INSERT INTO COMPLECTATION(ID, FRAME_ID, NAME, URL, ENGINE_MNEMONIC, ENGINE_LABEL, PRODUCTION_PERIOD, BODY_MNEMONIC, BODY_LABEL, GRADE_MNEMONIC, GRADE_LABEL, TRANSMISSION_MNEMONIC, TRANSMISSION_LABEL) VALUES (451, 57, "VZN90L-CRMDEA", "https://toyota-europe.epc-data.com/4runner/vzn90l/6425/", "3VZE", "3000CC EFI", "08.1988 - 01.1995", "", "", "DLX", "DELUXE TYPE", "MTM", "MANUAL TRANSMISSION");
INSERT INTO COMPLECTATION_OPTIONS(COMPLECTATION_ID, OPTION_MNEMONIC, OPTION_LABEL) VALUES (451, "5F", "MTM,5-SPEED FLOOR SHIFT");
INSERT INTO COMPLECTATION_OPTIONS(COMPLECTATION_ID, OPTION_MNEMONIC, OPTION_LABEL) VALUES (451, "XTR", "EXTRA CAB");
INSERT INTO COMPLECTATION_OPTIONS(COMPLECTATION_ID, OPTION_MNEMONIC, OPTION_LABEL) VALUES (451, "ST", "SINGLE TIRE");
INSERT INTO COMPLECTATION_OPTIONS(COMPLECTATION_ID, OPTION_MNEMONIC, OPTION_LABEL) VALUES (451, "HLF", "0.5TONS");
INSERT INTO COMPLECTATION_OPTIONS(COMPLECTATION_ID, OPTION_MNEMONIC, OPTION_LABEL) VALUES (451, "R", "R TYPE TRANSMISSION");
INSERT INTO COMPLECTATION_OPTIONS(COMPLECTATION_ID, OPTION_MNEMONIC, OPTION_LABEL) VALUES (451, "EFI", "ELECTRIC FUEL INJECTION SYSTEM");
INSERT INTO COMPLECTATION_OPTIONS(COMPLECTATION_ID, OPTION_MNEMONIC, OPTION_LABEL) VALUES (451, "USA", "UNITED STATES OF AMERICA");
INSERT INTO COMPLECTATION_OPTIONS(COMPLECTATION_ID, OPTION_MNEMONIC, OPTION_LABEL) VALUES (451, "CBU", "COMPLETELY BUILT UNIT");
INSERT INTO COMPLECTATION_OPTIONS(COMPLECTATION_ID, OPTION_MNEMONIC, OPTION_LABEL) VALUES (451, "T1", "TRUCK(STANDARD DECK 1-SIDE OPEN)");
INSERT INTO COMPLECTATION_OPTIONS(COMPLECTATION_ID, OPTION_MNEMONIC, OPTION_LABEL) VALUES (451, "JPP", "JAPAN PRODUCT PARTS");
INSERT INTO COMPLECTATION(ID, FRAME_ID, NAME, URL, ENGINE_MNEMONIC, ENGINE_LABEL, PRODUCTION_PERIOD, BODY_MNEMONIC, BODY_LABEL, GRADE_MNEMONIC, GRADE_LABEL, TRANSMISSION_MNEMONIC, TRANSMISSION_LABEL) VALUES (452, 57, "VZN90L-CRMDEA3", "https://toyota-europe.epc-data.com/4runner/vzn90l/6426/", "3VZE", "3000CC EFI", "08.1988 - 08.1989", "", "", "DLX", "DELUXE TYPE", "MTM", "MANUAL TRANSMISSION");
INSERT INTO COMPLECTATION_OPTIONS(COMPLECTATION_ID, OPTION_MNEMONIC, OPTION_LABEL) VALUES (452, "5F", "MTM,5-SPEED FLOOR SHIFT");
INSERT INTO COMPLECTATION_OPTIONS(COMPLECTATION_ID, OPTION_MNEMONIC, OPTION_LABEL) VALUES (452, "XTR", "EXTRA CAB");
INSERT INTO COMPLECTATION_OPTIONS(COMPLECTATION_ID, OPTION_MNEMONIC, OPTION_LABEL) VALUES (452, "ST", "SINGLE TIRE");
INSERT INTO COMPLECTATION_OPTIONS(COMPLECTATION_ID, OPTION_MNEMONIC, OPTION_LABEL) VALUES (452, "HLF", "0.5TONS");
INSERT INTO COMPLECTATION_OPTIONS(COMPLECTATION_ID, OPTION_MNEMONIC, OPTION_LABEL) VALUES (452, "R", "R TYPE TRANSMISSION");
INSERT INTO COMPLECTATION_OPTIONS(COMPLECTATION_ID, OPTION_MNEMONIC, OPTION_LABEL) VALUES (452, "EFI", "ELECTRIC FUEL INJECTION SYSTEM");
INSERT INTO COMPLECTATION_OPTIONS(COMPLECTATION_ID, OPTION_MNEMONIC, OPTION_LABEL) VALUES (452, "USA", "UNITED STATES OF AMERICA");
INSERT INTO COMPLECTATION_OPTIONS(COMPLECTATION_ID, OPTION_MNEMONIC, OPTION_LABEL) VALUES (452, "IV3", "INCOMPLETE VEHICLES (CAB & CHASSIS)");
INSERT INTO COMPLECTATION_OPTIONS(COMPLECTATION_ID, OPTION_MNEMONIC, OPTION_LABEL) VALUES (452, "T1", "TRUCK(STANDARD DECK 1-SIDE OPEN)");
INSERT INTO COMPLECTATION_OPTIONS(COMPLECTATION_ID, OPTION_MNEMONIC, OPTION_LABEL) VALUES (452, "JPP", "JAPAN PRODUCT PARTS");
INSERT INTO COMPLECTATION(ID, FRAME_ID, NAME, URL, ENGINE_MNEMONIC, ENGINE_LABEL, PRODUCTION_PERIOD, BODY_MNEMONIC, BODY_LABEL, GRADE_MNEMONIC, GRADE_LABEL, TRANSMISSION_MNEMONIC, TRANSMISSION_LABEL) VALUES (453, 57, "VZN90L-CRMDEK", "https://toyota-europe.epc-data.com/4runner/vzn90l/6427/", "3VZE", "3000CC EFI", "08.1988 - 01.1995", "", "", "DLX", "DELUXE TYPE", "MTM", "MANUAL TRANSMISSION");
INSERT INTO COMPLECTATION_OPTIONS(COMPLECTATION_ID, OPTION_MNEMONIC, OPTION_LABEL) VALUES (453, "5F", "MTM,5-SPEED FLOOR SHIFT");
INSERT INTO COMPLECTATION_OPTIONS(COMPLECTATION_ID, OPTION_MNEMONIC, OPTION_LABEL) VALUES (453, "XTR", "EXTRA CAB");
INSERT INTO COMPLECTATION_OPTIONS(COMPLECTATION_ID, OPTION_MNEMONIC, OPTION_LABEL) VALUES (453, "ST", "SINGLE TIRE");
INSERT INTO COMPLECTATION_OPTIONS(COMPLECTATION_ID, OPTION_MNEMONIC, OPTION_LABEL) VALUES (453, "HLF", "0.5TONS");
INSERT INTO COMPLECTATION_OPTIONS(COMPLECTATION_ID, OPTION_MNEMONIC, OPTION_LABEL) VALUES (453, "R", "R TYPE TRANSMISSION");
INSERT INTO COMPLECTATION_OPTIONS(COMPLECTATION_ID, OPTION_MNEMONIC, OPTION_LABEL) VALUES (453, "EFI", "ELECTRIC FUEL INJECTION SYSTEM");
INSERT INTO COMPLECTATION_OPTIONS(COMPLECTATION_ID, OPTION_MNEMONIC, OPTION_LABEL) VALUES (453, "CND", "CANADA");
INSERT INTO COMPLECTATION_OPTIONS(COMPLECTATION_ID, OPTION_MNEMONIC, OPTION_LABEL) VALUES (453, "CBU", "COMPLETELY BUILT UNIT");
INSERT INTO COMPLECTATION_OPTIONS(COMPLECTATION_ID, OPTION_MNEMONIC, OPTION_LABEL) VALUES (453, "T1", "TRUCK(STANDARD DECK 1-SIDE OPEN)");
INSERT INTO COMPLECTATION_OPTIONS(COMPLECTATION_ID, OPTION_MNEMONIC, OPTION_LABEL) VALUES (453, "JPP", "JAPAN PRODUCT PARTS");
INSERT INTO COMPLECTATION(ID, FRAME_ID, NAME, URL, ENGINE_MNEMONIC, ENGINE_LABEL, PRODUCTION_PERIOD, BODY_MNEMONIC, BODY_LABEL, GRADE_MNEMONIC, GRADE_LABEL, TRANSMISSION_MNEMONIC, TRANSMISSION_LABEL) VALUES (454, 57, "VZN90L-CRMGEA", "https://toyota-europe.epc-data.com/4runner/vzn90l/6431/", "3VZE", "3000CC EFI", "08.1988 - 01.1995", "", "", "SR5", "SR-5 TYPE", "MTM", "MANUAL TRANSMISSION");
INSERT INTO COMPLECTATION_OPTIONS(COMPLECTATION_ID, OPTION_MNEMONIC, OPTION_LABEL) VALUES (454, "5F", "MTM,5-SPEED FLOOR SHIFT");
INSERT INTO COMPLECTATION_OPTIONS(COMPLECTATION_ID, OPTION_MNEMONIC, OPTION_LABEL) VALUES (454, "XTR", "EXTRA CAB");
INSERT INTO COMPLECTATION_OPTIONS(COMPLECTATION_ID, OPTION_MNEMONIC, OPTION_LABEL) VALUES (454, "ST", "SINGLE TIRE");
INSERT INTO COMPLECTATION_OPTIONS(COMPLECTATION_ID, OPTION_MNEMONIC, OPTION_LABEL) VALUES (454, "HLF", "0.5TONS");
INSERT INTO COMPLECTATION_OPTIONS(COMPLECTATION_ID, OPTION_MNEMONIC, OPTION_LABEL) VALUES (454, "R", "R TYPE TRANSMISSION");
INSERT INTO COMPLECTATION_OPTIONS(COMPLECTATION_ID, OPTION_MNEMONIC, OPTION_LABEL) VALUES (454, "EFI", "ELECTRIC FUEL INJECTION SYSTEM");
INSERT INTO COMPLECTATION_OPTIONS(COMPLECTATION_ID, OPTION_MNEMONIC, OPTION_LABEL) VALUES (454, "USA", "UNITED STATES OF AMERICA");
INSERT INTO COMPLECTATION_OPTIONS(COMPLECTATION_ID, OPTION_MNEMONIC, OPTION_LABEL) VALUES (454, "CBU", "COMPLETELY BUILT UNIT");
INSERT INTO COMPLECTATION_OPTIONS(COMPLECTATION_ID, OPTION_MNEMONIC, OPTION_LABEL) VALUES (454, "T1", "TRUCK(STANDARD DECK 1-SIDE OPEN)");
INSERT INTO COMPLECTATION_OPTIONS(COMPLECTATION_ID, OPTION_MNEMONIC, OPTION_LABEL) VALUES (454, "JPP", "JAPAN PRODUCT PARTS");
INSERT INTO COMPLECTATION(ID, FRAME_ID, NAME, URL, ENGINE_MNEMONIC, ENGINE_LABEL, PRODUCTION_PERIOD, BODY_MNEMONIC, BODY_LABEL, GRADE_MNEMONIC, GRADE_LABEL, TRANSMISSION_MNEMONIC, TRANSMISSION_LABEL) VALUES (455, 57, "VZN90L-CRMGEA3", "https://toyota-europe.epc-data.com/4runner/vzn90l/6432/", "3VZE", "3000CC EFI", "08.1988 - 08.1989", "", "", "SR5", "SR-5 TYPE", "MTM", "MANUAL TRANSMISSION");
INSERT INTO COMPLECTATION_OPTIONS(COMPLECTATION_ID, OPTION_MNEMONIC, OPTION_LABEL) VALUES (455, "5F", "MTM,5-SPEED FLOOR SHIFT");
INSERT INTO COMPLECTATION_OPTIONS(COMPLECTATION_ID, OPTION_MNEMONIC, OPTION_LABEL) VALUES (455, "XTR", "EXTRA CAB");
INSERT INTO COMPLECTATION_OPTIONS(COMPLECTATION_ID, OPTION_MNEMONIC, OPTION_LABEL) VALUES (455, "ST", "SINGLE TIRE");
INSERT INTO COMPLECTATION_OPTIONS(COMPLECTATION_ID, OPTION_MNEMONIC, OPTION_LABEL) VALUES (455, "HLF", "0.5TONS");
INSERT INTO COMPLECTATION_OPTIONS(COMPLECTATION_ID, OPTION_MNEMONIC, OPTION_LABEL) VALUES (455, "R", "R TYPE TRANSMISSION");
INSERT INTO COMPLECTATION_OPTIONS(COMPLECTATION_ID, OPTION_MNEMONIC, OPTION_LABEL) VALUES (455, "EFI", "ELECTRIC FUEL INJECTION SYSTEM");
INSERT INTO COMPLECTATION_OPTIONS(COMPLECTATION_ID, OPTION_MNEMONIC, OPTION_LABEL) VALUES (455, "USA", "UNITED STATES OF AMERICA");
INSERT INTO COMPLECTATION_OPTIONS(COMPLECTATION_ID, OPTION_MNEMONIC, OPTION_LABEL) VALUES (455, "IV3", "INCOMPLETE VEHICLES (CAB & CHASSIS)");
INSERT INTO COMPLECTATION_OPTIONS(COMPLECTATION_ID, OPTION_MNEMONIC, OPTION_LABEL) VALUES (455, "T1", "TRUCK(STANDARD DECK 1-SIDE OPEN)");
INSERT INTO COMPLECTATION_OPTIONS(COMPLECTATION_ID, OPTION_MNEMONIC, OPTION_LABEL) VALUES (455, "JPP", "JAPAN PRODUCT PARTS");
INSERT INTO COMPLECTATION(ID, FRAME_ID, NAME, URL, ENGINE_MNEMONIC, ENGINE_LABEL, PRODUCTION_PERIOD, BODY_MNEMONIC, BODY_LABEL, GRADE_MNEMONIC, GRADE_LABEL, TRANSMISSION_MNEMONIC, TRANSMISSION_LABEL) VALUES (456, 57, "VZN90L-CRMGEK", "https://toyota-europe.epc-data.com/4runner/vzn90l/6433/", "3VZE", "3000CC EFI", "08.1988 - 08.1991", "", "", "SR5", "SR-5 TYPE", "MTM", "MANUAL TRANSMISSION");
INSERT INTO COMPLECTATION_OPTIONS(COMPLECTATION_ID, OPTION_MNEMONIC, OPTION_LABEL) VALUES (456, "5F", "MTM,5-SPEED FLOOR SHIFT");
INSERT INTO COMPLECTATION_OPTIONS(COMPLECTATION_ID, OPTION_MNEMONIC, OPTION_LABEL) VALUES (456, "XTR", "EXTRA CAB");
INSERT INTO COMPLECTATION_OPTIONS(COMPLECTATION_ID, OPTION_MNEMONIC, OPTION_LABEL) VALUES (456, "ST", "SINGLE TIRE");
INSERT INTO COMPLECTATION_OPTIONS(COMPLECTATION_ID, OPTION_MNEMONIC, OPTION_LABEL) VALUES (456, "HLF", "0.5TONS");
INSERT INTO COMPLECTATION_OPTIONS(COMPLECTATION_ID, OPTION_MNEMONIC, OPTION_LABEL) VALUES (456, "R", "R TYPE TRANSMISSION");
INSERT INTO COMPLECTATION_OPTIONS(COMPLECTATION_ID, OPTION_MNEMONIC, OPTION_LABEL) VALUES (456, "EFI", "ELECTRIC FUEL INJECTION SYSTEM");
INSERT INTO COMPLECTATION_OPTIONS(COMPLECTATION_ID, OPTION_MNEMONIC, OPTION_LABEL) VALUES (456, "CND", "CANADA");
INSERT INTO COMPLECTATION_OPTIONS(COMPLECTATION_ID, OPTION_MNEMONIC, OPTION_LABEL) VALUES (456, "CBU", "COMPLETELY BUILT UNIT");
INSERT INTO COMPLECTATION_OPTIONS(COMPLECTATION_ID, OPTION_MNEMONIC, OPTION_LABEL) VALUES (456, "T1", "TRUCK(STANDARD DECK 1-SIDE OPEN)");
INSERT INTO COMPLECTATION_OPTIONS(COMPLECTATION_ID, OPTION_MNEMONIC, OPTION_LABEL) VALUES (456, "JPP", "JAPAN PRODUCT PARTS");
INSERT INTO COMPLECTATION(ID, FRAME_ID, NAME, URL, ENGINE_MNEMONIC, ENGINE_LABEL, PRODUCTION_PERIOD, BODY_MNEMONIC, BODY_LABEL, GRADE_MNEMONIC, GRADE_LABEL, TRANSMISSION_MNEMONIC, TRANSMISSION_LABEL) VALUES (457, 57, "VZN90L-CRPGEA", "https://toyota-europe.epc-data.com/4runner/vzn90l/6434/", "3VZE", "3000CC EFI", "08.1988 - 01.1995", "", "", "SR5", "SR-5 TYPE", "ATM", "AUTOMATIC TRANSMISSION");
INSERT INTO COMPLECTATION_OPTIONS(COMPLECTATION_ID, OPTION_MNEMONIC, OPTION_LABEL) VALUES (457, "4FC", "ATM,4-SPEED FLOOR SHIFT");
INSERT INTO COMPLECTATION_OPTIONS(COMPLECTATION_ID, OPTION_MNEMONIC, OPTION_LABEL) VALUES (457, "XTR", "EXTRA CAB");
INSERT INTO COMPLECTATION_OPTIONS(COMPLECTATION_ID, OPTION_MNEMONIC, OPTION_LABEL) VALUES (457, "ST", "SINGLE TIRE");
INSERT INTO COMPLECTATION_OPTIONS(COMPLECTATION_ID, OPTION_MNEMONIC, OPTION_LABEL) VALUES (457, "HLF", "0.5TONS");
INSERT INTO COMPLECTATION_OPTIONS(COMPLECTATION_ID, OPTION_MNEMONIC, OPTION_LABEL) VALUES (457, "EFI", "ELECTRIC FUEL INJECTION SYSTEM");
INSERT INTO COMPLECTATION_OPTIONS(COMPLECTATION_ID, OPTION_MNEMONIC, OPTION_LABEL) VALUES (457, "USA", "UNITED STATES OF AMERICA");
INSERT INTO COMPLECTATION_OPTIONS(COMPLECTATION_ID, OPTION_MNEMONIC, OPTION_LABEL) VALUES (457, "CBU", "COMPLETELY BUILT UNIT");
INSERT INTO COMPLECTATION_OPTIONS(COMPLECTATION_ID, OPTION_MNEMONIC, OPTION_LABEL) VALUES (457, "T1", "TRUCK(STANDARD DECK 1-SIDE OPEN)");
INSERT INTO COMPLECTATION_OPTIONS(COMPLECTATION_ID, OPTION_MNEMONIC, OPTION_LABEL) VALUES (457, "JPP", "JAPAN PRODUCT PARTS");
INSERT INTO COMPLECTATION(ID, FRAME_ID, NAME, URL, ENGINE_MNEMONIC, ENGINE_LABEL, PRODUCTION_PERIOD, BODY_MNEMONIC, BODY_LABEL, GRADE_MNEMONIC, GRADE_LABEL, TRANSMISSION_MNEMONIC, TRANSMISSION_LABEL) VALUES (458, 57, "VZN90L-CRPGEA3", "https://toyota-europe.epc-data.com/4runner/vzn90l/6435/", "3VZE", "3000CC EFI", "08.1988 - 08.1989", "", "", "SR5", "SR-5 TYPE", "ATM", "AUTOMATIC TRANSMISSION");
INSERT INTO COMPLECTATION_OPTIONS(COMPLECTATION_ID, OPTION_MNEMONIC, OPTION_LABEL) VALUES (458, "4FC", "ATM,4-SPEED FLOOR SHIFT");
INSERT INTO COMPLECTATION_OPTIONS(COMPLECTATION_ID, OPTION_MNEMONIC, OPTION_LABEL) VALUES (458, "XTR", "EXTRA CAB");
INSERT INTO COMPLECTATION_OPTIONS(COMPLECTATION_ID, OPTION_MNEMONIC, OPTION_LABEL) VALUES (458, "ST", "SINGLE TIRE");
INSERT INTO COMPLECTATION_OPTIONS(COMPLECTATION_ID, OPTION_MNEMONIC, OPTION_LABEL) VALUES (458, "HLF", "0.5TONS");
INSERT INTO COMPLECTATION_OPTIONS(COMPLECTATION_ID, OPTION_MNEMONIC, OPTION_LABEL) VALUES (458, "EFI", "ELECTRIC FUEL INJECTION SYSTEM");
INSERT INTO COMPLECTATION_OPTIONS(COMPLECTATION_ID, OPTION_MNEMONIC, OPTION_LABEL) VALUES (458, "USA", "UNITED STATES OF AMERICA");
INSERT INTO COMPLECTATION_OPTIONS(COMPLECTATION_ID, OPTION_MNEMONIC, OPTION_LABEL) VALUES (458, "IV3", "INCOMPLETE VEHICLES (CAB & CHASSIS)");
INSERT INTO COMPLECTATION_OPTIONS(COMPLECTATION_ID, OPTION_MNEMONIC, OPTION_LABEL) VALUES (458, "T1", "TRUCK(STANDARD DECK 1-SIDE OPEN)");
INSERT INTO COMPLECTATION_OPTIONS(COMPLECTATION_ID, OPTION_MNEMONIC, OPTION_LABEL) VALUES (458, "JPP", "JAPAN PRODUCT PARTS");
INSERT INTO COMPLECTATION(ID, FRAME_ID, NAME, URL, ENGINE_MNEMONIC, ENGINE_LABEL, PRODUCTION_PERIOD, BODY_MNEMONIC, BODY_LABEL, GRADE_MNEMONIC, GRADE_LABEL, TRANSMISSION_MNEMONIC, TRANSMISSION_LABEL) VALUES (459, 57, "VZN90L-CRSDEA", "https://toyota-europe.epc-data.com/4runner/vzn90l/6428/", "3VZE", "3000CC EFI", "08.1988 - 01.1995", "", "", "DLX", "DELUXE TYPE", "ATM", "AUTOMATIC TRANSMISSION");
INSERT INTO COMPLECTATION_OPTIONS(COMPLECTATION_ID, OPTION_MNEMONIC, OPTION_LABEL) VALUES (459, "4HC", "ATM,4-SPEED COLUMN SHIFT");
INSERT INTO COMPLECTATION_OPTIONS(COMPLECTATION_ID, OPTION_MNEMONIC, OPTION_LABEL) VALUES (459, "XTR", "EXTRA CAB");
INSERT INTO COMPLECTATION_OPTIONS(COMPLECTATION_ID, OPTION_MNEMONIC, OPTION_LABEL) VALUES (459, "ST", "SINGLE TIRE");
INSERT INTO COMPLECTATION_OPTIONS(COMPLECTATION_ID, OPTION_MNEMONIC, OPTION_LABEL) VALUES (459, "HLF", "0.5TONS");
INSERT INTO COMPLECTATION_OPTIONS(COMPLECTATION_ID, OPTION_MNEMONIC, OPTION_LABEL) VALUES (459, "EFI", "ELECTRIC FUEL INJECTION SYSTEM");
INSERT INTO COMPLECTATION_OPTIONS(COMPLECTATION_ID, OPTION_MNEMONIC, OPTION_LABEL) VALUES (459, "USA", "UNITED STATES OF AMERICA");
INSERT INTO COMPLECTATION_OPTIONS(COMPLECTATION_ID, OPTION_MNEMONIC, OPTION_LABEL) VALUES (459, "CBU", "COMPLETELY BUILT UNIT");
INSERT INTO COMPLECTATION_OPTIONS(COMPLECTATION_ID, OPTION_MNEMONIC, OPTION_LABEL) VALUES (459, "T1", "TRUCK(STANDARD DECK 1-SIDE OPEN)");
INSERT INTO COMPLECTATION_OPTIONS(COMPLECTATION_ID, OPTION_MNEMONIC, OPTION_LABEL) VALUES (459, "JPP", "JAPAN PRODUCT PARTS");
INSERT INTO COMPLECTATION(ID, FRAME_ID, NAME, URL, ENGINE_MNEMONIC, ENGINE_LABEL, PRODUCTION_PERIOD, BODY_MNEMONIC, BODY_LABEL, GRADE_MNEMONIC, GRADE_LABEL, TRANSMISSION_MNEMONIC, TRANSMISSION_LABEL) VALUES (460, 57, "VZN90L-CRSDEA3", "https://toyota-europe.epc-data.com/4runner/vzn90l/6429/", "3VZE", "3000CC EFI", "08.1988 - 08.1989", "", "", "DLX", "DELUXE TYPE", "ATM", "AUTOMATIC TRANSMISSION");
INSERT INTO COMPLECTATION_OPTIONS(COMPLECTATION_ID, OPTION_MNEMONIC, OPTION_LABEL) VALUES (460, "4HC", "ATM,4-SPEED COLUMN SHIFT");
INSERT INTO COMPLECTATION_OPTIONS(COMPLECTATION_ID, OPTION_MNEMONIC, OPTION_LABEL) VALUES (460, "XTR", "EXTRA CAB");
INSERT INTO COMPLECTATION_OPTIONS(COMPLECTATION_ID, OPTION_MNEMONIC, OPTION_LABEL) VALUES (460, "ST", "SINGLE TIRE");
INSERT INTO COMPLECTATION_OPTIONS(COMPLECTATION_ID, OPTION_MNEMONIC, OPTION_LABEL) VALUES (460, "HLF", "0.5TONS");
INSERT INTO COMPLECTATION_OPTIONS(COMPLECTATION_ID, OPTION_MNEMONIC, OPTION_LABEL) VALUES (460, "EFI", "ELECTRIC FUEL INJECTION SYSTEM");
INSERT INTO COMPLECTATION_OPTIONS(COMPLECTATION_ID, OPTION_MNEMONIC, OPTION_LABEL) VALUES (460, "USA", "UNITED STATES OF AMERICA");
INSERT INTO COMPLECTATION_OPTIONS(COMPLECTATION_ID, OPTION_MNEMONIC, OPTION_LABEL) VALUES (460, "IV3", "INCOMPLETE VEHICLES (CAB & CHASSIS)");
INSERT INTO COMPLECTATION_OPTIONS(COMPLECTATION_ID, OPTION_MNEMONIC, OPTION_LABEL) VALUES (460, "T1", "TRUCK(STANDARD DECK 1-SIDE OPEN)");
INSERT INTO COMPLECTATION_OPTIONS(COMPLECTATION_ID, OPTION_MNEMONIC, OPTION_LABEL) VALUES (460, "JPP", "JAPAN PRODUCT PARTS");
INSERT INTO COMPLECTATION(ID, FRAME_ID, NAME, URL, ENGINE_MNEMONIC, ENGINE_LABEL, PRODUCTION_PERIOD, BODY_MNEMONIC, BODY_LABEL, GRADE_MNEMONIC, GRADE_LABEL, TRANSMISSION_MNEMONIC, TRANSMISSION_LABEL) VALUES (461, 57, "VZN90L-CRSDEK", "https://toyota-europe.epc-data.com/4runner/vzn90l/6430/", "3VZE", "3000CC EFI", "08.1988 - 01.1995", "", "", "DLX", "DELUXE TYPE", "ATM", "AUTOMATIC TRANSMISSION");
INSERT INTO COMPLECTATION_OPTIONS(COMPLECTATION_ID, OPTION_MNEMONIC, OPTION_LABEL) VALUES (461, "4HC", "ATM,4-SPEED COLUMN SHIFT");
INSERT INTO COMPLECTATION_OPTIONS(COMPLECTATION_ID, OPTION_MNEMONIC, OPTION_LABEL) VALUES (461, "XTR", "EXTRA CAB");
INSERT INTO COMPLECTATION_OPTIONS(COMPLECTATION_ID, OPTION_MNEMONIC, OPTION_LABEL) VALUES (461, "ST", "SINGLE TIRE");
INSERT INTO COMPLECTATION_OPTIONS(COMPLECTATION_ID, OPTION_MNEMONIC, OPTION_LABEL) VALUES (461, "HLF", "0.5TONS");
INSERT INTO COMPLECTATION_OPTIONS(COMPLECTATION_ID, OPTION_MNEMONIC, OPTION_LABEL) VALUES (461, "EFI", "ELECTRIC FUEL INJECTION SYSTEM");
INSERT INTO COMPLECTATION_OPTIONS(COMPLECTATION_ID, OPTION_MNEMONIC, OPTION_LABEL) VALUES (461, "CND", "CANADA");
INSERT INTO COMPLECTATION_OPTIONS(COMPLECTATION_ID, OPTION_MNEMONIC, OPTION_LABEL) VALUES (461, "CBU", "COMPLETELY BUILT UNIT");
INSERT INTO COMPLECTATION_OPTIONS(COMPLECTATION_ID, OPTION_MNEMONIC, OPTION_LABEL) VALUES (461, "T1", "TRUCK(STANDARD DECK 1-SIDE OPEN)");
INSERT INTO COMPLECTATION_OPTIONS(COMPLECTATION_ID, OPTION_MNEMONIC, OPTION_LABEL) VALUES (461, "JPP", "JAPAN PRODUCT PARTS");
INSERT INTO FRAME(ID, MODEL_ID, NAME, URL) VALUES (58, 5, "VZN95L", "https://toyota-europe.epc-data.com/4runner/vzn95l");
INSERT INTO COMPLECTATION(ID, FRAME_ID, NAME, URL, ENGINE_MNEMONIC, ENGINE_LABEL, PRODUCTION_PERIOD, BODY_MNEMONIC, BODY_LABEL, GRADE_MNEMONIC, GRADE_LABEL, TRANSMISSION_MNEMONIC, TRANSMISSION_LABEL) VALUES (462, 58, "VZN95L-TWMREA6", "https://toyota-europe.epc-data.com/4runner/vzn95l/6440/", "3VZE", "3000CC EFI", "08.1988 - 08.1993", "", "", "STD", "STANDARD TYPE", "MTM", "MANUAL TRANSMISSION");
INSERT INTO COMPLECTATION_OPTIONS(COMPLECTATION_ID, OPTION_MNEMONIC, OPTION_LABEL) VALUES (462, "5F", "MTM,5-SPEED FLOOR SHIFT");
INSERT INTO COMPLECTATION_OPTIONS(COMPLECTATION_ID, OPTION_MNEMONIC, OPTION_LABEL) VALUES (462, "RCB", "REGULAR CAB");
INSERT INTO COMPLECTATION_OPTIONS(COMPLECTATION_ID, OPTION_MNEMONIC, OPTION_LABEL) VALUES (462, "WT", "DOUBLE TIRE");
INSERT INTO COMPLECTATION_OPTIONS(COMPLECTATION_ID, OPTION_MNEMONIC, OPTION_LABEL) VALUES (462, "HLF", "0.5TONS");
INSERT INTO COMPLECTATION_OPTIONS(COMPLECTATION_ID, OPTION_MNEMONIC, OPTION_LABEL) VALUES (462, "R", "R TYPE TRANSMISSION");
INSERT INTO COMPLECTATION_OPTIONS(COMPLECTATION_ID, OPTION_MNEMONIC, OPTION_LABEL) VALUES (462, "EFI", "ELECTRIC FUEL INJECTION SYSTEM");
INSERT INTO COMPLECTATION_OPTIONS(COMPLECTATION_ID, OPTION_MNEMONIC, OPTION_LABEL) VALUES (462, "USA", "UNITED STATES OF AMERICA");
INSERT INTO COMPLECTATION_OPTIONS(COMPLECTATION_ID, OPTION_MNEMONIC, OPTION_LABEL) VALUES (462, "IV6", "INCOMPLETE VEHICLES (CAB & CHASSIS)");
INSERT INTO COMPLECTATION_OPTIONS(COMPLECTATION_ID, OPTION_MNEMONIC, OPTION_LABEL) VALUES (462, "T1", "TRUCK(STANDARD DECK 1-SIDE OPEN)");
INSERT INTO COMPLECTATION_OPTIONS(COMPLECTATION_ID, OPTION_MNEMONIC, OPTION_LABEL) VALUES (462, "JPP", "JAPAN PRODUCT PARTS");
INSERT INTO COMPLECTATION(ID, FRAME_ID, NAME, URL, ENGINE_MNEMONIC, ENGINE_LABEL, PRODUCTION_PERIOD, BODY_MNEMONIC, BODY_LABEL, GRADE_MNEMONIC, GRADE_LABEL, TRANSMISSION_MNEMONIC, TRANSMISSION_LABEL) VALUES (463, 58, "VZN95L-TWSREA6", "https://toyota-europe.epc-data.com/4runner/vzn95l/6441/", "3VZE", "3000CC EFI", "08.1988 - 08.1993", "", "", "STD", "STANDARD TYPE", "ATM", "AUTOMATIC TRANSMISSION");
INSERT INTO COMPLECTATION_OPTIONS(COMPLECTATION_ID, OPTION_MNEMONIC, OPTION_LABEL) VALUES (463, "4HC", "ATM,4-SPEED COLUMN SHIFT");
INSERT INTO COMPLECTATION_OPTIONS(COMPLECTATION_ID, OPTION_MNEMONIC, OPTION_LABEL) VALUES (463, "RCB", "REGULAR CAB");
INSERT INTO COMPLECTATION_OPTIONS(COMPLECTATION_ID, OPTION_MNEMONIC, OPTION_LABEL) VALUES (463, "WT", "DOUBLE TIRE");
INSERT INTO COMPLECTATION_OPTIONS(COMPLECTATION_ID, OPTION_MNEMONIC, OPTION_LABEL) VALUES (463, "HLF", "0.5TONS");
INSERT INTO COMPLECTATION_OPTIONS(COMPLECTATION_ID, OPTION_MNEMONIC, OPTION_LABEL) VALUES (463, "EFI", "ELECTRIC FUEL INJECTION SYSTEM");
INSERT INTO COMPLECTATION_OPTIONS(COMPLECTATION_ID, OPTION_MNEMONIC, OPTION_LABEL) VALUES (463, "USA", "UNITED STATES OF AMERICA");
INSERT INTO COMPLECTATION_OPTIONS(COMPLECTATION_ID, OPTION_MNEMONIC, OPTION_LABEL) VALUES (463, "IV6", "INCOMPLETE VEHICLES (CAB & CHASSIS)");
INSERT INTO COMPLECTATION_OPTIONS(COMPLECTATION_ID, OPTION_MNEMONIC, OPTION_LABEL) VALUES (463, "T1", "TRUCK(STANDARD DECK 1-SIDE OPEN)");
INSERT INTO COMPLECTATION_OPTIONS(COMPLECTATION_ID, OPTION_MNEMONIC, OPTION_LABEL) VALUES (463, "JPP", "JAPAN PRODUCT PARTS");
INSERT INTO COMPLECTATION(ID, FRAME_ID, NAME, URL, ENGINE_MNEMONIC, ENGINE_LABEL, PRODUCTION_PERIOD, BODY_MNEMONIC, BODY_LABEL, GRADE_MNEMONIC, GRADE_LABEL, TRANSMISSION_MNEMONIC, TRANSMISSION_LABEL) VALUES (464, 58, "VZN95L-TWSREK6", "https://toyota-europe.epc-data.com/4runner/vzn95l/6442/", "3VZE", "3000CC EFI", "08.1988 - 08.1993", "", "", "STD", "STANDARD TYPE", "ATM", "AUTOMATIC TRANSMISSION");
INSERT INTO COMPLECTATION_OPTIONS(COMPLECTATION_ID, OPTION_MNEMONIC, OPTION_LABEL) VALUES (464, "4HC", "ATM,4-SPEED COLUMN SHIFT");
INSERT INTO COMPLECTATION_OPTIONS(COMPLECTATION_ID, OPTION_MNEMONIC, OPTION_LABEL) VALUES (464, "RCB", "REGULAR CAB");
INSERT INTO COMPLECTATION_OPTIONS(COMPLECTATION_ID, OPTION_MNEMONIC, OPTION_LABEL) VALUES (464, "WT", "DOUBLE TIRE");
INSERT INTO COMPLECTATION_OPTIONS(COMPLECTATION_ID, OPTION_MNEMONIC, OPTION_LABEL) VALUES (464, "HLF", "0.5TONS");
INSERT INTO COMPLECTATION_OPTIONS(COMPLECTATION_ID, OPTION_MNEMONIC, OPTION_LABEL) VALUES (464, "EFI", "ELECTRIC FUEL INJECTION SYSTEM");
INSERT INTO COMPLECTATION_OPTIONS(COMPLECTATION_ID, OPTION_MNEMONIC, OPTION_LABEL) VALUES (464, "CND", "CANADA");
INSERT INTO COMPLECTATION_OPTIONS(COMPLECTATION_ID, OPTION_MNEMONIC, OPTION_LABEL) VALUES (464, "IV6", "INCOMPLETE VEHICLES (CAB & CHASSIS)");
INSERT INTO COMPLECTATION_OPTIONS(COMPLECTATION_ID, OPTION_MNEMONIC, OPTION_LABEL) VALUES (464, "T1", "TRUCK(STANDARD DECK 1-SIDE OPEN)");
INSERT INTO COMPLECTATION_OPTIONS(COMPLECTATION_ID, OPTION_MNEMONIC, OPTION_LABEL) VALUES (464, "JPP", "JAPAN PRODUCT PARTS");
