INSERT INTO MODEL(ID, MANUFACTURER_ID, NAME, URL) VALUES (8, 3, "4runner", "https://toyota-general.epc-data.com/4runner");
INSERT INTO FRAME(ID, MODEL_ID, NAME, URL) VALUES (70, 8, "GRN210L", "https://toyota-general.epc-data.com/4runner/grn210l");
INSERT INTO COMPLECTATION(ID, FRAME_ID, NAME, URL, ENGINE_MNEMONIC, ENGINE_LABEL, PRODUCTION_PERIOD, BODY_MNEMONIC, BODY_LABEL, GRADE_MNEMONIC, GRADE_LABEL, TRANSMISSION_MNEMONIC, TRANSMISSION_LABEL) VALUES (536, 70, "GRN210L-GKAGK", "https://toyota-general.epc-data.com/4runner/grn210l/4998/", "1GRFE", "4000CC 24-VALVE DOHC EFI", "08.2004", "", "", "SR5", "SR-5 TYPE", "ATM", "AUTOMATIC TRANSMISSION");
INSERT INTO COMPLECTATION_OPTIONS(COMPLECTATION_ID, OPTION_MNEMONIC, OPTION_LABEL) VALUES (536, "5FC", "ATM,5-SPEED FLOOR SHIFT");
INSERT INTO COMPLECTATION_OPTIONS(COMPLECTATION_ID, OPTION_MNEMONIC, OPTION_LABEL) VALUES (536, "LHD", "LEFT-HAND DRIVE VEHICLES");
INSERT INTO COMPLECTATION_OPTIONS(COMPLECTATION_ID, OPTION_MNEMONIC, OPTION_LABEL) VALUES (536, "SRF", "STANDARD ROOF");
INSERT INTO COMPLECTATION(ID, FRAME_ID, NAME, URL, ENGINE_MNEMONIC, ENGINE_LABEL, PRODUCTION_PERIOD, BODY_MNEMONIC, BODY_LABEL, GRADE_MNEMONIC, GRADE_LABEL, TRANSMISSION_MNEMONIC, TRANSMISSION_LABEL) VALUES (537, 70, "GRN210L-GKPGK", "https://toyota-general.epc-data.com/4runner/grn210l/4999/", "1GRFE", "4000CC 24-VALVE DOHC EFI", "11.2002 - 08.2004", "", "", "SR5", "SR-5 TYPE", "ATM", "AUTOMATIC TRANSMISSION");
INSERT INTO COMPLECTATION_OPTIONS(COMPLECTATION_ID, OPTION_MNEMONIC, OPTION_LABEL) VALUES (537, "4FC", "ATM,4-SPEED FLOOR SHIFT");
INSERT INTO COMPLECTATION_OPTIONS(COMPLECTATION_ID, OPTION_MNEMONIC, OPTION_LABEL) VALUES (537, "LHD", "LEFT-HAND DRIVE VEHICLES");
INSERT INTO COMPLECTATION_OPTIONS(COMPLECTATION_ID, OPTION_MNEMONIC, OPTION_LABEL) VALUES (537, "SRF", "STANDARD ROOF");
INSERT INTO FRAME(ID, MODEL_ID, NAME, URL) VALUES (71, 8, "GRN215L", "https://toyota-general.epc-data.com/4runner/grn215l");
INSERT INTO COMPLECTATION(ID, FRAME_ID, NAME, URL, ENGINE_MNEMONIC, ENGINE_LABEL, PRODUCTION_PERIOD, BODY_MNEMONIC, BODY_LABEL, GRADE_MNEMONIC, GRADE_LABEL, TRANSMISSION_MNEMONIC, TRANSMISSION_LABEL) VALUES (538, 71, "GRN215L-GKAGK", "https://toyota-general.epc-data.com/4runner/grn215l/4992/", "1GRFE", "4000CC 24-VALVE DOHC EFI", "08.2004", "", "", "SR5", "SR-5 TYPE", "ATM", "AUTOMATIC TRANSMISSION");
INSERT INTO COMPLECTATION_OPTIONS(COMPLECTATION_ID, OPTION_MNEMONIC, OPTION_LABEL) VALUES (538, "5FC", "ATM,5-SPEED FLOOR SHIFT");
INSERT INTO COMPLECTATION_OPTIONS(COMPLECTATION_ID, OPTION_MNEMONIC, OPTION_LABEL) VALUES (538, "LHD", "LEFT-HAND DRIVE VEHICLES");
INSERT INTO COMPLECTATION_OPTIONS(COMPLECTATION_ID, OPTION_MNEMONIC, OPTION_LABEL) VALUES (538, "SRF", "STANDARD ROOF");
INSERT INTO COMPLECTATION(ID, FRAME_ID, NAME, URL, ENGINE_MNEMONIC, ENGINE_LABEL, PRODUCTION_PERIOD, BODY_MNEMONIC, BODY_LABEL, GRADE_MNEMONIC, GRADE_LABEL, TRANSMISSION_MNEMONIC, TRANSMISSION_LABEL) VALUES (539, 71, "GRN215L-GKAZK", "https://toyota-general.epc-data.com/4runner/grn215l/4994/", "1GRFE", "4000CC 24-VALVE DOHC EFI", "08.2004", "", "", "LIMD", "LIMITED TYPE", "ATM", "AUTOMATIC TRANSMISSION");
INSERT INTO COMPLECTATION_OPTIONS(COMPLECTATION_ID, OPTION_MNEMONIC, OPTION_LABEL) VALUES (539, "5FC", "ATM,5-SPEED FLOOR SHIFT");
INSERT INTO COMPLECTATION_OPTIONS(COMPLECTATION_ID, OPTION_MNEMONIC, OPTION_LABEL) VALUES (539, "LHD", "LEFT-HAND DRIVE VEHICLES");
INSERT INTO COMPLECTATION_OPTIONS(COMPLECTATION_ID, OPTION_MNEMONIC, OPTION_LABEL) VALUES (539, "SRF", "STANDARD ROOF");
INSERT INTO COMPLECTATION(ID, FRAME_ID, NAME, URL, ENGINE_MNEMONIC, ENGINE_LABEL, PRODUCTION_PERIOD, BODY_MNEMONIC, BODY_LABEL, GRADE_MNEMONIC, GRADE_LABEL, TRANSMISSION_MNEMONIC, TRANSMISSION_LABEL) VALUES (540, 71, "GRN215L-GKPGK", "https://toyota-general.epc-data.com/4runner/grn215l/4993/", "1GRFE", "4000CC 24-VALVE DOHC EFI", "11.2002 - 08.2004", "", "", "SR5", "SR-5 TYPE", "ATM", "AUTOMATIC TRANSMISSION");
INSERT INTO COMPLECTATION_OPTIONS(COMPLECTATION_ID, OPTION_MNEMONIC, OPTION_LABEL) VALUES (540, "4FC", "ATM,4-SPEED FLOOR SHIFT");
INSERT INTO COMPLECTATION_OPTIONS(COMPLECTATION_ID, OPTION_MNEMONIC, OPTION_LABEL) VALUES (540, "LHD", "LEFT-HAND DRIVE VEHICLES");
INSERT INTO COMPLECTATION_OPTIONS(COMPLECTATION_ID, OPTION_MNEMONIC, OPTION_LABEL) VALUES (540, "SRF", "STANDARD ROOF");
INSERT INTO COMPLECTATION(ID, FRAME_ID, NAME, URL, ENGINE_MNEMONIC, ENGINE_LABEL, PRODUCTION_PERIOD, BODY_MNEMONIC, BODY_LABEL, GRADE_MNEMONIC, GRADE_LABEL, TRANSMISSION_MNEMONIC, TRANSMISSION_LABEL) VALUES (541, 71, "GRN215L-GKPZK", "https://toyota-general.epc-data.com/4runner/grn215l/4995/", "1GRFE", "4000CC 24-VALVE DOHC EFI", "11.2002 - 08.2004", "", "", "LIMD", "LIMITED TYPE", "ATM", "AUTOMATIC TRANSMISSION");
INSERT INTO COMPLECTATION_OPTIONS(COMPLECTATION_ID, OPTION_MNEMONIC, OPTION_LABEL) VALUES (541, "4FC", "ATM,4-SPEED FLOOR SHIFT");
INSERT INTO COMPLECTATION_OPTIONS(COMPLECTATION_ID, OPTION_MNEMONIC, OPTION_LABEL) VALUES (541, "LHD", "LEFT-HAND DRIVE VEHICLES");
INSERT INTO COMPLECTATION_OPTIONS(COMPLECTATION_ID, OPTION_MNEMONIC, OPTION_LABEL) VALUES (541, "SRF", "STANDARD ROOF");
INSERT INTO FRAME(ID, MODEL_ID, NAME, URL) VALUES (72, 8, "KZN185L", "https://toyota-general.epc-data.com/4runner/kzn185l");
INSERT INTO COMPLECTATION(ID, FRAME_ID, NAME, URL, ENGINE_MNEMONIC, ENGINE_LABEL, PRODUCTION_PERIOD, BODY_MNEMONIC, BODY_LABEL, GRADE_MNEMONIC, GRADE_LABEL, TRANSMISSION_MNEMONIC, TRANSMISSION_LABEL) VALUES (542, 72, "KZN185L-GKMST", "https://toyota-general.epc-data.com/4runner/kzn185l/4988/", "1KZTE", "3000CC DIESEL TURBO", "08.2000 - 11.2002", "", "", "", "", "MTM", "MANUAL TRANSMISSION");
INSERT INTO COMPLECTATION_OPTIONS(COMPLECTATION_ID, OPTION_MNEMONIC, OPTION_LABEL) VALUES (542, "LHD", "LEFT-HAND DRIVE VEHICLES");
INSERT INTO COMPLECTATION_OPTIONS(COMPLECTATION_ID, OPTION_MNEMONIC, OPTION_LABEL) VALUES (542, "TDE", "TURBO DIESEL WITH ECD");
INSERT INTO COMPLECTATION(ID, FRAME_ID, NAME, URL, ENGINE_MNEMONIC, ENGINE_LABEL, PRODUCTION_PERIOD, BODY_MNEMONIC, BODY_LABEL, GRADE_MNEMONIC, GRADE_LABEL, TRANSMISSION_MNEMONIC, TRANSMISSION_LABEL) VALUES (543, 72, "KZN185L-GKMSX", "https://toyota-general.epc-data.com/4runner/kzn185l/4984/", "1KZT", "3000CC DIESEL", "11.1995 - 08.2000", "", "", "", "", "MTM", "MANUAL TRANSMISSION");
INSERT INTO COMPLECTATION_OPTIONS(COMPLECTATION_ID, OPTION_MNEMONIC, OPTION_LABEL) VALUES (543, "LHD", "LEFT-HAND DRIVE VEHICLES");
INSERT INTO COMPLECTATION_OPTIONS(COMPLECTATION_ID, OPTION_MNEMONIC, OPTION_LABEL) VALUES (543, "TBO", "TURBO SYSTEM");
INSERT INTO FRAME(ID, MODEL_ID, NAME, URL) VALUES (73, 8, "KZN215L", "https://toyota-general.epc-data.com/4runner/kzn215l");
INSERT INTO COMPLECTATION(ID, FRAME_ID, NAME, URL, ENGINE_MNEMONIC, ENGINE_LABEL, PRODUCTION_PERIOD, BODY_MNEMONIC, BODY_LABEL, GRADE_MNEMONIC, GRADE_LABEL, TRANSMISSION_MNEMONIC, TRANSMISSION_LABEL) VALUES (544, 73, "KZN215L-GKPGT", "https://toyota-general.epc-data.com/4runner/kzn215l/4996/", "1KZTE", "3000CC DIESEL TURBO", "11.2002 - 08.2005", "", "", "SR5", "SR-5 TYPE", "ATM", "AUTOMATIC TRANSMISSION");
INSERT INTO COMPLECTATION_OPTIONS(COMPLECTATION_ID, OPTION_MNEMONIC, OPTION_LABEL) VALUES (544, "4FC", "ATM,4-SPEED FLOOR SHIFT");
INSERT INTO COMPLECTATION_OPTIONS(COMPLECTATION_ID, OPTION_MNEMONIC, OPTION_LABEL) VALUES (544, "LHD", "LEFT-HAND DRIVE VEHICLES");
INSERT INTO COMPLECTATION_OPTIONS(COMPLECTATION_ID, OPTION_MNEMONIC, OPTION_LABEL) VALUES (544, "SRF", "STANDARD ROOF");
INSERT INTO COMPLECTATION(ID, FRAME_ID, NAME, URL, ENGINE_MNEMONIC, ENGINE_LABEL, PRODUCTION_PERIOD, BODY_MNEMONIC, BODY_LABEL, GRADE_MNEMONIC, GRADE_LABEL, TRANSMISSION_MNEMONIC, TRANSMISSION_LABEL) VALUES (545, 73, "KZN215L-GKPZT", "https://toyota-general.epc-data.com/4runner/kzn215l/4997/", "1KZTE", "3000CC DIESEL TURBO", "11.2002 - 08.2005", "", "", "LIMD", "LIMITED TYPE", "ATM", "AUTOMATIC TRANSMISSION");
INSERT INTO COMPLECTATION_OPTIONS(COMPLECTATION_ID, OPTION_MNEMONIC, OPTION_LABEL) VALUES (545, "4FC", "ATM,4-SPEED FLOOR SHIFT");
INSERT INTO COMPLECTATION_OPTIONS(COMPLECTATION_ID, OPTION_MNEMONIC, OPTION_LABEL) VALUES (545, "LHD", "LEFT-HAND DRIVE VEHICLES");
INSERT INTO COMPLECTATION_OPTIONS(COMPLECTATION_ID, OPTION_MNEMONIC, OPTION_LABEL) VALUES (545, "SRF", "STANDARD ROOF");
INSERT INTO FRAME(ID, MODEL_ID, NAME, URL) VALUES (74, 8, "RZN180L", "https://toyota-general.epc-data.com/4runner/rzn180l");
INSERT INTO COMPLECTATION(ID, FRAME_ID, NAME, URL, ENGINE_MNEMONIC, ENGINE_LABEL, PRODUCTION_PERIOD, BODY_MNEMONIC, BODY_LABEL, GRADE_MNEMONIC, GRADE_LABEL, TRANSMISSION_MNEMONIC, TRANSMISSION_LABEL) VALUES (546, 74, "RZN180L-GKMSK", "https://toyota-general.epc-data.com/4runner/rzn180l/4983/", "3RZFE", "2700CC EFI", "08.2000 - 11.2002", "", "", "", "", "MTM", "MANUAL TRANSMISSION");
INSERT INTO COMPLECTATION_OPTIONS(COMPLECTATION_ID, OPTION_MNEMONIC, OPTION_LABEL) VALUES (546, "LHD", "LEFT-HAND DRIVE VEHICLES");
INSERT INTO COMPLECTATION_OPTIONS(COMPLECTATION_ID, OPTION_MNEMONIC, OPTION_LABEL) VALUES (546, "EFI", "ELECTRIC FUEL INJECTION SYSTEM");
INSERT INTO FRAME(ID, MODEL_ID, NAME, URL) VALUES (75, 8, "RZN185L", "https://toyota-general.epc-data.com/4runner/rzn185l");
INSERT INTO COMPLECTATION(ID, FRAME_ID, NAME, URL, ENGINE_MNEMONIC, ENGINE_LABEL, PRODUCTION_PERIOD, BODY_MNEMONIC, BODY_LABEL, GRADE_MNEMONIC, GRADE_LABEL, TRANSMISSION_MNEMONIC, TRANSMISSION_LABEL) VALUES (547, 75, "RZN185L-GKMSK", "https://toyota-general.epc-data.com/4runner/rzn185l/4985/", "3RZFE", "2700CC EFI", "11.1995 - 11.2002", "", "", "", "", "MTM", "MANUAL TRANSMISSION");
INSERT INTO COMPLECTATION_OPTIONS(COMPLECTATION_ID, OPTION_MNEMONIC, OPTION_LABEL) VALUES (547, "LHD", "LEFT-HAND DRIVE VEHICLES");
INSERT INTO COMPLECTATION_OPTIONS(COMPLECTATION_ID, OPTION_MNEMONIC, OPTION_LABEL) VALUES (547, "EFI", "ELECTRIC FUEL INJECTION SYSTEM");
INSERT INTO FRAME(ID, MODEL_ID, NAME, URL) VALUES (76, 8, "VZN180L", "https://toyota-general.epc-data.com/4runner/vzn180l");
INSERT INTO COMPLECTATION(ID, FRAME_ID, NAME, URL, ENGINE_MNEMONIC, ENGINE_LABEL, PRODUCTION_PERIOD, BODY_MNEMONIC, BODY_LABEL, GRADE_MNEMONIC, GRADE_LABEL, TRANSMISSION_MNEMONIC, TRANSMISSION_LABEL) VALUES (548, 76, "VZN180L-GKPGK", "https://toyota-general.epc-data.com/4runner/vzn180l/4990/", "5VZFE", "3400CC EFI", "08.2000 - 11.2002", "", "", "", "", "ATM", "AUTOMATIC TRANSMISSION");
INSERT INTO COMPLECTATION_OPTIONS(COMPLECTATION_ID, OPTION_MNEMONIC, OPTION_LABEL) VALUES (548, "LHD", "LEFT-HAND DRIVE VEHICLES");
INSERT INTO COMPLECTATION_OPTIONS(COMPLECTATION_ID, OPTION_MNEMONIC, OPTION_LABEL) VALUES (548, "EFI", "ELECTRIC FUEL INJECTION SYSTEM");
INSERT INTO FRAME(ID, MODEL_ID, NAME, URL) VALUES (77, 8, "VZN185L", "https://toyota-general.epc-data.com/4runner/vzn185l");
INSERT INTO COMPLECTATION(ID, FRAME_ID, NAME, URL, ENGINE_MNEMONIC, ENGINE_LABEL, PRODUCTION_PERIOD, BODY_MNEMONIC, BODY_LABEL, GRADE_MNEMONIC, GRADE_LABEL, TRANSMISSION_MNEMONIC, TRANSMISSION_LABEL) VALUES (549, 77, "VZN185L-GKPGK", "https://toyota-general.epc-data.com/4runner/vzn185l/4986/", "5VZFE", "3400CC EFI", "11.1995 - 11.2002", "", "", "", "", "ATM", "AUTOMATIC TRANSMISSION");
INSERT INTO COMPLECTATION_OPTIONS(COMPLECTATION_ID, OPTION_MNEMONIC, OPTION_LABEL) VALUES (549, "LHD", "LEFT-HAND DRIVE VEHICLES");
INSERT INTO COMPLECTATION_OPTIONS(COMPLECTATION_ID, OPTION_MNEMONIC, OPTION_LABEL) VALUES (549, "EFI", "ELECTRIC FUEL INJECTION SYSTEM");
