INSERT INTO MODEL(ID, MANUFACTURER_ID, NAME, URL) VALUES (10, 4, "4Runner", "https://toyota-usa.epc-data.com/4runner");
INSERT INTO FRAME(ID, MODEL_ID, NAME, URL) VALUES (79, 10, "GRN210L", "https://toyota-usa.epc-data.com/4runner/grn210l");
INSERT INTO COMPLECTATION(ID, FRAME_ID, NAME, URL, ENGINE_MNEMONIC, ENGINE_LABEL, PRODUCTION_PERIOD, BODY_MNEMONIC, BODY_LABEL, GRADE_MNEMONIC, GRADE_LABEL, TRANSMISSION_MNEMONIC, TRANSMISSION_LABEL) VALUES (554, 79, "GRN210L-GKAGKA", "https://toyota-usa.epc-data.com/4runner/grn210l/2838/", "1GRFE", "4000CC 24-VALVE DOHC EFI", "08.2004", "", "", "SR5", "SR-5 TYPE", "ATM", "AUTOMATIC TRANSMISSION");
INSERT INTO COMPLECTATION_OPTIONS(COMPLECTATION_ID, OPTION_MNEMONIC, OPTION_LABEL) VALUES (554, "5FC", "ATM,5-SPEED FLOOR SHIFT");
INSERT INTO COMPLECTATION(ID, FRAME_ID, NAME, URL, ENGINE_MNEMONIC, ENGINE_LABEL, PRODUCTION_PERIOD, BODY_MNEMONIC, BODY_LABEL, GRADE_MNEMONIC, GRADE_LABEL, TRANSMISSION_MNEMONIC, TRANSMISSION_LABEL) VALUES (555, 79, "GRN210L-GKAZKA", "https://toyota-usa.epc-data.com/4runner/grn210l/2840/", "1GRFE", "4000CC 24-VALVE DOHC EFI", "08.2004", "", "", "LIMD", "LIMITED TYPE", "ATM", "AUTOMATIC TRANSMISSION");
INSERT INTO COMPLECTATION_OPTIONS(COMPLECTATION_ID, OPTION_MNEMONIC, OPTION_LABEL) VALUES (555, "5FC", "ATM,5-SPEED FLOOR SHIFT");
INSERT INTO COMPLECTATION(ID, FRAME_ID, NAME, URL, ENGINE_MNEMONIC, ENGINE_LABEL, PRODUCTION_PERIOD, BODY_MNEMONIC, BODY_LABEL, GRADE_MNEMONIC, GRADE_LABEL, TRANSMISSION_MNEMONIC, TRANSMISSION_LABEL) VALUES (556, 79, "GRN210L-GKPGKA", "https://toyota-usa.epc-data.com/4runner/grn210l/2839/", "1GRFE", "4000CC 24-VALVE DOHC EFI", "11.2002 - 08.2004", "", "", "SR5", "SR-5 TYPE", "ATM", "AUTOMATIC TRANSMISSION");
INSERT INTO COMPLECTATION_OPTIONS(COMPLECTATION_ID, OPTION_MNEMONIC, OPTION_LABEL) VALUES (556, "4FC", "ATM,4-SPEED FLOOR SHIFT");
INSERT INTO COMPLECTATION(ID, FRAME_ID, NAME, URL, ENGINE_MNEMONIC, ENGINE_LABEL, PRODUCTION_PERIOD, BODY_MNEMONIC, BODY_LABEL, GRADE_MNEMONIC, GRADE_LABEL, TRANSMISSION_MNEMONIC, TRANSMISSION_LABEL) VALUES (557, 79, "GRN210L-GKPZKA", "https://toyota-usa.epc-data.com/4runner/grn210l/2841/", "1GRFE", "4000CC 24-VALVE DOHC EFI", "11.2002 - 08.2004", "", "", "LIMD", "LIMITED TYPE", "ATM", "AUTOMATIC TRANSMISSION");
INSERT INTO COMPLECTATION_OPTIONS(COMPLECTATION_ID, OPTION_MNEMONIC, OPTION_LABEL) VALUES (557, "4FC", "ATM,4-SPEED FLOOR SHIFT");
INSERT INTO FRAME(ID, MODEL_ID, NAME, URL) VALUES (80, 10, "GRN215L", "https://toyota-usa.epc-data.com/4runner/grn215l");
INSERT INTO COMPLECTATION(ID, FRAME_ID, NAME, URL, ENGINE_MNEMONIC, ENGINE_LABEL, PRODUCTION_PERIOD, BODY_MNEMONIC, BODY_LABEL, GRADE_MNEMONIC, GRADE_LABEL, TRANSMISSION_MNEMONIC, TRANSMISSION_LABEL) VALUES (558, 80, "GRN215L-GKAGKA", "https://toyota-usa.epc-data.com/4runner/grn215l/2832/", "1GRFE", "4000CC 24-VALVE DOHC EFI", "08.2004", "", "", "SR5", "SR-5 TYPE", "ATM", "AUTOMATIC TRANSMISSION");
INSERT INTO COMPLECTATION_OPTIONS(COMPLECTATION_ID, OPTION_MNEMONIC, OPTION_LABEL) VALUES (558, "5FC", "ATM,5-SPEED FLOOR SHIFT");
INSERT INTO COMPLECTATION(ID, FRAME_ID, NAME, URL, ENGINE_MNEMONIC, ENGINE_LABEL, PRODUCTION_PERIOD, BODY_MNEMONIC, BODY_LABEL, GRADE_MNEMONIC, GRADE_LABEL, TRANSMISSION_MNEMONIC, TRANSMISSION_LABEL) VALUES (559, 80, "GRN215L-GKAZKA", "https://toyota-usa.epc-data.com/4runner/grn215l/2834/", "1GRFE", "4000CC 24-VALVE DOHC EFI", "08.2004", "", "", "LIMD", "LIMITED TYPE", "ATM", "AUTOMATIC TRANSMISSION");
INSERT INTO COMPLECTATION_OPTIONS(COMPLECTATION_ID, OPTION_MNEMONIC, OPTION_LABEL) VALUES (559, "5FC", "ATM,5-SPEED FLOOR SHIFT");
INSERT INTO COMPLECTATION(ID, FRAME_ID, NAME, URL, ENGINE_MNEMONIC, ENGINE_LABEL, PRODUCTION_PERIOD, BODY_MNEMONIC, BODY_LABEL, GRADE_MNEMONIC, GRADE_LABEL, TRANSMISSION_MNEMONIC, TRANSMISSION_LABEL) VALUES (560, 80, "GRN215L-GKPGKA", "https://toyota-usa.epc-data.com/4runner/grn215l/2833/", "1GRFE", "4000CC 24-VALVE DOHC EFI", "11.2002 - 08.2004", "", "", "SR5", "SR-5 TYPE", "ATM", "AUTOMATIC TRANSMISSION");
INSERT INTO COMPLECTATION_OPTIONS(COMPLECTATION_ID, OPTION_MNEMONIC, OPTION_LABEL) VALUES (560, "4FC", "ATM,4-SPEED FLOOR SHIFT");
INSERT INTO COMPLECTATION(ID, FRAME_ID, NAME, URL, ENGINE_MNEMONIC, ENGINE_LABEL, PRODUCTION_PERIOD, BODY_MNEMONIC, BODY_LABEL, GRADE_MNEMONIC, GRADE_LABEL, TRANSMISSION_MNEMONIC, TRANSMISSION_LABEL) VALUES (561, 80, "GRN215L-GKPZKA", "https://toyota-usa.epc-data.com/4runner/grn215l/2835/", "1GRFE", "4000CC 24-VALVE DOHC EFI", "11.2002 - 08.2004", "", "", "LIMD", "LIMITED TYPE", "ATM", "AUTOMATIC TRANSMISSION");
INSERT INTO COMPLECTATION_OPTIONS(COMPLECTATION_ID, OPTION_MNEMONIC, OPTION_LABEL) VALUES (561, "4FC", "ATM,4-SPEED FLOOR SHIFT");
INSERT INTO FRAME(ID, MODEL_ID, NAME, URL) VALUES (81, 10, "LN51L", "https://toyota-usa.epc-data.com/4runner/ln51l");
INSERT INTO COMPLECTATION(ID, FRAME_ID, NAME, URL, ENGINE_MNEMONIC, ENGINE_LABEL, PRODUCTION_PERIOD, BODY_MNEMONIC, BODY_LABEL, GRADE_MNEMONIC, GRADE_LABEL, TRANSMISSION_MNEMONIC, TRANSMISSION_LABEL) VALUES (562, 81, "LN51L-KRA", "https://toyota-usa.epc-data.com/4runner/ln51l/2528/", "2L", "2400CC DIESEL", "08.1984 - 08.1985", "T1", "TRUCK(STANDARD DECK 1-SIDE OPEN)", "STD", "STANDARD TYPE", "MTM", "MANUAL TRANSMISSION");
INSERT INTO COMPLECTATION_OPTIONS(COMPLECTATION_ID, OPTION_MNEMONIC, OPTION_LABEL) VALUES (562, "4F", "MTM,4-SPEED FLOOR SHIFT");
INSERT INTO COMPLECTATION_OPTIONS(COMPLECTATION_ID, OPTION_MNEMONIC, OPTION_LABEL) VALUES (562, "RCB", "REGULAR CAB");
INSERT INTO COMPLECTATION_OPTIONS(COMPLECTATION_ID, OPTION_MNEMONIC, OPTION_LABEL) VALUES (562, "G", "G TYPE TRANSMISSION");
INSERT INTO COMPLECTATION_OPTIONS(COMPLECTATION_ID, OPTION_MNEMONIC, OPTION_LABEL) VALUES (562, "HLF", "0.5TONS");
INSERT INTO COMPLECTATION_OPTIONS(COMPLECTATION_ID, OPTION_MNEMONIC, OPTION_LABEL) VALUES (562, "ST", "SINGLE TIRE");
INSERT INTO COMPLECTATION_OPTIONS(COMPLECTATION_ID, OPTION_MNEMONIC, OPTION_LABEL) VALUES (562, "USA", "UNITED STATES OF AMERICA");
INSERT INTO COMPLECTATION_OPTIONS(COMPLECTATION_ID, OPTION_MNEMONIC, OPTION_LABEL) VALUES (562, "DSL", "DIESEL");
INSERT INTO COMPLECTATION_OPTIONS(COMPLECTATION_ID, OPTION_MNEMONIC, OPTION_LABEL) VALUES (562, "CBU", "COMPLETELY BUILT UNIT");
INSERT INTO COMPLECTATION(ID, FRAME_ID, NAME, URL, ENGINE_MNEMONIC, ENGINE_LABEL, PRODUCTION_PERIOD, BODY_MNEMONIC, BODY_LABEL, GRADE_MNEMONIC, GRADE_LABEL, TRANSMISSION_MNEMONIC, TRANSMISSION_LABEL) VALUES (563, 81, "LN51L-KRA3", "https://toyota-usa.epc-data.com/4runner/ln51l/2529/", "2L", "2400CC DIESEL", "08.1983 - 08.1984", "T1", "TRUCK(STANDARD DECK 1-SIDE OPEN)", "STD", "STANDARD TYPE", "MTM", "MANUAL TRANSMISSION");
INSERT INTO COMPLECTATION_OPTIONS(COMPLECTATION_ID, OPTION_MNEMONIC, OPTION_LABEL) VALUES (563, "4F", "MTM,4-SPEED FLOOR SHIFT");
INSERT INTO COMPLECTATION_OPTIONS(COMPLECTATION_ID, OPTION_MNEMONIC, OPTION_LABEL) VALUES (563, "RCB", "REGULAR CAB");
INSERT INTO COMPLECTATION_OPTIONS(COMPLECTATION_ID, OPTION_MNEMONIC, OPTION_LABEL) VALUES (563, "G", "G TYPE TRANSMISSION");
INSERT INTO COMPLECTATION_OPTIONS(COMPLECTATION_ID, OPTION_MNEMONIC, OPTION_LABEL) VALUES (563, "HLF", "0.5TONS");
INSERT INTO COMPLECTATION_OPTIONS(COMPLECTATION_ID, OPTION_MNEMONIC, OPTION_LABEL) VALUES (563, "ST", "SINGLE TIRE");
INSERT INTO COMPLECTATION_OPTIONS(COMPLECTATION_ID, OPTION_MNEMONIC, OPTION_LABEL) VALUES (563, "USA", "UNITED STATES OF AMERICA");
INSERT INTO COMPLECTATION_OPTIONS(COMPLECTATION_ID, OPTION_MNEMONIC, OPTION_LABEL) VALUES (563, "DSL", "DIESEL");
INSERT INTO COMPLECTATION_OPTIONS(COMPLECTATION_ID, OPTION_MNEMONIC, OPTION_LABEL) VALUES (563, "IV", "INCOMPLETE VEHICLES (CHASSIS & CAB)");
INSERT INTO FRAME(ID, MODEL_ID, NAME, URL) VALUES (82, 10, "LN56L", "https://toyota-usa.epc-data.com/4runner/ln56l");
INSERT INTO COMPLECTATION(ID, FRAME_ID, NAME, URL, ENGINE_MNEMONIC, ENGINE_LABEL, PRODUCTION_PERIOD, BODY_MNEMONIC, BODY_LABEL, GRADE_MNEMONIC, GRADE_LABEL, TRANSMISSION_MNEMONIC, TRANSMISSION_LABEL) VALUES (564, 82, "LN56L-MDA3", "https://toyota-usa.epc-data.com/4runner/ln56l/2530/", "2L", "2400CC DIESEL", "08.1983 - 08.1985", "T1", "TRUCK(STANDARD DECK 1-SIDE OPEN)", "DLX", "DELUXE TYPE", "MTM", "MANUAL TRANSMISSION");
INSERT INTO COMPLECTATION_OPTIONS(COMPLECTATION_ID, OPTION_MNEMONIC, OPTION_LABEL) VALUES (564, "5F", "MTM,5-SPEED FLOOR SHIFT");
INSERT INTO COMPLECTATION_OPTIONS(COMPLECTATION_ID, OPTION_MNEMONIC, OPTION_LABEL) VALUES (564, "RCB", "REGULAR CAB");
INSERT INTO COMPLECTATION_OPTIONS(COMPLECTATION_ID, OPTION_MNEMONIC, OPTION_LABEL) VALUES (564, "G", "G TYPE TRANSMISSION");
INSERT INTO COMPLECTATION_OPTIONS(COMPLECTATION_ID, OPTION_MNEMONIC, OPTION_LABEL) VALUES (564, "HLF", "0.5TONS");
INSERT INTO COMPLECTATION_OPTIONS(COMPLECTATION_ID, OPTION_MNEMONIC, OPTION_LABEL) VALUES (564, "ST", "SINGLE TIRE");
INSERT INTO COMPLECTATION_OPTIONS(COMPLECTATION_ID, OPTION_MNEMONIC, OPTION_LABEL) VALUES (564, "USA", "UNITED STATES OF AMERICA");
INSERT INTO COMPLECTATION_OPTIONS(COMPLECTATION_ID, OPTION_MNEMONIC, OPTION_LABEL) VALUES (564, "DSL", "DIESEL");
INSERT INTO COMPLECTATION_OPTIONS(COMPLECTATION_ID, OPTION_MNEMONIC, OPTION_LABEL) VALUES (564, "IV", "INCOMPLETE VEHICLES (CHASSIS & CAB)");
INSERT INTO COMPLECTATION(ID, FRAME_ID, NAME, URL, ENGINE_MNEMONIC, ENGINE_LABEL, PRODUCTION_PERIOD, BODY_MNEMONIC, BODY_LABEL, GRADE_MNEMONIC, GRADE_LABEL, TRANSMISSION_MNEMONIC, TRANSMISSION_LABEL) VALUES (565, 82, "LN56L-MDCA", "https://toyota-usa.epc-data.com/4runner/ln56l/2533/", "2L", "2400CC DIESEL", "08.1984 - 08.1985", "T1", "TRUCK(STANDARD DECK 1-SIDE OPEN)", "DLX", "DELUXE TYPE", "MTM", "MANUAL TRANSMISSION");
INSERT INTO COMPLECTATION_OPTIONS(COMPLECTATION_ID, OPTION_MNEMONIC, OPTION_LABEL) VALUES (565, "5F", "MTM,5-SPEED FLOOR SHIFT");
INSERT INTO COMPLECTATION_OPTIONS(COMPLECTATION_ID, OPTION_MNEMONIC, OPTION_LABEL) VALUES (565, "XTR", "EXTRA CAB");
INSERT INTO COMPLECTATION_OPTIONS(COMPLECTATION_ID, OPTION_MNEMONIC, OPTION_LABEL) VALUES (565, "G", "G TYPE TRANSMISSION");
INSERT INTO COMPLECTATION_OPTIONS(COMPLECTATION_ID, OPTION_MNEMONIC, OPTION_LABEL) VALUES (565, "HLF", "0.5TONS");
INSERT INTO COMPLECTATION_OPTIONS(COMPLECTATION_ID, OPTION_MNEMONIC, OPTION_LABEL) VALUES (565, "ST", "SINGLE TIRE");
INSERT INTO COMPLECTATION_OPTIONS(COMPLECTATION_ID, OPTION_MNEMONIC, OPTION_LABEL) VALUES (565, "USA", "UNITED STATES OF AMERICA");
INSERT INTO COMPLECTATION_OPTIONS(COMPLECTATION_ID, OPTION_MNEMONIC, OPTION_LABEL) VALUES (565, "DSL", "DIESEL");
INSERT INTO COMPLECTATION_OPTIONS(COMPLECTATION_ID, OPTION_MNEMONIC, OPTION_LABEL) VALUES (565, "CBU", "COMPLETELY BUILT UNIT");
INSERT INTO COMPLECTATION(ID, FRAME_ID, NAME, URL, ENGINE_MNEMONIC, ENGINE_LABEL, PRODUCTION_PERIOD, BODY_MNEMONIC, BODY_LABEL, GRADE_MNEMONIC, GRADE_LABEL, TRANSMISSION_MNEMONIC, TRANSMISSION_LABEL) VALUES (566, 82, "LN56L-MDCA3", "https://toyota-usa.epc-data.com/4runner/ln56l/2534/", "2L", "2400CC DIESEL", "09.1983 - 08.1985", "T1", "TRUCK(STANDARD DECK 1-SIDE OPEN)", "DLX", "DELUXE TYPE", "MTM", "MANUAL TRANSMISSION");
INSERT INTO COMPLECTATION_OPTIONS(COMPLECTATION_ID, OPTION_MNEMONIC, OPTION_LABEL) VALUES (566, "5F", "MTM,5-SPEED FLOOR SHIFT");
INSERT INTO COMPLECTATION_OPTIONS(COMPLECTATION_ID, OPTION_MNEMONIC, OPTION_LABEL) VALUES (566, "XTR", "EXTRA CAB");
INSERT INTO COMPLECTATION_OPTIONS(COMPLECTATION_ID, OPTION_MNEMONIC, OPTION_LABEL) VALUES (566, "G", "G TYPE TRANSMISSION");
INSERT INTO COMPLECTATION_OPTIONS(COMPLECTATION_ID, OPTION_MNEMONIC, OPTION_LABEL) VALUES (566, "HLF", "0.5TONS");
INSERT INTO COMPLECTATION_OPTIONS(COMPLECTATION_ID, OPTION_MNEMONIC, OPTION_LABEL) VALUES (566, "ST", "SINGLE TIRE");
INSERT INTO COMPLECTATION_OPTIONS(COMPLECTATION_ID, OPTION_MNEMONIC, OPTION_LABEL) VALUES (566, "USA", "UNITED STATES OF AMERICA");
INSERT INTO COMPLECTATION_OPTIONS(COMPLECTATION_ID, OPTION_MNEMONIC, OPTION_LABEL) VALUES (566, "DSL", "DIESEL");
INSERT INTO COMPLECTATION_OPTIONS(COMPLECTATION_ID, OPTION_MNEMONIC, OPTION_LABEL) VALUES (566, "IV", "INCOMPLETE VEHICLES (CHASSIS & CAB)");
INSERT INTO COMPLECTATION(ID, FRAME_ID, NAME, URL, ENGINE_MNEMONIC, ENGINE_LABEL, PRODUCTION_PERIOD, BODY_MNEMONIC, BODY_LABEL, GRADE_MNEMONIC, GRADE_LABEL, TRANSMISSION_MNEMONIC, TRANSMISSION_LABEL) VALUES (567, 82, "LN56L-MDCK", "https://toyota-usa.epc-data.com/4runner/ln56l/2535/", "2L", "2400CC DIESEL", "09.1983 - 08.1985", "T1", "TRUCK(STANDARD DECK 1-SIDE OPEN)", "DLX", "DELUXE TYPE", "MTM", "MANUAL TRANSMISSION");
INSERT INTO COMPLECTATION_OPTIONS(COMPLECTATION_ID, OPTION_MNEMONIC, OPTION_LABEL) VALUES (567, "5F", "MTM,5-SPEED FLOOR SHIFT");
INSERT INTO COMPLECTATION_OPTIONS(COMPLECTATION_ID, OPTION_MNEMONIC, OPTION_LABEL) VALUES (567, "XTR", "EXTRA CAB");
INSERT INTO COMPLECTATION_OPTIONS(COMPLECTATION_ID, OPTION_MNEMONIC, OPTION_LABEL) VALUES (567, "G", "G TYPE TRANSMISSION");
INSERT INTO COMPLECTATION_OPTIONS(COMPLECTATION_ID, OPTION_MNEMONIC, OPTION_LABEL) VALUES (567, "HLF", "0.5TONS");
INSERT INTO COMPLECTATION_OPTIONS(COMPLECTATION_ID, OPTION_MNEMONIC, OPTION_LABEL) VALUES (567, "ST", "SINGLE TIRE");
INSERT INTO COMPLECTATION_OPTIONS(COMPLECTATION_ID, OPTION_MNEMONIC, OPTION_LABEL) VALUES (567, "CND", "CANADA");
INSERT INTO COMPLECTATION_OPTIONS(COMPLECTATION_ID, OPTION_MNEMONIC, OPTION_LABEL) VALUES (567, "DSL", "DIESEL");
INSERT INTO COMPLECTATION_OPTIONS(COMPLECTATION_ID, OPTION_MNEMONIC, OPTION_LABEL) VALUES (567, "CBU", "COMPLETELY BUILT UNIT");
INSERT INTO COMPLECTATION(ID, FRAME_ID, NAME, URL, ENGINE_MNEMONIC, ENGINE_LABEL, PRODUCTION_PERIOD, BODY_MNEMONIC, BODY_LABEL, GRADE_MNEMONIC, GRADE_LABEL, TRANSMISSION_MNEMONIC, TRANSMISSION_LABEL) VALUES (568, 82, "LN56L-MDCXA3", "https://toyota-usa.epc-data.com/4runner/ln56l/2537/", "2LT", "2400CC DIESEL TURBO", "08.1984 - 08.1985", "T1", "TRUCK(STANDARD DECK 1-SIDE OPEN)", "DLX", "DELUXE TYPE", "MTM", "MANUAL TRANSMISSION");
INSERT INTO COMPLECTATION_OPTIONS(COMPLECTATION_ID, OPTION_MNEMONIC, OPTION_LABEL) VALUES (568, "5F", "MTM,5-SPEED FLOOR SHIFT");
INSERT INTO COMPLECTATION_OPTIONS(COMPLECTATION_ID, OPTION_MNEMONIC, OPTION_LABEL) VALUES (568, "XTR", "EXTRA CAB");
INSERT INTO COMPLECTATION_OPTIONS(COMPLECTATION_ID, OPTION_MNEMONIC, OPTION_LABEL) VALUES (568, "W", "W TYPE TRANSMISSION");
INSERT INTO COMPLECTATION_OPTIONS(COMPLECTATION_ID, OPTION_MNEMONIC, OPTION_LABEL) VALUES (568, "HLF", "0.5TONS");
INSERT INTO COMPLECTATION_OPTIONS(COMPLECTATION_ID, OPTION_MNEMONIC, OPTION_LABEL) VALUES (568, "ST", "SINGLE TIRE");
INSERT INTO COMPLECTATION_OPTIONS(COMPLECTATION_ID, OPTION_MNEMONIC, OPTION_LABEL) VALUES (568, "USA", "UNITED STATES OF AMERICA");
INSERT INTO COMPLECTATION_OPTIONS(COMPLECTATION_ID, OPTION_MNEMONIC, OPTION_LABEL) VALUES (568, "TD", "TURBO DIESEL");
INSERT INTO COMPLECTATION_OPTIONS(COMPLECTATION_ID, OPTION_MNEMONIC, OPTION_LABEL) VALUES (568, "IV", "INCOMPLETE VEHICLES (CHASSIS & CAB)");
INSERT INTO COMPLECTATION(ID, FRAME_ID, NAME, URL, ENGINE_MNEMONIC, ENGINE_LABEL, PRODUCTION_PERIOD, BODY_MNEMONIC, BODY_LABEL, GRADE_MNEMONIC, GRADE_LABEL, TRANSMISSION_MNEMONIC, TRANSMISSION_LABEL) VALUES (569, 82, "LN56L-MDK", "https://toyota-usa.epc-data.com/4runner/ln56l/2531/", "2L", "2400CC DIESEL", "08.1983 - 08.1986", "T1", "TRUCK(STANDARD DECK 1-SIDE OPEN)", "DLX", "DELUXE TYPE", "MTM", "MANUAL TRANSMISSION");
INSERT INTO COMPLECTATION_OPTIONS(COMPLECTATION_ID, OPTION_MNEMONIC, OPTION_LABEL) VALUES (569, "5F", "MTM,5-SPEED FLOOR SHIFT");
INSERT INTO COMPLECTATION_OPTIONS(COMPLECTATION_ID, OPTION_MNEMONIC, OPTION_LABEL) VALUES (569, "RCB", "REGULAR CAB");
INSERT INTO COMPLECTATION_OPTIONS(COMPLECTATION_ID, OPTION_MNEMONIC, OPTION_LABEL) VALUES (569, "G", "G TYPE TRANSMISSION");
INSERT INTO COMPLECTATION_OPTIONS(COMPLECTATION_ID, OPTION_MNEMONIC, OPTION_LABEL) VALUES (569, "HLF", "0.5TONS");
INSERT INTO COMPLECTATION_OPTIONS(COMPLECTATION_ID, OPTION_MNEMONIC, OPTION_LABEL) VALUES (569, "ST", "SINGLE TIRE");
INSERT INTO COMPLECTATION_OPTIONS(COMPLECTATION_ID, OPTION_MNEMONIC, OPTION_LABEL) VALUES (569, "CND", "CANADA");
INSERT INTO COMPLECTATION_OPTIONS(COMPLECTATION_ID, OPTION_MNEMONIC, OPTION_LABEL) VALUES (569, "DSL", "DIESEL");
INSERT INTO COMPLECTATION_OPTIONS(COMPLECTATION_ID, OPTION_MNEMONIC, OPTION_LABEL) VALUES (569, "CBU", "COMPLETELY BUILT UNIT");
INSERT INTO COMPLECTATION(ID, FRAME_ID, NAME, URL, ENGINE_MNEMONIC, ENGINE_LABEL, PRODUCTION_PERIOD, BODY_MNEMONIC, BODY_LABEL, GRADE_MNEMONIC, GRADE_LABEL, TRANSMISSION_MNEMONIC, TRANSMISSION_LABEL) VALUES (570, 82, "LN56L-MDXA3", "https://toyota-usa.epc-data.com/4runner/ln56l/2536/", "2LT", "2400CC DIESEL TURBO", "08.1984 - 08.1985", "T1", "TRUCK(STANDARD DECK 1-SIDE OPEN)", "DLX", "DELUXE TYPE", "MTM", "MANUAL TRANSMISSION");
INSERT INTO COMPLECTATION_OPTIONS(COMPLECTATION_ID, OPTION_MNEMONIC, OPTION_LABEL) VALUES (570, "5F", "MTM,5-SPEED FLOOR SHIFT");
INSERT INTO COMPLECTATION_OPTIONS(COMPLECTATION_ID, OPTION_MNEMONIC, OPTION_LABEL) VALUES (570, "RCB", "REGULAR CAB");
INSERT INTO COMPLECTATION_OPTIONS(COMPLECTATION_ID, OPTION_MNEMONIC, OPTION_LABEL) VALUES (570, "W", "W TYPE TRANSMISSION");
INSERT INTO COMPLECTATION_OPTIONS(COMPLECTATION_ID, OPTION_MNEMONIC, OPTION_LABEL) VALUES (570, "HLF", "0.5TONS");
INSERT INTO COMPLECTATION_OPTIONS(COMPLECTATION_ID, OPTION_MNEMONIC, OPTION_LABEL) VALUES (570, "ST", "SINGLE TIRE");
INSERT INTO COMPLECTATION_OPTIONS(COMPLECTATION_ID, OPTION_MNEMONIC, OPTION_LABEL) VALUES (570, "USA", "UNITED STATES OF AMERICA");
INSERT INTO COMPLECTATION_OPTIONS(COMPLECTATION_ID, OPTION_MNEMONIC, OPTION_LABEL) VALUES (570, "TD", "TURBO DIESEL");
INSERT INTO COMPLECTATION_OPTIONS(COMPLECTATION_ID, OPTION_MNEMONIC, OPTION_LABEL) VALUES (570, "IV", "INCOMPLETE VEHICLES (CHASSIS & CAB)");
INSERT INTO COMPLECTATION(ID, FRAME_ID, NAME, URL, ENGINE_MNEMONIC, ENGINE_LABEL, PRODUCTION_PERIOD, BODY_MNEMONIC, BODY_LABEL, GRADE_MNEMONIC, GRADE_LABEL, TRANSMISSION_MNEMONIC, TRANSMISSION_LABEL) VALUES (571, 82, "LN56L-MRK", "https://toyota-usa.epc-data.com/4runner/ln56l/2532/", "2L", "2400CC DIESEL", "08.1986 - 08.1987", "T1", "TRUCK(STANDARD DECK 1-SIDE OPEN)", "STD", "STANDARD TYPE", "MTM", "MANUAL TRANSMISSION");
INSERT INTO COMPLECTATION_OPTIONS(COMPLECTATION_ID, OPTION_MNEMONIC, OPTION_LABEL) VALUES (571, "5F", "MTM,5-SPEED FLOOR SHIFT");
INSERT INTO COMPLECTATION_OPTIONS(COMPLECTATION_ID, OPTION_MNEMONIC, OPTION_LABEL) VALUES (571, "RCB", "REGULAR CAB");
INSERT INTO COMPLECTATION_OPTIONS(COMPLECTATION_ID, OPTION_MNEMONIC, OPTION_LABEL) VALUES (571, "G", "G TYPE TRANSMISSION");
INSERT INTO COMPLECTATION_OPTIONS(COMPLECTATION_ID, OPTION_MNEMONIC, OPTION_LABEL) VALUES (571, "HLF", "0.5TONS");
INSERT INTO COMPLECTATION_OPTIONS(COMPLECTATION_ID, OPTION_MNEMONIC, OPTION_LABEL) VALUES (571, "ST", "SINGLE TIRE");
INSERT INTO COMPLECTATION_OPTIONS(COMPLECTATION_ID, OPTION_MNEMONIC, OPTION_LABEL) VALUES (571, "CND", "CANADA");
INSERT INTO COMPLECTATION_OPTIONS(COMPLECTATION_ID, OPTION_MNEMONIC, OPTION_LABEL) VALUES (571, "DSL", "DIESEL");
INSERT INTO COMPLECTATION_OPTIONS(COMPLECTATION_ID, OPTION_MNEMONIC, OPTION_LABEL) VALUES (571, "CBU", "COMPLETELY BUILT UNIT");
INSERT INTO FRAME(ID, MODEL_ID, NAME, URL) VALUES (83, 10, "LN65L", "https://toyota-usa.epc-data.com/4runner/ln65l");
INSERT INTO COMPLECTATION(ID, FRAME_ID, NAME, URL, ENGINE_MNEMONIC, ENGINE_LABEL, PRODUCTION_PERIOD, BODY_MNEMONIC, BODY_LABEL, GRADE_MNEMONIC, GRADE_LABEL, TRANSMISSION_MNEMONIC, TRANSMISSION_LABEL) VALUES (572, 83, "LN65L-MDA", "https://toyota-usa.epc-data.com/4runner/ln65l/2538/", "2L", "2400CC DIESEL", "08.1983 - 08.1984", "T1", "TRUCK(STANDARD DECK 1-SIDE OPEN)", "DLX", "DELUXE TYPE", "MTM", "MANUAL TRANSMISSION");
INSERT INTO COMPLECTATION_OPTIONS(COMPLECTATION_ID, OPTION_MNEMONIC, OPTION_LABEL) VALUES (572, "5F", "MTM,5-SPEED FLOOR SHIFT");
INSERT INTO COMPLECTATION_OPTIONS(COMPLECTATION_ID, OPTION_MNEMONIC, OPTION_LABEL) VALUES (572, "RCB", "REGULAR CAB");
INSERT INTO COMPLECTATION_OPTIONS(COMPLECTATION_ID, OPTION_MNEMONIC, OPTION_LABEL) VALUES (572, "G", "G TYPE TRANSMISSION");
INSERT INTO COMPLECTATION_OPTIONS(COMPLECTATION_ID, OPTION_MNEMONIC, OPTION_LABEL) VALUES (572, "HLF", "0.5TONS");
INSERT INTO COMPLECTATION_OPTIONS(COMPLECTATION_ID, OPTION_MNEMONIC, OPTION_LABEL) VALUES (572, "ST", "SINGLE TIRE");
INSERT INTO COMPLECTATION_OPTIONS(COMPLECTATION_ID, OPTION_MNEMONIC, OPTION_LABEL) VALUES (572, "USA", "UNITED STATES OF AMERICA");
INSERT INTO COMPLECTATION_OPTIONS(COMPLECTATION_ID, OPTION_MNEMONIC, OPTION_LABEL) VALUES (572, "DSL", "DIESEL");
INSERT INTO COMPLECTATION_OPTIONS(COMPLECTATION_ID, OPTION_MNEMONIC, OPTION_LABEL) VALUES (572, "CBU", "COMPLETELY BUILT UNIT");
INSERT INTO COMPLECTATION(ID, FRAME_ID, NAME, URL, ENGINE_MNEMONIC, ENGINE_LABEL, PRODUCTION_PERIOD, BODY_MNEMONIC, BODY_LABEL, GRADE_MNEMONIC, GRADE_LABEL, TRANSMISSION_MNEMONIC, TRANSMISSION_LABEL) VALUES (573, 83, "LN65L-MDA3", "https://toyota-usa.epc-data.com/4runner/ln65l/2539/", "2L", "2400CC DIESEL", "08.1983 - 08.1984", "T1", "TRUCK(STANDARD DECK 1-SIDE OPEN)", "DLX", "DELUXE TYPE", "MTM", "MANUAL TRANSMISSION");
INSERT INTO COMPLECTATION_OPTIONS(COMPLECTATION_ID, OPTION_MNEMONIC, OPTION_LABEL) VALUES (573, "5F", "MTM,5-SPEED FLOOR SHIFT");
INSERT INTO COMPLECTATION_OPTIONS(COMPLECTATION_ID, OPTION_MNEMONIC, OPTION_LABEL) VALUES (573, "RCB", "REGULAR CAB");
INSERT INTO COMPLECTATION_OPTIONS(COMPLECTATION_ID, OPTION_MNEMONIC, OPTION_LABEL) VALUES (573, "G", "G TYPE TRANSMISSION");
INSERT INTO COMPLECTATION_OPTIONS(COMPLECTATION_ID, OPTION_MNEMONIC, OPTION_LABEL) VALUES (573, "HLF", "0.5TONS");
INSERT INTO COMPLECTATION_OPTIONS(COMPLECTATION_ID, OPTION_MNEMONIC, OPTION_LABEL) VALUES (573, "ST", "SINGLE TIRE");
INSERT INTO COMPLECTATION_OPTIONS(COMPLECTATION_ID, OPTION_MNEMONIC, OPTION_LABEL) VALUES (573, "USA", "UNITED STATES OF AMERICA");
INSERT INTO COMPLECTATION_OPTIONS(COMPLECTATION_ID, OPTION_MNEMONIC, OPTION_LABEL) VALUES (573, "DSL", "DIESEL");
INSERT INTO COMPLECTATION_OPTIONS(COMPLECTATION_ID, OPTION_MNEMONIC, OPTION_LABEL) VALUES (573, "IV", "INCOMPLETE VEHICLES (CHASSIS & CAB)");
INSERT INTO COMPLECTATION(ID, FRAME_ID, NAME, URL, ENGINE_MNEMONIC, ENGINE_LABEL, PRODUCTION_PERIOD, BODY_MNEMONIC, BODY_LABEL, GRADE_MNEMONIC, GRADE_LABEL, TRANSMISSION_MNEMONIC, TRANSMISSION_LABEL) VALUES (574, 83, "LN65L-MDCA3", "https://toyota-usa.epc-data.com/4runner/ln65l/2540/", "2L", "2400CC DIESEL", "09.1983 - 08.1984", "T1", "TRUCK(STANDARD DECK 1-SIDE OPEN)", "DLX", "DELUXE TYPE", "MTM", "MANUAL TRANSMISSION");
INSERT INTO COMPLECTATION_OPTIONS(COMPLECTATION_ID, OPTION_MNEMONIC, OPTION_LABEL) VALUES (574, "5F", "MTM,5-SPEED FLOOR SHIFT");
INSERT INTO COMPLECTATION_OPTIONS(COMPLECTATION_ID, OPTION_MNEMONIC, OPTION_LABEL) VALUES (574, "XTR", "EXTRA CAB");
INSERT INTO COMPLECTATION_OPTIONS(COMPLECTATION_ID, OPTION_MNEMONIC, OPTION_LABEL) VALUES (574, "G", "G TYPE TRANSMISSION");
INSERT INTO COMPLECTATION_OPTIONS(COMPLECTATION_ID, OPTION_MNEMONIC, OPTION_LABEL) VALUES (574, "HLF", "0.5TONS");
INSERT INTO COMPLECTATION_OPTIONS(COMPLECTATION_ID, OPTION_MNEMONIC, OPTION_LABEL) VALUES (574, "ST", "SINGLE TIRE");
INSERT INTO COMPLECTATION_OPTIONS(COMPLECTATION_ID, OPTION_MNEMONIC, OPTION_LABEL) VALUES (574, "USA", "UNITED STATES OF AMERICA");
INSERT INTO COMPLECTATION_OPTIONS(COMPLECTATION_ID, OPTION_MNEMONIC, OPTION_LABEL) VALUES (574, "DSL", "DIESEL");
INSERT INTO COMPLECTATION_OPTIONS(COMPLECTATION_ID, OPTION_MNEMONIC, OPTION_LABEL) VALUES (574, "IV", "INCOMPLETE VEHICLES (CHASSIS & CAB)");
INSERT INTO COMPLECTATION(ID, FRAME_ID, NAME, URL, ENGINE_MNEMONIC, ENGINE_LABEL, PRODUCTION_PERIOD, BODY_MNEMONIC, BODY_LABEL, GRADE_MNEMONIC, GRADE_LABEL, TRANSMISSION_MNEMONIC, TRANSMISSION_LABEL) VALUES (575, 83, "LN65L-MDCK", "https://toyota-usa.epc-data.com/4runner/ln65l/2541/", "2L", "2400CC DIESEL", "09.1983 - 08.1984", "T1", "TRUCK(STANDARD DECK 1-SIDE OPEN)", "DLX", "DELUXE TYPE", "MTM", "MANUAL TRANSMISSION");
INSERT INTO COMPLECTATION_OPTIONS(COMPLECTATION_ID, OPTION_MNEMONIC, OPTION_LABEL) VALUES (575, "5F", "MTM,5-SPEED FLOOR SHIFT");
INSERT INTO COMPLECTATION_OPTIONS(COMPLECTATION_ID, OPTION_MNEMONIC, OPTION_LABEL) VALUES (575, "XTR", "EXTRA CAB");
INSERT INTO COMPLECTATION_OPTIONS(COMPLECTATION_ID, OPTION_MNEMONIC, OPTION_LABEL) VALUES (575, "G", "G TYPE TRANSMISSION");
INSERT INTO COMPLECTATION_OPTIONS(COMPLECTATION_ID, OPTION_MNEMONIC, OPTION_LABEL) VALUES (575, "HLF", "0.5TONS");
INSERT INTO COMPLECTATION_OPTIONS(COMPLECTATION_ID, OPTION_MNEMONIC, OPTION_LABEL) VALUES (575, "ST", "SINGLE TIRE");
INSERT INTO COMPLECTATION_OPTIONS(COMPLECTATION_ID, OPTION_MNEMONIC, OPTION_LABEL) VALUES (575, "CND", "CANADA");
INSERT INTO COMPLECTATION_OPTIONS(COMPLECTATION_ID, OPTION_MNEMONIC, OPTION_LABEL) VALUES (575, "DSL", "DIESEL");
INSERT INTO COMPLECTATION_OPTIONS(COMPLECTATION_ID, OPTION_MNEMONIC, OPTION_LABEL) VALUES (575, "CBU", "COMPLETELY BUILT UNIT");
INSERT INTO COMPLECTATION(ID, FRAME_ID, NAME, URL, ENGINE_MNEMONIC, ENGINE_LABEL, PRODUCTION_PERIOD, BODY_MNEMONIC, BODY_LABEL, GRADE_MNEMONIC, GRADE_LABEL, TRANSMISSION_MNEMONIC, TRANSMISSION_LABEL) VALUES (576, 83, "LN65L-MDXA", "https://toyota-usa.epc-data.com/4runner/ln65l/2543/", "2LT", "2400CC DIESEL TURBO", "08.1984 - 08.1985", "T1", "TRUCK(STANDARD DECK 1-SIDE OPEN)", "DLX", "DELUXE TYPE", "MTM", "MANUAL TRANSMISSION");
INSERT INTO COMPLECTATION_OPTIONS(COMPLECTATION_ID, OPTION_MNEMONIC, OPTION_LABEL) VALUES (576, "5F", "MTM,5-SPEED FLOOR SHIFT");
INSERT INTO COMPLECTATION_OPTIONS(COMPLECTATION_ID, OPTION_MNEMONIC, OPTION_LABEL) VALUES (576, "RCB", "REGULAR CAB");
INSERT INTO COMPLECTATION_OPTIONS(COMPLECTATION_ID, OPTION_MNEMONIC, OPTION_LABEL) VALUES (576, "W", "W TYPE TRANSMISSION");
INSERT INTO COMPLECTATION_OPTIONS(COMPLECTATION_ID, OPTION_MNEMONIC, OPTION_LABEL) VALUES (576, "HLF", "0.5TONS");
INSERT INTO COMPLECTATION_OPTIONS(COMPLECTATION_ID, OPTION_MNEMONIC, OPTION_LABEL) VALUES (576, "ST", "SINGLE TIRE");
INSERT INTO COMPLECTATION_OPTIONS(COMPLECTATION_ID, OPTION_MNEMONIC, OPTION_LABEL) VALUES (576, "USA", "UNITED STATES OF AMERICA");
INSERT INTO COMPLECTATION_OPTIONS(COMPLECTATION_ID, OPTION_MNEMONIC, OPTION_LABEL) VALUES (576, "TD", "TURBO DIESEL");
INSERT INTO COMPLECTATION_OPTIONS(COMPLECTATION_ID, OPTION_MNEMONIC, OPTION_LABEL) VALUES (576, "CBU", "COMPLETELY BUILT UNIT");
INSERT INTO COMPLECTATION(ID, FRAME_ID, NAME, URL, ENGINE_MNEMONIC, ENGINE_LABEL, PRODUCTION_PERIOD, BODY_MNEMONIC, BODY_LABEL, GRADE_MNEMONIC, GRADE_LABEL, TRANSMISSION_MNEMONIC, TRANSMISSION_LABEL) VALUES (577, 83, "LN65L-MDXA3", "https://toyota-usa.epc-data.com/4runner/ln65l/2544/", "2LT", "2400CC DIESEL TURBO", "08.1984 - 08.1985", "T1", "TRUCK(STANDARD DECK 1-SIDE OPEN)", "DLX", "DELUXE TYPE", "MTM", "MANUAL TRANSMISSION");
INSERT INTO COMPLECTATION_OPTIONS(COMPLECTATION_ID, OPTION_MNEMONIC, OPTION_LABEL) VALUES (577, "5F", "MTM,5-SPEED FLOOR SHIFT");
INSERT INTO COMPLECTATION_OPTIONS(COMPLECTATION_ID, OPTION_MNEMONIC, OPTION_LABEL) VALUES (577, "RCB", "REGULAR CAB");
INSERT INTO COMPLECTATION_OPTIONS(COMPLECTATION_ID, OPTION_MNEMONIC, OPTION_LABEL) VALUES (577, "W", "W TYPE TRANSMISSION");
INSERT INTO COMPLECTATION_OPTIONS(COMPLECTATION_ID, OPTION_MNEMONIC, OPTION_LABEL) VALUES (577, "HLF", "0.5TONS");
INSERT INTO COMPLECTATION_OPTIONS(COMPLECTATION_ID, OPTION_MNEMONIC, OPTION_LABEL) VALUES (577, "ST", "SINGLE TIRE");
INSERT INTO COMPLECTATION_OPTIONS(COMPLECTATION_ID, OPTION_MNEMONIC, OPTION_LABEL) VALUES (577, "USA", "UNITED STATES OF AMERICA");
INSERT INTO COMPLECTATION_OPTIONS(COMPLECTATION_ID, OPTION_MNEMONIC, OPTION_LABEL) VALUES (577, "TD", "TURBO DIESEL");
INSERT INTO COMPLECTATION_OPTIONS(COMPLECTATION_ID, OPTION_MNEMONIC, OPTION_LABEL) VALUES (577, "IV", "INCOMPLETE VEHICLES (CHASSIS & CAB)");
INSERT INTO COMPLECTATION(ID, FRAME_ID, NAME, URL, ENGINE_MNEMONIC, ENGINE_LABEL, PRODUCTION_PERIOD, BODY_MNEMONIC, BODY_LABEL, GRADE_MNEMONIC, GRADE_LABEL, TRANSMISSION_MNEMONIC, TRANSMISSION_LABEL) VALUES (578, 83, "LN65L-MDXK", "https://toyota-usa.epc-data.com/4runner/ln65l/2545/", "2LT", "2400CC DIESEL TURBO", "08.1984 - 08.1985", "T1", "TRUCK(STANDARD DECK 1-SIDE OPEN)", "DLX", "DELUXE TYPE", "MTM", "MANUAL TRANSMISSION");
INSERT INTO COMPLECTATION_OPTIONS(COMPLECTATION_ID, OPTION_MNEMONIC, OPTION_LABEL) VALUES (578, "5F", "MTM,5-SPEED FLOOR SHIFT");
INSERT INTO COMPLECTATION_OPTIONS(COMPLECTATION_ID, OPTION_MNEMONIC, OPTION_LABEL) VALUES (578, "RCB", "REGULAR CAB");
INSERT INTO COMPLECTATION_OPTIONS(COMPLECTATION_ID, OPTION_MNEMONIC, OPTION_LABEL) VALUES (578, "W", "W TYPE TRANSMISSION");
INSERT INTO COMPLECTATION_OPTIONS(COMPLECTATION_ID, OPTION_MNEMONIC, OPTION_LABEL) VALUES (578, "HLF", "0.5TONS");
INSERT INTO COMPLECTATION_OPTIONS(COMPLECTATION_ID, OPTION_MNEMONIC, OPTION_LABEL) VALUES (578, "ST", "SINGLE TIRE");
INSERT INTO COMPLECTATION_OPTIONS(COMPLECTATION_ID, OPTION_MNEMONIC, OPTION_LABEL) VALUES (578, "CND", "CANADA");
INSERT INTO COMPLECTATION_OPTIONS(COMPLECTATION_ID, OPTION_MNEMONIC, OPTION_LABEL) VALUES (578, "TD", "TURBO DIESEL");
INSERT INTO COMPLECTATION_OPTIONS(COMPLECTATION_ID, OPTION_MNEMONIC, OPTION_LABEL) VALUES (578, "CBU", "COMPLETELY BUILT UNIT");
INSERT INTO FRAME(ID, MODEL_ID, NAME, URL) VALUES (84, 10, "LN66L", "https://toyota-usa.epc-data.com/4runner/ln66l");
INSERT INTO COMPLECTATION(ID, FRAME_ID, NAME, URL, ENGINE_MNEMONIC, ENGINE_LABEL, PRODUCTION_PERIOD, BODY_MNEMONIC, BODY_LABEL, GRADE_MNEMONIC, GRADE_LABEL, TRANSMISSION_MNEMONIC, TRANSMISSION_LABEL) VALUES (579, 84, "LN66L-MDCXK", "https://toyota-usa.epc-data.com/4runner/ln66l/2542/", "2LT", "2400CC DIESEL TURBO", "08.1985 - 08.1987", "T1", "TRUCK(STANDARD DECK 1-SIDE OPEN)", "DLX", "DELUXE TYPE", "MTM", "MANUAL TRANSMISSION");
INSERT INTO COMPLECTATION_OPTIONS(COMPLECTATION_ID, OPTION_MNEMONIC, OPTION_LABEL) VALUES (579, "5F", "MTM,5-SPEED FLOOR SHIFT");
INSERT INTO COMPLECTATION_OPTIONS(COMPLECTATION_ID, OPTION_MNEMONIC, OPTION_LABEL) VALUES (579, "XTR", "EXTRA CAB");
INSERT INTO COMPLECTATION_OPTIONS(COMPLECTATION_ID, OPTION_MNEMONIC, OPTION_LABEL) VALUES (579, "W", "W TYPE TRANSMISSION");
INSERT INTO COMPLECTATION_OPTIONS(COMPLECTATION_ID, OPTION_MNEMONIC, OPTION_LABEL) VALUES (579, "HLF", "0.5TONS");
INSERT INTO COMPLECTATION_OPTIONS(COMPLECTATION_ID, OPTION_MNEMONIC, OPTION_LABEL) VALUES (579, "ST", "SINGLE TIRE");
INSERT INTO COMPLECTATION_OPTIONS(COMPLECTATION_ID, OPTION_MNEMONIC, OPTION_LABEL) VALUES (579, "CND", "CANADA");
INSERT INTO COMPLECTATION_OPTIONS(COMPLECTATION_ID, OPTION_MNEMONIC, OPTION_LABEL) VALUES (579, "TD", "TURBO DIESEL");
INSERT INTO COMPLECTATION_OPTIONS(COMPLECTATION_ID, OPTION_MNEMONIC, OPTION_LABEL) VALUES (579, "CBU", "COMPLETELY BUILT UNIT");
INSERT INTO FRAME(ID, MODEL_ID, NAME, URL) VALUES (85, 10, "RN101L", "https://toyota-usa.epc-data.com/4runner/rn101l");
INSERT INTO COMPLECTATION(ID, FRAME_ID, NAME, URL, ENGINE_MNEMONIC, ENGINE_LABEL, PRODUCTION_PERIOD, BODY_MNEMONIC, BODY_LABEL, GRADE_MNEMONIC, GRADE_LABEL, TRANSMISSION_MNEMONIC, TRANSMISSION_LABEL) VALUES (580, 85, "RN101L-TRLDEA", "https://toyota-usa.epc-data.com/4runner/rn101l/2751/", "22RE", "2400CC EFI", "08.1990 - 10.1994", "T1", "TRUCK(STANDARD DECK 1-SIDE OPEN)", "DLX", "DELUXE TYPE", "MTM", "MANUAL TRANSMISSION");
INSERT INTO COMPLECTATION_OPTIONS(COMPLECTATION_ID, OPTION_MNEMONIC, OPTION_LABEL) VALUES (580, "5F", "MTM,5-SPEED FLOOR SHIFT");
INSERT INTO COMPLECTATION_OPTIONS(COMPLECTATION_ID, OPTION_MNEMONIC, OPTION_LABEL) VALUES (580, "RCB", "REGULAR CAB");
INSERT INTO COMPLECTATION_OPTIONS(COMPLECTATION_ID, OPTION_MNEMONIC, OPTION_LABEL) VALUES (580, "G", "G TYPE TRANSMISSION");
INSERT INTO COMPLECTATION_OPTIONS(COMPLECTATION_ID, OPTION_MNEMONIC, OPTION_LABEL) VALUES (580, "EFI", "ELECTRIC FUEL INJECTION SYSTEM");
INSERT INTO COMPLECTATION_OPTIONS(COMPLECTATION_ID, OPTION_MNEMONIC, OPTION_LABEL) VALUES (580, "USA", "UNITED STATES OF AMERICA");
INSERT INTO COMPLECTATION_OPTIONS(COMPLECTATION_ID, OPTION_MNEMONIC, OPTION_LABEL) VALUES (580, "CBU", "COMPLETELY BUILT UNIT");
INSERT INTO COMPLECTATION_OPTIONS(COMPLECTATION_ID, OPTION_MNEMONIC, OPTION_LABEL) VALUES (580, "JPP", "JAPAN PRODUCT PARTS");
INSERT INTO COMPLECTATION(ID, FRAME_ID, NAME, URL, ENGINE_MNEMONIC, ENGINE_LABEL, PRODUCTION_PERIOD, BODY_MNEMONIC, BODY_LABEL, GRADE_MNEMONIC, GRADE_LABEL, TRANSMISSION_MNEMONIC, TRANSMISSION_LABEL) VALUES (581, 85, "RN101L-TRLDEK", "https://toyota-usa.epc-data.com/4runner/rn101l/2752/", "22RE", "2400CC EFI", "08.1990 - 01.1995", "T1", "TRUCK(STANDARD DECK 1-SIDE OPEN)", "DLX", "DELUXE TYPE", "MTM", "MANUAL TRANSMISSION");
INSERT INTO COMPLECTATION_OPTIONS(COMPLECTATION_ID, OPTION_MNEMONIC, OPTION_LABEL) VALUES (581, "5F", "MTM,5-SPEED FLOOR SHIFT");
INSERT INTO COMPLECTATION_OPTIONS(COMPLECTATION_ID, OPTION_MNEMONIC, OPTION_LABEL) VALUES (581, "RCB", "REGULAR CAB");
INSERT INTO COMPLECTATION_OPTIONS(COMPLECTATION_ID, OPTION_MNEMONIC, OPTION_LABEL) VALUES (581, "G", "G TYPE TRANSMISSION");
INSERT INTO COMPLECTATION_OPTIONS(COMPLECTATION_ID, OPTION_MNEMONIC, OPTION_LABEL) VALUES (581, "EFI", "ELECTRIC FUEL INJECTION SYSTEM");
INSERT INTO COMPLECTATION_OPTIONS(COMPLECTATION_ID, OPTION_MNEMONIC, OPTION_LABEL) VALUES (581, "CND", "CANADA");
INSERT INTO COMPLECTATION_OPTIONS(COMPLECTATION_ID, OPTION_MNEMONIC, OPTION_LABEL) VALUES (581, "CBU", "COMPLETELY BUILT UNIT");
INSERT INTO COMPLECTATION_OPTIONS(COMPLECTATION_ID, OPTION_MNEMONIC, OPTION_LABEL) VALUES (581, "JPP", "JAPAN PRODUCT PARTS");
INSERT INTO COMPLECTATION(ID, FRAME_ID, NAME, URL, ENGINE_MNEMONIC, ENGINE_LABEL, PRODUCTION_PERIOD, BODY_MNEMONIC, BODY_LABEL, GRADE_MNEMONIC, GRADE_LABEL, TRANSMISSION_MNEMONIC, TRANSMISSION_LABEL) VALUES (582, 85, "RN101L-TRLSEA", "https://toyota-usa.epc-data.com/4runner/rn101l/2757/", "22RE", "2400CC EFI", "08.1988 - 08.1990", "T1", "TRUCK(STANDARD DECK 1-SIDE OPEN)", "SR5", "SR-5 TYPE", "MTM", "MANUAL TRANSMISSION");
INSERT INTO COMPLECTATION_OPTIONS(COMPLECTATION_ID, OPTION_MNEMONIC, OPTION_LABEL) VALUES (582, "5F", "MTM,5-SPEED FLOOR SHIFT");
INSERT INTO COMPLECTATION_OPTIONS(COMPLECTATION_ID, OPTION_MNEMONIC, OPTION_LABEL) VALUES (582, "RCB", "REGULAR CAB");
INSERT INTO COMPLECTATION_OPTIONS(COMPLECTATION_ID, OPTION_MNEMONIC, OPTION_LABEL) VALUES (582, "G", "G TYPE TRANSMISSION");
INSERT INTO COMPLECTATION_OPTIONS(COMPLECTATION_ID, OPTION_MNEMONIC, OPTION_LABEL) VALUES (582, "EFI", "ELECTRIC FUEL INJECTION SYSTEM");
INSERT INTO COMPLECTATION_OPTIONS(COMPLECTATION_ID, OPTION_MNEMONIC, OPTION_LABEL) VALUES (582, "USA", "UNITED STATES OF AMERICA");
INSERT INTO COMPLECTATION_OPTIONS(COMPLECTATION_ID, OPTION_MNEMONIC, OPTION_LABEL) VALUES (582, "CBU", "COMPLETELY BUILT UNIT");
INSERT INTO COMPLECTATION_OPTIONS(COMPLECTATION_ID, OPTION_MNEMONIC, OPTION_LABEL) VALUES (582, "JPP", "JAPAN PRODUCT PARTS");
INSERT INTO COMPLECTATION(ID, FRAME_ID, NAME, URL, ENGINE_MNEMONIC, ENGINE_LABEL, PRODUCTION_PERIOD, BODY_MNEMONIC, BODY_LABEL, GRADE_MNEMONIC, GRADE_LABEL, TRANSMISSION_MNEMONIC, TRANSMISSION_LABEL) VALUES (583, 85, "RN101L-TRLSEA3", "https://toyota-usa.epc-data.com/4runner/rn101l/2758/", "22RE", "2400CC EFI", "08.1988 - 08.1989", "T1", "TRUCK(STANDARD DECK 1-SIDE OPEN)", "SR5", "SR-5 TYPE", "MTM", "MANUAL TRANSMISSION");
INSERT INTO COMPLECTATION_OPTIONS(COMPLECTATION_ID, OPTION_MNEMONIC, OPTION_LABEL) VALUES (583, "5F", "MTM,5-SPEED FLOOR SHIFT");
INSERT INTO COMPLECTATION_OPTIONS(COMPLECTATION_ID, OPTION_MNEMONIC, OPTION_LABEL) VALUES (583, "RCB", "REGULAR CAB");
INSERT INTO COMPLECTATION_OPTIONS(COMPLECTATION_ID, OPTION_MNEMONIC, OPTION_LABEL) VALUES (583, "G", "G TYPE TRANSMISSION");
INSERT INTO COMPLECTATION_OPTIONS(COMPLECTATION_ID, OPTION_MNEMONIC, OPTION_LABEL) VALUES (583, "EFI", "ELECTRIC FUEL INJECTION SYSTEM");
INSERT INTO COMPLECTATION_OPTIONS(COMPLECTATION_ID, OPTION_MNEMONIC, OPTION_LABEL) VALUES (583, "USA", "UNITED STATES OF AMERICA");
INSERT INTO COMPLECTATION_OPTIONS(COMPLECTATION_ID, OPTION_MNEMONIC, OPTION_LABEL) VALUES (583, "IV3", "INCOMPLETE VEHICLES (CAB & CHASSIS)");
INSERT INTO COMPLECTATION_OPTIONS(COMPLECTATION_ID, OPTION_MNEMONIC, OPTION_LABEL) VALUES (583, "JPP", "JAPAN PRODUCT PARTS");
INSERT INTO COMPLECTATION(ID, FRAME_ID, NAME, URL, ENGINE_MNEMONIC, ENGINE_LABEL, PRODUCTION_PERIOD, BODY_MNEMONIC, BODY_LABEL, GRADE_MNEMONIC, GRADE_LABEL, TRANSMISSION_MNEMONIC, TRANSMISSION_LABEL) VALUES (584, 85, "RN101L-TRMDEA", "https://toyota-usa.epc-data.com/4runner/rn101l/2753/", "22RE", "2400CC EFI", "08.1988 - 01.1995", "T1", "TRUCK(STANDARD DECK 1-SIDE OPEN)", "DLX", "DELUXE TYPE", "MTM", "MANUAL TRANSMISSION");
INSERT INTO COMPLECTATION_OPTIONS(COMPLECTATION_ID, OPTION_MNEMONIC, OPTION_LABEL) VALUES (584, "5F", "MTM,5-SPEED FLOOR SHIFT");
INSERT INTO COMPLECTATION_OPTIONS(COMPLECTATION_ID, OPTION_MNEMONIC, OPTION_LABEL) VALUES (584, "RCB", "REGULAR CAB");
INSERT INTO COMPLECTATION_OPTIONS(COMPLECTATION_ID, OPTION_MNEMONIC, OPTION_LABEL) VALUES (584, "W", "W TYPE TRANSMISSION");
INSERT INTO COMPLECTATION_OPTIONS(COMPLECTATION_ID, OPTION_MNEMONIC, OPTION_LABEL) VALUES (584, "EFI", "ELECTRIC FUEL INJECTION SYSTEM");
INSERT INTO COMPLECTATION_OPTIONS(COMPLECTATION_ID, OPTION_MNEMONIC, OPTION_LABEL) VALUES (584, "USA", "UNITED STATES OF AMERICA");
INSERT INTO COMPLECTATION_OPTIONS(COMPLECTATION_ID, OPTION_MNEMONIC, OPTION_LABEL) VALUES (584, "CBU", "COMPLETELY BUILT UNIT");
INSERT INTO COMPLECTATION_OPTIONS(COMPLECTATION_ID, OPTION_MNEMONIC, OPTION_LABEL) VALUES (584, "JPP", "JAPAN PRODUCT PARTS");
INSERT INTO COMPLECTATION(ID, FRAME_ID, NAME, URL, ENGINE_MNEMONIC, ENGINE_LABEL, PRODUCTION_PERIOD, BODY_MNEMONIC, BODY_LABEL, GRADE_MNEMONIC, GRADE_LABEL, TRANSMISSION_MNEMONIC, TRANSMISSION_LABEL) VALUES (585, 85, "RN101L-TRMDEA3", "https://toyota-usa.epc-data.com/4runner/rn101l/2754/", "22RE", "2400CC EFI", "08.1988 - 08.1989", "T1", "TRUCK(STANDARD DECK 1-SIDE OPEN)", "DLX", "DELUXE TYPE", "MTM", "MANUAL TRANSMISSION");
INSERT INTO COMPLECTATION_OPTIONS(COMPLECTATION_ID, OPTION_MNEMONIC, OPTION_LABEL) VALUES (585, "5F", "MTM,5-SPEED FLOOR SHIFT");
INSERT INTO COMPLECTATION_OPTIONS(COMPLECTATION_ID, OPTION_MNEMONIC, OPTION_LABEL) VALUES (585, "RCB", "REGULAR CAB");
INSERT INTO COMPLECTATION_OPTIONS(COMPLECTATION_ID, OPTION_MNEMONIC, OPTION_LABEL) VALUES (585, "W", "W TYPE TRANSMISSION");
INSERT INTO COMPLECTATION_OPTIONS(COMPLECTATION_ID, OPTION_MNEMONIC, OPTION_LABEL) VALUES (585, "EFI", "ELECTRIC FUEL INJECTION SYSTEM");
INSERT INTO COMPLECTATION_OPTIONS(COMPLECTATION_ID, OPTION_MNEMONIC, OPTION_LABEL) VALUES (585, "USA", "UNITED STATES OF AMERICA");
INSERT INTO COMPLECTATION_OPTIONS(COMPLECTATION_ID, OPTION_MNEMONIC, OPTION_LABEL) VALUES (585, "IV3", "INCOMPLETE VEHICLES (CAB & CHASSIS)");
INSERT INTO COMPLECTATION_OPTIONS(COMPLECTATION_ID, OPTION_MNEMONIC, OPTION_LABEL) VALUES (585, "JPP", "JAPAN PRODUCT PARTS");
INSERT INTO COMPLECTATION(ID, FRAME_ID, NAME, URL, ENGINE_MNEMONIC, ENGINE_LABEL, PRODUCTION_PERIOD, BODY_MNEMONIC, BODY_LABEL, GRADE_MNEMONIC, GRADE_LABEL, TRANSMISSION_MNEMONIC, TRANSMISSION_LABEL) VALUES (586, 85, "RN101L-TRMDEK", "https://toyota-usa.epc-data.com/4runner/rn101l/2755/", "22RE", "2400CC EFI", "08.1988 - 08.1990", "T1", "TRUCK(STANDARD DECK 1-SIDE OPEN)", "DLX", "DELUXE TYPE", "MTM", "MANUAL TRANSMISSION");
INSERT INTO COMPLECTATION_OPTIONS(COMPLECTATION_ID, OPTION_MNEMONIC, OPTION_LABEL) VALUES (586, "5F", "MTM,5-SPEED FLOOR SHIFT");
INSERT INTO COMPLECTATION_OPTIONS(COMPLECTATION_ID, OPTION_MNEMONIC, OPTION_LABEL) VALUES (586, "RCB", "REGULAR CAB");
INSERT INTO COMPLECTATION_OPTIONS(COMPLECTATION_ID, OPTION_MNEMONIC, OPTION_LABEL) VALUES (586, "W", "W TYPE TRANSMISSION");
INSERT INTO COMPLECTATION_OPTIONS(COMPLECTATION_ID, OPTION_MNEMONIC, OPTION_LABEL) VALUES (586, "EFI", "ELECTRIC FUEL INJECTION SYSTEM");
INSERT INTO COMPLECTATION_OPTIONS(COMPLECTATION_ID, OPTION_MNEMONIC, OPTION_LABEL) VALUES (586, "CND", "CANADA");
INSERT INTO COMPLECTATION_OPTIONS(COMPLECTATION_ID, OPTION_MNEMONIC, OPTION_LABEL) VALUES (586, "CBU", "COMPLETELY BUILT UNIT");
INSERT INTO COMPLECTATION_OPTIONS(COMPLECTATION_ID, OPTION_MNEMONIC, OPTION_LABEL) VALUES (586, "JPP", "JAPAN PRODUCT PARTS");
INSERT INTO COMPLECTATION(ID, FRAME_ID, NAME, URL, ENGINE_MNEMONIC, ENGINE_LABEL, PRODUCTION_PERIOD, BODY_MNEMONIC, BODY_LABEL, GRADE_MNEMONIC, GRADE_LABEL, TRANSMISSION_MNEMONIC, TRANSMISSION_LABEL) VALUES (587, 85, "RN101L-TRMSEA", "https://toyota-usa.epc-data.com/4runner/rn101l/2759/", "22RE", "2400CC EFI", "08.1988 - 08.1990", "T1", "TRUCK(STANDARD DECK 1-SIDE OPEN)", "SR5", "SR-5 TYPE", "MTM", "MANUAL TRANSMISSION");
INSERT INTO COMPLECTATION_OPTIONS(COMPLECTATION_ID, OPTION_MNEMONIC, OPTION_LABEL) VALUES (587, "5F", "MTM,5-SPEED FLOOR SHIFT");
INSERT INTO COMPLECTATION_OPTIONS(COMPLECTATION_ID, OPTION_MNEMONIC, OPTION_LABEL) VALUES (587, "RCB", "REGULAR CAB");
INSERT INTO COMPLECTATION_OPTIONS(COMPLECTATION_ID, OPTION_MNEMONIC, OPTION_LABEL) VALUES (587, "W", "W TYPE TRANSMISSION");
INSERT INTO COMPLECTATION_OPTIONS(COMPLECTATION_ID, OPTION_MNEMONIC, OPTION_LABEL) VALUES (587, "EFI", "ELECTRIC FUEL INJECTION SYSTEM");
INSERT INTO COMPLECTATION_OPTIONS(COMPLECTATION_ID, OPTION_MNEMONIC, OPTION_LABEL) VALUES (587, "USA", "UNITED STATES OF AMERICA");
INSERT INTO COMPLECTATION_OPTIONS(COMPLECTATION_ID, OPTION_MNEMONIC, OPTION_LABEL) VALUES (587, "CBU", "COMPLETELY BUILT UNIT");
INSERT INTO COMPLECTATION_OPTIONS(COMPLECTATION_ID, OPTION_MNEMONIC, OPTION_LABEL) VALUES (587, "JPP", "JAPAN PRODUCT PARTS");
INSERT INTO COMPLECTATION(ID, FRAME_ID, NAME, URL, ENGINE_MNEMONIC, ENGINE_LABEL, PRODUCTION_PERIOD, BODY_MNEMONIC, BODY_LABEL, GRADE_MNEMONIC, GRADE_LABEL, TRANSMISSION_MNEMONIC, TRANSMISSION_LABEL) VALUES (588, 85, "RN101L-TRMSEA3", "https://toyota-usa.epc-data.com/4runner/rn101l/2760/", "22RE", "2400CC EFI", "08.1988 - 08.1989", "T1", "TRUCK(STANDARD DECK 1-SIDE OPEN)", "SR5", "SR-5 TYPE", "MTM", "MANUAL TRANSMISSION");
INSERT INTO COMPLECTATION_OPTIONS(COMPLECTATION_ID, OPTION_MNEMONIC, OPTION_LABEL) VALUES (588, "5F", "MTM,5-SPEED FLOOR SHIFT");
INSERT INTO COMPLECTATION_OPTIONS(COMPLECTATION_ID, OPTION_MNEMONIC, OPTION_LABEL) VALUES (588, "RCB", "REGULAR CAB");
INSERT INTO COMPLECTATION_OPTIONS(COMPLECTATION_ID, OPTION_MNEMONIC, OPTION_LABEL) VALUES (588, "W", "W TYPE TRANSMISSION");
INSERT INTO COMPLECTATION_OPTIONS(COMPLECTATION_ID, OPTION_MNEMONIC, OPTION_LABEL) VALUES (588, "EFI", "ELECTRIC FUEL INJECTION SYSTEM");
INSERT INTO COMPLECTATION_OPTIONS(COMPLECTATION_ID, OPTION_MNEMONIC, OPTION_LABEL) VALUES (588, "USA", "UNITED STATES OF AMERICA");
INSERT INTO COMPLECTATION_OPTIONS(COMPLECTATION_ID, OPTION_MNEMONIC, OPTION_LABEL) VALUES (588, "IV3", "INCOMPLETE VEHICLES (CAB & CHASSIS)");
INSERT INTO COMPLECTATION_OPTIONS(COMPLECTATION_ID, OPTION_MNEMONIC, OPTION_LABEL) VALUES (588, "JPP", "JAPAN PRODUCT PARTS");
INSERT INTO COMPLECTATION(ID, FRAME_ID, NAME, URL, ENGINE_MNEMONIC, ENGINE_LABEL, PRODUCTION_PERIOD, BODY_MNEMONIC, BODY_LABEL, GRADE_MNEMONIC, GRADE_LABEL, TRANSMISSION_MNEMONIC, TRANSMISSION_LABEL) VALUES (589, 85, "RN101L-TRPDEA", "https://toyota-usa.epc-data.com/4runner/rn101l/2756/", "22RE", "2400CC EFI", "08.1989 - 01.1995", "T1", "TRUCK(STANDARD DECK 1-SIDE OPEN)", "DLX", "DELUXE TYPE", "ATM", "AUTOMATIC TRANSMISSION");
INSERT INTO COMPLECTATION_OPTIONS(COMPLECTATION_ID, OPTION_MNEMONIC, OPTION_LABEL) VALUES (589, "4FC", "ATM,4-SPEED FLOOR SHIFT");
INSERT INTO COMPLECTATION_OPTIONS(COMPLECTATION_ID, OPTION_MNEMONIC, OPTION_LABEL) VALUES (589, "RCB", "REGULAR CAB");
INSERT INTO COMPLECTATION_OPTIONS(COMPLECTATION_ID, OPTION_MNEMONIC, OPTION_LABEL) VALUES (589, "EFI", "ELECTRIC FUEL INJECTION SYSTEM");
INSERT INTO COMPLECTATION_OPTIONS(COMPLECTATION_ID, OPTION_MNEMONIC, OPTION_LABEL) VALUES (589, "USA", "UNITED STATES OF AMERICA");
INSERT INTO COMPLECTATION_OPTIONS(COMPLECTATION_ID, OPTION_MNEMONIC, OPTION_LABEL) VALUES (589, "CBU", "COMPLETELY BUILT UNIT");
INSERT INTO COMPLECTATION_OPTIONS(COMPLECTATION_ID, OPTION_MNEMONIC, OPTION_LABEL) VALUES (589, "JPP", "JAPAN PRODUCT PARTS");
INSERT INTO COMPLECTATION(ID, FRAME_ID, NAME, URL, ENGINE_MNEMONIC, ENGINE_LABEL, PRODUCTION_PERIOD, BODY_MNEMONIC, BODY_LABEL, GRADE_MNEMONIC, GRADE_LABEL, TRANSMISSION_MNEMONIC, TRANSMISSION_LABEL) VALUES (590, 85, "RN101L-TRLDEAB", "https://toyota-usa.epc-data.com/4runner/rn101l/3220/", "22RE", "2400CC EFI", "02.1992 - 11.1994", "", "", "DLX", "DELUXE TYPE", "MTM", "MANUAL TRANSMISSION");
INSERT INTO COMPLECTATION_OPTIONS(COMPLECTATION_ID, OPTION_MNEMONIC, OPTION_LABEL) VALUES (590, "5F", "MTM,5-SPEED FLOOR SHIFT");
INSERT INTO COMPLECTATION_OPTIONS(COMPLECTATION_ID, OPTION_MNEMONIC, OPTION_LABEL) VALUES (590, "NAP", "PRODUCED AT NUMMI");
INSERT INTO COMPLECTATION_OPTIONS(COMPLECTATION_ID, OPTION_MNEMONIC, OPTION_LABEL) VALUES (590, "RCB", "REGULAR CAB");
INSERT INTO COMPLECTATION_OPTIONS(COMPLECTATION_ID, OPTION_MNEMONIC, OPTION_LABEL) VALUES (590, "G", "G TYPE TRANSMISSION");
INSERT INTO COMPLECTATION_OPTIONS(COMPLECTATION_ID, OPTION_MNEMONIC, OPTION_LABEL) VALUES (590, "EFI", "ELECTRIC FUEL INJECTION SYSTEM");
INSERT INTO COMPLECTATION_OPTIONS(COMPLECTATION_ID, OPTION_MNEMONIC, OPTION_LABEL) VALUES (590, "USA", "UNITED STATES OF AMERICA");
INSERT INTO COMPLECTATION_OPTIONS(COMPLECTATION_ID, OPTION_MNEMONIC, OPTION_LABEL) VALUES (590, "CBU", "COMPLETELY BUILT UNIT");
INSERT INTO COMPLECTATION_OPTIONS(COMPLECTATION_ID, OPTION_MNEMONIC, OPTION_LABEL) VALUES (590, "T1", "TRUCK(STANDARD DECK 1-SIDE OPEN)");
INSERT INTO COMPLECTATION(ID, FRAME_ID, NAME, URL, ENGINE_MNEMONIC, ENGINE_LABEL, PRODUCTION_PERIOD, BODY_MNEMONIC, BODY_LABEL, GRADE_MNEMONIC, GRADE_LABEL, TRANSMISSION_MNEMONIC, TRANSMISSION_LABEL) VALUES (591, 85, "RN101L-TRMDEAB", "https://toyota-usa.epc-data.com/4runner/rn101l/3221/", "22RE", "2400CC EFI", "02.1992 - 01.1995", "", "", "DLX", "DELUXE TYPE", "MTM", "MANUAL TRANSMISSION");
INSERT INTO COMPLECTATION_OPTIONS(COMPLECTATION_ID, OPTION_MNEMONIC, OPTION_LABEL) VALUES (591, "5F", "MTM,5-SPEED FLOOR SHIFT");
INSERT INTO COMPLECTATION_OPTIONS(COMPLECTATION_ID, OPTION_MNEMONIC, OPTION_LABEL) VALUES (591, "NAP", "PRODUCED AT NUMMI");
INSERT INTO COMPLECTATION_OPTIONS(COMPLECTATION_ID, OPTION_MNEMONIC, OPTION_LABEL) VALUES (591, "RCB", "REGULAR CAB");
INSERT INTO COMPLECTATION_OPTIONS(COMPLECTATION_ID, OPTION_MNEMONIC, OPTION_LABEL) VALUES (591, "W", "W TYPE TRANSMISSION");
INSERT INTO COMPLECTATION_OPTIONS(COMPLECTATION_ID, OPTION_MNEMONIC, OPTION_LABEL) VALUES (591, "EFI", "ELECTRIC FUEL INJECTION SYSTEM");
INSERT INTO COMPLECTATION_OPTIONS(COMPLECTATION_ID, OPTION_MNEMONIC, OPTION_LABEL) VALUES (591, "USA", "UNITED STATES OF AMERICA");
INSERT INTO COMPLECTATION_OPTIONS(COMPLECTATION_ID, OPTION_MNEMONIC, OPTION_LABEL) VALUES (591, "CBU", "COMPLETELY BUILT UNIT");
INSERT INTO COMPLECTATION_OPTIONS(COMPLECTATION_ID, OPTION_MNEMONIC, OPTION_LABEL) VALUES (591, "T1", "TRUCK(STANDARD DECK 1-SIDE OPEN)");
INSERT INTO COMPLECTATION(ID, FRAME_ID, NAME, URL, ENGINE_MNEMONIC, ENGINE_LABEL, PRODUCTION_PERIOD, BODY_MNEMONIC, BODY_LABEL, GRADE_MNEMONIC, GRADE_LABEL, TRANSMISSION_MNEMONIC, TRANSMISSION_LABEL) VALUES (592, 85, "RN101L-TRPDEAB", "https://toyota-usa.epc-data.com/4runner/rn101l/3222/", "22RE", "2400CC EFI", "02.1992 - 01.1995", "", "", "DLX", "DELUXE TYPE", "ATM", "AUTOMATIC TRANSMISSION");
INSERT INTO COMPLECTATION_OPTIONS(COMPLECTATION_ID, OPTION_MNEMONIC, OPTION_LABEL) VALUES (592, "4FC", "ATM,4-SPEED FLOOR SHIFT");
INSERT INTO COMPLECTATION_OPTIONS(COMPLECTATION_ID, OPTION_MNEMONIC, OPTION_LABEL) VALUES (592, "NAP", "PRODUCED AT NUMMI");
INSERT INTO COMPLECTATION_OPTIONS(COMPLECTATION_ID, OPTION_MNEMONIC, OPTION_LABEL) VALUES (592, "RCB", "REGULAR CAB");
INSERT INTO COMPLECTATION_OPTIONS(COMPLECTATION_ID, OPTION_MNEMONIC, OPTION_LABEL) VALUES (592, "EFI", "ELECTRIC FUEL INJECTION SYSTEM");
INSERT INTO COMPLECTATION_OPTIONS(COMPLECTATION_ID, OPTION_MNEMONIC, OPTION_LABEL) VALUES (592, "USA", "UNITED STATES OF AMERICA");
INSERT INTO COMPLECTATION_OPTIONS(COMPLECTATION_ID, OPTION_MNEMONIC, OPTION_LABEL) VALUES (592, "CBU", "COMPLETELY BUILT UNIT");
INSERT INTO COMPLECTATION_OPTIONS(COMPLECTATION_ID, OPTION_MNEMONIC, OPTION_LABEL) VALUES (592, "T1", "TRUCK(STANDARD DECK 1-SIDE OPEN)");
INSERT INTO FRAME(ID, MODEL_ID, NAME, URL) VALUES (86, 10, "RN106L", "https://toyota-usa.epc-data.com/4runner/rn106l");
INSERT INTO COMPLECTATION(ID, FRAME_ID, NAME, URL, ENGINE_MNEMONIC, ENGINE_LABEL, PRODUCTION_PERIOD, BODY_MNEMONIC, BODY_LABEL, GRADE_MNEMONIC, GRADE_LABEL, TRANSMISSION_MNEMONIC, TRANSMISSION_LABEL) VALUES (593, 86, "RN106L-TRLDEA", "https://toyota-usa.epc-data.com/4runner/rn106l/2761/", "22RE", "2400CC EFI", "08.1990 - 08.1992", "T1", "TRUCK(STANDARD DECK 1-SIDE OPEN)", "DLX", "DELUXE TYPE", "MTM", "MANUAL TRANSMISSION");
INSERT INTO COMPLECTATION_OPTIONS(COMPLECTATION_ID, OPTION_MNEMONIC, OPTION_LABEL) VALUES (593, "5F", "MTM,5-SPEED FLOOR SHIFT");
INSERT INTO COMPLECTATION_OPTIONS(COMPLECTATION_ID, OPTION_MNEMONIC, OPTION_LABEL) VALUES (593, "RCB", "REGULAR CAB");
INSERT INTO COMPLECTATION_OPTIONS(COMPLECTATION_ID, OPTION_MNEMONIC, OPTION_LABEL) VALUES (593, "G", "G TYPE TRANSMISSION");
INSERT INTO COMPLECTATION_OPTIONS(COMPLECTATION_ID, OPTION_MNEMONIC, OPTION_LABEL) VALUES (593, "EFI", "ELECTRIC FUEL INJECTION SYSTEM");
INSERT INTO COMPLECTATION_OPTIONS(COMPLECTATION_ID, OPTION_MNEMONIC, OPTION_LABEL) VALUES (593, "USA", "UNITED STATES OF AMERICA");
INSERT INTO COMPLECTATION_OPTIONS(COMPLECTATION_ID, OPTION_MNEMONIC, OPTION_LABEL) VALUES (593, "CBU", "COMPLETELY BUILT UNIT");
INSERT INTO COMPLECTATION_OPTIONS(COMPLECTATION_ID, OPTION_MNEMONIC, OPTION_LABEL) VALUES (593, "JPP", "JAPAN PRODUCT PARTS");
INSERT INTO COMPLECTATION(ID, FRAME_ID, NAME, URL, ENGINE_MNEMONIC, ENGINE_LABEL, PRODUCTION_PERIOD, BODY_MNEMONIC, BODY_LABEL, GRADE_MNEMONIC, GRADE_LABEL, TRANSMISSION_MNEMONIC, TRANSMISSION_LABEL) VALUES (594, 86, "RN106L-TRLDEK", "https://toyota-usa.epc-data.com/4runner/rn106l/2762/", "22RE", "2400CC EFI", "08.1990 - 10.1994", "T1", "TRUCK(STANDARD DECK 1-SIDE OPEN)", "DLX", "DELUXE TYPE", "MTM", "MANUAL TRANSMISSION");
INSERT INTO COMPLECTATION_OPTIONS(COMPLECTATION_ID, OPTION_MNEMONIC, OPTION_LABEL) VALUES (594, "5F", "MTM,5-SPEED FLOOR SHIFT");
INSERT INTO COMPLECTATION_OPTIONS(COMPLECTATION_ID, OPTION_MNEMONIC, OPTION_LABEL) VALUES (594, "RCB", "REGULAR CAB");
INSERT INTO COMPLECTATION_OPTIONS(COMPLECTATION_ID, OPTION_MNEMONIC, OPTION_LABEL) VALUES (594, "G", "G TYPE TRANSMISSION");
INSERT INTO COMPLECTATION_OPTIONS(COMPLECTATION_ID, OPTION_MNEMONIC, OPTION_LABEL) VALUES (594, "EFI", "ELECTRIC FUEL INJECTION SYSTEM");
INSERT INTO COMPLECTATION_OPTIONS(COMPLECTATION_ID, OPTION_MNEMONIC, OPTION_LABEL) VALUES (594, "CND", "CANADA");
INSERT INTO COMPLECTATION_OPTIONS(COMPLECTATION_ID, OPTION_MNEMONIC, OPTION_LABEL) VALUES (594, "CBU", "COMPLETELY BUILT UNIT");
INSERT INTO COMPLECTATION_OPTIONS(COMPLECTATION_ID, OPTION_MNEMONIC, OPTION_LABEL) VALUES (594, "JPP", "JAPAN PRODUCT PARTS");
INSERT INTO COMPLECTATION(ID, FRAME_ID, NAME, URL, ENGINE_MNEMONIC, ENGINE_LABEL, PRODUCTION_PERIOD, BODY_MNEMONIC, BODY_LABEL, GRADE_MNEMONIC, GRADE_LABEL, TRANSMISSION_MNEMONIC, TRANSMISSION_LABEL) VALUES (595, 86, "RN106L-TRMDEA", "https://toyota-usa.epc-data.com/4runner/rn106l/2763/", "22RE", "2400CC EFI", "08.1988 - 08.1992", "T1", "TRUCK(STANDARD DECK 1-SIDE OPEN)", "DLX", "DELUXE TYPE", "MTM", "MANUAL TRANSMISSION");
INSERT INTO COMPLECTATION_OPTIONS(COMPLECTATION_ID, OPTION_MNEMONIC, OPTION_LABEL) VALUES (595, "5F", "MTM,5-SPEED FLOOR SHIFT");
INSERT INTO COMPLECTATION_OPTIONS(COMPLECTATION_ID, OPTION_MNEMONIC, OPTION_LABEL) VALUES (595, "RCB", "REGULAR CAB");
INSERT INTO COMPLECTATION_OPTIONS(COMPLECTATION_ID, OPTION_MNEMONIC, OPTION_LABEL) VALUES (595, "W", "W TYPE TRANSMISSION");
INSERT INTO COMPLECTATION_OPTIONS(COMPLECTATION_ID, OPTION_MNEMONIC, OPTION_LABEL) VALUES (595, "EFI", "ELECTRIC FUEL INJECTION SYSTEM");
INSERT INTO COMPLECTATION_OPTIONS(COMPLECTATION_ID, OPTION_MNEMONIC, OPTION_LABEL) VALUES (595, "USA", "UNITED STATES OF AMERICA");
INSERT INTO COMPLECTATION_OPTIONS(COMPLECTATION_ID, OPTION_MNEMONIC, OPTION_LABEL) VALUES (595, "CBU", "COMPLETELY BUILT UNIT");
INSERT INTO COMPLECTATION_OPTIONS(COMPLECTATION_ID, OPTION_MNEMONIC, OPTION_LABEL) VALUES (595, "JPP", "JAPAN PRODUCT PARTS");
INSERT INTO COMPLECTATION(ID, FRAME_ID, NAME, URL, ENGINE_MNEMONIC, ENGINE_LABEL, PRODUCTION_PERIOD, BODY_MNEMONIC, BODY_LABEL, GRADE_MNEMONIC, GRADE_LABEL, TRANSMISSION_MNEMONIC, TRANSMISSION_LABEL) VALUES (596, 86, "RN106L-TRMDEA3", "https://toyota-usa.epc-data.com/4runner/rn106l/2764/", "22RE", "2400CC EFI", "08.1988 - 08.1989", "T1", "TRUCK(STANDARD DECK 1-SIDE OPEN)", "DLX", "DELUXE TYPE", "MTM", "MANUAL TRANSMISSION");
INSERT INTO COMPLECTATION_OPTIONS(COMPLECTATION_ID, OPTION_MNEMONIC, OPTION_LABEL) VALUES (596, "5F", "MTM,5-SPEED FLOOR SHIFT");
INSERT INTO COMPLECTATION_OPTIONS(COMPLECTATION_ID, OPTION_MNEMONIC, OPTION_LABEL) VALUES (596, "RCB", "REGULAR CAB");
INSERT INTO COMPLECTATION_OPTIONS(COMPLECTATION_ID, OPTION_MNEMONIC, OPTION_LABEL) VALUES (596, "W", "W TYPE TRANSMISSION");
INSERT INTO COMPLECTATION_OPTIONS(COMPLECTATION_ID, OPTION_MNEMONIC, OPTION_LABEL) VALUES (596, "EFI", "ELECTRIC FUEL INJECTION SYSTEM");
INSERT INTO COMPLECTATION_OPTIONS(COMPLECTATION_ID, OPTION_MNEMONIC, OPTION_LABEL) VALUES (596, "USA", "UNITED STATES OF AMERICA");
INSERT INTO COMPLECTATION_OPTIONS(COMPLECTATION_ID, OPTION_MNEMONIC, OPTION_LABEL) VALUES (596, "IV3", "INCOMPLETE VEHICLES (CAB & CHASSIS)");
INSERT INTO COMPLECTATION_OPTIONS(COMPLECTATION_ID, OPTION_MNEMONIC, OPTION_LABEL) VALUES (596, "JPP", "JAPAN PRODUCT PARTS");
INSERT INTO COMPLECTATION(ID, FRAME_ID, NAME, URL, ENGINE_MNEMONIC, ENGINE_LABEL, PRODUCTION_PERIOD, BODY_MNEMONIC, BODY_LABEL, GRADE_MNEMONIC, GRADE_LABEL, TRANSMISSION_MNEMONIC, TRANSMISSION_LABEL) VALUES (597, 86, "RN106L-TRMDEK", "https://toyota-usa.epc-data.com/4runner/rn106l/2765/", "22RE", "2400CC EFI", "08.1988 - 08.1990", "T1", "TRUCK(STANDARD DECK 1-SIDE OPEN)", "DLX", "DELUXE TYPE", "MTM", "MANUAL TRANSMISSION");
INSERT INTO COMPLECTATION_OPTIONS(COMPLECTATION_ID, OPTION_MNEMONIC, OPTION_LABEL) VALUES (597, "5F", "MTM,5-SPEED FLOOR SHIFT");
INSERT INTO COMPLECTATION_OPTIONS(COMPLECTATION_ID, OPTION_MNEMONIC, OPTION_LABEL) VALUES (597, "RCB", "REGULAR CAB");
INSERT INTO COMPLECTATION_OPTIONS(COMPLECTATION_ID, OPTION_MNEMONIC, OPTION_LABEL) VALUES (597, "W", "W TYPE TRANSMISSION");
INSERT INTO COMPLECTATION_OPTIONS(COMPLECTATION_ID, OPTION_MNEMONIC, OPTION_LABEL) VALUES (597, "EFI", "ELECTRIC FUEL INJECTION SYSTEM");
INSERT INTO COMPLECTATION_OPTIONS(COMPLECTATION_ID, OPTION_MNEMONIC, OPTION_LABEL) VALUES (597, "CND", "CANADA");
INSERT INTO COMPLECTATION_OPTIONS(COMPLECTATION_ID, OPTION_MNEMONIC, OPTION_LABEL) VALUES (597, "CBU", "COMPLETELY BUILT UNIT");
INSERT INTO COMPLECTATION_OPTIONS(COMPLECTATION_ID, OPTION_MNEMONIC, OPTION_LABEL) VALUES (597, "JPP", "JAPAN PRODUCT PARTS");
INSERT INTO COMPLECTATION(ID, FRAME_ID, NAME, URL, ENGINE_MNEMONIC, ENGINE_LABEL, PRODUCTION_PERIOD, BODY_MNEMONIC, BODY_LABEL, GRADE_MNEMONIC, GRADE_LABEL, TRANSMISSION_MNEMONIC, TRANSMISSION_LABEL) VALUES (598, 86, "RN106L-TRPDEA", "https://toyota-usa.epc-data.com/4runner/rn106l/2766/", "22RE", "2400CC EFI", "08.1988 - 08.1990", "T1", "TRUCK(STANDARD DECK 1-SIDE OPEN)", "DLX", "DELUXE TYPE", "ATM", "AUTOMATIC TRANSMISSION");
INSERT INTO COMPLECTATION_OPTIONS(COMPLECTATION_ID, OPTION_MNEMONIC, OPTION_LABEL) VALUES (598, "4FC", "ATM,4-SPEED FLOOR SHIFT");
INSERT INTO COMPLECTATION_OPTIONS(COMPLECTATION_ID, OPTION_MNEMONIC, OPTION_LABEL) VALUES (598, "RCB", "REGULAR CAB");
INSERT INTO COMPLECTATION_OPTIONS(COMPLECTATION_ID, OPTION_MNEMONIC, OPTION_LABEL) VALUES (598, "EFI", "ELECTRIC FUEL INJECTION SYSTEM");
INSERT INTO COMPLECTATION_OPTIONS(COMPLECTATION_ID, OPTION_MNEMONIC, OPTION_LABEL) VALUES (598, "USA", "UNITED STATES OF AMERICA");
INSERT INTO COMPLECTATION_OPTIONS(COMPLECTATION_ID, OPTION_MNEMONIC, OPTION_LABEL) VALUES (598, "CBU", "COMPLETELY BUILT UNIT");
INSERT INTO COMPLECTATION_OPTIONS(COMPLECTATION_ID, OPTION_MNEMONIC, OPTION_LABEL) VALUES (598, "JPP", "JAPAN PRODUCT PARTS");
INSERT INTO COMPLECTATION(ID, FRAME_ID, NAME, URL, ENGINE_MNEMONIC, ENGINE_LABEL, PRODUCTION_PERIOD, BODY_MNEMONIC, BODY_LABEL, GRADE_MNEMONIC, GRADE_LABEL, TRANSMISSION_MNEMONIC, TRANSMISSION_LABEL) VALUES (599, 86, "RN106L-TRPDEA3", "https://toyota-usa.epc-data.com/4runner/rn106l/2767/", "22RE", "2400CC EFI", "08.1988 - 08.1989", "T1", "TRUCK(STANDARD DECK 1-SIDE OPEN)", "DLX", "DELUXE TYPE", "ATM", "AUTOMATIC TRANSMISSION");
INSERT INTO COMPLECTATION_OPTIONS(COMPLECTATION_ID, OPTION_MNEMONIC, OPTION_LABEL) VALUES (599, "4FC", "ATM,4-SPEED FLOOR SHIFT");
INSERT INTO COMPLECTATION_OPTIONS(COMPLECTATION_ID, OPTION_MNEMONIC, OPTION_LABEL) VALUES (599, "RCB", "REGULAR CAB");
INSERT INTO COMPLECTATION_OPTIONS(COMPLECTATION_ID, OPTION_MNEMONIC, OPTION_LABEL) VALUES (599, "EFI", "ELECTRIC FUEL INJECTION SYSTEM");
INSERT INTO COMPLECTATION_OPTIONS(COMPLECTATION_ID, OPTION_MNEMONIC, OPTION_LABEL) VALUES (599, "USA", "UNITED STATES OF AMERICA");
INSERT INTO COMPLECTATION_OPTIONS(COMPLECTATION_ID, OPTION_MNEMONIC, OPTION_LABEL) VALUES (599, "IV3", "INCOMPLETE VEHICLES (CAB & CHASSIS)");
INSERT INTO COMPLECTATION_OPTIONS(COMPLECTATION_ID, OPTION_MNEMONIC, OPTION_LABEL) VALUES (599, "JPP", "JAPAN PRODUCT PARTS");
INSERT INTO COMPLECTATION(ID, FRAME_ID, NAME, URL, ENGINE_MNEMONIC, ENGINE_LABEL, PRODUCTION_PERIOD, BODY_MNEMONIC, BODY_LABEL, GRADE_MNEMONIC, GRADE_LABEL, TRANSMISSION_MNEMONIC, TRANSMISSION_LABEL) VALUES (600, 86, "RN106L-TRPDEK", "https://toyota-usa.epc-data.com/4runner/rn106l/2768/", "22RE", "2400CC EFI", "08.1988 - 08.1990", "T1", "TRUCK(STANDARD DECK 1-SIDE OPEN)", "DLX", "DELUXE TYPE", "ATM", "AUTOMATIC TRANSMISSION");
INSERT INTO COMPLECTATION_OPTIONS(COMPLECTATION_ID, OPTION_MNEMONIC, OPTION_LABEL) VALUES (600, "4FC", "ATM,4-SPEED FLOOR SHIFT");
INSERT INTO COMPLECTATION_OPTIONS(COMPLECTATION_ID, OPTION_MNEMONIC, OPTION_LABEL) VALUES (600, "RCB", "REGULAR CAB");
INSERT INTO COMPLECTATION_OPTIONS(COMPLECTATION_ID, OPTION_MNEMONIC, OPTION_LABEL) VALUES (600, "EFI", "ELECTRIC FUEL INJECTION SYSTEM");
INSERT INTO COMPLECTATION_OPTIONS(COMPLECTATION_ID, OPTION_MNEMONIC, OPTION_LABEL) VALUES (600, "CND", "CANADA");
INSERT INTO COMPLECTATION_OPTIONS(COMPLECTATION_ID, OPTION_MNEMONIC, OPTION_LABEL) VALUES (600, "CBU", "COMPLETELY BUILT UNIT");
INSERT INTO COMPLECTATION_OPTIONS(COMPLECTATION_ID, OPTION_MNEMONIC, OPTION_LABEL) VALUES (600, "JPP", "JAPAN PRODUCT PARTS");
INSERT INTO FRAME(ID, MODEL_ID, NAME, URL) VALUES (87, 10, "RN110L", "https://toyota-usa.epc-data.com/4runner/rn110l");
INSERT INTO COMPLECTATION(ID, FRAME_ID, NAME, URL, ENGINE_MNEMONIC, ENGINE_LABEL, PRODUCTION_PERIOD, BODY_MNEMONIC, BODY_LABEL, GRADE_MNEMONIC, GRADE_LABEL, TRANSMISSION_MNEMONIC, TRANSMISSION_LABEL) VALUES (601, 87, "RN110L-CRLDEA", "https://toyota-usa.epc-data.com/4runner/rn110l/2769/", "22RE", "2400CC EFI", "08.1990 - 10.1994", "T1", "TRUCK(STANDARD DECK 1-SIDE OPEN)", "DLX", "DELUXE TYPE", "MTM", "MANUAL TRANSMISSION");
INSERT INTO COMPLECTATION_OPTIONS(COMPLECTATION_ID, OPTION_MNEMONIC, OPTION_LABEL) VALUES (601, "5F", "MTM,5-SPEED FLOOR SHIFT");
INSERT INTO COMPLECTATION_OPTIONS(COMPLECTATION_ID, OPTION_MNEMONIC, OPTION_LABEL) VALUES (601, "XTR", "EXTRA CAB");
INSERT INTO COMPLECTATION_OPTIONS(COMPLECTATION_ID, OPTION_MNEMONIC, OPTION_LABEL) VALUES (601, "G", "G TYPE TRANSMISSION");
INSERT INTO COMPLECTATION_OPTIONS(COMPLECTATION_ID, OPTION_MNEMONIC, OPTION_LABEL) VALUES (601, "EFI", "ELECTRIC FUEL INJECTION SYSTEM");
INSERT INTO COMPLECTATION_OPTIONS(COMPLECTATION_ID, OPTION_MNEMONIC, OPTION_LABEL) VALUES (601, "USA", "UNITED STATES OF AMERICA");
INSERT INTO COMPLECTATION_OPTIONS(COMPLECTATION_ID, OPTION_MNEMONIC, OPTION_LABEL) VALUES (601, "CBU", "COMPLETELY BUILT UNIT");
INSERT INTO COMPLECTATION_OPTIONS(COMPLECTATION_ID, OPTION_MNEMONIC, OPTION_LABEL) VALUES (601, "JPP", "JAPAN PRODUCT PARTS");
INSERT INTO COMPLECTATION(ID, FRAME_ID, NAME, URL, ENGINE_MNEMONIC, ENGINE_LABEL, PRODUCTION_PERIOD, BODY_MNEMONIC, BODY_LABEL, GRADE_MNEMONIC, GRADE_LABEL, TRANSMISSION_MNEMONIC, TRANSMISSION_LABEL) VALUES (602, 87, "RN110L-CRLDEK", "https://toyota-usa.epc-data.com/4runner/rn110l/2770/", "22RE", "2400CC EFI", "08.1990 - 01.1995", "T1", "TRUCK(STANDARD DECK 1-SIDE OPEN)", "DLX", "DELUXE TYPE", "MTM", "MANUAL TRANSMISSION");
INSERT INTO COMPLECTATION_OPTIONS(COMPLECTATION_ID, OPTION_MNEMONIC, OPTION_LABEL) VALUES (602, "5F", "MTM,5-SPEED FLOOR SHIFT");
INSERT INTO COMPLECTATION_OPTIONS(COMPLECTATION_ID, OPTION_MNEMONIC, OPTION_LABEL) VALUES (602, "XTR", "EXTRA CAB");
INSERT INTO COMPLECTATION_OPTIONS(COMPLECTATION_ID, OPTION_MNEMONIC, OPTION_LABEL) VALUES (602, "G", "G TYPE TRANSMISSION");
INSERT INTO COMPLECTATION_OPTIONS(COMPLECTATION_ID, OPTION_MNEMONIC, OPTION_LABEL) VALUES (602, "EFI", "ELECTRIC FUEL INJECTION SYSTEM");
INSERT INTO COMPLECTATION_OPTIONS(COMPLECTATION_ID, OPTION_MNEMONIC, OPTION_LABEL) VALUES (602, "CND", "CANADA");
INSERT INTO COMPLECTATION_OPTIONS(COMPLECTATION_ID, OPTION_MNEMONIC, OPTION_LABEL) VALUES (602, "CBU", "COMPLETELY BUILT UNIT");
INSERT INTO COMPLECTATION_OPTIONS(COMPLECTATION_ID, OPTION_MNEMONIC, OPTION_LABEL) VALUES (602, "JPP", "JAPAN PRODUCT PARTS");
INSERT INTO COMPLECTATION(ID, FRAME_ID, NAME, URL, ENGINE_MNEMONIC, ENGINE_LABEL, PRODUCTION_PERIOD, BODY_MNEMONIC, BODY_LABEL, GRADE_MNEMONIC, GRADE_LABEL, TRANSMISSION_MNEMONIC, TRANSMISSION_LABEL) VALUES (603, 87, "RN110L-CRLSEA", "https://toyota-usa.epc-data.com/4runner/rn110l/2776/", "22RE", "2400CC EFI", "08.1988 - 08.1990", "T1", "TRUCK(STANDARD DECK 1-SIDE OPEN)", "SR5", "SR-5 TYPE", "MTM", "MANUAL TRANSMISSION");
INSERT INTO COMPLECTATION_OPTIONS(COMPLECTATION_ID, OPTION_MNEMONIC, OPTION_LABEL) VALUES (603, "5F", "MTM,5-SPEED FLOOR SHIFT");
INSERT INTO COMPLECTATION_OPTIONS(COMPLECTATION_ID, OPTION_MNEMONIC, OPTION_LABEL) VALUES (603, "XTR", "EXTRA CAB");
INSERT INTO COMPLECTATION_OPTIONS(COMPLECTATION_ID, OPTION_MNEMONIC, OPTION_LABEL) VALUES (603, "G", "G TYPE TRANSMISSION");
INSERT INTO COMPLECTATION_OPTIONS(COMPLECTATION_ID, OPTION_MNEMONIC, OPTION_LABEL) VALUES (603, "EFI", "ELECTRIC FUEL INJECTION SYSTEM");
INSERT INTO COMPLECTATION_OPTIONS(COMPLECTATION_ID, OPTION_MNEMONIC, OPTION_LABEL) VALUES (603, "USA", "UNITED STATES OF AMERICA");
INSERT INTO COMPLECTATION_OPTIONS(COMPLECTATION_ID, OPTION_MNEMONIC, OPTION_LABEL) VALUES (603, "CBU", "COMPLETELY BUILT UNIT");
INSERT INTO COMPLECTATION_OPTIONS(COMPLECTATION_ID, OPTION_MNEMONIC, OPTION_LABEL) VALUES (603, "JPP", "JAPAN PRODUCT PARTS");
INSERT INTO COMPLECTATION(ID, FRAME_ID, NAME, URL, ENGINE_MNEMONIC, ENGINE_LABEL, PRODUCTION_PERIOD, BODY_MNEMONIC, BODY_LABEL, GRADE_MNEMONIC, GRADE_LABEL, TRANSMISSION_MNEMONIC, TRANSMISSION_LABEL) VALUES (604, 87, "RN110L-CRLSEA3", "https://toyota-usa.epc-data.com/4runner/rn110l/2777/", "22RE", "2400CC EFI", "08.1988 - 08.1989", "T1", "TRUCK(STANDARD DECK 1-SIDE OPEN)", "SR5", "SR-5 TYPE", "MTM", "MANUAL TRANSMISSION");
INSERT INTO COMPLECTATION_OPTIONS(COMPLECTATION_ID, OPTION_MNEMONIC, OPTION_LABEL) VALUES (604, "5F", "MTM,5-SPEED FLOOR SHIFT");
INSERT INTO COMPLECTATION_OPTIONS(COMPLECTATION_ID, OPTION_MNEMONIC, OPTION_LABEL) VALUES (604, "XTR", "EXTRA CAB");
INSERT INTO COMPLECTATION_OPTIONS(COMPLECTATION_ID, OPTION_MNEMONIC, OPTION_LABEL) VALUES (604, "G", "G TYPE TRANSMISSION");
INSERT INTO COMPLECTATION_OPTIONS(COMPLECTATION_ID, OPTION_MNEMONIC, OPTION_LABEL) VALUES (604, "EFI", "ELECTRIC FUEL INJECTION SYSTEM");
INSERT INTO COMPLECTATION_OPTIONS(COMPLECTATION_ID, OPTION_MNEMONIC, OPTION_LABEL) VALUES (604, "USA", "UNITED STATES OF AMERICA");
INSERT INTO COMPLECTATION_OPTIONS(COMPLECTATION_ID, OPTION_MNEMONIC, OPTION_LABEL) VALUES (604, "IV3", "INCOMPLETE VEHICLES (CAB & CHASSIS)");
INSERT INTO COMPLECTATION_OPTIONS(COMPLECTATION_ID, OPTION_MNEMONIC, OPTION_LABEL) VALUES (604, "JPP", "JAPAN PRODUCT PARTS");
INSERT INTO COMPLECTATION(ID, FRAME_ID, NAME, URL, ENGINE_MNEMONIC, ENGINE_LABEL, PRODUCTION_PERIOD, BODY_MNEMONIC, BODY_LABEL, GRADE_MNEMONIC, GRADE_LABEL, TRANSMISSION_MNEMONIC, TRANSMISSION_LABEL) VALUES (605, 87, "RN110L-CRMDEA", "https://toyota-usa.epc-data.com/4runner/rn110l/2771/", "22RE", "2400CC EFI", "08.1988 - 01.1995", "T1", "TRUCK(STANDARD DECK 1-SIDE OPEN)", "DLX", "DELUXE TYPE", "MTM", "MANUAL TRANSMISSION");
INSERT INTO COMPLECTATION_OPTIONS(COMPLECTATION_ID, OPTION_MNEMONIC, OPTION_LABEL) VALUES (605, "5F", "MTM,5-SPEED FLOOR SHIFT");
INSERT INTO COMPLECTATION_OPTIONS(COMPLECTATION_ID, OPTION_MNEMONIC, OPTION_LABEL) VALUES (605, "XTR", "EXTRA CAB");
INSERT INTO COMPLECTATION_OPTIONS(COMPLECTATION_ID, OPTION_MNEMONIC, OPTION_LABEL) VALUES (605, "W", "W TYPE TRANSMISSION");
INSERT INTO COMPLECTATION_OPTIONS(COMPLECTATION_ID, OPTION_MNEMONIC, OPTION_LABEL) VALUES (605, "EFI", "ELECTRIC FUEL INJECTION SYSTEM");
INSERT INTO COMPLECTATION_OPTIONS(COMPLECTATION_ID, OPTION_MNEMONIC, OPTION_LABEL) VALUES (605, "USA", "UNITED STATES OF AMERICA");
INSERT INTO COMPLECTATION_OPTIONS(COMPLECTATION_ID, OPTION_MNEMONIC, OPTION_LABEL) VALUES (605, "CBU", "COMPLETELY BUILT UNIT");
INSERT INTO COMPLECTATION_OPTIONS(COMPLECTATION_ID, OPTION_MNEMONIC, OPTION_LABEL) VALUES (605, "JPP", "JAPAN PRODUCT PARTS");
INSERT INTO COMPLECTATION(ID, FRAME_ID, NAME, URL, ENGINE_MNEMONIC, ENGINE_LABEL, PRODUCTION_PERIOD, BODY_MNEMONIC, BODY_LABEL, GRADE_MNEMONIC, GRADE_LABEL, TRANSMISSION_MNEMONIC, TRANSMISSION_LABEL) VALUES (606, 87, "RN110L-CRMDEA3", "https://toyota-usa.epc-data.com/4runner/rn110l/2772/", "22RE", "2400CC EFI", "08.1988 - 08.1989", "T1", "TRUCK(STANDARD DECK 1-SIDE OPEN)", "DLX", "DELUXE TYPE", "MTM", "MANUAL TRANSMISSION");
INSERT INTO COMPLECTATION_OPTIONS(COMPLECTATION_ID, OPTION_MNEMONIC, OPTION_LABEL) VALUES (606, "5F", "MTM,5-SPEED FLOOR SHIFT");
INSERT INTO COMPLECTATION_OPTIONS(COMPLECTATION_ID, OPTION_MNEMONIC, OPTION_LABEL) VALUES (606, "XTR", "EXTRA CAB");
INSERT INTO COMPLECTATION_OPTIONS(COMPLECTATION_ID, OPTION_MNEMONIC, OPTION_LABEL) VALUES (606, "W", "W TYPE TRANSMISSION");
INSERT INTO COMPLECTATION_OPTIONS(COMPLECTATION_ID, OPTION_MNEMONIC, OPTION_LABEL) VALUES (606, "EFI", "ELECTRIC FUEL INJECTION SYSTEM");
INSERT INTO COMPLECTATION_OPTIONS(COMPLECTATION_ID, OPTION_MNEMONIC, OPTION_LABEL) VALUES (606, "USA", "UNITED STATES OF AMERICA");
INSERT INTO COMPLECTATION_OPTIONS(COMPLECTATION_ID, OPTION_MNEMONIC, OPTION_LABEL) VALUES (606, "IV3", "INCOMPLETE VEHICLES (CAB & CHASSIS)");
INSERT INTO COMPLECTATION_OPTIONS(COMPLECTATION_ID, OPTION_MNEMONIC, OPTION_LABEL) VALUES (606, "JPP", "JAPAN PRODUCT PARTS");
INSERT INTO COMPLECTATION(ID, FRAME_ID, NAME, URL, ENGINE_MNEMONIC, ENGINE_LABEL, PRODUCTION_PERIOD, BODY_MNEMONIC, BODY_LABEL, GRADE_MNEMONIC, GRADE_LABEL, TRANSMISSION_MNEMONIC, TRANSMISSION_LABEL) VALUES (607, 87, "RN110L-CRMDEK", "https://toyota-usa.epc-data.com/4runner/rn110l/2773/", "22RE", "2400CC EFI", "08.1988 - 08.1990", "T1", "TRUCK(STANDARD DECK 1-SIDE OPEN)", "DLX", "DELUXE TYPE", "MTM", "MANUAL TRANSMISSION");
INSERT INTO COMPLECTATION_OPTIONS(COMPLECTATION_ID, OPTION_MNEMONIC, OPTION_LABEL) VALUES (607, "5F", "MTM,5-SPEED FLOOR SHIFT");
INSERT INTO COMPLECTATION_OPTIONS(COMPLECTATION_ID, OPTION_MNEMONIC, OPTION_LABEL) VALUES (607, "XTR", "EXTRA CAB");
INSERT INTO COMPLECTATION_OPTIONS(COMPLECTATION_ID, OPTION_MNEMONIC, OPTION_LABEL) VALUES (607, "W", "W TYPE TRANSMISSION");
INSERT INTO COMPLECTATION_OPTIONS(COMPLECTATION_ID, OPTION_MNEMONIC, OPTION_LABEL) VALUES (607, "EFI", "ELECTRIC FUEL INJECTION SYSTEM");
INSERT INTO COMPLECTATION_OPTIONS(COMPLECTATION_ID, OPTION_MNEMONIC, OPTION_LABEL) VALUES (607, "CND", "CANADA");
INSERT INTO COMPLECTATION_OPTIONS(COMPLECTATION_ID, OPTION_MNEMONIC, OPTION_LABEL) VALUES (607, "CBU", "COMPLETELY BUILT UNIT");
INSERT INTO COMPLECTATION_OPTIONS(COMPLECTATION_ID, OPTION_MNEMONIC, OPTION_LABEL) VALUES (607, "JPP", "JAPAN PRODUCT PARTS");
INSERT INTO COMPLECTATION(ID, FRAME_ID, NAME, URL, ENGINE_MNEMONIC, ENGINE_LABEL, PRODUCTION_PERIOD, BODY_MNEMONIC, BODY_LABEL, GRADE_MNEMONIC, GRADE_LABEL, TRANSMISSION_MNEMONIC, TRANSMISSION_LABEL) VALUES (608, 87, "RN110L-CRMSEA", "https://toyota-usa.epc-data.com/4runner/rn110l/2778/", "22RE", "2400CC EFI", "08.1988 - 08.1990", "T1", "TRUCK(STANDARD DECK 1-SIDE OPEN)", "SR5", "SR-5 TYPE", "MTM", "MANUAL TRANSMISSION");
INSERT INTO COMPLECTATION_OPTIONS(COMPLECTATION_ID, OPTION_MNEMONIC, OPTION_LABEL) VALUES (608, "5F", "MTM,5-SPEED FLOOR SHIFT");
INSERT INTO COMPLECTATION_OPTIONS(COMPLECTATION_ID, OPTION_MNEMONIC, OPTION_LABEL) VALUES (608, "XTR", "EXTRA CAB");
INSERT INTO COMPLECTATION_OPTIONS(COMPLECTATION_ID, OPTION_MNEMONIC, OPTION_LABEL) VALUES (608, "W", "W TYPE TRANSMISSION");
INSERT INTO COMPLECTATION_OPTIONS(COMPLECTATION_ID, OPTION_MNEMONIC, OPTION_LABEL) VALUES (608, "EFI", "ELECTRIC FUEL INJECTION SYSTEM");
INSERT INTO COMPLECTATION_OPTIONS(COMPLECTATION_ID, OPTION_MNEMONIC, OPTION_LABEL) VALUES (608, "USA", "UNITED STATES OF AMERICA");
INSERT INTO COMPLECTATION_OPTIONS(COMPLECTATION_ID, OPTION_MNEMONIC, OPTION_LABEL) VALUES (608, "CBU", "COMPLETELY BUILT UNIT");
INSERT INTO COMPLECTATION_OPTIONS(COMPLECTATION_ID, OPTION_MNEMONIC, OPTION_LABEL) VALUES (608, "JPP", "JAPAN PRODUCT PARTS");
INSERT INTO COMPLECTATION(ID, FRAME_ID, NAME, URL, ENGINE_MNEMONIC, ENGINE_LABEL, PRODUCTION_PERIOD, BODY_MNEMONIC, BODY_LABEL, GRADE_MNEMONIC, GRADE_LABEL, TRANSMISSION_MNEMONIC, TRANSMISSION_LABEL) VALUES (609, 87, "RN110L-CRMSEA3", "https://toyota-usa.epc-data.com/4runner/rn110l/2779/", "22RE", "2400CC EFI", "08.1988 - 08.1989", "T1", "TRUCK(STANDARD DECK 1-SIDE OPEN)", "SR5", "SR-5 TYPE", "MTM", "MANUAL TRANSMISSION");
INSERT INTO COMPLECTATION_OPTIONS(COMPLECTATION_ID, OPTION_MNEMONIC, OPTION_LABEL) VALUES (609, "5F", "MTM,5-SPEED FLOOR SHIFT");
INSERT INTO COMPLECTATION_OPTIONS(COMPLECTATION_ID, OPTION_MNEMONIC, OPTION_LABEL) VALUES (609, "XTR", "EXTRA CAB");
INSERT INTO COMPLECTATION_OPTIONS(COMPLECTATION_ID, OPTION_MNEMONIC, OPTION_LABEL) VALUES (609, "W", "W TYPE TRANSMISSION");
INSERT INTO COMPLECTATION_OPTIONS(COMPLECTATION_ID, OPTION_MNEMONIC, OPTION_LABEL) VALUES (609, "EFI", "ELECTRIC FUEL INJECTION SYSTEM");
INSERT INTO COMPLECTATION_OPTIONS(COMPLECTATION_ID, OPTION_MNEMONIC, OPTION_LABEL) VALUES (609, "USA", "UNITED STATES OF AMERICA");
INSERT INTO COMPLECTATION_OPTIONS(COMPLECTATION_ID, OPTION_MNEMONIC, OPTION_LABEL) VALUES (609, "IV3", "INCOMPLETE VEHICLES (CAB & CHASSIS)");
INSERT INTO COMPLECTATION_OPTIONS(COMPLECTATION_ID, OPTION_MNEMONIC, OPTION_LABEL) VALUES (609, "JPP", "JAPAN PRODUCT PARTS");
INSERT INTO COMPLECTATION(ID, FRAME_ID, NAME, URL, ENGINE_MNEMONIC, ENGINE_LABEL, PRODUCTION_PERIOD, BODY_MNEMONIC, BODY_LABEL, GRADE_MNEMONIC, GRADE_LABEL, TRANSMISSION_MNEMONIC, TRANSMISSION_LABEL) VALUES (610, 87, "RN110L-CRPDEA", "https://toyota-usa.epc-data.com/4runner/rn110l/2774/", "22RE", "2400CC EFI", "08.1988 - 10.1994", "T1", "TRUCK(STANDARD DECK 1-SIDE OPEN)", "DLX", "DELUXE TYPE", "ATM", "AUTOMATIC TRANSMISSION");
INSERT INTO COMPLECTATION_OPTIONS(COMPLECTATION_ID, OPTION_MNEMONIC, OPTION_LABEL) VALUES (610, "4FC", "ATM,4-SPEED FLOOR SHIFT");
INSERT INTO COMPLECTATION_OPTIONS(COMPLECTATION_ID, OPTION_MNEMONIC, OPTION_LABEL) VALUES (610, "XTR", "EXTRA CAB");
INSERT INTO COMPLECTATION_OPTIONS(COMPLECTATION_ID, OPTION_MNEMONIC, OPTION_LABEL) VALUES (610, "EFI", "ELECTRIC FUEL INJECTION SYSTEM");
INSERT INTO COMPLECTATION_OPTIONS(COMPLECTATION_ID, OPTION_MNEMONIC, OPTION_LABEL) VALUES (610, "USA", "UNITED STATES OF AMERICA");
INSERT INTO COMPLECTATION_OPTIONS(COMPLECTATION_ID, OPTION_MNEMONIC, OPTION_LABEL) VALUES (610, "CBU", "COMPLETELY BUILT UNIT");
INSERT INTO COMPLECTATION_OPTIONS(COMPLECTATION_ID, OPTION_MNEMONIC, OPTION_LABEL) VALUES (610, "JPP", "JAPAN PRODUCT PARTS");
INSERT INTO COMPLECTATION(ID, FRAME_ID, NAME, URL, ENGINE_MNEMONIC, ENGINE_LABEL, PRODUCTION_PERIOD, BODY_MNEMONIC, BODY_LABEL, GRADE_MNEMONIC, GRADE_LABEL, TRANSMISSION_MNEMONIC, TRANSMISSION_LABEL) VALUES (611, 87, "RN110L-CRPDEA3", "https://toyota-usa.epc-data.com/4runner/rn110l/2775/", "22RE", "2400CC EFI", "08.1988 - 08.1989", "T1", "TRUCK(STANDARD DECK 1-SIDE OPEN)", "DLX", "DELUXE TYPE", "ATM", "AUTOMATIC TRANSMISSION");
INSERT INTO COMPLECTATION_OPTIONS(COMPLECTATION_ID, OPTION_MNEMONIC, OPTION_LABEL) VALUES (611, "4FC", "ATM,4-SPEED FLOOR SHIFT");
INSERT INTO COMPLECTATION_OPTIONS(COMPLECTATION_ID, OPTION_MNEMONIC, OPTION_LABEL) VALUES (611, "XTR", "EXTRA CAB");
INSERT INTO COMPLECTATION_OPTIONS(COMPLECTATION_ID, OPTION_MNEMONIC, OPTION_LABEL) VALUES (611, "EFI", "ELECTRIC FUEL INJECTION SYSTEM");
INSERT INTO COMPLECTATION_OPTIONS(COMPLECTATION_ID, OPTION_MNEMONIC, OPTION_LABEL) VALUES (611, "USA", "UNITED STATES OF AMERICA");
INSERT INTO COMPLECTATION_OPTIONS(COMPLECTATION_ID, OPTION_MNEMONIC, OPTION_LABEL) VALUES (611, "IV3", "INCOMPLETE VEHICLES (CAB & CHASSIS)");
INSERT INTO COMPLECTATION_OPTIONS(COMPLECTATION_ID, OPTION_MNEMONIC, OPTION_LABEL) VALUES (611, "JPP", "JAPAN PRODUCT PARTS");
INSERT INTO COMPLECTATION(ID, FRAME_ID, NAME, URL, ENGINE_MNEMONIC, ENGINE_LABEL, PRODUCTION_PERIOD, BODY_MNEMONIC, BODY_LABEL, GRADE_MNEMONIC, GRADE_LABEL, TRANSMISSION_MNEMONIC, TRANSMISSION_LABEL) VALUES (612, 87, "RN110L-CRPSEA", "https://toyota-usa.epc-data.com/4runner/rn110l/2780/", "22RE", "2400CC EFI", "08.1988 - 08.1990", "T1", "TRUCK(STANDARD DECK 1-SIDE OPEN)", "SR5", "SR-5 TYPE", "ATM", "AUTOMATIC TRANSMISSION");
INSERT INTO COMPLECTATION_OPTIONS(COMPLECTATION_ID, OPTION_MNEMONIC, OPTION_LABEL) VALUES (612, "4FC", "ATM,4-SPEED FLOOR SHIFT");
INSERT INTO COMPLECTATION_OPTIONS(COMPLECTATION_ID, OPTION_MNEMONIC, OPTION_LABEL) VALUES (612, "XTR", "EXTRA CAB");
INSERT INTO COMPLECTATION_OPTIONS(COMPLECTATION_ID, OPTION_MNEMONIC, OPTION_LABEL) VALUES (612, "EFI", "ELECTRIC FUEL INJECTION SYSTEM");
INSERT INTO COMPLECTATION_OPTIONS(COMPLECTATION_ID, OPTION_MNEMONIC, OPTION_LABEL) VALUES (612, "USA", "UNITED STATES OF AMERICA");
INSERT INTO COMPLECTATION_OPTIONS(COMPLECTATION_ID, OPTION_MNEMONIC, OPTION_LABEL) VALUES (612, "CBU", "COMPLETELY BUILT UNIT");
INSERT INTO COMPLECTATION_OPTIONS(COMPLECTATION_ID, OPTION_MNEMONIC, OPTION_LABEL) VALUES (612, "JPP", "JAPAN PRODUCT PARTS");
INSERT INTO COMPLECTATION(ID, FRAME_ID, NAME, URL, ENGINE_MNEMONIC, ENGINE_LABEL, PRODUCTION_PERIOD, BODY_MNEMONIC, BODY_LABEL, GRADE_MNEMONIC, GRADE_LABEL, TRANSMISSION_MNEMONIC, TRANSMISSION_LABEL) VALUES (613, 87, "RN110L-CRPSEA3", "https://toyota-usa.epc-data.com/4runner/rn110l/2781/", "22RE", "2400CC EFI", "08.1988 - 08.1989", "T1", "TRUCK(STANDARD DECK 1-SIDE OPEN)", "SR5", "SR-5 TYPE", "ATM", "AUTOMATIC TRANSMISSION");
INSERT INTO COMPLECTATION_OPTIONS(COMPLECTATION_ID, OPTION_MNEMONIC, OPTION_LABEL) VALUES (613, "4FC", "ATM,4-SPEED FLOOR SHIFT");
INSERT INTO COMPLECTATION_OPTIONS(COMPLECTATION_ID, OPTION_MNEMONIC, OPTION_LABEL) VALUES (613, "XTR", "EXTRA CAB");
INSERT INTO COMPLECTATION_OPTIONS(COMPLECTATION_ID, OPTION_MNEMONIC, OPTION_LABEL) VALUES (613, "EFI", "ELECTRIC FUEL INJECTION SYSTEM");
INSERT INTO COMPLECTATION_OPTIONS(COMPLECTATION_ID, OPTION_MNEMONIC, OPTION_LABEL) VALUES (613, "USA", "UNITED STATES OF AMERICA");
INSERT INTO COMPLECTATION_OPTIONS(COMPLECTATION_ID, OPTION_MNEMONIC, OPTION_LABEL) VALUES (613, "IV3", "INCOMPLETE VEHICLES (CAB & CHASSIS)");
INSERT INTO COMPLECTATION_OPTIONS(COMPLECTATION_ID, OPTION_MNEMONIC, OPTION_LABEL) VALUES (613, "JPP", "JAPAN PRODUCT PARTS");
INSERT INTO COMPLECTATION(ID, FRAME_ID, NAME, URL, ENGINE_MNEMONIC, ENGINE_LABEL, PRODUCTION_PERIOD, BODY_MNEMONIC, BODY_LABEL, GRADE_MNEMONIC, GRADE_LABEL, TRANSMISSION_MNEMONIC, TRANSMISSION_LABEL) VALUES (614, 87, "RN110L-CRMDEAB", "https://toyota-usa.epc-data.com/4runner/rn110l/3223/", "22RE", "2400CC EFI", "03.1993 - 01.1995", "", "", "DLX", "DELUXE TYPE", "MTM", "MANUAL TRANSMISSION");
INSERT INTO COMPLECTATION_OPTIONS(COMPLECTATION_ID, OPTION_MNEMONIC, OPTION_LABEL) VALUES (614, "5F", "MTM,5-SPEED FLOOR SHIFT");
INSERT INTO COMPLECTATION_OPTIONS(COMPLECTATION_ID, OPTION_MNEMONIC, OPTION_LABEL) VALUES (614, "NAP", "PRODUCED AT NUMMI");
INSERT INTO COMPLECTATION_OPTIONS(COMPLECTATION_ID, OPTION_MNEMONIC, OPTION_LABEL) VALUES (614, "XTR", "EXTRA CAB");
INSERT INTO COMPLECTATION_OPTIONS(COMPLECTATION_ID, OPTION_MNEMONIC, OPTION_LABEL) VALUES (614, "W", "W TYPE TRANSMISSION");
INSERT INTO COMPLECTATION_OPTIONS(COMPLECTATION_ID, OPTION_MNEMONIC, OPTION_LABEL) VALUES (614, "EFI", "ELECTRIC FUEL INJECTION SYSTEM");
INSERT INTO COMPLECTATION_OPTIONS(COMPLECTATION_ID, OPTION_MNEMONIC, OPTION_LABEL) VALUES (614, "USA", "UNITED STATES OF AMERICA");
INSERT INTO COMPLECTATION_OPTIONS(COMPLECTATION_ID, OPTION_MNEMONIC, OPTION_LABEL) VALUES (614, "CBU", "COMPLETELY BUILT UNIT");
INSERT INTO COMPLECTATION_OPTIONS(COMPLECTATION_ID, OPTION_MNEMONIC, OPTION_LABEL) VALUES (614, "T1", "TRUCK(STANDARD DECK 1-SIDE OPEN)");
INSERT INTO FRAME(ID, MODEL_ID, NAME, URL) VALUES (88, 10, "RN120L", "https://toyota-usa.epc-data.com/4runner/rn120l");
INSERT INTO COMPLECTATION(ID, FRAME_ID, NAME, URL, ENGINE_MNEMONIC, ENGINE_LABEL, PRODUCTION_PERIOD, BODY_MNEMONIC, BODY_LABEL, GRADE_MNEMONIC, GRADE_LABEL, TRANSMISSION_MNEMONIC, TRANSMISSION_LABEL) VALUES (615, 88, "RN120L-GKPSEA", "https://toyota-usa.epc-data.com/4runner/rn120l/3148/", "22RE", "2400CC EFI", "04.1989 - 08.1991", "", "", "SR5", "SR-5 TYPE", "ATM", "AUTOMATIC TRANSMISSION");
INSERT INTO COMPLECTATION_OPTIONS(COMPLECTATION_ID, OPTION_MNEMONIC, OPTION_LABEL) VALUES (615, "4FC", "ATM,4-SPEED FLOOR SHIFT");
INSERT INTO COMPLECTATION_OPTIONS(COMPLECTATION_ID, OPTION_MNEMONIC, OPTION_LABEL) VALUES (615, "WG", "WAGON(4-RUNNER)");
INSERT INTO COMPLECTATION_OPTIONS(COMPLECTATION_ID, OPTION_MNEMONIC, OPTION_LABEL) VALUES (615, "EFI", "ELECTRIC FUEL INJECTION SYSTEM");
INSERT INTO COMPLECTATION_OPTIONS(COMPLECTATION_ID, OPTION_MNEMONIC, OPTION_LABEL) VALUES (615, "USA", "UNITED STATES OF AMERICA");
INSERT INTO COMPLECTATION_OPTIONS(COMPLECTATION_ID, OPTION_MNEMONIC, OPTION_LABEL) VALUES (615, "CBU", "COMPLETELY BUILT UNIT");
INSERT INTO COMPLECTATION_OPTIONS(COMPLECTATION_ID, OPTION_MNEMONIC, OPTION_LABEL) VALUES (615, "4D", "4-DOOR WAGON");
INSERT INTO COMPLECTATION_OPTIONS(COMPLECTATION_ID, OPTION_MNEMONIC, OPTION_LABEL) VALUES (615, "JPP", "JAPAN PRODUCT PARTS");
INSERT INTO FRAME(ID, MODEL_ID, NAME, URL) VALUES (89, 10, "RN121L", "https://toyota-usa.epc-data.com/4runner/rn121l");
INSERT INTO COMPLECTATION(ID, FRAME_ID, NAME, URL, ENGINE_MNEMONIC, ENGINE_LABEL, PRODUCTION_PERIOD, BODY_MNEMONIC, BODY_LABEL, GRADE_MNEMONIC, GRADE_LABEL, TRANSMISSION_MNEMONIC, TRANSMISSION_LABEL) VALUES (616, 89, "RN121L-RKMSEK", "https://toyota-usa.epc-data.com/4runner/rn121l/3150/", "22RE", "2400CC EFI", "04.1989 - 08.1991", "", "", "SR5", "SR-5 TYPE", "MTM", "MANUAL TRANSMISSION");
INSERT INTO COMPLECTATION_OPTIONS(COMPLECTATION_ID, OPTION_MNEMONIC, OPTION_LABEL) VALUES (616, "5F", "MTM,5-SPEED FLOOR SHIFT");
INSERT INTO COMPLECTATION_OPTIONS(COMPLECTATION_ID, OPTION_MNEMONIC, OPTION_LABEL) VALUES (616, "WG", "WAGON(4-RUNNER)");
INSERT INTO COMPLECTATION_OPTIONS(COMPLECTATION_ID, OPTION_MNEMONIC, OPTION_LABEL) VALUES (616, "W", "W TYPE TRANSMISSION");
INSERT INTO COMPLECTATION_OPTIONS(COMPLECTATION_ID, OPTION_MNEMONIC, OPTION_LABEL) VALUES (616, "EFI", "ELECTRIC FUEL INJECTION SYSTEM");
INSERT INTO COMPLECTATION_OPTIONS(COMPLECTATION_ID, OPTION_MNEMONIC, OPTION_LABEL) VALUES (616, "CND", "CANADA");
INSERT INTO COMPLECTATION_OPTIONS(COMPLECTATION_ID, OPTION_MNEMONIC, OPTION_LABEL) VALUES (616, "CBU", "COMPLETELY BUILT UNIT");
INSERT INTO COMPLECTATION_OPTIONS(COMPLECTATION_ID, OPTION_MNEMONIC, OPTION_LABEL) VALUES (616, "4D", "4-DOOR WAGON");
INSERT INTO COMPLECTATION_OPTIONS(COMPLECTATION_ID, OPTION_MNEMONIC, OPTION_LABEL) VALUES (616, "JPP", "JAPAN PRODUCT PARTS");
INSERT INTO COMPLECTATION(ID, FRAME_ID, NAME, URL, ENGINE_MNEMONIC, ENGINE_LABEL, PRODUCTION_PERIOD, BODY_MNEMONIC, BODY_LABEL, GRADE_MNEMONIC, GRADE_LABEL, TRANSMISSION_MNEMONIC, TRANSMISSION_LABEL) VALUES (617, 89, "RN121L-RKPSEK", "https://toyota-usa.epc-data.com/4runner/rn121l/3151/", "22RE", "2400CC EFI", "04.1989 - 08.1991", "", "", "SR5", "SR-5 TYPE", "ATM", "AUTOMATIC TRANSMISSION");
INSERT INTO COMPLECTATION_OPTIONS(COMPLECTATION_ID, OPTION_MNEMONIC, OPTION_LABEL) VALUES (617, "4FC", "ATM,4-SPEED FLOOR SHIFT");
INSERT INTO COMPLECTATION_OPTIONS(COMPLECTATION_ID, OPTION_MNEMONIC, OPTION_LABEL) VALUES (617, "WG", "WAGON(4-RUNNER)");
INSERT INTO COMPLECTATION_OPTIONS(COMPLECTATION_ID, OPTION_MNEMONIC, OPTION_LABEL) VALUES (617, "EFI", "ELECTRIC FUEL INJECTION SYSTEM");
INSERT INTO COMPLECTATION_OPTIONS(COMPLECTATION_ID, OPTION_MNEMONIC, OPTION_LABEL) VALUES (617, "CND", "CANADA");
INSERT INTO COMPLECTATION_OPTIONS(COMPLECTATION_ID, OPTION_MNEMONIC, OPTION_LABEL) VALUES (617, "CBU", "COMPLETELY BUILT UNIT");
INSERT INTO COMPLECTATION_OPTIONS(COMPLECTATION_ID, OPTION_MNEMONIC, OPTION_LABEL) VALUES (617, "4D", "4-DOOR WAGON");
INSERT INTO COMPLECTATION_OPTIONS(COMPLECTATION_ID, OPTION_MNEMONIC, OPTION_LABEL) VALUES (617, "JPP", "JAPAN PRODUCT PARTS");
INSERT INTO FRAME(ID, MODEL_ID, NAME, URL) VALUES (90, 10, "RN130L", "https://toyota-usa.epc-data.com/4runner/rn130l");
INSERT INTO COMPLECTATION(ID, FRAME_ID, NAME, URL, ENGINE_MNEMONIC, ENGINE_LABEL, PRODUCTION_PERIOD, BODY_MNEMONIC, BODY_LABEL, GRADE_MNEMONIC, GRADE_LABEL, TRANSMISSION_MNEMONIC, TRANSMISSION_LABEL) VALUES (618, 90, "RN130L-GJLSEA", "https://toyota-usa.epc-data.com/4runner/rn130l/2741/", "22RE", "2400CC EFI", "04.1989 - 08.1991", "2D", "2-DOOR WAGON", "SR5", "SR-5 TYPE", "MTM", "MANUAL TRANSMISSION");
INSERT INTO COMPLECTATION_OPTIONS(COMPLECTATION_ID, OPTION_MNEMONIC, OPTION_LABEL) VALUES (618, "5F", "MTM,5-SPEED FLOOR SHIFT");
INSERT INTO COMPLECTATION_OPTIONS(COMPLECTATION_ID, OPTION_MNEMONIC, OPTION_LABEL) VALUES (618, "WG", "WAGON(4-RUNNER)");
INSERT INTO COMPLECTATION_OPTIONS(COMPLECTATION_ID, OPTION_MNEMONIC, OPTION_LABEL) VALUES (618, "G", "G TYPE TRANSMISSION");
INSERT INTO COMPLECTATION_OPTIONS(COMPLECTATION_ID, OPTION_MNEMONIC, OPTION_LABEL) VALUES (618, "EFI", "ELECTRIC FUEL INJECTION SYSTEM");
INSERT INTO COMPLECTATION_OPTIONS(COMPLECTATION_ID, OPTION_MNEMONIC, OPTION_LABEL) VALUES (618, "USA", "UNITED STATES OF AMERICA");
INSERT INTO COMPLECTATION_OPTIONS(COMPLECTATION_ID, OPTION_MNEMONIC, OPTION_LABEL) VALUES (618, "CBU", "COMPLETELY BUILT UNIT");
INSERT INTO COMPLECTATION_OPTIONS(COMPLECTATION_ID, OPTION_MNEMONIC, OPTION_LABEL) VALUES (618, "JPP", "JAPAN PRODUCT PARTS");
INSERT INTO COMPLECTATION(ID, FRAME_ID, NAME, URL, ENGINE_MNEMONIC, ENGINE_LABEL, PRODUCTION_PERIOD, BODY_MNEMONIC, BODY_LABEL, GRADE_MNEMONIC, GRADE_LABEL, TRANSMISSION_MNEMONIC, TRANSMISSION_LABEL) VALUES (619, 90, "RN130L-GJMSEA", "https://toyota-usa.epc-data.com/4runner/rn130l/2742/", "22RE", "2400CC EFI", "04.1989 - 08.1991", "2D", "2-DOOR WAGON", "SR5", "SR-5 TYPE", "MTM", "MANUAL TRANSMISSION");
INSERT INTO COMPLECTATION_OPTIONS(COMPLECTATION_ID, OPTION_MNEMONIC, OPTION_LABEL) VALUES (619, "5F", "MTM,5-SPEED FLOOR SHIFT");
INSERT INTO COMPLECTATION_OPTIONS(COMPLECTATION_ID, OPTION_MNEMONIC, OPTION_LABEL) VALUES (619, "WG", "WAGON(4-RUNNER)");
INSERT INTO COMPLECTATION_OPTIONS(COMPLECTATION_ID, OPTION_MNEMONIC, OPTION_LABEL) VALUES (619, "W", "W TYPE TRANSMISSION");
INSERT INTO COMPLECTATION_OPTIONS(COMPLECTATION_ID, OPTION_MNEMONIC, OPTION_LABEL) VALUES (619, "EFI", "ELECTRIC FUEL INJECTION SYSTEM");
INSERT INTO COMPLECTATION_OPTIONS(COMPLECTATION_ID, OPTION_MNEMONIC, OPTION_LABEL) VALUES (619, "USA", "UNITED STATES OF AMERICA");
INSERT INTO COMPLECTATION_OPTIONS(COMPLECTATION_ID, OPTION_MNEMONIC, OPTION_LABEL) VALUES (619, "CBU", "COMPLETELY BUILT UNIT");
INSERT INTO COMPLECTATION_OPTIONS(COMPLECTATION_ID, OPTION_MNEMONIC, OPTION_LABEL) VALUES (619, "JPP", "JAPAN PRODUCT PARTS");
INSERT INTO COMPLECTATION(ID, FRAME_ID, NAME, URL, ENGINE_MNEMONIC, ENGINE_LABEL, PRODUCTION_PERIOD, BODY_MNEMONIC, BODY_LABEL, GRADE_MNEMONIC, GRADE_LABEL, TRANSMISSION_MNEMONIC, TRANSMISSION_LABEL) VALUES (620, 90, "RN130L-GJPSEA", "https://toyota-usa.epc-data.com/4runner/rn130l/2743/", "22RE", "2400CC EFI", "04.1989 - 08.1991", "2D", "2-DOOR WAGON", "SR5", "SR-5 TYPE", "ATM", "AUTOMATIC TRANSMISSION");
INSERT INTO COMPLECTATION_OPTIONS(COMPLECTATION_ID, OPTION_MNEMONIC, OPTION_LABEL) VALUES (620, "4FC", "ATM,4-SPEED FLOOR SHIFT");
INSERT INTO COMPLECTATION_OPTIONS(COMPLECTATION_ID, OPTION_MNEMONIC, OPTION_LABEL) VALUES (620, "WG", "WAGON(4-RUNNER)");
INSERT INTO COMPLECTATION_OPTIONS(COMPLECTATION_ID, OPTION_MNEMONIC, OPTION_LABEL) VALUES (620, "EFI", "ELECTRIC FUEL INJECTION SYSTEM");
INSERT INTO COMPLECTATION_OPTIONS(COMPLECTATION_ID, OPTION_MNEMONIC, OPTION_LABEL) VALUES (620, "USA", "UNITED STATES OF AMERICA");
INSERT INTO COMPLECTATION_OPTIONS(COMPLECTATION_ID, OPTION_MNEMONIC, OPTION_LABEL) VALUES (620, "CBU", "COMPLETELY BUILT UNIT");
INSERT INTO COMPLECTATION_OPTIONS(COMPLECTATION_ID, OPTION_MNEMONIC, OPTION_LABEL) VALUES (620, "JPP", "JAPAN PRODUCT PARTS");
INSERT INTO COMPLECTATION(ID, FRAME_ID, NAME, URL, ENGINE_MNEMONIC, ENGINE_LABEL, PRODUCTION_PERIOD, BODY_MNEMONIC, BODY_LABEL, GRADE_MNEMONIC, GRADE_LABEL, TRANSMISSION_MNEMONIC, TRANSMISSION_LABEL) VALUES (621, 90, "RN130L-GKLSEA", "https://toyota-usa.epc-data.com/4runner/rn130l/2744/", "22RE", "2400CC EFI", "04.1989 - 11.1995", "4D", "4-DOOR WAGON", "SR5", "SR-5 TYPE", "MTM", "MANUAL TRANSMISSION");
INSERT INTO COMPLECTATION_OPTIONS(COMPLECTATION_ID, OPTION_MNEMONIC, OPTION_LABEL) VALUES (621, "5F", "MTM,5-SPEED FLOOR SHIFT");
INSERT INTO COMPLECTATION_OPTIONS(COMPLECTATION_ID, OPTION_MNEMONIC, OPTION_LABEL) VALUES (621, "WG", "WAGON(4-RUNNER)");
INSERT INTO COMPLECTATION_OPTIONS(COMPLECTATION_ID, OPTION_MNEMONIC, OPTION_LABEL) VALUES (621, "G", "G TYPE TRANSMISSION");
INSERT INTO COMPLECTATION_OPTIONS(COMPLECTATION_ID, OPTION_MNEMONIC, OPTION_LABEL) VALUES (621, "EFI", "ELECTRIC FUEL INJECTION SYSTEM");
INSERT INTO COMPLECTATION_OPTIONS(COMPLECTATION_ID, OPTION_MNEMONIC, OPTION_LABEL) VALUES (621, "USA", "UNITED STATES OF AMERICA");
INSERT INTO COMPLECTATION_OPTIONS(COMPLECTATION_ID, OPTION_MNEMONIC, OPTION_LABEL) VALUES (621, "CBU", "COMPLETELY BUILT UNIT");
INSERT INTO COMPLECTATION_OPTIONS(COMPLECTATION_ID, OPTION_MNEMONIC, OPTION_LABEL) VALUES (621, "JPP", "JAPAN PRODUCT PARTS");
INSERT INTO COMPLECTATION(ID, FRAME_ID, NAME, URL, ENGINE_MNEMONIC, ENGINE_LABEL, PRODUCTION_PERIOD, BODY_MNEMONIC, BODY_LABEL, GRADE_MNEMONIC, GRADE_LABEL, TRANSMISSION_MNEMONIC, TRANSMISSION_LABEL) VALUES (622, 90, "RN130L-GKMSEA", "https://toyota-usa.epc-data.com/4runner/rn130l/2745/", "22RE", "2400CC EFI", "04.1989 - 08.1992", "4D", "4-DOOR WAGON", "SR5", "SR-5 TYPE", "MTM", "MANUAL TRANSMISSION");
INSERT INTO COMPLECTATION_OPTIONS(COMPLECTATION_ID, OPTION_MNEMONIC, OPTION_LABEL) VALUES (622, "5F", "MTM,5-SPEED FLOOR SHIFT");
INSERT INTO COMPLECTATION_OPTIONS(COMPLECTATION_ID, OPTION_MNEMONIC, OPTION_LABEL) VALUES (622, "WG", "WAGON(4-RUNNER)");
INSERT INTO COMPLECTATION_OPTIONS(COMPLECTATION_ID, OPTION_MNEMONIC, OPTION_LABEL) VALUES (622, "W", "W TYPE TRANSMISSION");
INSERT INTO COMPLECTATION_OPTIONS(COMPLECTATION_ID, OPTION_MNEMONIC, OPTION_LABEL) VALUES (622, "EFI", "ELECTRIC FUEL INJECTION SYSTEM");
INSERT INTO COMPLECTATION_OPTIONS(COMPLECTATION_ID, OPTION_MNEMONIC, OPTION_LABEL) VALUES (622, "USA", "UNITED STATES OF AMERICA");
INSERT INTO COMPLECTATION_OPTIONS(COMPLECTATION_ID, OPTION_MNEMONIC, OPTION_LABEL) VALUES (622, "CBU", "COMPLETELY BUILT UNIT");
INSERT INTO COMPLECTATION_OPTIONS(COMPLECTATION_ID, OPTION_MNEMONIC, OPTION_LABEL) VALUES (622, "JPP", "JAPAN PRODUCT PARTS");
INSERT INTO COMPLECTATION(ID, FRAME_ID, NAME, URL, ENGINE_MNEMONIC, ENGINE_LABEL, PRODUCTION_PERIOD, BODY_MNEMONIC, BODY_LABEL, GRADE_MNEMONIC, GRADE_LABEL, TRANSMISSION_MNEMONIC, TRANSMISSION_LABEL) VALUES (623, 90, "RN130L-GKPSEA", "https://toyota-usa.epc-data.com/4runner/rn130l/2746/", "22RE", "2400CC EFI", "04.1989 - 08.1993", "4D", "4-DOOR WAGON", "SR5", "SR-5 TYPE", "ATM", "AUTOMATIC TRANSMISSION");
INSERT INTO COMPLECTATION_OPTIONS(COMPLECTATION_ID, OPTION_MNEMONIC, OPTION_LABEL) VALUES (623, "4FC", "ATM,4-SPEED FLOOR SHIFT");
INSERT INTO COMPLECTATION_OPTIONS(COMPLECTATION_ID, OPTION_MNEMONIC, OPTION_LABEL) VALUES (623, "WG", "WAGON(4-RUNNER)");
INSERT INTO COMPLECTATION_OPTIONS(COMPLECTATION_ID, OPTION_MNEMONIC, OPTION_LABEL) VALUES (623, "EFI", "ELECTRIC FUEL INJECTION SYSTEM");
INSERT INTO COMPLECTATION_OPTIONS(COMPLECTATION_ID, OPTION_MNEMONIC, OPTION_LABEL) VALUES (623, "USA", "UNITED STATES OF AMERICA");
INSERT INTO COMPLECTATION_OPTIONS(COMPLECTATION_ID, OPTION_MNEMONIC, OPTION_LABEL) VALUES (623, "CBU", "COMPLETELY BUILT UNIT");
INSERT INTO COMPLECTATION_OPTIONS(COMPLECTATION_ID, OPTION_MNEMONIC, OPTION_LABEL) VALUES (623, "JPP", "JAPAN PRODUCT PARTS");
INSERT INTO FRAME(ID, MODEL_ID, NAME, URL) VALUES (91, 10, "RN131L", "https://toyota-usa.epc-data.com/4runner/rn131l");
INSERT INTO COMPLECTATION(ID, FRAME_ID, NAME, URL, ENGINE_MNEMONIC, ENGINE_LABEL, PRODUCTION_PERIOD, BODY_MNEMONIC, BODY_LABEL, GRADE_MNEMONIC, GRADE_LABEL, TRANSMISSION_MNEMONIC, TRANSMISSION_LABEL) VALUES (624, 91, "RN131L-RJLSEK", "https://toyota-usa.epc-data.com/4runner/rn131l/2782/", "22RE", "2400CC EFI", "04.1989 - 08.1993", "2D", "2-DOOR WAGON", "SR5", "SR-5 TYPE", "MTM", "MANUAL TRANSMISSION");
INSERT INTO COMPLECTATION_OPTIONS(COMPLECTATION_ID, OPTION_MNEMONIC, OPTION_LABEL) VALUES (624, "5F", "MTM,5-SPEED FLOOR SHIFT");
INSERT INTO COMPLECTATION_OPTIONS(COMPLECTATION_ID, OPTION_MNEMONIC, OPTION_LABEL) VALUES (624, "WG", "WAGON(4-RUNNER)");
INSERT INTO COMPLECTATION_OPTIONS(COMPLECTATION_ID, OPTION_MNEMONIC, OPTION_LABEL) VALUES (624, "G", "G TYPE TRANSMISSION");
INSERT INTO COMPLECTATION_OPTIONS(COMPLECTATION_ID, OPTION_MNEMONIC, OPTION_LABEL) VALUES (624, "EFI", "ELECTRIC FUEL INJECTION SYSTEM");
INSERT INTO COMPLECTATION_OPTIONS(COMPLECTATION_ID, OPTION_MNEMONIC, OPTION_LABEL) VALUES (624, "CND", "CANADA");
INSERT INTO COMPLECTATION_OPTIONS(COMPLECTATION_ID, OPTION_MNEMONIC, OPTION_LABEL) VALUES (624, "CBU", "COMPLETELY BUILT UNIT");
INSERT INTO COMPLECTATION_OPTIONS(COMPLECTATION_ID, OPTION_MNEMONIC, OPTION_LABEL) VALUES (624, "JPP", "JAPAN PRODUCT PARTS");
INSERT INTO COMPLECTATION(ID, FRAME_ID, NAME, URL, ENGINE_MNEMONIC, ENGINE_LABEL, PRODUCTION_PERIOD, BODY_MNEMONIC, BODY_LABEL, GRADE_MNEMONIC, GRADE_LABEL, TRANSMISSION_MNEMONIC, TRANSMISSION_LABEL) VALUES (625, 91, "RN131L-RJMSEK", "https://toyota-usa.epc-data.com/4runner/rn131l/2783/", "22RE", "2400CC EFI", "04.1989 - 08.1990", "2D", "2-DOOR WAGON", "SR5", "SR-5 TYPE", "MTM", "MANUAL TRANSMISSION");
INSERT INTO COMPLECTATION_OPTIONS(COMPLECTATION_ID, OPTION_MNEMONIC, OPTION_LABEL) VALUES (625, "5F", "MTM,5-SPEED FLOOR SHIFT");
INSERT INTO COMPLECTATION_OPTIONS(COMPLECTATION_ID, OPTION_MNEMONIC, OPTION_LABEL) VALUES (625, "WG", "WAGON(4-RUNNER)");
INSERT INTO COMPLECTATION_OPTIONS(COMPLECTATION_ID, OPTION_MNEMONIC, OPTION_LABEL) VALUES (625, "W", "W TYPE TRANSMISSION");
INSERT INTO COMPLECTATION_OPTIONS(COMPLECTATION_ID, OPTION_MNEMONIC, OPTION_LABEL) VALUES (625, "EFI", "ELECTRIC FUEL INJECTION SYSTEM");
INSERT INTO COMPLECTATION_OPTIONS(COMPLECTATION_ID, OPTION_MNEMONIC, OPTION_LABEL) VALUES (625, "CND", "CANADA");
INSERT INTO COMPLECTATION_OPTIONS(COMPLECTATION_ID, OPTION_MNEMONIC, OPTION_LABEL) VALUES (625, "CBU", "COMPLETELY BUILT UNIT");
INSERT INTO COMPLECTATION_OPTIONS(COMPLECTATION_ID, OPTION_MNEMONIC, OPTION_LABEL) VALUES (625, "JPP", "JAPAN PRODUCT PARTS");
INSERT INTO COMPLECTATION(ID, FRAME_ID, NAME, URL, ENGINE_MNEMONIC, ENGINE_LABEL, PRODUCTION_PERIOD, BODY_MNEMONIC, BODY_LABEL, GRADE_MNEMONIC, GRADE_LABEL, TRANSMISSION_MNEMONIC, TRANSMISSION_LABEL) VALUES (626, 91, "RN131L-RJPSEK", "https://toyota-usa.epc-data.com/4runner/rn131l/2784/", "22RE", "2400CC EFI", "04.1989 - 08.1991", "2D", "2-DOOR WAGON", "SR5", "SR-5 TYPE", "ATM", "AUTOMATIC TRANSMISSION");
INSERT INTO COMPLECTATION_OPTIONS(COMPLECTATION_ID, OPTION_MNEMONIC, OPTION_LABEL) VALUES (626, "4FC", "ATM,4-SPEED FLOOR SHIFT");
INSERT INTO COMPLECTATION_OPTIONS(COMPLECTATION_ID, OPTION_MNEMONIC, OPTION_LABEL) VALUES (626, "WG", "WAGON(4-RUNNER)");
INSERT INTO COMPLECTATION_OPTIONS(COMPLECTATION_ID, OPTION_MNEMONIC, OPTION_LABEL) VALUES (626, "EFI", "ELECTRIC FUEL INJECTION SYSTEM");
INSERT INTO COMPLECTATION_OPTIONS(COMPLECTATION_ID, OPTION_MNEMONIC, OPTION_LABEL) VALUES (626, "CND", "CANADA");
INSERT INTO COMPLECTATION_OPTIONS(COMPLECTATION_ID, OPTION_MNEMONIC, OPTION_LABEL) VALUES (626, "CBU", "COMPLETELY BUILT UNIT");
INSERT INTO COMPLECTATION_OPTIONS(COMPLECTATION_ID, OPTION_MNEMONIC, OPTION_LABEL) VALUES (626, "JPP", "JAPAN PRODUCT PARTS");
INSERT INTO COMPLECTATION(ID, FRAME_ID, NAME, URL, ENGINE_MNEMONIC, ENGINE_LABEL, PRODUCTION_PERIOD, BODY_MNEMONIC, BODY_LABEL, GRADE_MNEMONIC, GRADE_LABEL, TRANSMISSION_MNEMONIC, TRANSMISSION_LABEL) VALUES (627, 91, "RN131L-RKLSEK", "https://toyota-usa.epc-data.com/4runner/rn131l/2785/", "22RE", "2400CC EFI", "04.1989 - 11.1995", "4D", "4-DOOR WAGON", "SR5", "SR-5 TYPE", "MTM", "MANUAL TRANSMISSION");
INSERT INTO COMPLECTATION_OPTIONS(COMPLECTATION_ID, OPTION_MNEMONIC, OPTION_LABEL) VALUES (627, "5F", "MTM,5-SPEED FLOOR SHIFT");
INSERT INTO COMPLECTATION_OPTIONS(COMPLECTATION_ID, OPTION_MNEMONIC, OPTION_LABEL) VALUES (627, "WG", "WAGON(4-RUNNER)");
INSERT INTO COMPLECTATION_OPTIONS(COMPLECTATION_ID, OPTION_MNEMONIC, OPTION_LABEL) VALUES (627, "G", "G TYPE TRANSMISSION");
INSERT INTO COMPLECTATION_OPTIONS(COMPLECTATION_ID, OPTION_MNEMONIC, OPTION_LABEL) VALUES (627, "EFI", "ELECTRIC FUEL INJECTION SYSTEM");
INSERT INTO COMPLECTATION_OPTIONS(COMPLECTATION_ID, OPTION_MNEMONIC, OPTION_LABEL) VALUES (627, "CND", "CANADA");
INSERT INTO COMPLECTATION_OPTIONS(COMPLECTATION_ID, OPTION_MNEMONIC, OPTION_LABEL) VALUES (627, "CBU", "COMPLETELY BUILT UNIT");
INSERT INTO COMPLECTATION_OPTIONS(COMPLECTATION_ID, OPTION_MNEMONIC, OPTION_LABEL) VALUES (627, "JPP", "JAPAN PRODUCT PARTS");
INSERT INTO COMPLECTATION(ID, FRAME_ID, NAME, URL, ENGINE_MNEMONIC, ENGINE_LABEL, PRODUCTION_PERIOD, BODY_MNEMONIC, BODY_LABEL, GRADE_MNEMONIC, GRADE_LABEL, TRANSMISSION_MNEMONIC, TRANSMISSION_LABEL) VALUES (628, 91, "RN131L-RKMSEK", "https://toyota-usa.epc-data.com/4runner/rn131l/2786/", "22RE", "2400CC EFI", "04.1989 - 08.1990", "4D", "4-DOOR WAGON", "SR5", "SR-5 TYPE", "MTM", "MANUAL TRANSMISSION");
INSERT INTO COMPLECTATION_OPTIONS(COMPLECTATION_ID, OPTION_MNEMONIC, OPTION_LABEL) VALUES (628, "5F", "MTM,5-SPEED FLOOR SHIFT");
INSERT INTO COMPLECTATION_OPTIONS(COMPLECTATION_ID, OPTION_MNEMONIC, OPTION_LABEL) VALUES (628, "WG", "WAGON(4-RUNNER)");
INSERT INTO COMPLECTATION_OPTIONS(COMPLECTATION_ID, OPTION_MNEMONIC, OPTION_LABEL) VALUES (628, "W", "W TYPE TRANSMISSION");
INSERT INTO COMPLECTATION_OPTIONS(COMPLECTATION_ID, OPTION_MNEMONIC, OPTION_LABEL) VALUES (628, "EFI", "ELECTRIC FUEL INJECTION SYSTEM");
INSERT INTO COMPLECTATION_OPTIONS(COMPLECTATION_ID, OPTION_MNEMONIC, OPTION_LABEL) VALUES (628, "CND", "CANADA");
INSERT INTO COMPLECTATION_OPTIONS(COMPLECTATION_ID, OPTION_MNEMONIC, OPTION_LABEL) VALUES (628, "CBU", "COMPLETELY BUILT UNIT");
INSERT INTO COMPLECTATION_OPTIONS(COMPLECTATION_ID, OPTION_MNEMONIC, OPTION_LABEL) VALUES (628, "JPP", "JAPAN PRODUCT PARTS");
INSERT INTO COMPLECTATION(ID, FRAME_ID, NAME, URL, ENGINE_MNEMONIC, ENGINE_LABEL, PRODUCTION_PERIOD, BODY_MNEMONIC, BODY_LABEL, GRADE_MNEMONIC, GRADE_LABEL, TRANSMISSION_MNEMONIC, TRANSMISSION_LABEL) VALUES (629, 91, "RN131L-RKPSEK", "https://toyota-usa.epc-data.com/4runner/rn131l/2787/", "22RE", "2400CC EFI", "04.1989 - 11.1995", "4D", "4-DOOR WAGON", "SR5", "SR-5 TYPE", "ATM", "AUTOMATIC TRANSMISSION");
INSERT INTO COMPLECTATION_OPTIONS(COMPLECTATION_ID, OPTION_MNEMONIC, OPTION_LABEL) VALUES (629, "4FC", "ATM,4-SPEED FLOOR SHIFT");
INSERT INTO COMPLECTATION_OPTIONS(COMPLECTATION_ID, OPTION_MNEMONIC, OPTION_LABEL) VALUES (629, "WG", "WAGON(4-RUNNER)");
INSERT INTO COMPLECTATION_OPTIONS(COMPLECTATION_ID, OPTION_MNEMONIC, OPTION_LABEL) VALUES (629, "EFI", "ELECTRIC FUEL INJECTION SYSTEM");
INSERT INTO COMPLECTATION_OPTIONS(COMPLECTATION_ID, OPTION_MNEMONIC, OPTION_LABEL) VALUES (629, "CND", "CANADA");
INSERT INTO COMPLECTATION_OPTIONS(COMPLECTATION_ID, OPTION_MNEMONIC, OPTION_LABEL) VALUES (629, "CBU", "COMPLETELY BUILT UNIT");
INSERT INTO COMPLECTATION_OPTIONS(COMPLECTATION_ID, OPTION_MNEMONIC, OPTION_LABEL) VALUES (629, "JPP", "JAPAN PRODUCT PARTS");
INSERT INTO FRAME(ID, MODEL_ID, NAME, URL) VALUES (92, 10, "RN50L", "https://toyota-usa.epc-data.com/4runner/rn50l");
INSERT INTO COMPLECTATION(ID, FRAME_ID, NAME, URL, ENGINE_MNEMONIC, ENGINE_LABEL, PRODUCTION_PERIOD, BODY_MNEMONIC, BODY_LABEL, GRADE_MNEMONIC, GRADE_LABEL, TRANSMISSION_MNEMONIC, TRANSMISSION_LABEL) VALUES (630, 92, "RN50L-KRA", "https://toyota-usa.epc-data.com/4runner/rn50l/2547/", "22R", "2400CC", "08.1983 - 08.1988", "T1", "TRUCK(STANDARD DECK 1-SIDE OPEN)", "STD", "STANDARD TYPE", "MTM", "MANUAL TRANSMISSION");
INSERT INTO COMPLECTATION_OPTIONS(COMPLECTATION_ID, OPTION_MNEMONIC, OPTION_LABEL) VALUES (630, "4F", "MTM,4-SPEED FLOOR SHIFT");
INSERT INTO COMPLECTATION_OPTIONS(COMPLECTATION_ID, OPTION_MNEMONIC, OPTION_LABEL) VALUES (630, "RCB", "REGULAR CAB");
INSERT INTO COMPLECTATION_OPTIONS(COMPLECTATION_ID, OPTION_MNEMONIC, OPTION_LABEL) VALUES (630, "W", "W TYPE TRANSMISSION");
INSERT INTO COMPLECTATION_OPTIONS(COMPLECTATION_ID, OPTION_MNEMONIC, OPTION_LABEL) VALUES (630, "HLF", "0.5TONS");
INSERT INTO COMPLECTATION_OPTIONS(COMPLECTATION_ID, OPTION_MNEMONIC, OPTION_LABEL) VALUES (630, "ST", "SINGLE TIRE");
INSERT INTO COMPLECTATION_OPTIONS(COMPLECTATION_ID, OPTION_MNEMONIC, OPTION_LABEL) VALUES (630, "USA", "UNITED STATES OF AMERICA");
INSERT INTO COMPLECTATION_OPTIONS(COMPLECTATION_ID, OPTION_MNEMONIC, OPTION_LABEL) VALUES (630, "CBR", "CARBURETOR SYSTEM");
INSERT INTO COMPLECTATION_OPTIONS(COMPLECTATION_ID, OPTION_MNEMONIC, OPTION_LABEL) VALUES (630, "CBU", "COMPLETELY BUILT UNIT");
INSERT INTO COMPLECTATION(ID, FRAME_ID, NAME, URL, ENGINE_MNEMONIC, ENGINE_LABEL, PRODUCTION_PERIOD, BODY_MNEMONIC, BODY_LABEL, GRADE_MNEMONIC, GRADE_LABEL, TRANSMISSION_MNEMONIC, TRANSMISSION_LABEL) VALUES (631, 92, "RN50L-KRK", "https://toyota-usa.epc-data.com/4runner/rn50l/2548/", "22R", "2400CC", "08.1983 - 08.1988", "T1", "TRUCK(STANDARD DECK 1-SIDE OPEN)", "STD", "STANDARD TYPE", "MTM", "MANUAL TRANSMISSION");
INSERT INTO COMPLECTATION_OPTIONS(COMPLECTATION_ID, OPTION_MNEMONIC, OPTION_LABEL) VALUES (631, "4F", "MTM,4-SPEED FLOOR SHIFT");
INSERT INTO COMPLECTATION_OPTIONS(COMPLECTATION_ID, OPTION_MNEMONIC, OPTION_LABEL) VALUES (631, "RCB", "REGULAR CAB");
INSERT INTO COMPLECTATION_OPTIONS(COMPLECTATION_ID, OPTION_MNEMONIC, OPTION_LABEL) VALUES (631, "W", "W TYPE TRANSMISSION");
INSERT INTO COMPLECTATION_OPTIONS(COMPLECTATION_ID, OPTION_MNEMONIC, OPTION_LABEL) VALUES (631, "HLF", "0.5TONS");
INSERT INTO COMPLECTATION_OPTIONS(COMPLECTATION_ID, OPTION_MNEMONIC, OPTION_LABEL) VALUES (631, "ST", "SINGLE TIRE");
INSERT INTO COMPLECTATION_OPTIONS(COMPLECTATION_ID, OPTION_MNEMONIC, OPTION_LABEL) VALUES (631, "CND", "CANADA");
INSERT INTO COMPLECTATION_OPTIONS(COMPLECTATION_ID, OPTION_MNEMONIC, OPTION_LABEL) VALUES (631, "CBR", "CARBURETOR SYSTEM");
INSERT INTO COMPLECTATION_OPTIONS(COMPLECTATION_ID, OPTION_MNEMONIC, OPTION_LABEL) VALUES (631, "CBU", "COMPLETELY BUILT UNIT");
INSERT INTO COMPLECTATION(ID, FRAME_ID, NAME, URL, ENGINE_MNEMONIC, ENGINE_LABEL, PRODUCTION_PERIOD, BODY_MNEMONIC, BODY_LABEL, GRADE_MNEMONIC, GRADE_LABEL, TRANSMISSION_MNEMONIC, TRANSMISSION_LABEL) VALUES (632, 92, "RN50L-LRA", "https://toyota-usa.epc-data.com/4runner/rn50l/2549/", "22R", "2400CC", "08.1987 - 08.1988", "T1", "TRUCK(STANDARD DECK 1-SIDE OPEN)", "STD", "STANDARD TYPE", "MTM", "MANUAL TRANSMISSION");
INSERT INTO COMPLECTATION_OPTIONS(COMPLECTATION_ID, OPTION_MNEMONIC, OPTION_LABEL) VALUES (632, "5F", "MTM,5-SPEED FLOOR SHIFT");
INSERT INTO COMPLECTATION_OPTIONS(COMPLECTATION_ID, OPTION_MNEMONIC, OPTION_LABEL) VALUES (632, "RCB", "REGULAR CAB");
INSERT INTO COMPLECTATION_OPTIONS(COMPLECTATION_ID, OPTION_MNEMONIC, OPTION_LABEL) VALUES (632, "G", "G TYPE TRANSMISSION");
INSERT INTO COMPLECTATION_OPTIONS(COMPLECTATION_ID, OPTION_MNEMONIC, OPTION_LABEL) VALUES (632, "HLF", "0.5TONS");
INSERT INTO COMPLECTATION_OPTIONS(COMPLECTATION_ID, OPTION_MNEMONIC, OPTION_LABEL) VALUES (632, "ST", "SINGLE TIRE");
INSERT INTO COMPLECTATION_OPTIONS(COMPLECTATION_ID, OPTION_MNEMONIC, OPTION_LABEL) VALUES (632, "USA", "UNITED STATES OF AMERICA");
INSERT INTO COMPLECTATION_OPTIONS(COMPLECTATION_ID, OPTION_MNEMONIC, OPTION_LABEL) VALUES (632, "CBR", "CARBURETOR SYSTEM");
INSERT INTO COMPLECTATION_OPTIONS(COMPLECTATION_ID, OPTION_MNEMONIC, OPTION_LABEL) VALUES (632, "CBU", "COMPLETELY BUILT UNIT");
INSERT INTO COMPLECTATION(ID, FRAME_ID, NAME, URL, ENGINE_MNEMONIC, ENGINE_LABEL, PRODUCTION_PERIOD, BODY_MNEMONIC, BODY_LABEL, GRADE_MNEMONIC, GRADE_LABEL, TRANSMISSION_MNEMONIC, TRANSMISSION_LABEL) VALUES (633, 92, "RN50L-MRA", "https://toyota-usa.epc-data.com/4runner/rn50l/2550/", "22R", "2400CC", "08.1984 - 08.1988", "T1", "TRUCK(STANDARD DECK 1-SIDE OPEN)", "STD", "STANDARD TYPE", "MTM", "MANUAL TRANSMISSION");
INSERT INTO COMPLECTATION_OPTIONS(COMPLECTATION_ID, OPTION_MNEMONIC, OPTION_LABEL) VALUES (633, "5F", "MTM,5-SPEED FLOOR SHIFT");
INSERT INTO COMPLECTATION_OPTIONS(COMPLECTATION_ID, OPTION_MNEMONIC, OPTION_LABEL) VALUES (633, "RCB", "REGULAR CAB");
INSERT INTO COMPLECTATION_OPTIONS(COMPLECTATION_ID, OPTION_MNEMONIC, OPTION_LABEL) VALUES (633, "W", "W TYPE TRANSMISSION");
INSERT INTO COMPLECTATION_OPTIONS(COMPLECTATION_ID, OPTION_MNEMONIC, OPTION_LABEL) VALUES (633, "HLF", "0.5TONS");
INSERT INTO COMPLECTATION_OPTIONS(COMPLECTATION_ID, OPTION_MNEMONIC, OPTION_LABEL) VALUES (633, "ST", "SINGLE TIRE");
INSERT INTO COMPLECTATION_OPTIONS(COMPLECTATION_ID, OPTION_MNEMONIC, OPTION_LABEL) VALUES (633, "USA", "UNITED STATES OF AMERICA");
INSERT INTO COMPLECTATION_OPTIONS(COMPLECTATION_ID, OPTION_MNEMONIC, OPTION_LABEL) VALUES (633, "CBR", "CARBURETOR SYSTEM");
INSERT INTO COMPLECTATION_OPTIONS(COMPLECTATION_ID, OPTION_MNEMONIC, OPTION_LABEL) VALUES (633, "CBU", "COMPLETELY BUILT UNIT");
INSERT INTO COMPLECTATION(ID, FRAME_ID, NAME, URL, ENGINE_MNEMONIC, ENGINE_LABEL, PRODUCTION_PERIOD, BODY_MNEMONIC, BODY_LABEL, GRADE_MNEMONIC, GRADE_LABEL, TRANSMISSION_MNEMONIC, TRANSMISSION_LABEL) VALUES (634, 92, "RN50L-MSEA", "https://toyota-usa.epc-data.com/4runner/rn50l/2554/", "22REC", "2400CC EFI", "08.1983 - 08.1985", "T1", "TRUCK(STANDARD DECK 1-SIDE OPEN)", "SR5", "SR-5 TYPE", "MTM", "MANUAL TRANSMISSION");
INSERT INTO COMPLECTATION_OPTIONS(COMPLECTATION_ID, OPTION_MNEMONIC, OPTION_LABEL) VALUES (634, "5F", "MTM,5-SPEED FLOOR SHIFT");
INSERT INTO COMPLECTATION_OPTIONS(COMPLECTATION_ID, OPTION_MNEMONIC, OPTION_LABEL) VALUES (634, "RCB", "REGULAR CAB");
INSERT INTO COMPLECTATION_OPTIONS(COMPLECTATION_ID, OPTION_MNEMONIC, OPTION_LABEL) VALUES (634, "W", "W TYPE TRANSMISSION");
INSERT INTO COMPLECTATION_OPTIONS(COMPLECTATION_ID, OPTION_MNEMONIC, OPTION_LABEL) VALUES (634, "HLF", "0.5TONS");
INSERT INTO COMPLECTATION_OPTIONS(COMPLECTATION_ID, OPTION_MNEMONIC, OPTION_LABEL) VALUES (634, "ST", "SINGLE TIRE");
INSERT INTO COMPLECTATION_OPTIONS(COMPLECTATION_ID, OPTION_MNEMONIC, OPTION_LABEL) VALUES (634, "USA", "UNITED STATES OF AMERICA");
INSERT INTO COMPLECTATION_OPTIONS(COMPLECTATION_ID, OPTION_MNEMONIC, OPTION_LABEL) VALUES (634, "EFI", "ELECTRIC FUEL INJECTION SYSTEM");
INSERT INTO COMPLECTATION_OPTIONS(COMPLECTATION_ID, OPTION_MNEMONIC, OPTION_LABEL) VALUES (634, "CBU", "COMPLETELY BUILT UNIT");
INSERT INTO COMPLECTATION(ID, FRAME_ID, NAME, URL, ENGINE_MNEMONIC, ENGINE_LABEL, PRODUCTION_PERIOD, BODY_MNEMONIC, BODY_LABEL, GRADE_MNEMONIC, GRADE_LABEL, TRANSMISSION_MNEMONIC, TRANSMISSION_LABEL) VALUES (635, 92, "RN50L-MSEA3", "https://toyota-usa.epc-data.com/4runner/rn50l/2555/", "22REC", "2400CC EFI", "08.1983 - 08.1985", "T1", "TRUCK(STANDARD DECK 1-SIDE OPEN)", "SR5", "SR-5 TYPE", "MTM", "MANUAL TRANSMISSION");
INSERT INTO COMPLECTATION_OPTIONS(COMPLECTATION_ID, OPTION_MNEMONIC, OPTION_LABEL) VALUES (635, "5F", "MTM,5-SPEED FLOOR SHIFT");
INSERT INTO COMPLECTATION_OPTIONS(COMPLECTATION_ID, OPTION_MNEMONIC, OPTION_LABEL) VALUES (635, "RCB", "REGULAR CAB");
INSERT INTO COMPLECTATION_OPTIONS(COMPLECTATION_ID, OPTION_MNEMONIC, OPTION_LABEL) VALUES (635, "W", "W TYPE TRANSMISSION");
INSERT INTO COMPLECTATION_OPTIONS(COMPLECTATION_ID, OPTION_MNEMONIC, OPTION_LABEL) VALUES (635, "HLF", "0.5TONS");
INSERT INTO COMPLECTATION_OPTIONS(COMPLECTATION_ID, OPTION_MNEMONIC, OPTION_LABEL) VALUES (635, "ST", "SINGLE TIRE");
INSERT INTO COMPLECTATION_OPTIONS(COMPLECTATION_ID, OPTION_MNEMONIC, OPTION_LABEL) VALUES (635, "USA", "UNITED STATES OF AMERICA");
INSERT INTO COMPLECTATION_OPTIONS(COMPLECTATION_ID, OPTION_MNEMONIC, OPTION_LABEL) VALUES (635, "EFI", "ELECTRIC FUEL INJECTION SYSTEM");
INSERT INTO COMPLECTATION_OPTIONS(COMPLECTATION_ID, OPTION_MNEMONIC, OPTION_LABEL) VALUES (635, "IV", "INCOMPLETE VEHICLES (CHASSIS & CAB)");
INSERT INTO COMPLECTATION(ID, FRAME_ID, NAME, URL, ENGINE_MNEMONIC, ENGINE_LABEL, PRODUCTION_PERIOD, BODY_MNEMONIC, BODY_LABEL, GRADE_MNEMONIC, GRADE_LABEL, TRANSMISSION_MNEMONIC, TRANSMISSION_LABEL) VALUES (636, 92, "RN50L-PRA", "https://toyota-usa.epc-data.com/4runner/rn50l/2551/", "22R", "2400CC", "01.1984 - 08.1985", "T1", "TRUCK(STANDARD DECK 1-SIDE OPEN)", "STD", "STANDARD TYPE", "ATM", "AUTOMATIC TRANSMISSION");
INSERT INTO COMPLECTATION_OPTIONS(COMPLECTATION_ID, OPTION_MNEMONIC, OPTION_LABEL) VALUES (636, "4FC", "ATM,4-SPEED FLOOR SHIFT");
INSERT INTO COMPLECTATION_OPTIONS(COMPLECTATION_ID, OPTION_MNEMONIC, OPTION_LABEL) VALUES (636, "RCB", "REGULAR CAB");
INSERT INTO COMPLECTATION_OPTIONS(COMPLECTATION_ID, OPTION_MNEMONIC, OPTION_LABEL) VALUES (636, "HLF", "0.5TONS");
INSERT INTO COMPLECTATION_OPTIONS(COMPLECTATION_ID, OPTION_MNEMONIC, OPTION_LABEL) VALUES (636, "ST", "SINGLE TIRE");
INSERT INTO COMPLECTATION_OPTIONS(COMPLECTATION_ID, OPTION_MNEMONIC, OPTION_LABEL) VALUES (636, "USA", "UNITED STATES OF AMERICA");
INSERT INTO COMPLECTATION_OPTIONS(COMPLECTATION_ID, OPTION_MNEMONIC, OPTION_LABEL) VALUES (636, "CBR", "CARBURETOR SYSTEM");
INSERT INTO COMPLECTATION_OPTIONS(COMPLECTATION_ID, OPTION_MNEMONIC, OPTION_LABEL) VALUES (636, "CBU", "COMPLETELY BUILT UNIT");
INSERT INTO COMPLECTATION(ID, FRAME_ID, NAME, URL, ENGINE_MNEMONIC, ENGINE_LABEL, PRODUCTION_PERIOD, BODY_MNEMONIC, BODY_LABEL, GRADE_MNEMONIC, GRADE_LABEL, TRANSMISSION_MNEMONIC, TRANSMISSION_LABEL) VALUES (637, 92, "RN50L-SRA", "https://toyota-usa.epc-data.com/4runner/rn50l/2552/", "22R", "2400CC", "08.1985 - 08.1987", "T1", "TRUCK(STANDARD DECK 1-SIDE OPEN)", "STD", "STANDARD TYPE", "ATM", "AUTOMATIC TRANSMISSION");
INSERT INTO COMPLECTATION_OPTIONS(COMPLECTATION_ID, OPTION_MNEMONIC, OPTION_LABEL) VALUES (637, "4HC", "ATM,4-SPEED COLUMN SHIFT");
INSERT INTO COMPLECTATION_OPTIONS(COMPLECTATION_ID, OPTION_MNEMONIC, OPTION_LABEL) VALUES (637, "RCB", "REGULAR CAB");
INSERT INTO COMPLECTATION_OPTIONS(COMPLECTATION_ID, OPTION_MNEMONIC, OPTION_LABEL) VALUES (637, "HLF", "0.5TONS");
INSERT INTO COMPLECTATION_OPTIONS(COMPLECTATION_ID, OPTION_MNEMONIC, OPTION_LABEL) VALUES (637, "ST", "SINGLE TIRE");
INSERT INTO COMPLECTATION_OPTIONS(COMPLECTATION_ID, OPTION_MNEMONIC, OPTION_LABEL) VALUES (637, "USA", "UNITED STATES OF AMERICA");
INSERT INTO COMPLECTATION_OPTIONS(COMPLECTATION_ID, OPTION_MNEMONIC, OPTION_LABEL) VALUES (637, "CBR", "CARBURETOR SYSTEM");
INSERT INTO COMPLECTATION_OPTIONS(COMPLECTATION_ID, OPTION_MNEMONIC, OPTION_LABEL) VALUES (637, "CBU", "COMPLETELY BUILT UNIT");
INSERT INTO COMPLECTATION(ID, FRAME_ID, NAME, URL, ENGINE_MNEMONIC, ENGINE_LABEL, PRODUCTION_PERIOD, BODY_MNEMONIC, BODY_LABEL, GRADE_MNEMONIC, GRADE_LABEL, TRANSMISSION_MNEMONIC, TRANSMISSION_LABEL) VALUES (638, 92, "RN50L-SREA", "https://toyota-usa.epc-data.com/4runner/rn50l/2546/", "22REC", "2400CC EFI", "08.1987 - 08.1988", "T1", "TRUCK(STANDARD DECK 1-SIDE OPEN)", "STD", "STANDARD TYPE", "ATM", "AUTOMATIC TRANSMISSION");
INSERT INTO COMPLECTATION_OPTIONS(COMPLECTATION_ID, OPTION_MNEMONIC, OPTION_LABEL) VALUES (638, "4HC", "ATM,4-SPEED COLUMN SHIFT");
INSERT INTO COMPLECTATION_OPTIONS(COMPLECTATION_ID, OPTION_MNEMONIC, OPTION_LABEL) VALUES (638, "RCB", "REGULAR CAB");
INSERT INTO COMPLECTATION_OPTIONS(COMPLECTATION_ID, OPTION_MNEMONIC, OPTION_LABEL) VALUES (638, "HLF", "0.5TONS");
INSERT INTO COMPLECTATION_OPTIONS(COMPLECTATION_ID, OPTION_MNEMONIC, OPTION_LABEL) VALUES (638, "ST", "SINGLE TIRE");
INSERT INTO COMPLECTATION_OPTIONS(COMPLECTATION_ID, OPTION_MNEMONIC, OPTION_LABEL) VALUES (638, "USA", "UNITED STATES OF AMERICA");
INSERT INTO COMPLECTATION_OPTIONS(COMPLECTATION_ID, OPTION_MNEMONIC, OPTION_LABEL) VALUES (638, "EFI", "ELECTRIC FUEL INJECTION SYSTEM");
INSERT INTO COMPLECTATION_OPTIONS(COMPLECTATION_ID, OPTION_MNEMONIC, OPTION_LABEL) VALUES (638, "CBU", "COMPLETELY BUILT UNIT");
INSERT INTO COMPLECTATION(ID, FRAME_ID, NAME, URL, ENGINE_MNEMONIC, ENGINE_LABEL, PRODUCTION_PERIOD, BODY_MNEMONIC, BODY_LABEL, GRADE_MNEMONIC, GRADE_LABEL, TRANSMISSION_MNEMONIC, TRANSMISSION_LABEL) VALUES (639, 92, "RN50L-TRA", "https://toyota-usa.epc-data.com/4runner/rn50l/2553/", "22R", "2400CC", "08.1987 - 08.1988", "T1", "TRUCK(STANDARD DECK 1-SIDE OPEN)", "STD", "STANDARD TYPE", "MTM", "MANUAL TRANSMISSION");
INSERT INTO COMPLECTATION_OPTIONS(COMPLECTATION_ID, OPTION_MNEMONIC, OPTION_LABEL) VALUES (639, "4F", "MTM,4-SPEED FLOOR SHIFT");
INSERT INTO COMPLECTATION_OPTIONS(COMPLECTATION_ID, OPTION_MNEMONIC, OPTION_LABEL) VALUES (639, "RCB", "REGULAR CAB");
INSERT INTO COMPLECTATION_OPTIONS(COMPLECTATION_ID, OPTION_MNEMONIC, OPTION_LABEL) VALUES (639, "G", "G TYPE TRANSMISSION");
INSERT INTO COMPLECTATION_OPTIONS(COMPLECTATION_ID, OPTION_MNEMONIC, OPTION_LABEL) VALUES (639, "HLF", "0.5TONS");
INSERT INTO COMPLECTATION_OPTIONS(COMPLECTATION_ID, OPTION_MNEMONIC, OPTION_LABEL) VALUES (639, "ST", "SINGLE TIRE");
INSERT INTO COMPLECTATION_OPTIONS(COMPLECTATION_ID, OPTION_MNEMONIC, OPTION_LABEL) VALUES (639, "USA", "UNITED STATES OF AMERICA");
INSERT INTO COMPLECTATION_OPTIONS(COMPLECTATION_ID, OPTION_MNEMONIC, OPTION_LABEL) VALUES (639, "CBR", "CARBURETOR SYSTEM");
INSERT INTO COMPLECTATION_OPTIONS(COMPLECTATION_ID, OPTION_MNEMONIC, OPTION_LABEL) VALUES (639, "CBU", "COMPLETELY BUILT UNIT");
INSERT INTO FRAME(ID, MODEL_ID, NAME, URL) VALUES (93, 10, "RN55L", "https://toyota-usa.epc-data.com/4runner/rn55l");
INSERT INTO COMPLECTATION(ID, FRAME_ID, NAME, URL, ENGINE_MNEMONIC, ENGINE_LABEL, PRODUCTION_PERIOD, BODY_MNEMONIC, BODY_LABEL, GRADE_MNEMONIC, GRADE_LABEL, TRANSMISSION_MNEMONIC, TRANSMISSION_LABEL) VALUES (640, 93, "RN55L-KDA3W", "https://toyota-usa.epc-data.com/4runner/rn55l/2726/", "22R", "2400CC", "08.1983 - 08.1984", "T1", "TRUCK(STANDARD DECK 1-SIDE OPEN)", "DLX", "DELUXE TYPE", "MTM", "MANUAL TRANSMISSION");
INSERT INTO COMPLECTATION_OPTIONS(COMPLECTATION_ID, OPTION_MNEMONIC, OPTION_LABEL) VALUES (640, "4F", "MTM,4-SPEED FLOOR SHIFT");
INSERT INTO COMPLECTATION_OPTIONS(COMPLECTATION_ID, OPTION_MNEMONIC, OPTION_LABEL) VALUES (640, "RCB", "REGULAR CAB");
INSERT INTO COMPLECTATION_OPTIONS(COMPLECTATION_ID, OPTION_MNEMONIC, OPTION_LABEL) VALUES (640, "W", "W TYPE TRANSMISSION");
INSERT INTO COMPLECTATION_OPTIONS(COMPLECTATION_ID, OPTION_MNEMONIC, OPTION_LABEL) VALUES (640, "HVY", "HEAVY");
INSERT INTO COMPLECTATION_OPTIONS(COMPLECTATION_ID, OPTION_MNEMONIC, OPTION_LABEL) VALUES (640, "ST", "SINGLE TIRE");
INSERT INTO COMPLECTATION_OPTIONS(COMPLECTATION_ID, OPTION_MNEMONIC, OPTION_LABEL) VALUES (640, "USA", "UNITED STATES OF AMERICA");
INSERT INTO COMPLECTATION_OPTIONS(COMPLECTATION_ID, OPTION_MNEMONIC, OPTION_LABEL) VALUES (640, "CBR", "CARBURETOR SYSTEM");
INSERT INTO COMPLECTATION_OPTIONS(COMPLECTATION_ID, OPTION_MNEMONIC, OPTION_LABEL) VALUES (640, "IV", "INCOMPLETE VEHICLES (CHASSIS & CAB)");
INSERT INTO COMPLECTATION(ID, FRAME_ID, NAME, URL, ENGINE_MNEMONIC, ENGINE_LABEL, PRODUCTION_PERIOD, BODY_MNEMONIC, BODY_LABEL, GRADE_MNEMONIC, GRADE_LABEL, TRANSMISSION_MNEMONIC, TRANSMISSION_LABEL) VALUES (641, 93, "RN55L-KDEA3W", "https://toyota-usa.epc-data.com/4runner/rn55l/2727/", "22REC", "2400CC EFI", "08.1984 - 08.1985", "T1", "TRUCK(STANDARD DECK 1-SIDE OPEN)", "DLX", "DELUXE TYPE", "MTM", "MANUAL TRANSMISSION");
INSERT INTO COMPLECTATION_OPTIONS(COMPLECTATION_ID, OPTION_MNEMONIC, OPTION_LABEL) VALUES (641, "4F", "MTM,4-SPEED FLOOR SHIFT");
INSERT INTO COMPLECTATION_OPTIONS(COMPLECTATION_ID, OPTION_MNEMONIC, OPTION_LABEL) VALUES (641, "RCB", "REGULAR CAB");
INSERT INTO COMPLECTATION_OPTIONS(COMPLECTATION_ID, OPTION_MNEMONIC, OPTION_LABEL) VALUES (641, "W", "W TYPE TRANSMISSION");
INSERT INTO COMPLECTATION_OPTIONS(COMPLECTATION_ID, OPTION_MNEMONIC, OPTION_LABEL) VALUES (641, "HVY", "HEAVY");
INSERT INTO COMPLECTATION_OPTIONS(COMPLECTATION_ID, OPTION_MNEMONIC, OPTION_LABEL) VALUES (641, "ST", "SINGLE TIRE");
INSERT INTO COMPLECTATION_OPTIONS(COMPLECTATION_ID, OPTION_MNEMONIC, OPTION_LABEL) VALUES (641, "USA", "UNITED STATES OF AMERICA");
INSERT INTO COMPLECTATION_OPTIONS(COMPLECTATION_ID, OPTION_MNEMONIC, OPTION_LABEL) VALUES (641, "EFI", "ELECTRIC FUEL INJECTION SYSTEM");
INSERT INTO COMPLECTATION_OPTIONS(COMPLECTATION_ID, OPTION_MNEMONIC, OPTION_LABEL) VALUES (641, "IV", "INCOMPLETE VEHICLES (CHASSIS & CAB)");
INSERT INTO COMPLECTATION(ID, FRAME_ID, NAME, URL, ENGINE_MNEMONIC, ENGINE_LABEL, PRODUCTION_PERIOD, BODY_MNEMONIC, BODY_LABEL, GRADE_MNEMONIC, GRADE_LABEL, TRANSMISSION_MNEMONIC, TRANSMISSION_LABEL) VALUES (642, 93, "RN55L-KDEK3W", "https://toyota-usa.epc-data.com/4runner/rn55l/2728/", "22REC", "2400CC EFI", "08.1984 - 08.1985", "T1", "TRUCK(STANDARD DECK 1-SIDE OPEN)", "DLX", "DELUXE TYPE", "MTM", "MANUAL TRANSMISSION");
INSERT INTO COMPLECTATION_OPTIONS(COMPLECTATION_ID, OPTION_MNEMONIC, OPTION_LABEL) VALUES (642, "4F", "MTM,4-SPEED FLOOR SHIFT");
INSERT INTO COMPLECTATION_OPTIONS(COMPLECTATION_ID, OPTION_MNEMONIC, OPTION_LABEL) VALUES (642, "RCB", "REGULAR CAB");
INSERT INTO COMPLECTATION_OPTIONS(COMPLECTATION_ID, OPTION_MNEMONIC, OPTION_LABEL) VALUES (642, "W", "W TYPE TRANSMISSION");
INSERT INTO COMPLECTATION_OPTIONS(COMPLECTATION_ID, OPTION_MNEMONIC, OPTION_LABEL) VALUES (642, "HVY", "HEAVY");
INSERT INTO COMPLECTATION_OPTIONS(COMPLECTATION_ID, OPTION_MNEMONIC, OPTION_LABEL) VALUES (642, "ST", "SINGLE TIRE");
INSERT INTO COMPLECTATION_OPTIONS(COMPLECTATION_ID, OPTION_MNEMONIC, OPTION_LABEL) VALUES (642, "CND", "CANADA");
INSERT INTO COMPLECTATION_OPTIONS(COMPLECTATION_ID, OPTION_MNEMONIC, OPTION_LABEL) VALUES (642, "EFI", "ELECTRIC FUEL INJECTION SYSTEM");
INSERT INTO COMPLECTATION_OPTIONS(COMPLECTATION_ID, OPTION_MNEMONIC, OPTION_LABEL) VALUES (642, "IV", "INCOMPLETE VEHICLES (CHASSIS & CAB)");
INSERT INTO COMPLECTATION(ID, FRAME_ID, NAME, URL, ENGINE_MNEMONIC, ENGINE_LABEL, PRODUCTION_PERIOD, BODY_MNEMONIC, BODY_LABEL, GRADE_MNEMONIC, GRADE_LABEL, TRANSMISSION_MNEMONIC, TRANSMISSION_LABEL) VALUES (643, 93, "RN55L-KDK3W", "https://toyota-usa.epc-data.com/4runner/rn55l/2729/", "22R", "2400CC", "08.1983 - 08.1984", "T1", "TRUCK(STANDARD DECK 1-SIDE OPEN)", "DLX", "DELUXE TYPE", "MTM", "MANUAL TRANSMISSION");
INSERT INTO COMPLECTATION_OPTIONS(COMPLECTATION_ID, OPTION_MNEMONIC, OPTION_LABEL) VALUES (643, "4F", "MTM,4-SPEED FLOOR SHIFT");
INSERT INTO COMPLECTATION_OPTIONS(COMPLECTATION_ID, OPTION_MNEMONIC, OPTION_LABEL) VALUES (643, "RCB", "REGULAR CAB");
INSERT INTO COMPLECTATION_OPTIONS(COMPLECTATION_ID, OPTION_MNEMONIC, OPTION_LABEL) VALUES (643, "W", "W TYPE TRANSMISSION");
INSERT INTO COMPLECTATION_OPTIONS(COMPLECTATION_ID, OPTION_MNEMONIC, OPTION_LABEL) VALUES (643, "HVY", "HEAVY");
INSERT INTO COMPLECTATION_OPTIONS(COMPLECTATION_ID, OPTION_MNEMONIC, OPTION_LABEL) VALUES (643, "ST", "SINGLE TIRE");
INSERT INTO COMPLECTATION_OPTIONS(COMPLECTATION_ID, OPTION_MNEMONIC, OPTION_LABEL) VALUES (643, "CND", "CANADA");
INSERT INTO COMPLECTATION_OPTIONS(COMPLECTATION_ID, OPTION_MNEMONIC, OPTION_LABEL) VALUES (643, "CBR", "CARBURETOR SYSTEM");
INSERT INTO COMPLECTATION_OPTIONS(COMPLECTATION_ID, OPTION_MNEMONIC, OPTION_LABEL) VALUES (643, "IV", "INCOMPLETE VEHICLES (CHASSIS & CAB)");
INSERT INTO COMPLECTATION(ID, FRAME_ID, NAME, URL, ENGINE_MNEMONIC, ENGINE_LABEL, PRODUCTION_PERIOD, BODY_MNEMONIC, BODY_LABEL, GRADE_MNEMONIC, GRADE_LABEL, TRANSMISSION_MNEMONIC, TRANSMISSION_LABEL) VALUES (644, 93, "RN55L-KRA3W", "https://toyota-usa.epc-data.com/4runner/rn55l/2732/", "22R", "2400CC", "08.1983 - 08.1984", "T1", "TRUCK(STANDARD DECK 1-SIDE OPEN)", "STD", "STANDARD TYPE", "MTM", "MANUAL TRANSMISSION");
INSERT INTO COMPLECTATION_OPTIONS(COMPLECTATION_ID, OPTION_MNEMONIC, OPTION_LABEL) VALUES (644, "4F", "MTM,4-SPEED FLOOR SHIFT");
INSERT INTO COMPLECTATION_OPTIONS(COMPLECTATION_ID, OPTION_MNEMONIC, OPTION_LABEL) VALUES (644, "RCB", "REGULAR CAB");
INSERT INTO COMPLECTATION_OPTIONS(COMPLECTATION_ID, OPTION_MNEMONIC, OPTION_LABEL) VALUES (644, "W", "W TYPE TRANSMISSION");
INSERT INTO COMPLECTATION_OPTIONS(COMPLECTATION_ID, OPTION_MNEMONIC, OPTION_LABEL) VALUES (644, "HVY", "HEAVY");
INSERT INTO COMPLECTATION_OPTIONS(COMPLECTATION_ID, OPTION_MNEMONIC, OPTION_LABEL) VALUES (644, "ST", "SINGLE TIRE");
INSERT INTO COMPLECTATION_OPTIONS(COMPLECTATION_ID, OPTION_MNEMONIC, OPTION_LABEL) VALUES (644, "USA", "UNITED STATES OF AMERICA");
INSERT INTO COMPLECTATION_OPTIONS(COMPLECTATION_ID, OPTION_MNEMONIC, OPTION_LABEL) VALUES (644, "CBR", "CARBURETOR SYSTEM");
INSERT INTO COMPLECTATION_OPTIONS(COMPLECTATION_ID, OPTION_MNEMONIC, OPTION_LABEL) VALUES (644, "IV", "INCOMPLETE VEHICLES (CHASSIS & CAB)");
INSERT INTO COMPLECTATION(ID, FRAME_ID, NAME, URL, ENGINE_MNEMONIC, ENGINE_LABEL, PRODUCTION_PERIOD, BODY_MNEMONIC, BODY_LABEL, GRADE_MNEMONIC, GRADE_LABEL, TRANSMISSION_MNEMONIC, TRANSMISSION_LABEL) VALUES (645, 93, "RN55L-KREA3W", "https://toyota-usa.epc-data.com/4runner/rn55l/2733/", "22REC", "2400CC EFI", "08.1984 - 08.1988", "T1", "TRUCK(STANDARD DECK 1-SIDE OPEN)", "STD", "STANDARD TYPE", "MTM", "MANUAL TRANSMISSION");
INSERT INTO COMPLECTATION_OPTIONS(COMPLECTATION_ID, OPTION_MNEMONIC, OPTION_LABEL) VALUES (645, "4F", "MTM,4-SPEED FLOOR SHIFT");
INSERT INTO COMPLECTATION_OPTIONS(COMPLECTATION_ID, OPTION_MNEMONIC, OPTION_LABEL) VALUES (645, "RCB", "REGULAR CAB");
INSERT INTO COMPLECTATION_OPTIONS(COMPLECTATION_ID, OPTION_MNEMONIC, OPTION_LABEL) VALUES (645, "W", "W TYPE TRANSMISSION");
INSERT INTO COMPLECTATION_OPTIONS(COMPLECTATION_ID, OPTION_MNEMONIC, OPTION_LABEL) VALUES (645, "HVY", "HEAVY");
INSERT INTO COMPLECTATION_OPTIONS(COMPLECTATION_ID, OPTION_MNEMONIC, OPTION_LABEL) VALUES (645, "ST", "SINGLE TIRE");
INSERT INTO COMPLECTATION_OPTIONS(COMPLECTATION_ID, OPTION_MNEMONIC, OPTION_LABEL) VALUES (645, "USA", "UNITED STATES OF AMERICA");
INSERT INTO COMPLECTATION_OPTIONS(COMPLECTATION_ID, OPTION_MNEMONIC, OPTION_LABEL) VALUES (645, "EFI", "ELECTRIC FUEL INJECTION SYSTEM");
INSERT INTO COMPLECTATION_OPTIONS(COMPLECTATION_ID, OPTION_MNEMONIC, OPTION_LABEL) VALUES (645, "IV", "INCOMPLETE VEHICLES (CHASSIS & CAB)");
INSERT INTO COMPLECTATION(ID, FRAME_ID, NAME, URL, ENGINE_MNEMONIC, ENGINE_LABEL, PRODUCTION_PERIOD, BODY_MNEMONIC, BODY_LABEL, GRADE_MNEMONIC, GRADE_LABEL, TRANSMISSION_MNEMONIC, TRANSMISSION_LABEL) VALUES (646, 93, "RN55L-KRTEA3W", "https://toyota-usa.epc-data.com/4runner/rn55l/2735/", "22REC", "2400CC EFI", "08.1985 - 08.1988", "T1", "TRUCK(STANDARD DECK 1-SIDE OPEN)", "STD", "STANDARD TYPE", "MTM", "MANUAL TRANSMISSION");
INSERT INTO COMPLECTATION_OPTIONS(COMPLECTATION_ID, OPTION_MNEMONIC, OPTION_LABEL) VALUES (646, "4F", "MTM,4-SPEED FLOOR SHIFT");
INSERT INTO COMPLECTATION_OPTIONS(COMPLECTATION_ID, OPTION_MNEMONIC, OPTION_LABEL) VALUES (646, "RCB", "REGULAR CAB");
INSERT INTO COMPLECTATION_OPTIONS(COMPLECTATION_ID, OPTION_MNEMONIC, OPTION_LABEL) VALUES (646, "W", "W TYPE TRANSMISSION");
INSERT INTO COMPLECTATION_OPTIONS(COMPLECTATION_ID, OPTION_MNEMONIC, OPTION_LABEL) VALUES (646, "HVY", "HEAVY");
INSERT INTO COMPLECTATION_OPTIONS(COMPLECTATION_ID, OPTION_MNEMONIC, OPTION_LABEL) VALUES (646, "WT", "DOUBLE TIRE");
INSERT INTO COMPLECTATION_OPTIONS(COMPLECTATION_ID, OPTION_MNEMONIC, OPTION_LABEL) VALUES (646, "USA", "UNITED STATES OF AMERICA");
INSERT INTO COMPLECTATION_OPTIONS(COMPLECTATION_ID, OPTION_MNEMONIC, OPTION_LABEL) VALUES (646, "EFI", "ELECTRIC FUEL INJECTION SYSTEM");
INSERT INTO COMPLECTATION_OPTIONS(COMPLECTATION_ID, OPTION_MNEMONIC, OPTION_LABEL) VALUES (646, "IV", "INCOMPLETE VEHICLES (CHASSIS & CAB)");
INSERT INTO COMPLECTATION(ID, FRAME_ID, NAME, URL, ENGINE_MNEMONIC, ENGINE_LABEL, PRODUCTION_PERIOD, BODY_MNEMONIC, BODY_LABEL, GRADE_MNEMONIC, GRADE_LABEL, TRANSMISSION_MNEMONIC, TRANSMISSION_LABEL) VALUES (647, 93, "RN55L-LDA", "https://toyota-usa.epc-data.com/4runner/rn55l/2558/", "22R", "2400CC", "08.1987 - 08.1988", "T1", "TRUCK(STANDARD DECK 1-SIDE OPEN)", "DLX", "DELUXE TYPE", "MTM", "MANUAL TRANSMISSION");
INSERT INTO COMPLECTATION_OPTIONS(COMPLECTATION_ID, OPTION_MNEMONIC, OPTION_LABEL) VALUES (647, "5F", "MTM,5-SPEED FLOOR SHIFT");
INSERT INTO COMPLECTATION_OPTIONS(COMPLECTATION_ID, OPTION_MNEMONIC, OPTION_LABEL) VALUES (647, "RCB", "REGULAR CAB");
INSERT INTO COMPLECTATION_OPTIONS(COMPLECTATION_ID, OPTION_MNEMONIC, OPTION_LABEL) VALUES (647, "G", "G TYPE TRANSMISSION");
INSERT INTO COMPLECTATION_OPTIONS(COMPLECTATION_ID, OPTION_MNEMONIC, OPTION_LABEL) VALUES (647, "HLF", "0.5TONS");
INSERT INTO COMPLECTATION_OPTIONS(COMPLECTATION_ID, OPTION_MNEMONIC, OPTION_LABEL) VALUES (647, "ST", "SINGLE TIRE");
INSERT INTO COMPLECTATION_OPTIONS(COMPLECTATION_ID, OPTION_MNEMONIC, OPTION_LABEL) VALUES (647, "USA", "UNITED STATES OF AMERICA");
INSERT INTO COMPLECTATION_OPTIONS(COMPLECTATION_ID, OPTION_MNEMONIC, OPTION_LABEL) VALUES (647, "CBR", "CARBURETOR SYSTEM");
INSERT INTO COMPLECTATION_OPTIONS(COMPLECTATION_ID, OPTION_MNEMONIC, OPTION_LABEL) VALUES (647, "CBU", "COMPLETELY BUILT UNIT");
INSERT INTO COMPLECTATION(ID, FRAME_ID, NAME, URL, ENGINE_MNEMONIC, ENGINE_LABEL, PRODUCTION_PERIOD, BODY_MNEMONIC, BODY_LABEL, GRADE_MNEMONIC, GRADE_LABEL, TRANSMISSION_MNEMONIC, TRANSMISSION_LABEL) VALUES (648, 93, "RN55L-LDA3", "https://toyota-usa.epc-data.com/4runner/rn55l/2559/", "22R", "2400CC", "08.1987 - 08.1988", "T1", "TRUCK(STANDARD DECK 1-SIDE OPEN)", "DLX", "DELUXE TYPE", "MTM", "MANUAL TRANSMISSION");
INSERT INTO COMPLECTATION_OPTIONS(COMPLECTATION_ID, OPTION_MNEMONIC, OPTION_LABEL) VALUES (648, "5F", "MTM,5-SPEED FLOOR SHIFT");
INSERT INTO COMPLECTATION_OPTIONS(COMPLECTATION_ID, OPTION_MNEMONIC, OPTION_LABEL) VALUES (648, "RCB", "REGULAR CAB");
INSERT INTO COMPLECTATION_OPTIONS(COMPLECTATION_ID, OPTION_MNEMONIC, OPTION_LABEL) VALUES (648, "G", "G TYPE TRANSMISSION");
INSERT INTO COMPLECTATION_OPTIONS(COMPLECTATION_ID, OPTION_MNEMONIC, OPTION_LABEL) VALUES (648, "HLF", "0.5TONS");
INSERT INTO COMPLECTATION_OPTIONS(COMPLECTATION_ID, OPTION_MNEMONIC, OPTION_LABEL) VALUES (648, "ST", "SINGLE TIRE");
INSERT INTO COMPLECTATION_OPTIONS(COMPLECTATION_ID, OPTION_MNEMONIC, OPTION_LABEL) VALUES (648, "USA", "UNITED STATES OF AMERICA");
INSERT INTO COMPLECTATION_OPTIONS(COMPLECTATION_ID, OPTION_MNEMONIC, OPTION_LABEL) VALUES (648, "CBR", "CARBURETOR SYSTEM");
INSERT INTO COMPLECTATION_OPTIONS(COMPLECTATION_ID, OPTION_MNEMONIC, OPTION_LABEL) VALUES (648, "IV", "INCOMPLETE VEHICLES (CHASSIS & CAB)");
INSERT INTO COMPLECTATION(ID, FRAME_ID, NAME, URL, ENGINE_MNEMONIC, ENGINE_LABEL, PRODUCTION_PERIOD, BODY_MNEMONIC, BODY_LABEL, GRADE_MNEMONIC, GRADE_LABEL, TRANSMISSION_MNEMONIC, TRANSMISSION_LABEL) VALUES (649, 93, "RN55L-LRA", "https://toyota-usa.epc-data.com/4runner/rn55l/2575/", "22R", "2400CC", "08.1987 - 08.1988", "T1", "TRUCK(STANDARD DECK 1-SIDE OPEN)", "STD", "STANDARD TYPE", "MTM", "MANUAL TRANSMISSION");
INSERT INTO COMPLECTATION_OPTIONS(COMPLECTATION_ID, OPTION_MNEMONIC, OPTION_LABEL) VALUES (649, "5F", "MTM,5-SPEED FLOOR SHIFT");
INSERT INTO COMPLECTATION_OPTIONS(COMPLECTATION_ID, OPTION_MNEMONIC, OPTION_LABEL) VALUES (649, "RCB", "REGULAR CAB");
INSERT INTO COMPLECTATION_OPTIONS(COMPLECTATION_ID, OPTION_MNEMONIC, OPTION_LABEL) VALUES (649, "G", "G TYPE TRANSMISSION");
INSERT INTO COMPLECTATION_OPTIONS(COMPLECTATION_ID, OPTION_MNEMONIC, OPTION_LABEL) VALUES (649, "HLF", "0.5TONS");
INSERT INTO COMPLECTATION_OPTIONS(COMPLECTATION_ID, OPTION_MNEMONIC, OPTION_LABEL) VALUES (649, "ST", "SINGLE TIRE");
INSERT INTO COMPLECTATION_OPTIONS(COMPLECTATION_ID, OPTION_MNEMONIC, OPTION_LABEL) VALUES (649, "USA", "UNITED STATES OF AMERICA");
INSERT INTO COMPLECTATION_OPTIONS(COMPLECTATION_ID, OPTION_MNEMONIC, OPTION_LABEL) VALUES (649, "CBR", "CARBURETOR SYSTEM");
INSERT INTO COMPLECTATION_OPTIONS(COMPLECTATION_ID, OPTION_MNEMONIC, OPTION_LABEL) VALUES (649, "CBU", "COMPLETELY BUILT UNIT");
INSERT INTO COMPLECTATION(ID, FRAME_ID, NAME, URL, ENGINE_MNEMONIC, ENGINE_LABEL, PRODUCTION_PERIOD, BODY_MNEMONIC, BODY_LABEL, GRADE_MNEMONIC, GRADE_LABEL, TRANSMISSION_MNEMONIC, TRANSMISSION_LABEL) VALUES (650, 93, "RN55L-MDA", "https://toyota-usa.epc-data.com/4runner/rn55l/2560/", "22R", "2400CC", "08.1983 - 08.1987", "T1", "TRUCK(STANDARD DECK 1-SIDE OPEN)", "DLX", "DELUXE TYPE", "MTM", "MANUAL TRANSMISSION");
INSERT INTO COMPLECTATION_OPTIONS(COMPLECTATION_ID, OPTION_MNEMONIC, OPTION_LABEL) VALUES (650, "5F", "MTM,5-SPEED FLOOR SHIFT");
INSERT INTO COMPLECTATION_OPTIONS(COMPLECTATION_ID, OPTION_MNEMONIC, OPTION_LABEL) VALUES (650, "RCB", "REGULAR CAB");
INSERT INTO COMPLECTATION_OPTIONS(COMPLECTATION_ID, OPTION_MNEMONIC, OPTION_LABEL) VALUES (650, "W", "W TYPE TRANSMISSION");
INSERT INTO COMPLECTATION_OPTIONS(COMPLECTATION_ID, OPTION_MNEMONIC, OPTION_LABEL) VALUES (650, "HLF", "0.5TONS");
INSERT INTO COMPLECTATION_OPTIONS(COMPLECTATION_ID, OPTION_MNEMONIC, OPTION_LABEL) VALUES (650, "ST", "SINGLE TIRE");
INSERT INTO COMPLECTATION_OPTIONS(COMPLECTATION_ID, OPTION_MNEMONIC, OPTION_LABEL) VALUES (650, "USA", "UNITED STATES OF AMERICA");
INSERT INTO COMPLECTATION_OPTIONS(COMPLECTATION_ID, OPTION_MNEMONIC, OPTION_LABEL) VALUES (650, "CBR", "CARBURETOR SYSTEM");
INSERT INTO COMPLECTATION_OPTIONS(COMPLECTATION_ID, OPTION_MNEMONIC, OPTION_LABEL) VALUES (650, "CBU", "COMPLETELY BUILT UNIT");
INSERT INTO COMPLECTATION(ID, FRAME_ID, NAME, URL, ENGINE_MNEMONIC, ENGINE_LABEL, PRODUCTION_PERIOD, BODY_MNEMONIC, BODY_LABEL, GRADE_MNEMONIC, GRADE_LABEL, TRANSMISSION_MNEMONIC, TRANSMISSION_LABEL) VALUES (651, 93, "RN55L-MDA3", "https://toyota-usa.epc-data.com/4runner/rn55l/2561/", "22R", "2400CC", "08.1983 - 08.1988", "T1", "TRUCK(STANDARD DECK 1-SIDE OPEN)", "DLX", "DELUXE TYPE", "MTM", "MANUAL TRANSMISSION");
INSERT INTO COMPLECTATION_OPTIONS(COMPLECTATION_ID, OPTION_MNEMONIC, OPTION_LABEL) VALUES (651, "5F", "MTM,5-SPEED FLOOR SHIFT");
INSERT INTO COMPLECTATION_OPTIONS(COMPLECTATION_ID, OPTION_MNEMONIC, OPTION_LABEL) VALUES (651, "RCB", "REGULAR CAB");
INSERT INTO COMPLECTATION_OPTIONS(COMPLECTATION_ID, OPTION_MNEMONIC, OPTION_LABEL) VALUES (651, "W", "W TYPE TRANSMISSION");
INSERT INTO COMPLECTATION_OPTIONS(COMPLECTATION_ID, OPTION_MNEMONIC, OPTION_LABEL) VALUES (651, "HLF", "0.5TONS");
INSERT INTO COMPLECTATION_OPTIONS(COMPLECTATION_ID, OPTION_MNEMONIC, OPTION_LABEL) VALUES (651, "ST", "SINGLE TIRE");
INSERT INTO COMPLECTATION_OPTIONS(COMPLECTATION_ID, OPTION_MNEMONIC, OPTION_LABEL) VALUES (651, "USA", "UNITED STATES OF AMERICA");
INSERT INTO COMPLECTATION_OPTIONS(COMPLECTATION_ID, OPTION_MNEMONIC, OPTION_LABEL) VALUES (651, "CBR", "CARBURETOR SYSTEM");
INSERT INTO COMPLECTATION_OPTIONS(COMPLECTATION_ID, OPTION_MNEMONIC, OPTION_LABEL) VALUES (651, "IV", "INCOMPLETE VEHICLES (CHASSIS & CAB)");
INSERT INTO COMPLECTATION(ID, FRAME_ID, NAME, URL, ENGINE_MNEMONIC, ENGINE_LABEL, PRODUCTION_PERIOD, BODY_MNEMONIC, BODY_LABEL, GRADE_MNEMONIC, GRADE_LABEL, TRANSMISSION_MNEMONIC, TRANSMISSION_LABEL) VALUES (652, 93, "RN55L-MDCA", "https://toyota-usa.epc-data.com/4runner/rn55l/2586/", "22R", "2400CC", "08.1984 - 08.1985", "T1", "TRUCK(STANDARD DECK 1-SIDE OPEN)", "DLX", "DELUXE TYPE", "MTM", "MANUAL TRANSMISSION");
INSERT INTO COMPLECTATION_OPTIONS(COMPLECTATION_ID, OPTION_MNEMONIC, OPTION_LABEL) VALUES (652, "5F", "MTM,5-SPEED FLOOR SHIFT");
INSERT INTO COMPLECTATION_OPTIONS(COMPLECTATION_ID, OPTION_MNEMONIC, OPTION_LABEL) VALUES (652, "XTR", "EXTRA CAB");
INSERT INTO COMPLECTATION_OPTIONS(COMPLECTATION_ID, OPTION_MNEMONIC, OPTION_LABEL) VALUES (652, "W", "W TYPE TRANSMISSION");
INSERT INTO COMPLECTATION_OPTIONS(COMPLECTATION_ID, OPTION_MNEMONIC, OPTION_LABEL) VALUES (652, "HLF", "0.5TONS");
INSERT INTO COMPLECTATION_OPTIONS(COMPLECTATION_ID, OPTION_MNEMONIC, OPTION_LABEL) VALUES (652, "ST", "SINGLE TIRE");
INSERT INTO COMPLECTATION_OPTIONS(COMPLECTATION_ID, OPTION_MNEMONIC, OPTION_LABEL) VALUES (652, "USA", "UNITED STATES OF AMERICA");
INSERT INTO COMPLECTATION_OPTIONS(COMPLECTATION_ID, OPTION_MNEMONIC, OPTION_LABEL) VALUES (652, "CBR", "CARBURETOR SYSTEM");
INSERT INTO COMPLECTATION_OPTIONS(COMPLECTATION_ID, OPTION_MNEMONIC, OPTION_LABEL) VALUES (652, "CBU", "COMPLETELY BUILT UNIT");
INSERT INTO COMPLECTATION(ID, FRAME_ID, NAME, URL, ENGINE_MNEMONIC, ENGINE_LABEL, PRODUCTION_PERIOD, BODY_MNEMONIC, BODY_LABEL, GRADE_MNEMONIC, GRADE_LABEL, TRANSMISSION_MNEMONIC, TRANSMISSION_LABEL) VALUES (653, 93, "RN55L-MDCA3", "https://toyota-usa.epc-data.com/4runner/rn55l/2587/", "22R", "2400CC", "08.1983 - 08.1985", "T1", "TRUCK(STANDARD DECK 1-SIDE OPEN)", "DLX", "DELUXE TYPE", "MTM", "MANUAL TRANSMISSION");
INSERT INTO COMPLECTATION_OPTIONS(COMPLECTATION_ID, OPTION_MNEMONIC, OPTION_LABEL) VALUES (653, "5F", "MTM,5-SPEED FLOOR SHIFT");
INSERT INTO COMPLECTATION_OPTIONS(COMPLECTATION_ID, OPTION_MNEMONIC, OPTION_LABEL) VALUES (653, "XTR", "EXTRA CAB");
INSERT INTO COMPLECTATION_OPTIONS(COMPLECTATION_ID, OPTION_MNEMONIC, OPTION_LABEL) VALUES (653, "W", "W TYPE TRANSMISSION");
INSERT INTO COMPLECTATION_OPTIONS(COMPLECTATION_ID, OPTION_MNEMONIC, OPTION_LABEL) VALUES (653, "HLF", "0.5TONS");
INSERT INTO COMPLECTATION_OPTIONS(COMPLECTATION_ID, OPTION_MNEMONIC, OPTION_LABEL) VALUES (653, "ST", "SINGLE TIRE");
INSERT INTO COMPLECTATION_OPTIONS(COMPLECTATION_ID, OPTION_MNEMONIC, OPTION_LABEL) VALUES (653, "USA", "UNITED STATES OF AMERICA");
INSERT INTO COMPLECTATION_OPTIONS(COMPLECTATION_ID, OPTION_MNEMONIC, OPTION_LABEL) VALUES (653, "CBR", "CARBURETOR SYSTEM");
INSERT INTO COMPLECTATION_OPTIONS(COMPLECTATION_ID, OPTION_MNEMONIC, OPTION_LABEL) VALUES (653, "IV", "INCOMPLETE VEHICLES (CHASSIS & CAB)");
INSERT INTO COMPLECTATION(ID, FRAME_ID, NAME, URL, ENGINE_MNEMONIC, ENGINE_LABEL, PRODUCTION_PERIOD, BODY_MNEMONIC, BODY_LABEL, GRADE_MNEMONIC, GRADE_LABEL, TRANSMISSION_MNEMONIC, TRANSMISSION_LABEL) VALUES (654, 93, "RN55L-MDCK", "https://toyota-usa.epc-data.com/4runner/rn55l/2588/", "22R", "2400CC", "09.1983 - 08.1985", "T1", "TRUCK(STANDARD DECK 1-SIDE OPEN)", "DLX", "DELUXE TYPE", "MTM", "MANUAL TRANSMISSION");
INSERT INTO COMPLECTATION_OPTIONS(COMPLECTATION_ID, OPTION_MNEMONIC, OPTION_LABEL) VALUES (654, "5F", "MTM,5-SPEED FLOOR SHIFT");
INSERT INTO COMPLECTATION_OPTIONS(COMPLECTATION_ID, OPTION_MNEMONIC, OPTION_LABEL) VALUES (654, "XTR", "EXTRA CAB");
INSERT INTO COMPLECTATION_OPTIONS(COMPLECTATION_ID, OPTION_MNEMONIC, OPTION_LABEL) VALUES (654, "W", "W TYPE TRANSMISSION");
INSERT INTO COMPLECTATION_OPTIONS(COMPLECTATION_ID, OPTION_MNEMONIC, OPTION_LABEL) VALUES (654, "HLF", "0.5TONS");
INSERT INTO COMPLECTATION_OPTIONS(COMPLECTATION_ID, OPTION_MNEMONIC, OPTION_LABEL) VALUES (654, "ST", "SINGLE TIRE");
INSERT INTO COMPLECTATION_OPTIONS(COMPLECTATION_ID, OPTION_MNEMONIC, OPTION_LABEL) VALUES (654, "CND", "CANADA");
INSERT INTO COMPLECTATION_OPTIONS(COMPLECTATION_ID, OPTION_MNEMONIC, OPTION_LABEL) VALUES (654, "CBR", "CARBURETOR SYSTEM");
INSERT INTO COMPLECTATION_OPTIONS(COMPLECTATION_ID, OPTION_MNEMONIC, OPTION_LABEL) VALUES (654, "CBU", "COMPLETELY BUILT UNIT");
INSERT INTO COMPLECTATION(ID, FRAME_ID, NAME, URL, ENGINE_MNEMONIC, ENGINE_LABEL, PRODUCTION_PERIOD, BODY_MNEMONIC, BODY_LABEL, GRADE_MNEMONIC, GRADE_LABEL, TRANSMISSION_MNEMONIC, TRANSMISSION_LABEL) VALUES (655, 93, "RN55L-MGCZA", "https://toyota-usa.epc-data.com/4runner/rn55l/2592/", "22RTEC", "2400CC", "08.1985 - 08.1987", "T1", "TRUCK(STANDARD DECK 1-SIDE OPEN)", "SRT", "SR-5 TYPE (WITH TURBO)", "MTM", "MANUAL TRANSMISSION");
INSERT INTO COMPLECTATION_OPTIONS(COMPLECTATION_ID, OPTION_MNEMONIC, OPTION_LABEL) VALUES (655, "5F", "MTM,5-SPEED FLOOR SHIFT");
INSERT INTO COMPLECTATION_OPTIONS(COMPLECTATION_ID, OPTION_MNEMONIC, OPTION_LABEL) VALUES (655, "XTR", "EXTRA CAB");
INSERT INTO COMPLECTATION_OPTIONS(COMPLECTATION_ID, OPTION_MNEMONIC, OPTION_LABEL) VALUES (655, "R", "R TYPE TRANSMISSION");
INSERT INTO COMPLECTATION_OPTIONS(COMPLECTATION_ID, OPTION_MNEMONIC, OPTION_LABEL) VALUES (655, "HLF", "0.5TONS");
INSERT INTO COMPLECTATION_OPTIONS(COMPLECTATION_ID, OPTION_MNEMONIC, OPTION_LABEL) VALUES (655, "ST", "SINGLE TIRE");
INSERT INTO COMPLECTATION_OPTIONS(COMPLECTATION_ID, OPTION_MNEMONIC, OPTION_LABEL) VALUES (655, "USA", "UNITED STATES OF AMERICA");
INSERT INTO COMPLECTATION_OPTIONS(COMPLECTATION_ID, OPTION_MNEMONIC, OPTION_LABEL) VALUES (655, "TBO", "TURBO SYSTEM");
INSERT INTO COMPLECTATION_OPTIONS(COMPLECTATION_ID, OPTION_MNEMONIC, OPTION_LABEL) VALUES (655, "CBU", "COMPLETELY BUILT UNIT");
INSERT INTO COMPLECTATION(ID, FRAME_ID, NAME, URL, ENGINE_MNEMONIC, ENGINE_LABEL, PRODUCTION_PERIOD, BODY_MNEMONIC, BODY_LABEL, GRADE_MNEMONIC, GRADE_LABEL, TRANSMISSION_MNEMONIC, TRANSMISSION_LABEL) VALUES (656, 93, "RN55L-MGCZA3", "https://toyota-usa.epc-data.com/4runner/rn55l/2593/", "22RTEC", "2400CC", "08.1985 - 08.1987", "T1", "TRUCK(STANDARD DECK 1-SIDE OPEN)", "SRT", "SR-5 TYPE (WITH TURBO)", "MTM", "MANUAL TRANSMISSION");
INSERT INTO COMPLECTATION_OPTIONS(COMPLECTATION_ID, OPTION_MNEMONIC, OPTION_LABEL) VALUES (656, "5F", "MTM,5-SPEED FLOOR SHIFT");
INSERT INTO COMPLECTATION_OPTIONS(COMPLECTATION_ID, OPTION_MNEMONIC, OPTION_LABEL) VALUES (656, "XTR", "EXTRA CAB");
INSERT INTO COMPLECTATION_OPTIONS(COMPLECTATION_ID, OPTION_MNEMONIC, OPTION_LABEL) VALUES (656, "R", "R TYPE TRANSMISSION");
INSERT INTO COMPLECTATION_OPTIONS(COMPLECTATION_ID, OPTION_MNEMONIC, OPTION_LABEL) VALUES (656, "HLF", "0.5TONS");
INSERT INTO COMPLECTATION_OPTIONS(COMPLECTATION_ID, OPTION_MNEMONIC, OPTION_LABEL) VALUES (656, "ST", "SINGLE TIRE");
INSERT INTO COMPLECTATION_OPTIONS(COMPLECTATION_ID, OPTION_MNEMONIC, OPTION_LABEL) VALUES (656, "USA", "UNITED STATES OF AMERICA");
INSERT INTO COMPLECTATION_OPTIONS(COMPLECTATION_ID, OPTION_MNEMONIC, OPTION_LABEL) VALUES (656, "TBO", "TURBO SYSTEM");
INSERT INTO COMPLECTATION_OPTIONS(COMPLECTATION_ID, OPTION_MNEMONIC, OPTION_LABEL) VALUES (656, "IV", "INCOMPLETE VEHICLES (CHASSIS & CAB)");
INSERT INTO COMPLECTATION(ID, FRAME_ID, NAME, URL, ENGINE_MNEMONIC, ENGINE_LABEL, PRODUCTION_PERIOD, BODY_MNEMONIC, BODY_LABEL, GRADE_MNEMONIC, GRADE_LABEL, TRANSMISSION_MNEMONIC, TRANSMISSION_LABEL) VALUES (657, 93, "RN55L-MRA", "https://toyota-usa.epc-data.com/4runner/rn55l/2576/", "22R", "2400CC", "08.1983 - 08.1988", "T1", "TRUCK(STANDARD DECK 1-SIDE OPEN)", "STD", "STANDARD TYPE", "MTM", "MANUAL TRANSMISSION");
INSERT INTO COMPLECTATION_OPTIONS(COMPLECTATION_ID, OPTION_MNEMONIC, OPTION_LABEL) VALUES (657, "5F", "MTM,5-SPEED FLOOR SHIFT");
INSERT INTO COMPLECTATION_OPTIONS(COMPLECTATION_ID, OPTION_MNEMONIC, OPTION_LABEL) VALUES (657, "RCB", "REGULAR CAB");
INSERT INTO COMPLECTATION_OPTIONS(COMPLECTATION_ID, OPTION_MNEMONIC, OPTION_LABEL) VALUES (657, "W", "W TYPE TRANSMISSION");
INSERT INTO COMPLECTATION_OPTIONS(COMPLECTATION_ID, OPTION_MNEMONIC, OPTION_LABEL) VALUES (657, "HLF", "0.5TONS");
INSERT INTO COMPLECTATION_OPTIONS(COMPLECTATION_ID, OPTION_MNEMONIC, OPTION_LABEL) VALUES (657, "ST", "SINGLE TIRE");
INSERT INTO COMPLECTATION_OPTIONS(COMPLECTATION_ID, OPTION_MNEMONIC, OPTION_LABEL) VALUES (657, "USA", "UNITED STATES OF AMERICA");
INSERT INTO COMPLECTATION_OPTIONS(COMPLECTATION_ID, OPTION_MNEMONIC, OPTION_LABEL) VALUES (657, "CBR", "CARBURETOR SYSTEM");
INSERT INTO COMPLECTATION_OPTIONS(COMPLECTATION_ID, OPTION_MNEMONIC, OPTION_LABEL) VALUES (657, "CBU", "COMPLETELY BUILT UNIT");
INSERT INTO COMPLECTATION(ID, FRAME_ID, NAME, URL, ENGINE_MNEMONIC, ENGINE_LABEL, PRODUCTION_PERIOD, BODY_MNEMONIC, BODY_LABEL, GRADE_MNEMONIC, GRADE_LABEL, TRANSMISSION_MNEMONIC, TRANSMISSION_LABEL) VALUES (658, 93, "RN55L-MRHA", "https://toyota-usa.epc-data.com/4runner/rn55l/2566/", "22R", "2400CC", "08.1983 - 08.1984", "T1", "TRUCK(STANDARD DECK 1-SIDE OPEN)", "STD", "STANDARD TYPE", "MTM", "MANUAL TRANSMISSION");
INSERT INTO COMPLECTATION_OPTIONS(COMPLECTATION_ID, OPTION_MNEMONIC, OPTION_LABEL) VALUES (658, "5F", "MTM,5-SPEED FLOOR SHIFT");
INSERT INTO COMPLECTATION_OPTIONS(COMPLECTATION_ID, OPTION_MNEMONIC, OPTION_LABEL) VALUES (658, "RCB", "REGULAR CAB");
INSERT INTO COMPLECTATION_OPTIONS(COMPLECTATION_ID, OPTION_MNEMONIC, OPTION_LABEL) VALUES (658, "W", "W TYPE TRANSMISSION");
INSERT INTO COMPLECTATION_OPTIONS(COMPLECTATION_ID, OPTION_MNEMONIC, OPTION_LABEL) VALUES (658, "3QT", "0.75TONS");
INSERT INTO COMPLECTATION_OPTIONS(COMPLECTATION_ID, OPTION_MNEMONIC, OPTION_LABEL) VALUES (658, "ST", "SINGLE TIRE");
INSERT INTO COMPLECTATION_OPTIONS(COMPLECTATION_ID, OPTION_MNEMONIC, OPTION_LABEL) VALUES (658, "USA", "UNITED STATES OF AMERICA");
INSERT INTO COMPLECTATION_OPTIONS(COMPLECTATION_ID, OPTION_MNEMONIC, OPTION_LABEL) VALUES (658, "CBR", "CARBURETOR SYSTEM");
INSERT INTO COMPLECTATION_OPTIONS(COMPLECTATION_ID, OPTION_MNEMONIC, OPTION_LABEL) VALUES (658, "CBU", "COMPLETELY BUILT UNIT");
INSERT INTO COMPLECTATION(ID, FRAME_ID, NAME, URL, ENGINE_MNEMONIC, ENGINE_LABEL, PRODUCTION_PERIOD, BODY_MNEMONIC, BODY_LABEL, GRADE_MNEMONIC, GRADE_LABEL, TRANSMISSION_MNEMONIC, TRANSMISSION_LABEL) VALUES (659, 93, "RN55L-MRHA3", "https://toyota-usa.epc-data.com/4runner/rn55l/2567/", "22R", "2400CC", "08.1983 - 08.1984", "T1", "TRUCK(STANDARD DECK 1-SIDE OPEN)", "STD", "STANDARD TYPE", "MTM", "MANUAL TRANSMISSION");
INSERT INTO COMPLECTATION_OPTIONS(COMPLECTATION_ID, OPTION_MNEMONIC, OPTION_LABEL) VALUES (659, "5F", "MTM,5-SPEED FLOOR SHIFT");
INSERT INTO COMPLECTATION_OPTIONS(COMPLECTATION_ID, OPTION_MNEMONIC, OPTION_LABEL) VALUES (659, "RCB", "REGULAR CAB");
INSERT INTO COMPLECTATION_OPTIONS(COMPLECTATION_ID, OPTION_MNEMONIC, OPTION_LABEL) VALUES (659, "W", "W TYPE TRANSMISSION");
INSERT INTO COMPLECTATION_OPTIONS(COMPLECTATION_ID, OPTION_MNEMONIC, OPTION_LABEL) VALUES (659, "3QT", "0.75TONS");
INSERT INTO COMPLECTATION_OPTIONS(COMPLECTATION_ID, OPTION_MNEMONIC, OPTION_LABEL) VALUES (659, "ST", "SINGLE TIRE");
INSERT INTO COMPLECTATION_OPTIONS(COMPLECTATION_ID, OPTION_MNEMONIC, OPTION_LABEL) VALUES (659, "USA", "UNITED STATES OF AMERICA");
INSERT INTO COMPLECTATION_OPTIONS(COMPLECTATION_ID, OPTION_MNEMONIC, OPTION_LABEL) VALUES (659, "CBR", "CARBURETOR SYSTEM");
INSERT INTO COMPLECTATION_OPTIONS(COMPLECTATION_ID, OPTION_MNEMONIC, OPTION_LABEL) VALUES (659, "IV", "INCOMPLETE VEHICLES (CHASSIS & CAB)");
INSERT INTO COMPLECTATION(ID, FRAME_ID, NAME, URL, ENGINE_MNEMONIC, ENGINE_LABEL, PRODUCTION_PERIOD, BODY_MNEMONIC, BODY_LABEL, GRADE_MNEMONIC, GRADE_LABEL, TRANSMISSION_MNEMONIC, TRANSMISSION_LABEL) VALUES (660, 93, "RN55L-MRHEA", "https://toyota-usa.epc-data.com/4runner/rn55l/2568/", "22REC", "2400CC EFI", "08.1984 - 08.1988", "T1", "TRUCK(STANDARD DECK 1-SIDE OPEN)", "STD", "STANDARD TYPE", "MTM", "MANUAL TRANSMISSION");
INSERT INTO COMPLECTATION_OPTIONS(COMPLECTATION_ID, OPTION_MNEMONIC, OPTION_LABEL) VALUES (660, "5F", "MTM,5-SPEED FLOOR SHIFT");
INSERT INTO COMPLECTATION_OPTIONS(COMPLECTATION_ID, OPTION_MNEMONIC, OPTION_LABEL) VALUES (660, "RCB", "REGULAR CAB");
INSERT INTO COMPLECTATION_OPTIONS(COMPLECTATION_ID, OPTION_MNEMONIC, OPTION_LABEL) VALUES (660, "W", "W TYPE TRANSMISSION");
INSERT INTO COMPLECTATION_OPTIONS(COMPLECTATION_ID, OPTION_MNEMONIC, OPTION_LABEL) VALUES (660, "10T", "1.0TONS");
INSERT INTO COMPLECTATION_OPTIONS(COMPLECTATION_ID, OPTION_MNEMONIC, OPTION_LABEL) VALUES (660, "ST", "SINGLE TIRE");
INSERT INTO COMPLECTATION_OPTIONS(COMPLECTATION_ID, OPTION_MNEMONIC, OPTION_LABEL) VALUES (660, "USA", "UNITED STATES OF AMERICA");
INSERT INTO COMPLECTATION_OPTIONS(COMPLECTATION_ID, OPTION_MNEMONIC, OPTION_LABEL) VALUES (660, "EFI", "ELECTRIC FUEL INJECTION SYSTEM");
INSERT INTO COMPLECTATION_OPTIONS(COMPLECTATION_ID, OPTION_MNEMONIC, OPTION_LABEL) VALUES (660, "CBU", "COMPLETELY BUILT UNIT");
INSERT INTO COMPLECTATION(ID, FRAME_ID, NAME, URL, ENGINE_MNEMONIC, ENGINE_LABEL, PRODUCTION_PERIOD, BODY_MNEMONIC, BODY_LABEL, GRADE_MNEMONIC, GRADE_LABEL, TRANSMISSION_MNEMONIC, TRANSMISSION_LABEL) VALUES (661, 93, "RN55L-MRHEK", "https://toyota-usa.epc-data.com/4runner/rn55l/2569/", "22REC", "2400CC EFI", "08.1984 - 08.1988", "T1", "TRUCK(STANDARD DECK 1-SIDE OPEN)", "STD", "STANDARD TYPE", "MTM", "MANUAL TRANSMISSION");
INSERT INTO COMPLECTATION_OPTIONS(COMPLECTATION_ID, OPTION_MNEMONIC, OPTION_LABEL) VALUES (661, "5F", "MTM,5-SPEED FLOOR SHIFT");
INSERT INTO COMPLECTATION_OPTIONS(COMPLECTATION_ID, OPTION_MNEMONIC, OPTION_LABEL) VALUES (661, "RCB", "REGULAR CAB");
INSERT INTO COMPLECTATION_OPTIONS(COMPLECTATION_ID, OPTION_MNEMONIC, OPTION_LABEL) VALUES (661, "W", "W TYPE TRANSMISSION");
INSERT INTO COMPLECTATION_OPTIONS(COMPLECTATION_ID, OPTION_MNEMONIC, OPTION_LABEL) VALUES (661, "10T", "1.0TONS");
INSERT INTO COMPLECTATION_OPTIONS(COMPLECTATION_ID, OPTION_MNEMONIC, OPTION_LABEL) VALUES (661, "ST", "SINGLE TIRE");
INSERT INTO COMPLECTATION_OPTIONS(COMPLECTATION_ID, OPTION_MNEMONIC, OPTION_LABEL) VALUES (661, "CND", "CANADA");
INSERT INTO COMPLECTATION_OPTIONS(COMPLECTATION_ID, OPTION_MNEMONIC, OPTION_LABEL) VALUES (661, "EFI", "ELECTRIC FUEL INJECTION SYSTEM");
INSERT INTO COMPLECTATION_OPTIONS(COMPLECTATION_ID, OPTION_MNEMONIC, OPTION_LABEL) VALUES (661, "CBU", "COMPLETELY BUILT UNIT");
INSERT INTO COMPLECTATION(ID, FRAME_ID, NAME, URL, ENGINE_MNEMONIC, ENGINE_LABEL, PRODUCTION_PERIOD, BODY_MNEMONIC, BODY_LABEL, GRADE_MNEMONIC, GRADE_LABEL, TRANSMISSION_MNEMONIC, TRANSMISSION_LABEL) VALUES (662, 93, "RN55L-MRHK", "https://toyota-usa.epc-data.com/4runner/rn55l/2570/", "22R", "2400CC", "08.1983 - 08.1984", "T1", "TRUCK(STANDARD DECK 1-SIDE OPEN)", "STD", "STANDARD TYPE", "MTM", "MANUAL TRANSMISSION");
INSERT INTO COMPLECTATION_OPTIONS(COMPLECTATION_ID, OPTION_MNEMONIC, OPTION_LABEL) VALUES (662, "5F", "MTM,5-SPEED FLOOR SHIFT");
INSERT INTO COMPLECTATION_OPTIONS(COMPLECTATION_ID, OPTION_MNEMONIC, OPTION_LABEL) VALUES (662, "RCB", "REGULAR CAB");
INSERT INTO COMPLECTATION_OPTIONS(COMPLECTATION_ID, OPTION_MNEMONIC, OPTION_LABEL) VALUES (662, "W", "W TYPE TRANSMISSION");
INSERT INTO COMPLECTATION_OPTIONS(COMPLECTATION_ID, OPTION_MNEMONIC, OPTION_LABEL) VALUES (662, "3QT", "0.75TONS");
INSERT INTO COMPLECTATION_OPTIONS(COMPLECTATION_ID, OPTION_MNEMONIC, OPTION_LABEL) VALUES (662, "ST", "SINGLE TIRE");
INSERT INTO COMPLECTATION_OPTIONS(COMPLECTATION_ID, OPTION_MNEMONIC, OPTION_LABEL) VALUES (662, "CND", "CANADA");
INSERT INTO COMPLECTATION_OPTIONS(COMPLECTATION_ID, OPTION_MNEMONIC, OPTION_LABEL) VALUES (662, "CBR", "CARBURETOR SYSTEM");
INSERT INTO COMPLECTATION_OPTIONS(COMPLECTATION_ID, OPTION_MNEMONIC, OPTION_LABEL) VALUES (662, "CBU", "COMPLETELY BUILT UNIT");
INSERT INTO COMPLECTATION(ID, FRAME_ID, NAME, URL, ENGINE_MNEMONIC, ENGINE_LABEL, PRODUCTION_PERIOD, BODY_MNEMONIC, BODY_LABEL, GRADE_MNEMONIC, GRADE_LABEL, TRANSMISSION_MNEMONIC, TRANSMISSION_LABEL) VALUES (663, 93, "RN55L-MRK", "https://toyota-usa.epc-data.com/4runner/rn55l/2577/", "22R", "2400CC", "08.1983 - 08.1988", "T1", "TRUCK(STANDARD DECK 1-SIDE OPEN)", "STD", "STANDARD TYPE", "MTM", "MANUAL TRANSMISSION");
INSERT INTO COMPLECTATION_OPTIONS(COMPLECTATION_ID, OPTION_MNEMONIC, OPTION_LABEL) VALUES (663, "5F", "MTM,5-SPEED FLOOR SHIFT");
INSERT INTO COMPLECTATION_OPTIONS(COMPLECTATION_ID, OPTION_MNEMONIC, OPTION_LABEL) VALUES (663, "RCB", "REGULAR CAB");
INSERT INTO COMPLECTATION_OPTIONS(COMPLECTATION_ID, OPTION_MNEMONIC, OPTION_LABEL) VALUES (663, "G", "G TYPE TRANSMISSION");
INSERT INTO COMPLECTATION_OPTIONS(COMPLECTATION_ID, OPTION_MNEMONIC, OPTION_LABEL) VALUES (663, "HLF", "0.5TONS");
INSERT INTO COMPLECTATION_OPTIONS(COMPLECTATION_ID, OPTION_MNEMONIC, OPTION_LABEL) VALUES (663, "ST", "SINGLE TIRE");
INSERT INTO COMPLECTATION_OPTIONS(COMPLECTATION_ID, OPTION_MNEMONIC, OPTION_LABEL) VALUES (663, "CND", "CANADA");
INSERT INTO COMPLECTATION_OPTIONS(COMPLECTATION_ID, OPTION_MNEMONIC, OPTION_LABEL) VALUES (663, "CBR", "CARBURETOR SYSTEM");
INSERT INTO COMPLECTATION_OPTIONS(COMPLECTATION_ID, OPTION_MNEMONIC, OPTION_LABEL) VALUES (663, "CBU", "COMPLETELY BUILT UNIT");
INSERT INTO COMPLECTATION(ID, FRAME_ID, NAME, URL, ENGINE_MNEMONIC, ENGINE_LABEL, PRODUCTION_PERIOD, BODY_MNEMONIC, BODY_LABEL, GRADE_MNEMONIC, GRADE_LABEL, TRANSMISSION_MNEMONIC, TRANSMISSION_LABEL) VALUES (664, 93, "RN55L-MSCEA", "https://toyota-usa.epc-data.com/4runner/rn55l/2596/", "22REC", "2400CC EFI", "09.1983 - 08.1988", "T1", "TRUCK(STANDARD DECK 1-SIDE OPEN)", "SR5", "SR-5 TYPE", "MTM", "MANUAL TRANSMISSION");
INSERT INTO COMPLECTATION_OPTIONS(COMPLECTATION_ID, OPTION_MNEMONIC, OPTION_LABEL) VALUES (664, "5F", "MTM,5-SPEED FLOOR SHIFT");
INSERT INTO COMPLECTATION_OPTIONS(COMPLECTATION_ID, OPTION_MNEMONIC, OPTION_LABEL) VALUES (664, "XTR", "EXTRA CAB");
INSERT INTO COMPLECTATION_OPTIONS(COMPLECTATION_ID, OPTION_MNEMONIC, OPTION_LABEL) VALUES (664, "W", "W TYPE TRANSMISSION");
INSERT INTO COMPLECTATION_OPTIONS(COMPLECTATION_ID, OPTION_MNEMONIC, OPTION_LABEL) VALUES (664, "HLF", "0.5TONS");
INSERT INTO COMPLECTATION_OPTIONS(COMPLECTATION_ID, OPTION_MNEMONIC, OPTION_LABEL) VALUES (664, "ST", "SINGLE TIRE");
INSERT INTO COMPLECTATION_OPTIONS(COMPLECTATION_ID, OPTION_MNEMONIC, OPTION_LABEL) VALUES (664, "USA", "UNITED STATES OF AMERICA");
INSERT INTO COMPLECTATION_OPTIONS(COMPLECTATION_ID, OPTION_MNEMONIC, OPTION_LABEL) VALUES (664, "EFI", "ELECTRIC FUEL INJECTION SYSTEM");
INSERT INTO COMPLECTATION_OPTIONS(COMPLECTATION_ID, OPTION_MNEMONIC, OPTION_LABEL) VALUES (664, "CBU", "COMPLETELY BUILT UNIT");
INSERT INTO COMPLECTATION(ID, FRAME_ID, NAME, URL, ENGINE_MNEMONIC, ENGINE_LABEL, PRODUCTION_PERIOD, BODY_MNEMONIC, BODY_LABEL, GRADE_MNEMONIC, GRADE_LABEL, TRANSMISSION_MNEMONIC, TRANSMISSION_LABEL) VALUES (665, 93, "RN55L-MSCEA3", "https://toyota-usa.epc-data.com/4runner/rn55l/2597/", "22REC", "2400CC EFI", "09.1983 - 08.1988", "T1", "TRUCK(STANDARD DECK 1-SIDE OPEN)", "SR5", "SR-5 TYPE", "MTM", "MANUAL TRANSMISSION");
INSERT INTO COMPLECTATION_OPTIONS(COMPLECTATION_ID, OPTION_MNEMONIC, OPTION_LABEL) VALUES (665, "5F", "MTM,5-SPEED FLOOR SHIFT");
INSERT INTO COMPLECTATION_OPTIONS(COMPLECTATION_ID, OPTION_MNEMONIC, OPTION_LABEL) VALUES (665, "XTR", "EXTRA CAB");
INSERT INTO COMPLECTATION_OPTIONS(COMPLECTATION_ID, OPTION_MNEMONIC, OPTION_LABEL) VALUES (665, "W", "W TYPE TRANSMISSION");
INSERT INTO COMPLECTATION_OPTIONS(COMPLECTATION_ID, OPTION_MNEMONIC, OPTION_LABEL) VALUES (665, "HLF", "0.5TONS");
INSERT INTO COMPLECTATION_OPTIONS(COMPLECTATION_ID, OPTION_MNEMONIC, OPTION_LABEL) VALUES (665, "ST", "SINGLE TIRE");
INSERT INTO COMPLECTATION_OPTIONS(COMPLECTATION_ID, OPTION_MNEMONIC, OPTION_LABEL) VALUES (665, "USA", "UNITED STATES OF AMERICA");
INSERT INTO COMPLECTATION_OPTIONS(COMPLECTATION_ID, OPTION_MNEMONIC, OPTION_LABEL) VALUES (665, "EFI", "ELECTRIC FUEL INJECTION SYSTEM");
INSERT INTO COMPLECTATION_OPTIONS(COMPLECTATION_ID, OPTION_MNEMONIC, OPTION_LABEL) VALUES (665, "IV", "INCOMPLETE VEHICLES (CHASSIS & CAB)");
INSERT INTO COMPLECTATION(ID, FRAME_ID, NAME, URL, ENGINE_MNEMONIC, ENGINE_LABEL, PRODUCTION_PERIOD, BODY_MNEMONIC, BODY_LABEL, GRADE_MNEMONIC, GRADE_LABEL, TRANSMISSION_MNEMONIC, TRANSMISSION_LABEL) VALUES (666, 93, "RN55L-MSCEK", "https://toyota-usa.epc-data.com/4runner/rn55l/2598/", "22REC", "2400CC EFI", "09.1983 - 08.1988", "T1", "TRUCK(STANDARD DECK 1-SIDE OPEN)", "SR5", "SR-5 TYPE", "MTM", "MANUAL TRANSMISSION");
INSERT INTO COMPLECTATION_OPTIONS(COMPLECTATION_ID, OPTION_MNEMONIC, OPTION_LABEL) VALUES (666, "5F", "MTM,5-SPEED FLOOR SHIFT");
INSERT INTO COMPLECTATION_OPTIONS(COMPLECTATION_ID, OPTION_MNEMONIC, OPTION_LABEL) VALUES (666, "XTR", "EXTRA CAB");
INSERT INTO COMPLECTATION_OPTIONS(COMPLECTATION_ID, OPTION_MNEMONIC, OPTION_LABEL) VALUES (666, "W", "W TYPE TRANSMISSION");
INSERT INTO COMPLECTATION_OPTIONS(COMPLECTATION_ID, OPTION_MNEMONIC, OPTION_LABEL) VALUES (666, "HLF", "0.5TONS");
INSERT INTO COMPLECTATION_OPTIONS(COMPLECTATION_ID, OPTION_MNEMONIC, OPTION_LABEL) VALUES (666, "ST", "SINGLE TIRE");
INSERT INTO COMPLECTATION_OPTIONS(COMPLECTATION_ID, OPTION_MNEMONIC, OPTION_LABEL) VALUES (666, "CND", "CANADA");
INSERT INTO COMPLECTATION_OPTIONS(COMPLECTATION_ID, OPTION_MNEMONIC, OPTION_LABEL) VALUES (666, "EFI", "ELECTRIC FUEL INJECTION SYSTEM");
INSERT INTO COMPLECTATION_OPTIONS(COMPLECTATION_ID, OPTION_MNEMONIC, OPTION_LABEL) VALUES (666, "CBU", "COMPLETELY BUILT UNIT");
INSERT INTO COMPLECTATION(ID, FRAME_ID, NAME, URL, ENGINE_MNEMONIC, ENGINE_LABEL, PRODUCTION_PERIOD, BODY_MNEMONIC, BODY_LABEL, GRADE_MNEMONIC, GRADE_LABEL, TRANSMISSION_MNEMONIC, TRANSMISSION_LABEL) VALUES (667, 93, "RN55L-MSCZA", "https://toyota-usa.epc-data.com/4runner/rn55l/2594/", "22RTEC", "2400CC", "08.1987 - 08.1988", "T1", "TRUCK(STANDARD DECK 1-SIDE OPEN)", "SRT", "SR-5 TYPE (WITH TURBO)", "MTM", "MANUAL TRANSMISSION");
INSERT INTO COMPLECTATION_OPTIONS(COMPLECTATION_ID, OPTION_MNEMONIC, OPTION_LABEL) VALUES (667, "5F", "MTM,5-SPEED FLOOR SHIFT");
INSERT INTO COMPLECTATION_OPTIONS(COMPLECTATION_ID, OPTION_MNEMONIC, OPTION_LABEL) VALUES (667, "XTR", "EXTRA CAB");
INSERT INTO COMPLECTATION_OPTIONS(COMPLECTATION_ID, OPTION_MNEMONIC, OPTION_LABEL) VALUES (667, "R", "R TYPE TRANSMISSION");
INSERT INTO COMPLECTATION_OPTIONS(COMPLECTATION_ID, OPTION_MNEMONIC, OPTION_LABEL) VALUES (667, "HLF", "0.5TONS");
INSERT INTO COMPLECTATION_OPTIONS(COMPLECTATION_ID, OPTION_MNEMONIC, OPTION_LABEL) VALUES (667, "ST", "SINGLE TIRE");
INSERT INTO COMPLECTATION_OPTIONS(COMPLECTATION_ID, OPTION_MNEMONIC, OPTION_LABEL) VALUES (667, "USA", "UNITED STATES OF AMERICA");
INSERT INTO COMPLECTATION_OPTIONS(COMPLECTATION_ID, OPTION_MNEMONIC, OPTION_LABEL) VALUES (667, "TBO", "TURBO SYSTEM");
INSERT INTO COMPLECTATION_OPTIONS(COMPLECTATION_ID, OPTION_MNEMONIC, OPTION_LABEL) VALUES (667, "CBU", "COMPLETELY BUILT UNIT");
INSERT INTO COMPLECTATION(ID, FRAME_ID, NAME, URL, ENGINE_MNEMONIC, ENGINE_LABEL, PRODUCTION_PERIOD, BODY_MNEMONIC, BODY_LABEL, GRADE_MNEMONIC, GRADE_LABEL, TRANSMISSION_MNEMONIC, TRANSMISSION_LABEL) VALUES (668, 93, "RN55L-MSCZA3", "https://toyota-usa.epc-data.com/4runner/rn55l/2595/", "22RTEC", "2400CC", "08.1987 - 08.1988", "T1", "TRUCK(STANDARD DECK 1-SIDE OPEN)", "SRT", "SR-5 TYPE (WITH TURBO)", "MTM", "MANUAL TRANSMISSION");
INSERT INTO COMPLECTATION_OPTIONS(COMPLECTATION_ID, OPTION_MNEMONIC, OPTION_LABEL) VALUES (668, "5F", "MTM,5-SPEED FLOOR SHIFT");
INSERT INTO COMPLECTATION_OPTIONS(COMPLECTATION_ID, OPTION_MNEMONIC, OPTION_LABEL) VALUES (668, "XTR", "EXTRA CAB");
INSERT INTO COMPLECTATION_OPTIONS(COMPLECTATION_ID, OPTION_MNEMONIC, OPTION_LABEL) VALUES (668, "R", "R TYPE TRANSMISSION");
INSERT INTO COMPLECTATION_OPTIONS(COMPLECTATION_ID, OPTION_MNEMONIC, OPTION_LABEL) VALUES (668, "HLF", "0.5TONS");
INSERT INTO COMPLECTATION_OPTIONS(COMPLECTATION_ID, OPTION_MNEMONIC, OPTION_LABEL) VALUES (668, "ST", "SINGLE TIRE");
INSERT INTO COMPLECTATION_OPTIONS(COMPLECTATION_ID, OPTION_MNEMONIC, OPTION_LABEL) VALUES (668, "USA", "UNITED STATES OF AMERICA");
INSERT INTO COMPLECTATION_OPTIONS(COMPLECTATION_ID, OPTION_MNEMONIC, OPTION_LABEL) VALUES (668, "TBO", "TURBO SYSTEM");
INSERT INTO COMPLECTATION_OPTIONS(COMPLECTATION_ID, OPTION_MNEMONIC, OPTION_LABEL) VALUES (668, "IV", "INCOMPLETE VEHICLES (CHASSIS & CAB)");
INSERT INTO COMPLECTATION(ID, FRAME_ID, NAME, URL, ENGINE_MNEMONIC, ENGINE_LABEL, PRODUCTION_PERIOD, BODY_MNEMONIC, BODY_LABEL, GRADE_MNEMONIC, GRADE_LABEL, TRANSMISSION_MNEMONIC, TRANSMISSION_LABEL) VALUES (669, 93, "RN55L-MSEA", "https://toyota-usa.epc-data.com/4runner/rn55l/2582/", "22REC", "2400CC EFI", "08.1984 - 08.1986", "T1", "TRUCK(STANDARD DECK 1-SIDE OPEN)", "SR5", "SR-5 TYPE", "MTM", "MANUAL TRANSMISSION");
INSERT INTO COMPLECTATION_OPTIONS(COMPLECTATION_ID, OPTION_MNEMONIC, OPTION_LABEL) VALUES (669, "5F", "MTM,5-SPEED FLOOR SHIFT");
INSERT INTO COMPLECTATION_OPTIONS(COMPLECTATION_ID, OPTION_MNEMONIC, OPTION_LABEL) VALUES (669, "RCB", "REGULAR CAB");
INSERT INTO COMPLECTATION_OPTIONS(COMPLECTATION_ID, OPTION_MNEMONIC, OPTION_LABEL) VALUES (669, "W", "W TYPE TRANSMISSION");
INSERT INTO COMPLECTATION_OPTIONS(COMPLECTATION_ID, OPTION_MNEMONIC, OPTION_LABEL) VALUES (669, "HLF", "0.5TONS");
INSERT INTO COMPLECTATION_OPTIONS(COMPLECTATION_ID, OPTION_MNEMONIC, OPTION_LABEL) VALUES (669, "ST", "SINGLE TIRE");
INSERT INTO COMPLECTATION_OPTIONS(COMPLECTATION_ID, OPTION_MNEMONIC, OPTION_LABEL) VALUES (669, "USA", "UNITED STATES OF AMERICA");
INSERT INTO COMPLECTATION_OPTIONS(COMPLECTATION_ID, OPTION_MNEMONIC, OPTION_LABEL) VALUES (669, "EFI", "ELECTRIC FUEL INJECTION SYSTEM");
INSERT INTO COMPLECTATION_OPTIONS(COMPLECTATION_ID, OPTION_MNEMONIC, OPTION_LABEL) VALUES (669, "CBU", "COMPLETELY BUILT UNIT");
INSERT INTO COMPLECTATION(ID, FRAME_ID, NAME, URL, ENGINE_MNEMONIC, ENGINE_LABEL, PRODUCTION_PERIOD, BODY_MNEMONIC, BODY_LABEL, GRADE_MNEMONIC, GRADE_LABEL, TRANSMISSION_MNEMONIC, TRANSMISSION_LABEL) VALUES (670, 93, "RN55L-MSEA3", "https://toyota-usa.epc-data.com/4runner/rn55l/2583/", "22REC", "2400CC EFI", "08.1983 - 08.1986", "T1", "TRUCK(STANDARD DECK 1-SIDE OPEN)", "SR5", "SR-5 TYPE", "MTM", "MANUAL TRANSMISSION");
INSERT INTO COMPLECTATION_OPTIONS(COMPLECTATION_ID, OPTION_MNEMONIC, OPTION_LABEL) VALUES (670, "5F", "MTM,5-SPEED FLOOR SHIFT");
INSERT INTO COMPLECTATION_OPTIONS(COMPLECTATION_ID, OPTION_MNEMONIC, OPTION_LABEL) VALUES (670, "RCB", "REGULAR CAB");
INSERT INTO COMPLECTATION_OPTIONS(COMPLECTATION_ID, OPTION_MNEMONIC, OPTION_LABEL) VALUES (670, "W", "W TYPE TRANSMISSION");
INSERT INTO COMPLECTATION_OPTIONS(COMPLECTATION_ID, OPTION_MNEMONIC, OPTION_LABEL) VALUES (670, "HLF", "0.5TONS");
INSERT INTO COMPLECTATION_OPTIONS(COMPLECTATION_ID, OPTION_MNEMONIC, OPTION_LABEL) VALUES (670, "ST", "SINGLE TIRE");
INSERT INTO COMPLECTATION_OPTIONS(COMPLECTATION_ID, OPTION_MNEMONIC, OPTION_LABEL) VALUES (670, "USA", "UNITED STATES OF AMERICA");
INSERT INTO COMPLECTATION_OPTIONS(COMPLECTATION_ID, OPTION_MNEMONIC, OPTION_LABEL) VALUES (670, "EFI", "ELECTRIC FUEL INJECTION SYSTEM");
INSERT INTO COMPLECTATION_OPTIONS(COMPLECTATION_ID, OPTION_MNEMONIC, OPTION_LABEL) VALUES (670, "IV", "INCOMPLETE VEHICLES (CHASSIS & CAB)");
INSERT INTO COMPLECTATION(ID, FRAME_ID, NAME, URL, ENGINE_MNEMONIC, ENGINE_LABEL, PRODUCTION_PERIOD, BODY_MNEMONIC, BODY_LABEL, GRADE_MNEMONIC, GRADE_LABEL, TRANSMISSION_MNEMONIC, TRANSMISSION_LABEL) VALUES (671, 93, "RN55L-MSEK", "https://toyota-usa.epc-data.com/4runner/rn55l/2584/", "22REC", "2400CC EFI", "08.1983 - 08.1985", "T1", "TRUCK(STANDARD DECK 1-SIDE OPEN)", "SR5", "SR-5 TYPE", "MTM", "MANUAL TRANSMISSION");
INSERT INTO COMPLECTATION_OPTIONS(COMPLECTATION_ID, OPTION_MNEMONIC, OPTION_LABEL) VALUES (671, "5F", "MTM,5-SPEED FLOOR SHIFT");
INSERT INTO COMPLECTATION_OPTIONS(COMPLECTATION_ID, OPTION_MNEMONIC, OPTION_LABEL) VALUES (671, "RCB", "REGULAR CAB");
INSERT INTO COMPLECTATION_OPTIONS(COMPLECTATION_ID, OPTION_MNEMONIC, OPTION_LABEL) VALUES (671, "W", "W TYPE TRANSMISSION");
INSERT INTO COMPLECTATION_OPTIONS(COMPLECTATION_ID, OPTION_MNEMONIC, OPTION_LABEL) VALUES (671, "HLF", "0.5TONS");
INSERT INTO COMPLECTATION_OPTIONS(COMPLECTATION_ID, OPTION_MNEMONIC, OPTION_LABEL) VALUES (671, "ST", "SINGLE TIRE");
INSERT INTO COMPLECTATION_OPTIONS(COMPLECTATION_ID, OPTION_MNEMONIC, OPTION_LABEL) VALUES (671, "CND", "CANADA");
INSERT INTO COMPLECTATION_OPTIONS(COMPLECTATION_ID, OPTION_MNEMONIC, OPTION_LABEL) VALUES (671, "EFI", "ELECTRIC FUEL INJECTION SYSTEM");
INSERT INTO COMPLECTATION_OPTIONS(COMPLECTATION_ID, OPTION_MNEMONIC, OPTION_LABEL) VALUES (671, "CBU", "COMPLETELY BUILT UNIT");
INSERT INTO COMPLECTATION(ID, FRAME_ID, NAME, URL, ENGINE_MNEMONIC, ENGINE_LABEL, PRODUCTION_PERIOD, BODY_MNEMONIC, BODY_LABEL, GRADE_MNEMONIC, GRADE_LABEL, TRANSMISSION_MNEMONIC, TRANSMISSION_LABEL) VALUES (672, 93, "RN55L-PDA", "https://toyota-usa.epc-data.com/4runner/rn55l/2562/", "22R", "2400CC", "08.1983 - 08.1985", "T1", "TRUCK(STANDARD DECK 1-SIDE OPEN)", "DLX", "DELUXE TYPE", "ATM", "AUTOMATIC TRANSMISSION");
INSERT INTO COMPLECTATION_OPTIONS(COMPLECTATION_ID, OPTION_MNEMONIC, OPTION_LABEL) VALUES (672, "4FC", "ATM,4-SPEED FLOOR SHIFT");
INSERT INTO COMPLECTATION_OPTIONS(COMPLECTATION_ID, OPTION_MNEMONIC, OPTION_LABEL) VALUES (672, "RCB", "REGULAR CAB");
INSERT INTO COMPLECTATION_OPTIONS(COMPLECTATION_ID, OPTION_MNEMONIC, OPTION_LABEL) VALUES (672, "HLF", "0.5TONS");
INSERT INTO COMPLECTATION_OPTIONS(COMPLECTATION_ID, OPTION_MNEMONIC, OPTION_LABEL) VALUES (672, "ST", "SINGLE TIRE");
INSERT INTO COMPLECTATION_OPTIONS(COMPLECTATION_ID, OPTION_MNEMONIC, OPTION_LABEL) VALUES (672, "USA", "UNITED STATES OF AMERICA");
INSERT INTO COMPLECTATION_OPTIONS(COMPLECTATION_ID, OPTION_MNEMONIC, OPTION_LABEL) VALUES (672, "CBR", "CARBURETOR SYSTEM");
INSERT INTO COMPLECTATION_OPTIONS(COMPLECTATION_ID, OPTION_MNEMONIC, OPTION_LABEL) VALUES (672, "CBU", "COMPLETELY BUILT UNIT");
INSERT INTO COMPLECTATION(ID, FRAME_ID, NAME, URL, ENGINE_MNEMONIC, ENGINE_LABEL, PRODUCTION_PERIOD, BODY_MNEMONIC, BODY_LABEL, GRADE_MNEMONIC, GRADE_LABEL, TRANSMISSION_MNEMONIC, TRANSMISSION_LABEL) VALUES (673, 93, "RN55L-PDA3", "https://toyota-usa.epc-data.com/4runner/rn55l/2563/", "22R", "2400CC", "08.1983 - 08.1985", "T1", "TRUCK(STANDARD DECK 1-SIDE OPEN)", "DLX", "DELUXE TYPE", "ATM", "AUTOMATIC TRANSMISSION");
INSERT INTO COMPLECTATION_OPTIONS(COMPLECTATION_ID, OPTION_MNEMONIC, OPTION_LABEL) VALUES (673, "4FC", "ATM,4-SPEED FLOOR SHIFT");
INSERT INTO COMPLECTATION_OPTIONS(COMPLECTATION_ID, OPTION_MNEMONIC, OPTION_LABEL) VALUES (673, "RCB", "REGULAR CAB");
INSERT INTO COMPLECTATION_OPTIONS(COMPLECTATION_ID, OPTION_MNEMONIC, OPTION_LABEL) VALUES (673, "HLF", "0.5TONS");
INSERT INTO COMPLECTATION_OPTIONS(COMPLECTATION_ID, OPTION_MNEMONIC, OPTION_LABEL) VALUES (673, "ST", "SINGLE TIRE");
INSERT INTO COMPLECTATION_OPTIONS(COMPLECTATION_ID, OPTION_MNEMONIC, OPTION_LABEL) VALUES (673, "USA", "UNITED STATES OF AMERICA");
INSERT INTO COMPLECTATION_OPTIONS(COMPLECTATION_ID, OPTION_MNEMONIC, OPTION_LABEL) VALUES (673, "CBR", "CARBURETOR SYSTEM");
INSERT INTO COMPLECTATION_OPTIONS(COMPLECTATION_ID, OPTION_MNEMONIC, OPTION_LABEL) VALUES (673, "IV", "INCOMPLETE VEHICLES (CHASSIS & CAB)");
INSERT INTO COMPLECTATION(ID, FRAME_ID, NAME, URL, ENGINE_MNEMONIC, ENGINE_LABEL, PRODUCTION_PERIOD, BODY_MNEMONIC, BODY_LABEL, GRADE_MNEMONIC, GRADE_LABEL, TRANSMISSION_MNEMONIC, TRANSMISSION_LABEL) VALUES (674, 93, "RN55L-PDCA", "https://toyota-usa.epc-data.com/4runner/rn55l/2589/", "22R", "2400CC", "08.1984 - 08.1985", "T1", "TRUCK(STANDARD DECK 1-SIDE OPEN)", "DLX", "DELUXE TYPE", "ATM", "AUTOMATIC TRANSMISSION");
INSERT INTO COMPLECTATION_OPTIONS(COMPLECTATION_ID, OPTION_MNEMONIC, OPTION_LABEL) VALUES (674, "4FC", "ATM,4-SPEED FLOOR SHIFT");
INSERT INTO COMPLECTATION_OPTIONS(COMPLECTATION_ID, OPTION_MNEMONIC, OPTION_LABEL) VALUES (674, "XTR", "EXTRA CAB");
INSERT INTO COMPLECTATION_OPTIONS(COMPLECTATION_ID, OPTION_MNEMONIC, OPTION_LABEL) VALUES (674, "HLF", "0.5TONS");
INSERT INTO COMPLECTATION_OPTIONS(COMPLECTATION_ID, OPTION_MNEMONIC, OPTION_LABEL) VALUES (674, "ST", "SINGLE TIRE");
INSERT INTO COMPLECTATION_OPTIONS(COMPLECTATION_ID, OPTION_MNEMONIC, OPTION_LABEL) VALUES (674, "USA", "UNITED STATES OF AMERICA");
INSERT INTO COMPLECTATION_OPTIONS(COMPLECTATION_ID, OPTION_MNEMONIC, OPTION_LABEL) VALUES (674, "CBR", "CARBURETOR SYSTEM");
INSERT INTO COMPLECTATION_OPTIONS(COMPLECTATION_ID, OPTION_MNEMONIC, OPTION_LABEL) VALUES (674, "CBU", "COMPLETELY BUILT UNIT");
INSERT INTO COMPLECTATION(ID, FRAME_ID, NAME, URL, ENGINE_MNEMONIC, ENGINE_LABEL, PRODUCTION_PERIOD, BODY_MNEMONIC, BODY_LABEL, GRADE_MNEMONIC, GRADE_LABEL, TRANSMISSION_MNEMONIC, TRANSMISSION_LABEL) VALUES (675, 93, "RN55L-PDCA3", "https://toyota-usa.epc-data.com/4runner/rn55l/2590/", "22R", "2400CC", "09.1983 - 08.1985", "T1", "TRUCK(STANDARD DECK 1-SIDE OPEN)", "DLX", "DELUXE TYPE", "ATM", "AUTOMATIC TRANSMISSION");
INSERT INTO COMPLECTATION_OPTIONS(COMPLECTATION_ID, OPTION_MNEMONIC, OPTION_LABEL) VALUES (675, "4FC", "ATM,4-SPEED FLOOR SHIFT");
INSERT INTO COMPLECTATION_OPTIONS(COMPLECTATION_ID, OPTION_MNEMONIC, OPTION_LABEL) VALUES (675, "XTR", "EXTRA CAB");
INSERT INTO COMPLECTATION_OPTIONS(COMPLECTATION_ID, OPTION_MNEMONIC, OPTION_LABEL) VALUES (675, "HLF", "0.5TONS");
INSERT INTO COMPLECTATION_OPTIONS(COMPLECTATION_ID, OPTION_MNEMONIC, OPTION_LABEL) VALUES (675, "ST", "SINGLE TIRE");
INSERT INTO COMPLECTATION_OPTIONS(COMPLECTATION_ID, OPTION_MNEMONIC, OPTION_LABEL) VALUES (675, "USA", "UNITED STATES OF AMERICA");
INSERT INTO COMPLECTATION_OPTIONS(COMPLECTATION_ID, OPTION_MNEMONIC, OPTION_LABEL) VALUES (675, "CBR", "CARBURETOR SYSTEM");
INSERT INTO COMPLECTATION_OPTIONS(COMPLECTATION_ID, OPTION_MNEMONIC, OPTION_LABEL) VALUES (675, "IV", "INCOMPLETE VEHICLES (CHASSIS & CAB)");
INSERT INTO COMPLECTATION(ID, FRAME_ID, NAME, URL, ENGINE_MNEMONIC, ENGINE_LABEL, PRODUCTION_PERIOD, BODY_MNEMONIC, BODY_LABEL, GRADE_MNEMONIC, GRADE_LABEL, TRANSMISSION_MNEMONIC, TRANSMISSION_LABEL) VALUES (676, 93, "RN55L-PDCK", "https://toyota-usa.epc-data.com/4runner/rn55l/2591/", "22R", "2400CC", "09.1983 - 08.1985", "T1", "TRUCK(STANDARD DECK 1-SIDE OPEN)", "DLX", "DELUXE TYPE", "ATM", "AUTOMATIC TRANSMISSION");
INSERT INTO COMPLECTATION_OPTIONS(COMPLECTATION_ID, OPTION_MNEMONIC, OPTION_LABEL) VALUES (676, "4FC", "ATM,4-SPEED FLOOR SHIFT");
INSERT INTO COMPLECTATION_OPTIONS(COMPLECTATION_ID, OPTION_MNEMONIC, OPTION_LABEL) VALUES (676, "XTR", "EXTRA CAB");
INSERT INTO COMPLECTATION_OPTIONS(COMPLECTATION_ID, OPTION_MNEMONIC, OPTION_LABEL) VALUES (676, "HLF", "0.5TONS");
INSERT INTO COMPLECTATION_OPTIONS(COMPLECTATION_ID, OPTION_MNEMONIC, OPTION_LABEL) VALUES (676, "ST", "SINGLE TIRE");
INSERT INTO COMPLECTATION_OPTIONS(COMPLECTATION_ID, OPTION_MNEMONIC, OPTION_LABEL) VALUES (676, "CND", "CANADA");
INSERT INTO COMPLECTATION_OPTIONS(COMPLECTATION_ID, OPTION_MNEMONIC, OPTION_LABEL) VALUES (676, "CBR", "CARBURETOR SYSTEM");
INSERT INTO COMPLECTATION_OPTIONS(COMPLECTATION_ID, OPTION_MNEMONIC, OPTION_LABEL) VALUES (676, "CBU", "COMPLETELY BUILT UNIT");
INSERT INTO COMPLECTATION(ID, FRAME_ID, NAME, URL, ENGINE_MNEMONIC, ENGINE_LABEL, PRODUCTION_PERIOD, BODY_MNEMONIC, BODY_LABEL, GRADE_MNEMONIC, GRADE_LABEL, TRANSMISSION_MNEMONIC, TRANSMISSION_LABEL) VALUES (677, 93, "RN55L-PDEA3W", "https://toyota-usa.epc-data.com/4runner/rn55l/2730/", "22REC", "2400CC EFI", "08.1984 - 08.1985", "T1", "TRUCK(STANDARD DECK 1-SIDE OPEN)", "DLX", "DELUXE TYPE", "ATM", "AUTOMATIC TRANSMISSION");
INSERT INTO COMPLECTATION_OPTIONS(COMPLECTATION_ID, OPTION_MNEMONIC, OPTION_LABEL) VALUES (677, "4FC", "ATM,4-SPEED FLOOR SHIFT");
INSERT INTO COMPLECTATION_OPTIONS(COMPLECTATION_ID, OPTION_MNEMONIC, OPTION_LABEL) VALUES (677, "RCB", "REGULAR CAB");
INSERT INTO COMPLECTATION_OPTIONS(COMPLECTATION_ID, OPTION_MNEMONIC, OPTION_LABEL) VALUES (677, "HVY", "HEAVY");
INSERT INTO COMPLECTATION_OPTIONS(COMPLECTATION_ID, OPTION_MNEMONIC, OPTION_LABEL) VALUES (677, "ST", "SINGLE TIRE");
INSERT INTO COMPLECTATION_OPTIONS(COMPLECTATION_ID, OPTION_MNEMONIC, OPTION_LABEL) VALUES (677, "USA", "UNITED STATES OF AMERICA");
INSERT INTO COMPLECTATION_OPTIONS(COMPLECTATION_ID, OPTION_MNEMONIC, OPTION_LABEL) VALUES (677, "EFI", "ELECTRIC FUEL INJECTION SYSTEM");
INSERT INTO COMPLECTATION_OPTIONS(COMPLECTATION_ID, OPTION_MNEMONIC, OPTION_LABEL) VALUES (677, "IV", "INCOMPLETE VEHICLES (CHASSIS & CAB)");
INSERT INTO COMPLECTATION(ID, FRAME_ID, NAME, URL, ENGINE_MNEMONIC, ENGINE_LABEL, PRODUCTION_PERIOD, BODY_MNEMONIC, BODY_LABEL, GRADE_MNEMONIC, GRADE_LABEL, TRANSMISSION_MNEMONIC, TRANSMISSION_LABEL) VALUES (678, 93, "RN55L-PDEK3W", "https://toyota-usa.epc-data.com/4runner/rn55l/2731/", "22REC", "2400CC EFI", "08.1984 - 08.1985", "T1", "TRUCK(STANDARD DECK 1-SIDE OPEN)", "DLX", "DELUXE TYPE", "ATM", "AUTOMATIC TRANSMISSION");
INSERT INTO COMPLECTATION_OPTIONS(COMPLECTATION_ID, OPTION_MNEMONIC, OPTION_LABEL) VALUES (678, "4FC", "ATM,4-SPEED FLOOR SHIFT");
INSERT INTO COMPLECTATION_OPTIONS(COMPLECTATION_ID, OPTION_MNEMONIC, OPTION_LABEL) VALUES (678, "RCB", "REGULAR CAB");
INSERT INTO COMPLECTATION_OPTIONS(COMPLECTATION_ID, OPTION_MNEMONIC, OPTION_LABEL) VALUES (678, "HVY", "HEAVY");
INSERT INTO COMPLECTATION_OPTIONS(COMPLECTATION_ID, OPTION_MNEMONIC, OPTION_LABEL) VALUES (678, "ST", "SINGLE TIRE");
INSERT INTO COMPLECTATION_OPTIONS(COMPLECTATION_ID, OPTION_MNEMONIC, OPTION_LABEL) VALUES (678, "CND", "CANADA");
INSERT INTO COMPLECTATION_OPTIONS(COMPLECTATION_ID, OPTION_MNEMONIC, OPTION_LABEL) VALUES (678, "EFI", "ELECTRIC FUEL INJECTION SYSTEM");
INSERT INTO COMPLECTATION_OPTIONS(COMPLECTATION_ID, OPTION_MNEMONIC, OPTION_LABEL) VALUES (678, "IV", "INCOMPLETE VEHICLES (CHASSIS & CAB)");
INSERT INTO COMPLECTATION(ID, FRAME_ID, NAME, URL, ENGINE_MNEMONIC, ENGINE_LABEL, PRODUCTION_PERIOD, BODY_MNEMONIC, BODY_LABEL, GRADE_MNEMONIC, GRADE_LABEL, TRANSMISSION_MNEMONIC, TRANSMISSION_LABEL) VALUES (679, 93, "RN55L-PDK", "https://toyota-usa.epc-data.com/4runner/rn55l/2564/", "22R", "2400CC", "08.1983 - 08.1984", "T1", "TRUCK(STANDARD DECK 1-SIDE OPEN)", "DLX", "DELUXE TYPE", "ATM", "AUTOMATIC TRANSMISSION");
INSERT INTO COMPLECTATION_OPTIONS(COMPLECTATION_ID, OPTION_MNEMONIC, OPTION_LABEL) VALUES (679, "4FC", "ATM,4-SPEED FLOOR SHIFT");
INSERT INTO COMPLECTATION_OPTIONS(COMPLECTATION_ID, OPTION_MNEMONIC, OPTION_LABEL) VALUES (679, "RCB", "REGULAR CAB");
INSERT INTO COMPLECTATION_OPTIONS(COMPLECTATION_ID, OPTION_MNEMONIC, OPTION_LABEL) VALUES (679, "HLF", "0.5TONS");
INSERT INTO COMPLECTATION_OPTIONS(COMPLECTATION_ID, OPTION_MNEMONIC, OPTION_LABEL) VALUES (679, "ST", "SINGLE TIRE");
INSERT INTO COMPLECTATION_OPTIONS(COMPLECTATION_ID, OPTION_MNEMONIC, OPTION_LABEL) VALUES (679, "CND", "CANADA");
INSERT INTO COMPLECTATION_OPTIONS(COMPLECTATION_ID, OPTION_MNEMONIC, OPTION_LABEL) VALUES (679, "CBR", "CARBURETOR SYSTEM");
INSERT INTO COMPLECTATION_OPTIONS(COMPLECTATION_ID, OPTION_MNEMONIC, OPTION_LABEL) VALUES (679, "CBU", "COMPLETELY BUILT UNIT");
INSERT INTO COMPLECTATION(ID, FRAME_ID, NAME, URL, ENGINE_MNEMONIC, ENGINE_LABEL, PRODUCTION_PERIOD, BODY_MNEMONIC, BODY_LABEL, GRADE_MNEMONIC, GRADE_LABEL, TRANSMISSION_MNEMONIC, TRANSMISSION_LABEL) VALUES (680, 93, "RN55L-PGCZA", "https://toyota-usa.epc-data.com/4runner/rn55l/2602/", "22RTEC", "2400CC", "01.1985 - 08.1986", "T1", "TRUCK(STANDARD DECK 1-SIDE OPEN)", "SRT", "SR-5 TYPE (WITH TURBO)", "ATM", "AUTOMATIC TRANSMISSION");
INSERT INTO COMPLECTATION_OPTIONS(COMPLECTATION_ID, OPTION_MNEMONIC, OPTION_LABEL) VALUES (680, "4FC", "ATM,4-SPEED FLOOR SHIFT");
INSERT INTO COMPLECTATION_OPTIONS(COMPLECTATION_ID, OPTION_MNEMONIC, OPTION_LABEL) VALUES (680, "XTR", "EXTRA CAB");
INSERT INTO COMPLECTATION_OPTIONS(COMPLECTATION_ID, OPTION_MNEMONIC, OPTION_LABEL) VALUES (680, "HLF", "0.5TONS");
INSERT INTO COMPLECTATION_OPTIONS(COMPLECTATION_ID, OPTION_MNEMONIC, OPTION_LABEL) VALUES (680, "ST", "SINGLE TIRE");
INSERT INTO COMPLECTATION_OPTIONS(COMPLECTATION_ID, OPTION_MNEMONIC, OPTION_LABEL) VALUES (680, "USA", "UNITED STATES OF AMERICA");
INSERT INTO COMPLECTATION_OPTIONS(COMPLECTATION_ID, OPTION_MNEMONIC, OPTION_LABEL) VALUES (680, "TBO", "TURBO SYSTEM");
INSERT INTO COMPLECTATION_OPTIONS(COMPLECTATION_ID, OPTION_MNEMONIC, OPTION_LABEL) VALUES (680, "CBU", "COMPLETELY BUILT UNIT");
INSERT INTO COMPLECTATION(ID, FRAME_ID, NAME, URL, ENGINE_MNEMONIC, ENGINE_LABEL, PRODUCTION_PERIOD, BODY_MNEMONIC, BODY_LABEL, GRADE_MNEMONIC, GRADE_LABEL, TRANSMISSION_MNEMONIC, TRANSMISSION_LABEL) VALUES (681, 93, "RN55L-PGCZA3", "https://toyota-usa.epc-data.com/4runner/rn55l/2603/", "22RTEC", "2400CC", "01.1985 - 08.1986", "T1", "TRUCK(STANDARD DECK 1-SIDE OPEN)", "SRT", "SR-5 TYPE (WITH TURBO)", "ATM", "AUTOMATIC TRANSMISSION");
INSERT INTO COMPLECTATION_OPTIONS(COMPLECTATION_ID, OPTION_MNEMONIC, OPTION_LABEL) VALUES (681, "4FC", "ATM,4-SPEED FLOOR SHIFT");
INSERT INTO COMPLECTATION_OPTIONS(COMPLECTATION_ID, OPTION_MNEMONIC, OPTION_LABEL) VALUES (681, "XTR", "EXTRA CAB");
INSERT INTO COMPLECTATION_OPTIONS(COMPLECTATION_ID, OPTION_MNEMONIC, OPTION_LABEL) VALUES (681, "HLF", "0.5TONS");
INSERT INTO COMPLECTATION_OPTIONS(COMPLECTATION_ID, OPTION_MNEMONIC, OPTION_LABEL) VALUES (681, "ST", "SINGLE TIRE");
INSERT INTO COMPLECTATION_OPTIONS(COMPLECTATION_ID, OPTION_MNEMONIC, OPTION_LABEL) VALUES (681, "USA", "UNITED STATES OF AMERICA");
INSERT INTO COMPLECTATION_OPTIONS(COMPLECTATION_ID, OPTION_MNEMONIC, OPTION_LABEL) VALUES (681, "TBO", "TURBO SYSTEM");
INSERT INTO COMPLECTATION_OPTIONS(COMPLECTATION_ID, OPTION_MNEMONIC, OPTION_LABEL) VALUES (681, "IV", "INCOMPLETE VEHICLES (CHASSIS & CAB)");
INSERT INTO COMPLECTATION(ID, FRAME_ID, NAME, URL, ENGINE_MNEMONIC, ENGINE_LABEL, PRODUCTION_PERIOD, BODY_MNEMONIC, BODY_LABEL, GRADE_MNEMONIC, GRADE_LABEL, TRANSMISSION_MNEMONIC, TRANSMISSION_LABEL) VALUES (682, 93, "RN55L-PGCZK", "https://toyota-usa.epc-data.com/4runner/rn55l/2604/", "22RTEC", "2400CC", "01.1985 - 08.1985", "T1", "TRUCK(STANDARD DECK 1-SIDE OPEN)", "SRT", "SR-5 TYPE (WITH TURBO)", "ATM", "AUTOMATIC TRANSMISSION");
INSERT INTO COMPLECTATION_OPTIONS(COMPLECTATION_ID, OPTION_MNEMONIC, OPTION_LABEL) VALUES (682, "4FC", "ATM,4-SPEED FLOOR SHIFT");
INSERT INTO COMPLECTATION_OPTIONS(COMPLECTATION_ID, OPTION_MNEMONIC, OPTION_LABEL) VALUES (682, "XTR", "EXTRA CAB");
INSERT INTO COMPLECTATION_OPTIONS(COMPLECTATION_ID, OPTION_MNEMONIC, OPTION_LABEL) VALUES (682, "HLF", "0.5TONS");
INSERT INTO COMPLECTATION_OPTIONS(COMPLECTATION_ID, OPTION_MNEMONIC, OPTION_LABEL) VALUES (682, "ST", "SINGLE TIRE");
INSERT INTO COMPLECTATION_OPTIONS(COMPLECTATION_ID, OPTION_MNEMONIC, OPTION_LABEL) VALUES (682, "CND", "CANADA");
INSERT INTO COMPLECTATION_OPTIONS(COMPLECTATION_ID, OPTION_MNEMONIC, OPTION_LABEL) VALUES (682, "TBO", "TURBO SYSTEM");
INSERT INTO COMPLECTATION_OPTIONS(COMPLECTATION_ID, OPTION_MNEMONIC, OPTION_LABEL) VALUES (682, "CBU", "COMPLETELY BUILT UNIT");
INSERT INTO COMPLECTATION(ID, FRAME_ID, NAME, URL, ENGINE_MNEMONIC, ENGINE_LABEL, PRODUCTION_PERIOD, BODY_MNEMONIC, BODY_LABEL, GRADE_MNEMONIC, GRADE_LABEL, TRANSMISSION_MNEMONIC, TRANSMISSION_LABEL) VALUES (683, 93, "RN55L-PRA", "https://toyota-usa.epc-data.com/4runner/rn55l/2578/", "22R", "2400CC", "08.1983 - 08.1985", "T1", "TRUCK(STANDARD DECK 1-SIDE OPEN)", "STD", "STANDARD TYPE", "ATM", "AUTOMATIC TRANSMISSION");
INSERT INTO COMPLECTATION_OPTIONS(COMPLECTATION_ID, OPTION_MNEMONIC, OPTION_LABEL) VALUES (683, "4FC", "ATM,4-SPEED FLOOR SHIFT");
INSERT INTO COMPLECTATION_OPTIONS(COMPLECTATION_ID, OPTION_MNEMONIC, OPTION_LABEL) VALUES (683, "RCB", "REGULAR CAB");
INSERT INTO COMPLECTATION_OPTIONS(COMPLECTATION_ID, OPTION_MNEMONIC, OPTION_LABEL) VALUES (683, "HLF", "0.5TONS");
INSERT INTO COMPLECTATION_OPTIONS(COMPLECTATION_ID, OPTION_MNEMONIC, OPTION_LABEL) VALUES (683, "ST", "SINGLE TIRE");
INSERT INTO COMPLECTATION_OPTIONS(COMPLECTATION_ID, OPTION_MNEMONIC, OPTION_LABEL) VALUES (683, "USA", "UNITED STATES OF AMERICA");
INSERT INTO COMPLECTATION_OPTIONS(COMPLECTATION_ID, OPTION_MNEMONIC, OPTION_LABEL) VALUES (683, "CBR", "CARBURETOR SYSTEM");
INSERT INTO COMPLECTATION_OPTIONS(COMPLECTATION_ID, OPTION_MNEMONIC, OPTION_LABEL) VALUES (683, "CBU", "COMPLETELY BUILT UNIT");
INSERT INTO COMPLECTATION(ID, FRAME_ID, NAME, URL, ENGINE_MNEMONIC, ENGINE_LABEL, PRODUCTION_PERIOD, BODY_MNEMONIC, BODY_LABEL, GRADE_MNEMONIC, GRADE_LABEL, TRANSMISSION_MNEMONIC, TRANSMISSION_LABEL) VALUES (684, 93, "RN55L-PRK", "https://toyota-usa.epc-data.com/4runner/rn55l/2579/", "22R", "2400CC", "08.1984 - 08.1985", "T1", "TRUCK(STANDARD DECK 1-SIDE OPEN)", "STD", "STANDARD TYPE", "ATM", "AUTOMATIC TRANSMISSION");
INSERT INTO COMPLECTATION_OPTIONS(COMPLECTATION_ID, OPTION_MNEMONIC, OPTION_LABEL) VALUES (684, "4FC", "ATM,4-SPEED FLOOR SHIFT");
INSERT INTO COMPLECTATION_OPTIONS(COMPLECTATION_ID, OPTION_MNEMONIC, OPTION_LABEL) VALUES (684, "RCB", "REGULAR CAB");
INSERT INTO COMPLECTATION_OPTIONS(COMPLECTATION_ID, OPTION_MNEMONIC, OPTION_LABEL) VALUES (684, "HLF", "0.5TONS");
INSERT INTO COMPLECTATION_OPTIONS(COMPLECTATION_ID, OPTION_MNEMONIC, OPTION_LABEL) VALUES (684, "ST", "SINGLE TIRE");
INSERT INTO COMPLECTATION_OPTIONS(COMPLECTATION_ID, OPTION_MNEMONIC, OPTION_LABEL) VALUES (684, "CND", "CANADA");
INSERT INTO COMPLECTATION_OPTIONS(COMPLECTATION_ID, OPTION_MNEMONIC, OPTION_LABEL) VALUES (684, "CBR", "CARBURETOR SYSTEM");
INSERT INTO COMPLECTATION_OPTIONS(COMPLECTATION_ID, OPTION_MNEMONIC, OPTION_LABEL) VALUES (684, "CBU", "COMPLETELY BUILT UNIT");
INSERT INTO COMPLECTATION(ID, FRAME_ID, NAME, URL, ENGINE_MNEMONIC, ENGINE_LABEL, PRODUCTION_PERIOD, BODY_MNEMONIC, BODY_LABEL, GRADE_MNEMONIC, GRADE_LABEL, TRANSMISSION_MNEMONIC, TRANSMISSION_LABEL) VALUES (685, 93, "RN55L-PSCEA", "https://toyota-usa.epc-data.com/4runner/rn55l/2599/", "22REC", "2400CC EFI", "08.1984 - 08.1988", "T1", "TRUCK(STANDARD DECK 1-SIDE OPEN)", "SR5", "SR-5 TYPE", "ATM", "AUTOMATIC TRANSMISSION");
INSERT INTO COMPLECTATION_OPTIONS(COMPLECTATION_ID, OPTION_MNEMONIC, OPTION_LABEL) VALUES (685, "4FC", "ATM,4-SPEED FLOOR SHIFT");
INSERT INTO COMPLECTATION_OPTIONS(COMPLECTATION_ID, OPTION_MNEMONIC, OPTION_LABEL) VALUES (685, "XTR", "EXTRA CAB");
INSERT INTO COMPLECTATION_OPTIONS(COMPLECTATION_ID, OPTION_MNEMONIC, OPTION_LABEL) VALUES (685, "HLF", "0.5TONS");
INSERT INTO COMPLECTATION_OPTIONS(COMPLECTATION_ID, OPTION_MNEMONIC, OPTION_LABEL) VALUES (685, "ST", "SINGLE TIRE");
INSERT INTO COMPLECTATION_OPTIONS(COMPLECTATION_ID, OPTION_MNEMONIC, OPTION_LABEL) VALUES (685, "USA", "UNITED STATES OF AMERICA");
INSERT INTO COMPLECTATION_OPTIONS(COMPLECTATION_ID, OPTION_MNEMONIC, OPTION_LABEL) VALUES (685, "EFI", "ELECTRIC FUEL INJECTION SYSTEM");
INSERT INTO COMPLECTATION_OPTIONS(COMPLECTATION_ID, OPTION_MNEMONIC, OPTION_LABEL) VALUES (685, "CBU", "COMPLETELY BUILT UNIT");
INSERT INTO COMPLECTATION(ID, FRAME_ID, NAME, URL, ENGINE_MNEMONIC, ENGINE_LABEL, PRODUCTION_PERIOD, BODY_MNEMONIC, BODY_LABEL, GRADE_MNEMONIC, GRADE_LABEL, TRANSMISSION_MNEMONIC, TRANSMISSION_LABEL) VALUES (686, 93, "RN55L-PSCEA3", "https://toyota-usa.epc-data.com/4runner/rn55l/2600/", "22REC", "2400CC EFI", "09.1983 - 08.1988", "T1", "TRUCK(STANDARD DECK 1-SIDE OPEN)", "SR5", "SR-5 TYPE", "ATM", "AUTOMATIC TRANSMISSION");
INSERT INTO COMPLECTATION_OPTIONS(COMPLECTATION_ID, OPTION_MNEMONIC, OPTION_LABEL) VALUES (686, "4FC", "ATM,4-SPEED FLOOR SHIFT");
INSERT INTO COMPLECTATION_OPTIONS(COMPLECTATION_ID, OPTION_MNEMONIC, OPTION_LABEL) VALUES (686, "XTR", "EXTRA CAB");
INSERT INTO COMPLECTATION_OPTIONS(COMPLECTATION_ID, OPTION_MNEMONIC, OPTION_LABEL) VALUES (686, "W", "W TYPE TRANSMISSION");
INSERT INTO COMPLECTATION_OPTIONS(COMPLECTATION_ID, OPTION_MNEMONIC, OPTION_LABEL) VALUES (686, "HLF", "0.5TONS");
INSERT INTO COMPLECTATION_OPTIONS(COMPLECTATION_ID, OPTION_MNEMONIC, OPTION_LABEL) VALUES (686, "ST", "SINGLE TIRE");
INSERT INTO COMPLECTATION_OPTIONS(COMPLECTATION_ID, OPTION_MNEMONIC, OPTION_LABEL) VALUES (686, "USA", "UNITED STATES OF AMERICA");
INSERT INTO COMPLECTATION_OPTIONS(COMPLECTATION_ID, OPTION_MNEMONIC, OPTION_LABEL) VALUES (686, "EFI", "ELECTRIC FUEL INJECTION SYSTEM");
INSERT INTO COMPLECTATION_OPTIONS(COMPLECTATION_ID, OPTION_MNEMONIC, OPTION_LABEL) VALUES (686, "IV", "INCOMPLETE VEHICLES (CHASSIS & CAB)");
INSERT INTO COMPLECTATION(ID, FRAME_ID, NAME, URL, ENGINE_MNEMONIC, ENGINE_LABEL, PRODUCTION_PERIOD, BODY_MNEMONIC, BODY_LABEL, GRADE_MNEMONIC, GRADE_LABEL, TRANSMISSION_MNEMONIC, TRANSMISSION_LABEL) VALUES (687, 93, "RN55L-PSCEK", "https://toyota-usa.epc-data.com/4runner/rn55l/2601/", "22REC", "2400CC EFI", "08.1984 - 08.1988", "T1", "TRUCK(STANDARD DECK 1-SIDE OPEN)", "SR5", "SR-5 TYPE", "ATM", "AUTOMATIC TRANSMISSION");
INSERT INTO COMPLECTATION_OPTIONS(COMPLECTATION_ID, OPTION_MNEMONIC, OPTION_LABEL) VALUES (687, "4FC", "ATM,4-SPEED FLOOR SHIFT");
INSERT INTO COMPLECTATION_OPTIONS(COMPLECTATION_ID, OPTION_MNEMONIC, OPTION_LABEL) VALUES (687, "XTR", "EXTRA CAB");
INSERT INTO COMPLECTATION_OPTIONS(COMPLECTATION_ID, OPTION_MNEMONIC, OPTION_LABEL) VALUES (687, "HLF", "0.5TONS");
INSERT INTO COMPLECTATION_OPTIONS(COMPLECTATION_ID, OPTION_MNEMONIC, OPTION_LABEL) VALUES (687, "ST", "SINGLE TIRE");
INSERT INTO COMPLECTATION_OPTIONS(COMPLECTATION_ID, OPTION_MNEMONIC, OPTION_LABEL) VALUES (687, "CND", "CANADA");
INSERT INTO COMPLECTATION_OPTIONS(COMPLECTATION_ID, OPTION_MNEMONIC, OPTION_LABEL) VALUES (687, "EFI", "ELECTRIC FUEL INJECTION SYSTEM");
INSERT INTO COMPLECTATION_OPTIONS(COMPLECTATION_ID, OPTION_MNEMONIC, OPTION_LABEL) VALUES (687, "CBU", "COMPLETELY BUILT UNIT");
INSERT INTO COMPLECTATION(ID, FRAME_ID, NAME, URL, ENGINE_MNEMONIC, ENGINE_LABEL, PRODUCTION_PERIOD, BODY_MNEMONIC, BODY_LABEL, GRADE_MNEMONIC, GRADE_LABEL, TRANSMISSION_MNEMONIC, TRANSMISSION_LABEL) VALUES (688, 93, "RN55L-PSEA3", "https://toyota-usa.epc-data.com/4runner/rn55l/2585/", "22REC", "2400CC EFI", "08.1983 - 08.1984", "T1", "TRUCK(STANDARD DECK 1-SIDE OPEN)", "SR5", "SR-5 TYPE", "ATM", "AUTOMATIC TRANSMISSION");
INSERT INTO COMPLECTATION_OPTIONS(COMPLECTATION_ID, OPTION_MNEMONIC, OPTION_LABEL) VALUES (688, "4FC", "ATM,4-SPEED FLOOR SHIFT");
INSERT INTO COMPLECTATION_OPTIONS(COMPLECTATION_ID, OPTION_MNEMONIC, OPTION_LABEL) VALUES (688, "RCB", "REGULAR CAB");
INSERT INTO COMPLECTATION_OPTIONS(COMPLECTATION_ID, OPTION_MNEMONIC, OPTION_LABEL) VALUES (688, "HLF", "0.5TONS");
INSERT INTO COMPLECTATION_OPTIONS(COMPLECTATION_ID, OPTION_MNEMONIC, OPTION_LABEL) VALUES (688, "ST", "SINGLE TIRE");
INSERT INTO COMPLECTATION_OPTIONS(COMPLECTATION_ID, OPTION_MNEMONIC, OPTION_LABEL) VALUES (688, "USA", "UNITED STATES OF AMERICA");
INSERT INTO COMPLECTATION_OPTIONS(COMPLECTATION_ID, OPTION_MNEMONIC, OPTION_LABEL) VALUES (688, "EFI", "ELECTRIC FUEL INJECTION SYSTEM");
INSERT INTO COMPLECTATION_OPTIONS(COMPLECTATION_ID, OPTION_MNEMONIC, OPTION_LABEL) VALUES (688, "IV", "INCOMPLETE VEHICLES (CHASSIS & CAB)");
INSERT INTO COMPLECTATION(ID, FRAME_ID, NAME, URL, ENGINE_MNEMONIC, ENGINE_LABEL, PRODUCTION_PERIOD, BODY_MNEMONIC, BODY_LABEL, GRADE_MNEMONIC, GRADE_LABEL, TRANSMISSION_MNEMONIC, TRANSMISSION_LABEL) VALUES (689, 93, "RN55L-SDA", "https://toyota-usa.epc-data.com/4runner/rn55l/2565/", "22R", "2400CC", "08.1985 - 08.1987", "T1", "TRUCK(STANDARD DECK 1-SIDE OPEN)", "DLX", "DELUXE TYPE", "ATM", "AUTOMATIC TRANSMISSION");
INSERT INTO COMPLECTATION_OPTIONS(COMPLECTATION_ID, OPTION_MNEMONIC, OPTION_LABEL) VALUES (689, "4HC", "ATM,4-SPEED COLUMN SHIFT");
INSERT INTO COMPLECTATION_OPTIONS(COMPLECTATION_ID, OPTION_MNEMONIC, OPTION_LABEL) VALUES (689, "RCB", "REGULAR CAB");
INSERT INTO COMPLECTATION_OPTIONS(COMPLECTATION_ID, OPTION_MNEMONIC, OPTION_LABEL) VALUES (689, "HLF", "0.5TONS");
INSERT INTO COMPLECTATION_OPTIONS(COMPLECTATION_ID, OPTION_MNEMONIC, OPTION_LABEL) VALUES (689, "ST", "SINGLE TIRE");
INSERT INTO COMPLECTATION_OPTIONS(COMPLECTATION_ID, OPTION_MNEMONIC, OPTION_LABEL) VALUES (689, "USA", "UNITED STATES OF AMERICA");
INSERT INTO COMPLECTATION_OPTIONS(COMPLECTATION_ID, OPTION_MNEMONIC, OPTION_LABEL) VALUES (689, "CBR", "CARBURETOR SYSTEM");
INSERT INTO COMPLECTATION_OPTIONS(COMPLECTATION_ID, OPTION_MNEMONIC, OPTION_LABEL) VALUES (689, "CBU", "COMPLETELY BUILT UNIT");
INSERT INTO COMPLECTATION(ID, FRAME_ID, NAME, URL, ENGINE_MNEMONIC, ENGINE_LABEL, PRODUCTION_PERIOD, BODY_MNEMONIC, BODY_LABEL, GRADE_MNEMONIC, GRADE_LABEL, TRANSMISSION_MNEMONIC, TRANSMISSION_LABEL) VALUES (690, 93, "RN55L-SDEA", "https://toyota-usa.epc-data.com/4runner/rn55l/2573/", "22REC", "2400CC EFI", "08.1987 - 08.1988", "T1", "TRUCK(STANDARD DECK 1-SIDE OPEN)", "DLX", "DELUXE TYPE", "ATM", "AUTOMATIC TRANSMISSION");
INSERT INTO COMPLECTATION_OPTIONS(COMPLECTATION_ID, OPTION_MNEMONIC, OPTION_LABEL) VALUES (690, "4HC", "ATM,4-SPEED COLUMN SHIFT");
INSERT INTO COMPLECTATION_OPTIONS(COMPLECTATION_ID, OPTION_MNEMONIC, OPTION_LABEL) VALUES (690, "RCB", "REGULAR CAB");
INSERT INTO COMPLECTATION_OPTIONS(COMPLECTATION_ID, OPTION_MNEMONIC, OPTION_LABEL) VALUES (690, "HLF", "0.5TONS");
INSERT INTO COMPLECTATION_OPTIONS(COMPLECTATION_ID, OPTION_MNEMONIC, OPTION_LABEL) VALUES (690, "ST", "SINGLE TIRE");
INSERT INTO COMPLECTATION_OPTIONS(COMPLECTATION_ID, OPTION_MNEMONIC, OPTION_LABEL) VALUES (690, "USA", "UNITED STATES OF AMERICA");
INSERT INTO COMPLECTATION_OPTIONS(COMPLECTATION_ID, OPTION_MNEMONIC, OPTION_LABEL) VALUES (690, "EFI", "ELECTRIC FUEL INJECTION SYSTEM");
INSERT INTO COMPLECTATION_OPTIONS(COMPLECTATION_ID, OPTION_MNEMONIC, OPTION_LABEL) VALUES (690, "CBU", "COMPLETELY BUILT UNIT");
INSERT INTO COMPLECTATION(ID, FRAME_ID, NAME, URL, ENGINE_MNEMONIC, ENGINE_LABEL, PRODUCTION_PERIOD, BODY_MNEMONIC, BODY_LABEL, GRADE_MNEMONIC, GRADE_LABEL, TRANSMISSION_MNEMONIC, TRANSMISSION_LABEL) VALUES (691, 93, "RN55L-SDEA3", "https://toyota-usa.epc-data.com/4runner/rn55l/2574/", "22REC", "2400CC EFI", "08.1987 - 08.1988", "T1", "TRUCK(STANDARD DECK 1-SIDE OPEN)", "DLX", "DELUXE TYPE", "ATM", "AUTOMATIC TRANSMISSION");
INSERT INTO COMPLECTATION_OPTIONS(COMPLECTATION_ID, OPTION_MNEMONIC, OPTION_LABEL) VALUES (691, "4HC", "ATM,4-SPEED COLUMN SHIFT");
INSERT INTO COMPLECTATION_OPTIONS(COMPLECTATION_ID, OPTION_MNEMONIC, OPTION_LABEL) VALUES (691, "RCB", "REGULAR CAB");
INSERT INTO COMPLECTATION_OPTIONS(COMPLECTATION_ID, OPTION_MNEMONIC, OPTION_LABEL) VALUES (691, "HLF", "0.5TONS");
INSERT INTO COMPLECTATION_OPTIONS(COMPLECTATION_ID, OPTION_MNEMONIC, OPTION_LABEL) VALUES (691, "ST", "SINGLE TIRE");
INSERT INTO COMPLECTATION_OPTIONS(COMPLECTATION_ID, OPTION_MNEMONIC, OPTION_LABEL) VALUES (691, "USA", "UNITED STATES OF AMERICA");
INSERT INTO COMPLECTATION_OPTIONS(COMPLECTATION_ID, OPTION_MNEMONIC, OPTION_LABEL) VALUES (691, "EFI", "ELECTRIC FUEL INJECTION SYSTEM");
INSERT INTO COMPLECTATION_OPTIONS(COMPLECTATION_ID, OPTION_MNEMONIC, OPTION_LABEL) VALUES (691, "IV", "INCOMPLETE VEHICLES (CHASSIS & CAB)");
INSERT INTO COMPLECTATION(ID, FRAME_ID, NAME, URL, ENGINE_MNEMONIC, ENGINE_LABEL, PRODUCTION_PERIOD, BODY_MNEMONIC, BODY_LABEL, GRADE_MNEMONIC, GRADE_LABEL, TRANSMISSION_MNEMONIC, TRANSMISSION_LABEL) VALUES (692, 93, "RN55L-SRA", "https://toyota-usa.epc-data.com/4runner/rn55l/2580/", "22R", "2400CC", "08.1985 - 08.1987", "T1", "TRUCK(STANDARD DECK 1-SIDE OPEN)", "STD", "STANDARD TYPE", "ATM", "AUTOMATIC TRANSMISSION");
INSERT INTO COMPLECTATION_OPTIONS(COMPLECTATION_ID, OPTION_MNEMONIC, OPTION_LABEL) VALUES (692, "4HC", "ATM,4-SPEED COLUMN SHIFT");
INSERT INTO COMPLECTATION_OPTIONS(COMPLECTATION_ID, OPTION_MNEMONIC, OPTION_LABEL) VALUES (692, "RCB", "REGULAR CAB");
INSERT INTO COMPLECTATION_OPTIONS(COMPLECTATION_ID, OPTION_MNEMONIC, OPTION_LABEL) VALUES (692, "HLF", "0.5TONS");
INSERT INTO COMPLECTATION_OPTIONS(COMPLECTATION_ID, OPTION_MNEMONIC, OPTION_LABEL) VALUES (692, "ST", "SINGLE TIRE");
INSERT INTO COMPLECTATION_OPTIONS(COMPLECTATION_ID, OPTION_MNEMONIC, OPTION_LABEL) VALUES (692, "USA", "UNITED STATES OF AMERICA");
INSERT INTO COMPLECTATION_OPTIONS(COMPLECTATION_ID, OPTION_MNEMONIC, OPTION_LABEL) VALUES (692, "CBR", "CARBURETOR SYSTEM");
INSERT INTO COMPLECTATION_OPTIONS(COMPLECTATION_ID, OPTION_MNEMONIC, OPTION_LABEL) VALUES (692, "CBU", "COMPLETELY BUILT UNIT");
INSERT INTO COMPLECTATION(ID, FRAME_ID, NAME, URL, ENGINE_MNEMONIC, ENGINE_LABEL, PRODUCTION_PERIOD, BODY_MNEMONIC, BODY_LABEL, GRADE_MNEMONIC, GRADE_LABEL, TRANSMISSION_MNEMONIC, TRANSMISSION_LABEL) VALUES (693, 93, "RN55L-SREA", "https://toyota-usa.epc-data.com/4runner/rn55l/2556/", "22REC", "2400CC EFI", "08.1987 - 08.1988", "T1", "TRUCK(STANDARD DECK 1-SIDE OPEN)", "STD", "STANDARD TYPE", "ATM", "AUTOMATIC TRANSMISSION");
INSERT INTO COMPLECTATION_OPTIONS(COMPLECTATION_ID, OPTION_MNEMONIC, OPTION_LABEL) VALUES (693, "4HC", "ATM,4-SPEED COLUMN SHIFT");
INSERT INTO COMPLECTATION_OPTIONS(COMPLECTATION_ID, OPTION_MNEMONIC, OPTION_LABEL) VALUES (693, "RCB", "REGULAR CAB");
INSERT INTO COMPLECTATION_OPTIONS(COMPLECTATION_ID, OPTION_MNEMONIC, OPTION_LABEL) VALUES (693, "HLF", "0.5TONS");
INSERT INTO COMPLECTATION_OPTIONS(COMPLECTATION_ID, OPTION_MNEMONIC, OPTION_LABEL) VALUES (693, "ST", "SINGLE TIRE");
INSERT INTO COMPLECTATION_OPTIONS(COMPLECTATION_ID, OPTION_MNEMONIC, OPTION_LABEL) VALUES (693, "USA", "UNITED STATES OF AMERICA");
INSERT INTO COMPLECTATION_OPTIONS(COMPLECTATION_ID, OPTION_MNEMONIC, OPTION_LABEL) VALUES (693, "EFI", "ELECTRIC FUEL INJECTION SYSTEM");
INSERT INTO COMPLECTATION_OPTIONS(COMPLECTATION_ID, OPTION_MNEMONIC, OPTION_LABEL) VALUES (693, "CBU", "COMPLETELY BUILT UNIT");
INSERT INTO COMPLECTATION(ID, FRAME_ID, NAME, URL, ENGINE_MNEMONIC, ENGINE_LABEL, PRODUCTION_PERIOD, BODY_MNEMONIC, BODY_LABEL, GRADE_MNEMONIC, GRADE_LABEL, TRANSMISSION_MNEMONIC, TRANSMISSION_LABEL) VALUES (694, 93, "RN55L-SREA3W", "https://toyota-usa.epc-data.com/4runner/rn55l/2734/", "22REC", "2400CC EFI", "08.1985 - 08.1988", "T1", "TRUCK(STANDARD DECK 1-SIDE OPEN)", "STD", "STANDARD TYPE", "ATM", "AUTOMATIC TRANSMISSION");
INSERT INTO COMPLECTATION_OPTIONS(COMPLECTATION_ID, OPTION_MNEMONIC, OPTION_LABEL) VALUES (694, "4HC", "ATM,4-SPEED COLUMN SHIFT");
INSERT INTO COMPLECTATION_OPTIONS(COMPLECTATION_ID, OPTION_MNEMONIC, OPTION_LABEL) VALUES (694, "RCB", "REGULAR CAB");
INSERT INTO COMPLECTATION_OPTIONS(COMPLECTATION_ID, OPTION_MNEMONIC, OPTION_LABEL) VALUES (694, "HVY", "HEAVY");
INSERT INTO COMPLECTATION_OPTIONS(COMPLECTATION_ID, OPTION_MNEMONIC, OPTION_LABEL) VALUES (694, "ST", "SINGLE TIRE");
INSERT INTO COMPLECTATION_OPTIONS(COMPLECTATION_ID, OPTION_MNEMONIC, OPTION_LABEL) VALUES (694, "USA", "UNITED STATES OF AMERICA");
INSERT INTO COMPLECTATION_OPTIONS(COMPLECTATION_ID, OPTION_MNEMONIC, OPTION_LABEL) VALUES (694, "EFI", "ELECTRIC FUEL INJECTION SYSTEM");
INSERT INTO COMPLECTATION_OPTIONS(COMPLECTATION_ID, OPTION_MNEMONIC, OPTION_LABEL) VALUES (694, "IV", "INCOMPLETE VEHICLES (CHASSIS & CAB)");
INSERT INTO COMPLECTATION(ID, FRAME_ID, NAME, URL, ENGINE_MNEMONIC, ENGINE_LABEL, PRODUCTION_PERIOD, BODY_MNEMONIC, BODY_LABEL, GRADE_MNEMONIC, GRADE_LABEL, TRANSMISSION_MNEMONIC, TRANSMISSION_LABEL) VALUES (695, 93, "RN55L-SREK", "https://toyota-usa.epc-data.com/4runner/rn55l/2557/", "22REC", "2400CC EFI", "08.1987 - 08.1988", "T1", "TRUCK(STANDARD DECK 1-SIDE OPEN)", "STD", "STANDARD TYPE", "ATM", "AUTOMATIC TRANSMISSION");
INSERT INTO COMPLECTATION_OPTIONS(COMPLECTATION_ID, OPTION_MNEMONIC, OPTION_LABEL) VALUES (695, "4HC", "ATM,4-SPEED COLUMN SHIFT");
INSERT INTO COMPLECTATION_OPTIONS(COMPLECTATION_ID, OPTION_MNEMONIC, OPTION_LABEL) VALUES (695, "RCB", "REGULAR CAB");
INSERT INTO COMPLECTATION_OPTIONS(COMPLECTATION_ID, OPTION_MNEMONIC, OPTION_LABEL) VALUES (695, "HLF", "0.5TONS");
INSERT INTO COMPLECTATION_OPTIONS(COMPLECTATION_ID, OPTION_MNEMONIC, OPTION_LABEL) VALUES (695, "ST", "SINGLE TIRE");
INSERT INTO COMPLECTATION_OPTIONS(COMPLECTATION_ID, OPTION_MNEMONIC, OPTION_LABEL) VALUES (695, "CND", "CANADA");
INSERT INTO COMPLECTATION_OPTIONS(COMPLECTATION_ID, OPTION_MNEMONIC, OPTION_LABEL) VALUES (695, "EFI", "ELECTRIC FUEL INJECTION SYSTEM");
INSERT INTO COMPLECTATION_OPTIONS(COMPLECTATION_ID, OPTION_MNEMONIC, OPTION_LABEL) VALUES (695, "CBU", "COMPLETELY BUILT UNIT");
INSERT INTO COMPLECTATION(ID, FRAME_ID, NAME, URL, ENGINE_MNEMONIC, ENGINE_LABEL, PRODUCTION_PERIOD, BODY_MNEMONIC, BODY_LABEL, GRADE_MNEMONIC, GRADE_LABEL, TRANSMISSION_MNEMONIC, TRANSMISSION_LABEL) VALUES (696, 93, "RN55L-SRHEA", "https://toyota-usa.epc-data.com/4runner/rn55l/2571/", "22REC", "2400CC EFI", "08.1985 - 08.1988", "T1", "TRUCK(STANDARD DECK 1-SIDE OPEN)", "STD", "STANDARD TYPE", "ATM", "AUTOMATIC TRANSMISSION");
INSERT INTO COMPLECTATION_OPTIONS(COMPLECTATION_ID, OPTION_MNEMONIC, OPTION_LABEL) VALUES (696, "4HC", "ATM,4-SPEED COLUMN SHIFT");
INSERT INTO COMPLECTATION_OPTIONS(COMPLECTATION_ID, OPTION_MNEMONIC, OPTION_LABEL) VALUES (696, "RCB", "REGULAR CAB");
INSERT INTO COMPLECTATION_OPTIONS(COMPLECTATION_ID, OPTION_MNEMONIC, OPTION_LABEL) VALUES (696, "10T", "1.0TONS");
INSERT INTO COMPLECTATION_OPTIONS(COMPLECTATION_ID, OPTION_MNEMONIC, OPTION_LABEL) VALUES (696, "ST", "SINGLE TIRE");
INSERT INTO COMPLECTATION_OPTIONS(COMPLECTATION_ID, OPTION_MNEMONIC, OPTION_LABEL) VALUES (696, "USA", "UNITED STATES OF AMERICA");
INSERT INTO COMPLECTATION_OPTIONS(COMPLECTATION_ID, OPTION_MNEMONIC, OPTION_LABEL) VALUES (696, "EFI", "ELECTRIC FUEL INJECTION SYSTEM");
INSERT INTO COMPLECTATION_OPTIONS(COMPLECTATION_ID, OPTION_MNEMONIC, OPTION_LABEL) VALUES (696, "CBU", "COMPLETELY BUILT UNIT");
INSERT INTO COMPLECTATION(ID, FRAME_ID, NAME, URL, ENGINE_MNEMONIC, ENGINE_LABEL, PRODUCTION_PERIOD, BODY_MNEMONIC, BODY_LABEL, GRADE_MNEMONIC, GRADE_LABEL, TRANSMISSION_MNEMONIC, TRANSMISSION_LABEL) VALUES (697, 93, "RN55L-SRHEK", "https://toyota-usa.epc-data.com/4runner/rn55l/2572/", "22REC", "2400CC EFI", "08.1985 - 08.1988", "T1", "TRUCK(STANDARD DECK 1-SIDE OPEN)", "STD", "STANDARD TYPE", "ATM", "AUTOMATIC TRANSMISSION");
INSERT INTO COMPLECTATION_OPTIONS(COMPLECTATION_ID, OPTION_MNEMONIC, OPTION_LABEL) VALUES (697, "4HC", "ATM,4-SPEED COLUMN SHIFT");
INSERT INTO COMPLECTATION_OPTIONS(COMPLECTATION_ID, OPTION_MNEMONIC, OPTION_LABEL) VALUES (697, "RCB", "REGULAR CAB");
INSERT INTO COMPLECTATION_OPTIONS(COMPLECTATION_ID, OPTION_MNEMONIC, OPTION_LABEL) VALUES (697, "10T", "1.0TONS");
INSERT INTO COMPLECTATION_OPTIONS(COMPLECTATION_ID, OPTION_MNEMONIC, OPTION_LABEL) VALUES (697, "ST", "SINGLE TIRE");
INSERT INTO COMPLECTATION_OPTIONS(COMPLECTATION_ID, OPTION_MNEMONIC, OPTION_LABEL) VALUES (697, "CND", "CANADA");
INSERT INTO COMPLECTATION_OPTIONS(COMPLECTATION_ID, OPTION_MNEMONIC, OPTION_LABEL) VALUES (697, "EFI", "ELECTRIC FUEL INJECTION SYSTEM");
INSERT INTO COMPLECTATION_OPTIONS(COMPLECTATION_ID, OPTION_MNEMONIC, OPTION_LABEL) VALUES (697, "CBU", "COMPLETELY BUILT UNIT");
INSERT INTO COMPLECTATION(ID, FRAME_ID, NAME, URL, ENGINE_MNEMONIC, ENGINE_LABEL, PRODUCTION_PERIOD, BODY_MNEMONIC, BODY_LABEL, GRADE_MNEMONIC, GRADE_LABEL, TRANSMISSION_MNEMONIC, TRANSMISSION_LABEL) VALUES (698, 93, "RN55L-SRK", "https://toyota-usa.epc-data.com/4runner/rn55l/2581/", "22R", "2400CC", "08.1985 - 08.1987", "T1", "TRUCK(STANDARD DECK 1-SIDE OPEN)", "STD", "STANDARD TYPE", "ATM", "AUTOMATIC TRANSMISSION");
INSERT INTO COMPLECTATION_OPTIONS(COMPLECTATION_ID, OPTION_MNEMONIC, OPTION_LABEL) VALUES (698, "4HC", "ATM,4-SPEED COLUMN SHIFT");
INSERT INTO COMPLECTATION_OPTIONS(COMPLECTATION_ID, OPTION_MNEMONIC, OPTION_LABEL) VALUES (698, "RCB", "REGULAR CAB");
INSERT INTO COMPLECTATION_OPTIONS(COMPLECTATION_ID, OPTION_MNEMONIC, OPTION_LABEL) VALUES (698, "HLF", "0.5TONS");
INSERT INTO COMPLECTATION_OPTIONS(COMPLECTATION_ID, OPTION_MNEMONIC, OPTION_LABEL) VALUES (698, "ST", "SINGLE TIRE");
INSERT INTO COMPLECTATION_OPTIONS(COMPLECTATION_ID, OPTION_MNEMONIC, OPTION_LABEL) VALUES (698, "CND", "CANADA");
INSERT INTO COMPLECTATION_OPTIONS(COMPLECTATION_ID, OPTION_MNEMONIC, OPTION_LABEL) VALUES (698, "CBR", "CARBURETOR SYSTEM");
INSERT INTO COMPLECTATION_OPTIONS(COMPLECTATION_ID, OPTION_MNEMONIC, OPTION_LABEL) VALUES (698, "CBU", "COMPLETELY BUILT UNIT");
INSERT INTO COMPLECTATION(ID, FRAME_ID, NAME, URL, ENGINE_MNEMONIC, ENGINE_LABEL, PRODUCTION_PERIOD, BODY_MNEMONIC, BODY_LABEL, GRADE_MNEMONIC, GRADE_LABEL, TRANSMISSION_MNEMONIC, TRANSMISSION_LABEL) VALUES (699, 93, "RN55L-SRTEA3W", "https://toyota-usa.epc-data.com/4runner/rn55l/2736/", "22REC", "2400CC EFI", "08.1985 - 08.1988", "T1", "TRUCK(STANDARD DECK 1-SIDE OPEN)", "STD", "STANDARD TYPE", "ATM", "AUTOMATIC TRANSMISSION");
INSERT INTO COMPLECTATION_OPTIONS(COMPLECTATION_ID, OPTION_MNEMONIC, OPTION_LABEL) VALUES (699, "4HC", "ATM,4-SPEED COLUMN SHIFT");
INSERT INTO COMPLECTATION_OPTIONS(COMPLECTATION_ID, OPTION_MNEMONIC, OPTION_LABEL) VALUES (699, "RCB", "REGULAR CAB");
INSERT INTO COMPLECTATION_OPTIONS(COMPLECTATION_ID, OPTION_MNEMONIC, OPTION_LABEL) VALUES (699, "HVY", "HEAVY");
INSERT INTO COMPLECTATION_OPTIONS(COMPLECTATION_ID, OPTION_MNEMONIC, OPTION_LABEL) VALUES (699, "WT", "DOUBLE TIRE");
INSERT INTO COMPLECTATION_OPTIONS(COMPLECTATION_ID, OPTION_MNEMONIC, OPTION_LABEL) VALUES (699, "USA", "UNITED STATES OF AMERICA");
INSERT INTO COMPLECTATION_OPTIONS(COMPLECTATION_ID, OPTION_MNEMONIC, OPTION_LABEL) VALUES (699, "EFI", "ELECTRIC FUEL INJECTION SYSTEM");
INSERT INTO COMPLECTATION_OPTIONS(COMPLECTATION_ID, OPTION_MNEMONIC, OPTION_LABEL) VALUES (699, "IV", "INCOMPLETE VEHICLES (CHASSIS & CAB)");
INSERT INTO FRAME(ID, MODEL_ID, NAME, URL) VALUES (94, 10, "RN60L", "https://toyota-usa.epc-data.com/4runner/rn60l");
INSERT INTO COMPLECTATION(ID, FRAME_ID, NAME, URL, ENGINE_MNEMONIC, ENGINE_LABEL, PRODUCTION_PERIOD, BODY_MNEMONIC, BODY_LABEL, GRADE_MNEMONIC, GRADE_LABEL, TRANSMISSION_MNEMONIC, TRANSMISSION_LABEL) VALUES (700, 94, "RN60L-MDK", "https://toyota-usa.epc-data.com/4runner/rn60l/2605/", "22R", "2400CC", "08.1983 - 08.1985", "T1", "TRUCK(STANDARD DECK 1-SIDE OPEN)", "DLX", "DELUXE TYPE", "MTM", "MANUAL TRANSMISSION");
INSERT INTO COMPLECTATION_OPTIONS(COMPLECTATION_ID, OPTION_MNEMONIC, OPTION_LABEL) VALUES (700, "5F", "MTM,5-SPEED FLOOR SHIFT");
INSERT INTO COMPLECTATION_OPTIONS(COMPLECTATION_ID, OPTION_MNEMONIC, OPTION_LABEL) VALUES (700, "RCB", "REGULAR CAB");
INSERT INTO COMPLECTATION_OPTIONS(COMPLECTATION_ID, OPTION_MNEMONIC, OPTION_LABEL) VALUES (700, "G", "G TYPE TRANSMISSION");
INSERT INTO COMPLECTATION_OPTIONS(COMPLECTATION_ID, OPTION_MNEMONIC, OPTION_LABEL) VALUES (700, "HLF", "0.5TONS");
INSERT INTO COMPLECTATION_OPTIONS(COMPLECTATION_ID, OPTION_MNEMONIC, OPTION_LABEL) VALUES (700, "ST", "SINGLE TIRE");
INSERT INTO COMPLECTATION_OPTIONS(COMPLECTATION_ID, OPTION_MNEMONIC, OPTION_LABEL) VALUES (700, "CND", "CANADA");
INSERT INTO COMPLECTATION_OPTIONS(COMPLECTATION_ID, OPTION_MNEMONIC, OPTION_LABEL) VALUES (700, "CBR", "CARBURETOR SYSTEM");
INSERT INTO COMPLECTATION_OPTIONS(COMPLECTATION_ID, OPTION_MNEMONIC, OPTION_LABEL) VALUES (700, "CBU", "COMPLETELY BUILT UNIT");
INSERT INTO COMPLECTATION(ID, FRAME_ID, NAME, URL, ENGINE_MNEMONIC, ENGINE_LABEL, PRODUCTION_PERIOD, BODY_MNEMONIC, BODY_LABEL, GRADE_MNEMONIC, GRADE_LABEL, TRANSMISSION_MNEMONIC, TRANSMISSION_LABEL) VALUES (701, 94, "RN60L-MRA", "https://toyota-usa.epc-data.com/4runner/rn60l/2606/", "22R", "2400CC", "08.1983 - 08.1985", "T1", "TRUCK(STANDARD DECK 1-SIDE OPEN)", "STD", "STANDARD TYPE", "MTM", "MANUAL TRANSMISSION");
INSERT INTO COMPLECTATION_OPTIONS(COMPLECTATION_ID, OPTION_MNEMONIC, OPTION_LABEL) VALUES (701, "5F", "MTM,5-SPEED FLOOR SHIFT");
INSERT INTO COMPLECTATION_OPTIONS(COMPLECTATION_ID, OPTION_MNEMONIC, OPTION_LABEL) VALUES (701, "RCB", "REGULAR CAB");
INSERT INTO COMPLECTATION_OPTIONS(COMPLECTATION_ID, OPTION_MNEMONIC, OPTION_LABEL) VALUES (701, "G", "G TYPE TRANSMISSION");
INSERT INTO COMPLECTATION_OPTIONS(COMPLECTATION_ID, OPTION_MNEMONIC, OPTION_LABEL) VALUES (701, "HLF", "0.5TONS");
INSERT INTO COMPLECTATION_OPTIONS(COMPLECTATION_ID, OPTION_MNEMONIC, OPTION_LABEL) VALUES (701, "ST", "SINGLE TIRE");
INSERT INTO COMPLECTATION_OPTIONS(COMPLECTATION_ID, OPTION_MNEMONIC, OPTION_LABEL) VALUES (701, "USA", "UNITED STATES OF AMERICA");
INSERT INTO COMPLECTATION_OPTIONS(COMPLECTATION_ID, OPTION_MNEMONIC, OPTION_LABEL) VALUES (701, "CBR", "CARBURETOR SYSTEM");
INSERT INTO COMPLECTATION_OPTIONS(COMPLECTATION_ID, OPTION_MNEMONIC, OPTION_LABEL) VALUES (701, "CBU", "COMPLETELY BUILT UNIT");
INSERT INTO COMPLECTATION(ID, FRAME_ID, NAME, URL, ENGINE_MNEMONIC, ENGINE_LABEL, PRODUCTION_PERIOD, BODY_MNEMONIC, BODY_LABEL, GRADE_MNEMONIC, GRADE_LABEL, TRANSMISSION_MNEMONIC, TRANSMISSION_LABEL) VALUES (702, 94, "RN60L-MRA3", "https://toyota-usa.epc-data.com/4runner/rn60l/2607/", "22R", "2400CC", "08.1983 - 08.1985", "T1", "TRUCK(STANDARD DECK 1-SIDE OPEN)", "STD", "STANDARD TYPE", "MTM", "MANUAL TRANSMISSION");
INSERT INTO COMPLECTATION_OPTIONS(COMPLECTATION_ID, OPTION_MNEMONIC, OPTION_LABEL) VALUES (702, "5F", "MTM,5-SPEED FLOOR SHIFT");
INSERT INTO COMPLECTATION_OPTIONS(COMPLECTATION_ID, OPTION_MNEMONIC, OPTION_LABEL) VALUES (702, "RCB", "REGULAR CAB");
INSERT INTO COMPLECTATION_OPTIONS(COMPLECTATION_ID, OPTION_MNEMONIC, OPTION_LABEL) VALUES (702, "G", "G TYPE TRANSMISSION");
INSERT INTO COMPLECTATION_OPTIONS(COMPLECTATION_ID, OPTION_MNEMONIC, OPTION_LABEL) VALUES (702, "HLF", "0.5TONS");
INSERT INTO COMPLECTATION_OPTIONS(COMPLECTATION_ID, OPTION_MNEMONIC, OPTION_LABEL) VALUES (702, "ST", "SINGLE TIRE");
INSERT INTO COMPLECTATION_OPTIONS(COMPLECTATION_ID, OPTION_MNEMONIC, OPTION_LABEL) VALUES (702, "USA", "UNITED STATES OF AMERICA");
INSERT INTO COMPLECTATION_OPTIONS(COMPLECTATION_ID, OPTION_MNEMONIC, OPTION_LABEL) VALUES (702, "CBR", "CARBURETOR SYSTEM");
INSERT INTO COMPLECTATION_OPTIONS(COMPLECTATION_ID, OPTION_MNEMONIC, OPTION_LABEL) VALUES (702, "IV", "INCOMPLETE VEHICLES (CHASSIS & CAB)");
INSERT INTO COMPLECTATION(ID, FRAME_ID, NAME, URL, ENGINE_MNEMONIC, ENGINE_LABEL, PRODUCTION_PERIOD, BODY_MNEMONIC, BODY_LABEL, GRADE_MNEMONIC, GRADE_LABEL, TRANSMISSION_MNEMONIC, TRANSMISSION_LABEL) VALUES (703, 94, "RN60L-MSA", "https://toyota-usa.epc-data.com/4runner/rn60l/2608/", "22R", "2400CC", "08.1983 - 08.1984", "T1", "TRUCK(STANDARD DECK 1-SIDE OPEN)", "SR5", "SR-5 TYPE", "MTM", "MANUAL TRANSMISSION");
INSERT INTO COMPLECTATION_OPTIONS(COMPLECTATION_ID, OPTION_MNEMONIC, OPTION_LABEL) VALUES (703, "5F", "MTM,5-SPEED FLOOR SHIFT");
INSERT INTO COMPLECTATION_OPTIONS(COMPLECTATION_ID, OPTION_MNEMONIC, OPTION_LABEL) VALUES (703, "RCB", "REGULAR CAB");
INSERT INTO COMPLECTATION_OPTIONS(COMPLECTATION_ID, OPTION_MNEMONIC, OPTION_LABEL) VALUES (703, "G", "G TYPE TRANSMISSION");
INSERT INTO COMPLECTATION_OPTIONS(COMPLECTATION_ID, OPTION_MNEMONIC, OPTION_LABEL) VALUES (703, "HLF", "0.5TONS");
INSERT INTO COMPLECTATION_OPTIONS(COMPLECTATION_ID, OPTION_MNEMONIC, OPTION_LABEL) VALUES (703, "ST", "SINGLE TIRE");
INSERT INTO COMPLECTATION_OPTIONS(COMPLECTATION_ID, OPTION_MNEMONIC, OPTION_LABEL) VALUES (703, "USA", "UNITED STATES OF AMERICA");
INSERT INTO COMPLECTATION_OPTIONS(COMPLECTATION_ID, OPTION_MNEMONIC, OPTION_LABEL) VALUES (703, "CBR", "CARBURETOR SYSTEM");
INSERT INTO COMPLECTATION_OPTIONS(COMPLECTATION_ID, OPTION_MNEMONIC, OPTION_LABEL) VALUES (703, "CBU", "COMPLETELY BUILT UNIT");
INSERT INTO COMPLECTATION(ID, FRAME_ID, NAME, URL, ENGINE_MNEMONIC, ENGINE_LABEL, PRODUCTION_PERIOD, BODY_MNEMONIC, BODY_LABEL, GRADE_MNEMONIC, GRADE_LABEL, TRANSMISSION_MNEMONIC, TRANSMISSION_LABEL) VALUES (704, 94, "RN60L-MSA3", "https://toyota-usa.epc-data.com/4runner/rn60l/2609/", "22R", "2400CC", "08.1983 - 08.1984", "T1", "TRUCK(STANDARD DECK 1-SIDE OPEN)", "SR5", "SR-5 TYPE", "MTM", "MANUAL TRANSMISSION");
INSERT INTO COMPLECTATION_OPTIONS(COMPLECTATION_ID, OPTION_MNEMONIC, OPTION_LABEL) VALUES (704, "5F", "MTM,5-SPEED FLOOR SHIFT");
INSERT INTO COMPLECTATION_OPTIONS(COMPLECTATION_ID, OPTION_MNEMONIC, OPTION_LABEL) VALUES (704, "RCB", "REGULAR CAB");
INSERT INTO COMPLECTATION_OPTIONS(COMPLECTATION_ID, OPTION_MNEMONIC, OPTION_LABEL) VALUES (704, "G", "G TYPE TRANSMISSION");
INSERT INTO COMPLECTATION_OPTIONS(COMPLECTATION_ID, OPTION_MNEMONIC, OPTION_LABEL) VALUES (704, "HLF", "0.5TONS");
INSERT INTO COMPLECTATION_OPTIONS(COMPLECTATION_ID, OPTION_MNEMONIC, OPTION_LABEL) VALUES (704, "ST", "SINGLE TIRE");
INSERT INTO COMPLECTATION_OPTIONS(COMPLECTATION_ID, OPTION_MNEMONIC, OPTION_LABEL) VALUES (704, "USA", "UNITED STATES OF AMERICA");
INSERT INTO COMPLECTATION_OPTIONS(COMPLECTATION_ID, OPTION_MNEMONIC, OPTION_LABEL) VALUES (704, "CBR", "CARBURETOR SYSTEM");
INSERT INTO COMPLECTATION_OPTIONS(COMPLECTATION_ID, OPTION_MNEMONIC, OPTION_LABEL) VALUES (704, "IV", "INCOMPLETE VEHICLES (CHASSIS & CAB)");
INSERT INTO COMPLECTATION(ID, FRAME_ID, NAME, URL, ENGINE_MNEMONIC, ENGINE_LABEL, PRODUCTION_PERIOD, BODY_MNEMONIC, BODY_LABEL, GRADE_MNEMONIC, GRADE_LABEL, TRANSMISSION_MNEMONIC, TRANSMISSION_LABEL) VALUES (705, 94, "RN60L-MSEA", "https://toyota-usa.epc-data.com/4runner/rn60l/2610/", "22REC", "2400CC EFI", "08.1984 - 08.1985", "T1", "TRUCK(STANDARD DECK 1-SIDE OPEN)", "SR5", "SR-5 TYPE", "MTM", "MANUAL TRANSMISSION");
INSERT INTO COMPLECTATION_OPTIONS(COMPLECTATION_ID, OPTION_MNEMONIC, OPTION_LABEL) VALUES (705, "5F", "MTM,5-SPEED FLOOR SHIFT");
INSERT INTO COMPLECTATION_OPTIONS(COMPLECTATION_ID, OPTION_MNEMONIC, OPTION_LABEL) VALUES (705, "RCB", "REGULAR CAB");
INSERT INTO COMPLECTATION_OPTIONS(COMPLECTATION_ID, OPTION_MNEMONIC, OPTION_LABEL) VALUES (705, "W", "W TYPE TRANSMISSION");
INSERT INTO COMPLECTATION_OPTIONS(COMPLECTATION_ID, OPTION_MNEMONIC, OPTION_LABEL) VALUES (705, "HLF", "0.5TONS");
INSERT INTO COMPLECTATION_OPTIONS(COMPLECTATION_ID, OPTION_MNEMONIC, OPTION_LABEL) VALUES (705, "ST", "SINGLE TIRE");
INSERT INTO COMPLECTATION_OPTIONS(COMPLECTATION_ID, OPTION_MNEMONIC, OPTION_LABEL) VALUES (705, "USA", "UNITED STATES OF AMERICA");
INSERT INTO COMPLECTATION_OPTIONS(COMPLECTATION_ID, OPTION_MNEMONIC, OPTION_LABEL) VALUES (705, "EFI", "ELECTRIC FUEL INJECTION SYSTEM");
INSERT INTO COMPLECTATION_OPTIONS(COMPLECTATION_ID, OPTION_MNEMONIC, OPTION_LABEL) VALUES (705, "CBU", "COMPLETELY BUILT UNIT");
INSERT INTO COMPLECTATION(ID, FRAME_ID, NAME, URL, ENGINE_MNEMONIC, ENGINE_LABEL, PRODUCTION_PERIOD, BODY_MNEMONIC, BODY_LABEL, GRADE_MNEMONIC, GRADE_LABEL, TRANSMISSION_MNEMONIC, TRANSMISSION_LABEL) VALUES (706, 94, "RN60L-MSEA3", "https://toyota-usa.epc-data.com/4runner/rn60l/2611/", "22REC", "2400CC EFI", "08.1984 - 08.1985", "T1", "TRUCK(STANDARD DECK 1-SIDE OPEN)", "SR5", "SR-5 TYPE", "MTM", "MANUAL TRANSMISSION");
INSERT INTO COMPLECTATION_OPTIONS(COMPLECTATION_ID, OPTION_MNEMONIC, OPTION_LABEL) VALUES (706, "5F", "MTM,5-SPEED FLOOR SHIFT");
INSERT INTO COMPLECTATION_OPTIONS(COMPLECTATION_ID, OPTION_MNEMONIC, OPTION_LABEL) VALUES (706, "RCB", "REGULAR CAB");
INSERT INTO COMPLECTATION_OPTIONS(COMPLECTATION_ID, OPTION_MNEMONIC, OPTION_LABEL) VALUES (706, "W", "W TYPE TRANSMISSION");
INSERT INTO COMPLECTATION_OPTIONS(COMPLECTATION_ID, OPTION_MNEMONIC, OPTION_LABEL) VALUES (706, "HLF", "0.5TONS");
INSERT INTO COMPLECTATION_OPTIONS(COMPLECTATION_ID, OPTION_MNEMONIC, OPTION_LABEL) VALUES (706, "ST", "SINGLE TIRE");
INSERT INTO COMPLECTATION_OPTIONS(COMPLECTATION_ID, OPTION_MNEMONIC, OPTION_LABEL) VALUES (706, "USA", "UNITED STATES OF AMERICA");
INSERT INTO COMPLECTATION_OPTIONS(COMPLECTATION_ID, OPTION_MNEMONIC, OPTION_LABEL) VALUES (706, "EFI", "ELECTRIC FUEL INJECTION SYSTEM");
INSERT INTO COMPLECTATION_OPTIONS(COMPLECTATION_ID, OPTION_MNEMONIC, OPTION_LABEL) VALUES (706, "IV", "INCOMPLETE VEHICLES (CHASSIS & CAB)");
INSERT INTO COMPLECTATION(ID, FRAME_ID, NAME, URL, ENGINE_MNEMONIC, ENGINE_LABEL, PRODUCTION_PERIOD, BODY_MNEMONIC, BODY_LABEL, GRADE_MNEMONIC, GRADE_LABEL, TRANSMISSION_MNEMONIC, TRANSMISSION_LABEL) VALUES (707, 94, "RN60LG-MDA", "https://toyota-usa.epc-data.com/4runner/rn60l/2513/", "22R", "2400CC", "03.1984 - 08.1984", "WG", "WAGON(4-RUNNER)", "DLX", "DELUXE TYPE", "MTM", "MANUAL TRANSMISSION");
INSERT INTO COMPLECTATION_OPTIONS(COMPLECTATION_ID, OPTION_MNEMONIC, OPTION_LABEL) VALUES (707, "5F", "MTM,5-SPEED FLOOR SHIFT");
INSERT INTO COMPLECTATION_OPTIONS(COMPLECTATION_ID, OPTION_MNEMONIC, OPTION_LABEL) VALUES (707, "G", "G TYPE TRANSMISSION");
INSERT INTO COMPLECTATION_OPTIONS(COMPLECTATION_ID, OPTION_MNEMONIC, OPTION_LABEL) VALUES (707, "ST", "SINGLE TIRE");
INSERT INTO COMPLECTATION_OPTIONS(COMPLECTATION_ID, OPTION_MNEMONIC, OPTION_LABEL) VALUES (707, "USA", "UNITED STATES OF AMERICA");
INSERT INTO COMPLECTATION_OPTIONS(COMPLECTATION_ID, OPTION_MNEMONIC, OPTION_LABEL) VALUES (707, "CBR", "CARBURETOR SYSTEM");
INSERT INTO COMPLECTATION_OPTIONS(COMPLECTATION_ID, OPTION_MNEMONIC, OPTION_LABEL) VALUES (707, "CBU", "COMPLETELY BUILT UNIT");
INSERT INTO COMPLECTATION(ID, FRAME_ID, NAME, URL, ENGINE_MNEMONIC, ENGINE_LABEL, PRODUCTION_PERIOD, BODY_MNEMONIC, BODY_LABEL, GRADE_MNEMONIC, GRADE_LABEL, TRANSMISSION_MNEMONIC, TRANSMISSION_LABEL) VALUES (708, 94, "RN60LG-MDEA", "https://toyota-usa.epc-data.com/4runner/rn60l/2514/", "22REC", "2400CC EFI", "08.1984 - 08.1985", "WG", "WAGON(4-RUNNER)", "DLX", "DELUXE TYPE", "MTM", "MANUAL TRANSMISSION");
INSERT INTO COMPLECTATION_OPTIONS(COMPLECTATION_ID, OPTION_MNEMONIC, OPTION_LABEL) VALUES (708, "5F", "MTM,5-SPEED FLOOR SHIFT");
INSERT INTO COMPLECTATION_OPTIONS(COMPLECTATION_ID, OPTION_MNEMONIC, OPTION_LABEL) VALUES (708, "W", "W TYPE TRANSMISSION");
INSERT INTO COMPLECTATION_OPTIONS(COMPLECTATION_ID, OPTION_MNEMONIC, OPTION_LABEL) VALUES (708, "ST", "SINGLE TIRE");
INSERT INTO COMPLECTATION_OPTIONS(COMPLECTATION_ID, OPTION_MNEMONIC, OPTION_LABEL) VALUES (708, "USA", "UNITED STATES OF AMERICA");
INSERT INTO COMPLECTATION_OPTIONS(COMPLECTATION_ID, OPTION_MNEMONIC, OPTION_LABEL) VALUES (708, "EFI", "ELECTRIC FUEL INJECTION SYSTEM");
INSERT INTO COMPLECTATION_OPTIONS(COMPLECTATION_ID, OPTION_MNEMONIC, OPTION_LABEL) VALUES (708, "CBU", "COMPLETELY BUILT UNIT");
INSERT INTO COMPLECTATION(ID, FRAME_ID, NAME, URL, ENGINE_MNEMONIC, ENGINE_LABEL, PRODUCTION_PERIOD, BODY_MNEMONIC, BODY_LABEL, GRADE_MNEMONIC, GRADE_LABEL, TRANSMISSION_MNEMONIC, TRANSMISSION_LABEL) VALUES (709, 94, "RN60LG-MSA", "https://toyota-usa.epc-data.com/4runner/rn60l/2520/", "22R", "2400CC", "03.1984 - 08.1984", "WG", "WAGON(4-RUNNER)", "SR5", "SR-5 TYPE", "MTM", "MANUAL TRANSMISSION");
INSERT INTO COMPLECTATION_OPTIONS(COMPLECTATION_ID, OPTION_MNEMONIC, OPTION_LABEL) VALUES (709, "5F", "MTM,5-SPEED FLOOR SHIFT");
INSERT INTO COMPLECTATION_OPTIONS(COMPLECTATION_ID, OPTION_MNEMONIC, OPTION_LABEL) VALUES (709, "G", "G TYPE TRANSMISSION");
INSERT INTO COMPLECTATION_OPTIONS(COMPLECTATION_ID, OPTION_MNEMONIC, OPTION_LABEL) VALUES (709, "ST", "SINGLE TIRE");
INSERT INTO COMPLECTATION_OPTIONS(COMPLECTATION_ID, OPTION_MNEMONIC, OPTION_LABEL) VALUES (709, "USA", "UNITED STATES OF AMERICA");
INSERT INTO COMPLECTATION_OPTIONS(COMPLECTATION_ID, OPTION_MNEMONIC, OPTION_LABEL) VALUES (709, "CBR", "CARBURETOR SYSTEM");
INSERT INTO COMPLECTATION_OPTIONS(COMPLECTATION_ID, OPTION_MNEMONIC, OPTION_LABEL) VALUES (709, "CBU", "COMPLETELY BUILT UNIT");
INSERT INTO COMPLECTATION(ID, FRAME_ID, NAME, URL, ENGINE_MNEMONIC, ENGINE_LABEL, PRODUCTION_PERIOD, BODY_MNEMONIC, BODY_LABEL, GRADE_MNEMONIC, GRADE_LABEL, TRANSMISSION_MNEMONIC, TRANSMISSION_LABEL) VALUES (710, 94, "RN60LG-MSEA", "https://toyota-usa.epc-data.com/4runner/rn60l/2521/", "22REC", "2400CC EFI", "08.1984 - 08.1985", "WG", "WAGON(4-RUNNER)", "SR5", "SR-5 TYPE", "MTM", "MANUAL TRANSMISSION");
INSERT INTO COMPLECTATION_OPTIONS(COMPLECTATION_ID, OPTION_MNEMONIC, OPTION_LABEL) VALUES (710, "5F", "MTM,5-SPEED FLOOR SHIFT");
INSERT INTO COMPLECTATION_OPTIONS(COMPLECTATION_ID, OPTION_MNEMONIC, OPTION_LABEL) VALUES (710, "W", "W TYPE TRANSMISSION");
INSERT INTO COMPLECTATION_OPTIONS(COMPLECTATION_ID, OPTION_MNEMONIC, OPTION_LABEL) VALUES (710, "ST", "SINGLE TIRE");
INSERT INTO COMPLECTATION_OPTIONS(COMPLECTATION_ID, OPTION_MNEMONIC, OPTION_LABEL) VALUES (710, "USA", "UNITED STATES OF AMERICA");
INSERT INTO COMPLECTATION_OPTIONS(COMPLECTATION_ID, OPTION_MNEMONIC, OPTION_LABEL) VALUES (710, "EFI", "ELECTRIC FUEL INJECTION SYSTEM");
INSERT INTO COMPLECTATION_OPTIONS(COMPLECTATION_ID, OPTION_MNEMONIC, OPTION_LABEL) VALUES (710, "CBU", "COMPLETELY BUILT UNIT");
INSERT INTO COMPLECTATION(ID, FRAME_ID, NAME, URL, ENGINE_MNEMONIC, ENGINE_LABEL, PRODUCTION_PERIOD, BODY_MNEMONIC, BODY_LABEL, GRADE_MNEMONIC, GRADE_LABEL, TRANSMISSION_MNEMONIC, TRANSMISSION_LABEL) VALUES (711, 94, "RN60LG-PDEA", "https://toyota-usa.epc-data.com/4runner/rn60l/2515/", "22REC", "2400CC EFI", "01.1985 - 08.1985", "WG", "WAGON(4-RUNNER)", "DLX", "DELUXE TYPE", "ATM", "AUTOMATIC TRANSMISSION");
INSERT INTO COMPLECTATION_OPTIONS(COMPLECTATION_ID, OPTION_MNEMONIC, OPTION_LABEL) VALUES (711, "4FC", "ATM,4-SPEED FLOOR SHIFT");
INSERT INTO COMPLECTATION_OPTIONS(COMPLECTATION_ID, OPTION_MNEMONIC, OPTION_LABEL) VALUES (711, "ST", "SINGLE TIRE");
INSERT INTO COMPLECTATION_OPTIONS(COMPLECTATION_ID, OPTION_MNEMONIC, OPTION_LABEL) VALUES (711, "USA", "UNITED STATES OF AMERICA");
INSERT INTO COMPLECTATION_OPTIONS(COMPLECTATION_ID, OPTION_MNEMONIC, OPTION_LABEL) VALUES (711, "EFI", "ELECTRIC FUEL INJECTION SYSTEM");
INSERT INTO COMPLECTATION_OPTIONS(COMPLECTATION_ID, OPTION_MNEMONIC, OPTION_LABEL) VALUES (711, "CBU", "COMPLETELY BUILT UNIT");
INSERT INTO COMPLECTATION(ID, FRAME_ID, NAME, URL, ENGINE_MNEMONIC, ENGINE_LABEL, PRODUCTION_PERIOD, BODY_MNEMONIC, BODY_LABEL, GRADE_MNEMONIC, GRADE_LABEL, TRANSMISSION_MNEMONIC, TRANSMISSION_LABEL) VALUES (712, 94, "RN60LV-MDA", "https://toyota-usa.epc-data.com/4runner/rn60l/2612/", "22R", "2400CC", "03.1984 - 08.1984", "V", "VAN", "DLX", "DELUXE TYPE", "MTM", "MANUAL TRANSMISSION");
INSERT INTO COMPLECTATION_OPTIONS(COMPLECTATION_ID, OPTION_MNEMONIC, OPTION_LABEL) VALUES (712, "5F", "MTM,5-SPEED FLOOR SHIFT");
INSERT INTO COMPLECTATION_OPTIONS(COMPLECTATION_ID, OPTION_MNEMONIC, OPTION_LABEL) VALUES (712, "G", "G TYPE TRANSMISSION");
INSERT INTO COMPLECTATION_OPTIONS(COMPLECTATION_ID, OPTION_MNEMONIC, OPTION_LABEL) VALUES (712, "ST", "SINGLE TIRE");
INSERT INTO COMPLECTATION_OPTIONS(COMPLECTATION_ID, OPTION_MNEMONIC, OPTION_LABEL) VALUES (712, "USA", "UNITED STATES OF AMERICA");
INSERT INTO COMPLECTATION_OPTIONS(COMPLECTATION_ID, OPTION_MNEMONIC, OPTION_LABEL) VALUES (712, "CBR", "CARBURETOR SYSTEM");
INSERT INTO COMPLECTATION_OPTIONS(COMPLECTATION_ID, OPTION_MNEMONIC, OPTION_LABEL) VALUES (712, "CBU", "COMPLETELY BUILT UNIT");
INSERT INTO COMPLECTATION(ID, FRAME_ID, NAME, URL, ENGINE_MNEMONIC, ENGINE_LABEL, PRODUCTION_PERIOD, BODY_MNEMONIC, BODY_LABEL, GRADE_MNEMONIC, GRADE_LABEL, TRANSMISSION_MNEMONIC, TRANSMISSION_LABEL) VALUES (713, 94, "RN60LV-MDEA", "https://toyota-usa.epc-data.com/4runner/rn60l/2613/", "22REC", "2400CC EFI", "08.1984 - 08.1985", "V", "VAN", "DLX", "DELUXE TYPE", "MTM", "MANUAL TRANSMISSION");
INSERT INTO COMPLECTATION_OPTIONS(COMPLECTATION_ID, OPTION_MNEMONIC, OPTION_LABEL) VALUES (713, "5F", "MTM,5-SPEED FLOOR SHIFT");
INSERT INTO COMPLECTATION_OPTIONS(COMPLECTATION_ID, OPTION_MNEMONIC, OPTION_LABEL) VALUES (713, "W", "W TYPE TRANSMISSION");
INSERT INTO COMPLECTATION_OPTIONS(COMPLECTATION_ID, OPTION_MNEMONIC, OPTION_LABEL) VALUES (713, "ST", "SINGLE TIRE");
INSERT INTO COMPLECTATION_OPTIONS(COMPLECTATION_ID, OPTION_MNEMONIC, OPTION_LABEL) VALUES (713, "USA", "UNITED STATES OF AMERICA");
INSERT INTO COMPLECTATION_OPTIONS(COMPLECTATION_ID, OPTION_MNEMONIC, OPTION_LABEL) VALUES (713, "EFI", "ELECTRIC FUEL INJECTION SYSTEM");
INSERT INTO COMPLECTATION_OPTIONS(COMPLECTATION_ID, OPTION_MNEMONIC, OPTION_LABEL) VALUES (713, "CBU", "COMPLETELY BUILT UNIT");
INSERT INTO COMPLECTATION(ID, FRAME_ID, NAME, URL, ENGINE_MNEMONIC, ENGINE_LABEL, PRODUCTION_PERIOD, BODY_MNEMONIC, BODY_LABEL, GRADE_MNEMONIC, GRADE_LABEL, TRANSMISSION_MNEMONIC, TRANSMISSION_LABEL) VALUES (714, 94, "RN60LV-MSEK", "https://toyota-usa.epc-data.com/4runner/rn60l/2522/", "22REC", "2400CC EFI", "08.1984 - 08.1985", "V", "VAN", "SR5", "SR-5 TYPE", "MTM", "MANUAL TRANSMISSION");
INSERT INTO COMPLECTATION_OPTIONS(COMPLECTATION_ID, OPTION_MNEMONIC, OPTION_LABEL) VALUES (714, "5F", "MTM,5-SPEED FLOOR SHIFT");
INSERT INTO COMPLECTATION_OPTIONS(COMPLECTATION_ID, OPTION_MNEMONIC, OPTION_LABEL) VALUES (714, "W", "W TYPE TRANSMISSION");
INSERT INTO COMPLECTATION_OPTIONS(COMPLECTATION_ID, OPTION_MNEMONIC, OPTION_LABEL) VALUES (714, "ST", "SINGLE TIRE");
INSERT INTO COMPLECTATION_OPTIONS(COMPLECTATION_ID, OPTION_MNEMONIC, OPTION_LABEL) VALUES (714, "CND", "CANADA");
INSERT INTO COMPLECTATION_OPTIONS(COMPLECTATION_ID, OPTION_MNEMONIC, OPTION_LABEL) VALUES (714, "EFI", "ELECTRIC FUEL INJECTION SYSTEM");
INSERT INTO COMPLECTATION_OPTIONS(COMPLECTATION_ID, OPTION_MNEMONIC, OPTION_LABEL) VALUES (714, "CBU", "COMPLETELY BUILT UNIT");
INSERT INTO COMPLECTATION(ID, FRAME_ID, NAME, URL, ENGINE_MNEMONIC, ENGINE_LABEL, PRODUCTION_PERIOD, BODY_MNEMONIC, BODY_LABEL, GRADE_MNEMONIC, GRADE_LABEL, TRANSMISSION_MNEMONIC, TRANSMISSION_LABEL) VALUES (715, 94, "RN60LV-MSK", "https://toyota-usa.epc-data.com/4runner/rn60l/2523/", "22R", "2400CC", "03.1984 - 08.1984", "V", "VAN", "SR5", "SR-5 TYPE", "MTM", "MANUAL TRANSMISSION");
INSERT INTO COMPLECTATION_OPTIONS(COMPLECTATION_ID, OPTION_MNEMONIC, OPTION_LABEL) VALUES (715, "5F", "MTM,5-SPEED FLOOR SHIFT");
INSERT INTO COMPLECTATION_OPTIONS(COMPLECTATION_ID, OPTION_MNEMONIC, OPTION_LABEL) VALUES (715, "G", "G TYPE TRANSMISSION");
INSERT INTO COMPLECTATION_OPTIONS(COMPLECTATION_ID, OPTION_MNEMONIC, OPTION_LABEL) VALUES (715, "ST", "SINGLE TIRE");
INSERT INTO COMPLECTATION_OPTIONS(COMPLECTATION_ID, OPTION_MNEMONIC, OPTION_LABEL) VALUES (715, "CND", "CANADA");
INSERT INTO COMPLECTATION_OPTIONS(COMPLECTATION_ID, OPTION_MNEMONIC, OPTION_LABEL) VALUES (715, "CBR", "CARBURETOR SYSTEM");
INSERT INTO COMPLECTATION_OPTIONS(COMPLECTATION_ID, OPTION_MNEMONIC, OPTION_LABEL) VALUES (715, "CBU", "COMPLETELY BUILT UNIT");
INSERT INTO COMPLECTATION(ID, FRAME_ID, NAME, URL, ENGINE_MNEMONIC, ENGINE_LABEL, PRODUCTION_PERIOD, BODY_MNEMONIC, BODY_LABEL, GRADE_MNEMONIC, GRADE_LABEL, TRANSMISSION_MNEMONIC, TRANSMISSION_LABEL) VALUES (716, 94, "RN60LV-PDEA", "https://toyota-usa.epc-data.com/4runner/rn60l/2614/", "22REC", "2400CC EFI", "01.1985 - 08.1985", "V", "VAN", "DLX", "DELUXE TYPE", "ATM", "AUTOMATIC TRANSMISSION");
INSERT INTO COMPLECTATION_OPTIONS(COMPLECTATION_ID, OPTION_MNEMONIC, OPTION_LABEL) VALUES (716, "4FC", "ATM,4-SPEED FLOOR SHIFT");
INSERT INTO COMPLECTATION_OPTIONS(COMPLECTATION_ID, OPTION_MNEMONIC, OPTION_LABEL) VALUES (716, "ST", "SINGLE TIRE");
INSERT INTO COMPLECTATION_OPTIONS(COMPLECTATION_ID, OPTION_MNEMONIC, OPTION_LABEL) VALUES (716, "USA", "UNITED STATES OF AMERICA");
INSERT INTO COMPLECTATION_OPTIONS(COMPLECTATION_ID, OPTION_MNEMONIC, OPTION_LABEL) VALUES (716, "EFI", "ELECTRIC FUEL INJECTION SYSTEM");
INSERT INTO COMPLECTATION_OPTIONS(COMPLECTATION_ID, OPTION_MNEMONIC, OPTION_LABEL) VALUES (716, "CBU", "COMPLETELY BUILT UNIT");
INSERT INTO COMPLECTATION(ID, FRAME_ID, NAME, URL, ENGINE_MNEMONIC, ENGINE_LABEL, PRODUCTION_PERIOD, BODY_MNEMONIC, BODY_LABEL, GRADE_MNEMONIC, GRADE_LABEL, TRANSMISSION_MNEMONIC, TRANSMISSION_LABEL) VALUES (717, 94, "RN60LV-PSEK", "https://toyota-usa.epc-data.com/4runner/rn60l/2524/", "22REC", "2400CC EFI", "01.1985 - 08.1985", "V", "VAN", "SR5", "SR-5 TYPE", "ATM", "AUTOMATIC TRANSMISSION");
INSERT INTO COMPLECTATION_OPTIONS(COMPLECTATION_ID, OPTION_MNEMONIC, OPTION_LABEL) VALUES (717, "4FC", "ATM,4-SPEED FLOOR SHIFT");
INSERT INTO COMPLECTATION_OPTIONS(COMPLECTATION_ID, OPTION_MNEMONIC, OPTION_LABEL) VALUES (717, "ST", "SINGLE TIRE");
INSERT INTO COMPLECTATION_OPTIONS(COMPLECTATION_ID, OPTION_MNEMONIC, OPTION_LABEL) VALUES (717, "CND", "CANADA");
INSERT INTO COMPLECTATION_OPTIONS(COMPLECTATION_ID, OPTION_MNEMONIC, OPTION_LABEL) VALUES (717, "EFI", "ELECTRIC FUEL INJECTION SYSTEM");
INSERT INTO COMPLECTATION_OPTIONS(COMPLECTATION_ID, OPTION_MNEMONIC, OPTION_LABEL) VALUES (717, "CBU", "COMPLETELY BUILT UNIT");
INSERT INTO FRAME(ID, MODEL_ID, NAME, URL) VALUES (95, 10, "RN60LG", "https://toyota-usa.epc-data.com/4runner/rn60lg");
INSERT INTO COMPLECTATION(ID, FRAME_ID, NAME, URL, ENGINE_MNEMONIC, ENGINE_LABEL, PRODUCTION_PERIOD, BODY_MNEMONIC, BODY_LABEL, GRADE_MNEMONIC, GRADE_LABEL, TRANSMISSION_MNEMONIC, TRANSMISSION_LABEL) VALUES (718, 95, "RN60LG-MDA", "https://toyota-usa.epc-data.com/4runner/rn60lg/2513/", "22R", "2400CC", "03.1984 - 08.1984", "WG", "WAGON(4-RUNNER)", "DLX", "DELUXE TYPE", "MTM", "MANUAL TRANSMISSION");
INSERT INTO COMPLECTATION_OPTIONS(COMPLECTATION_ID, OPTION_MNEMONIC, OPTION_LABEL) VALUES (718, "5F", "MTM,5-SPEED FLOOR SHIFT");
INSERT INTO COMPLECTATION_OPTIONS(COMPLECTATION_ID, OPTION_MNEMONIC, OPTION_LABEL) VALUES (718, "G", "G TYPE TRANSMISSION");
INSERT INTO COMPLECTATION_OPTIONS(COMPLECTATION_ID, OPTION_MNEMONIC, OPTION_LABEL) VALUES (718, "ST", "SINGLE TIRE");
INSERT INTO COMPLECTATION_OPTIONS(COMPLECTATION_ID, OPTION_MNEMONIC, OPTION_LABEL) VALUES (718, "USA", "UNITED STATES OF AMERICA");
INSERT INTO COMPLECTATION_OPTIONS(COMPLECTATION_ID, OPTION_MNEMONIC, OPTION_LABEL) VALUES (718, "CBR", "CARBURETOR SYSTEM");
INSERT INTO COMPLECTATION_OPTIONS(COMPLECTATION_ID, OPTION_MNEMONIC, OPTION_LABEL) VALUES (718, "CBU", "COMPLETELY BUILT UNIT");
INSERT INTO COMPLECTATION(ID, FRAME_ID, NAME, URL, ENGINE_MNEMONIC, ENGINE_LABEL, PRODUCTION_PERIOD, BODY_MNEMONIC, BODY_LABEL, GRADE_MNEMONIC, GRADE_LABEL, TRANSMISSION_MNEMONIC, TRANSMISSION_LABEL) VALUES (719, 95, "RN60LG-MDEA", "https://toyota-usa.epc-data.com/4runner/rn60lg/2514/", "22REC", "2400CC EFI", "08.1984 - 08.1985", "WG", "WAGON(4-RUNNER)", "DLX", "DELUXE TYPE", "MTM", "MANUAL TRANSMISSION");
INSERT INTO COMPLECTATION_OPTIONS(COMPLECTATION_ID, OPTION_MNEMONIC, OPTION_LABEL) VALUES (719, "5F", "MTM,5-SPEED FLOOR SHIFT");
INSERT INTO COMPLECTATION_OPTIONS(COMPLECTATION_ID, OPTION_MNEMONIC, OPTION_LABEL) VALUES (719, "W", "W TYPE TRANSMISSION");
INSERT INTO COMPLECTATION_OPTIONS(COMPLECTATION_ID, OPTION_MNEMONIC, OPTION_LABEL) VALUES (719, "ST", "SINGLE TIRE");
INSERT INTO COMPLECTATION_OPTIONS(COMPLECTATION_ID, OPTION_MNEMONIC, OPTION_LABEL) VALUES (719, "USA", "UNITED STATES OF AMERICA");
INSERT INTO COMPLECTATION_OPTIONS(COMPLECTATION_ID, OPTION_MNEMONIC, OPTION_LABEL) VALUES (719, "EFI", "ELECTRIC FUEL INJECTION SYSTEM");
INSERT INTO COMPLECTATION_OPTIONS(COMPLECTATION_ID, OPTION_MNEMONIC, OPTION_LABEL) VALUES (719, "CBU", "COMPLETELY BUILT UNIT");
INSERT INTO COMPLECTATION(ID, FRAME_ID, NAME, URL, ENGINE_MNEMONIC, ENGINE_LABEL, PRODUCTION_PERIOD, BODY_MNEMONIC, BODY_LABEL, GRADE_MNEMONIC, GRADE_LABEL, TRANSMISSION_MNEMONIC, TRANSMISSION_LABEL) VALUES (720, 95, "RN60LG-MSA", "https://toyota-usa.epc-data.com/4runner/rn60lg/2520/", "22R", "2400CC", "03.1984 - 08.1984", "WG", "WAGON(4-RUNNER)", "SR5", "SR-5 TYPE", "MTM", "MANUAL TRANSMISSION");
INSERT INTO COMPLECTATION_OPTIONS(COMPLECTATION_ID, OPTION_MNEMONIC, OPTION_LABEL) VALUES (720, "5F", "MTM,5-SPEED FLOOR SHIFT");
INSERT INTO COMPLECTATION_OPTIONS(COMPLECTATION_ID, OPTION_MNEMONIC, OPTION_LABEL) VALUES (720, "G", "G TYPE TRANSMISSION");
INSERT INTO COMPLECTATION_OPTIONS(COMPLECTATION_ID, OPTION_MNEMONIC, OPTION_LABEL) VALUES (720, "ST", "SINGLE TIRE");
INSERT INTO COMPLECTATION_OPTIONS(COMPLECTATION_ID, OPTION_MNEMONIC, OPTION_LABEL) VALUES (720, "USA", "UNITED STATES OF AMERICA");
INSERT INTO COMPLECTATION_OPTIONS(COMPLECTATION_ID, OPTION_MNEMONIC, OPTION_LABEL) VALUES (720, "CBR", "CARBURETOR SYSTEM");
INSERT INTO COMPLECTATION_OPTIONS(COMPLECTATION_ID, OPTION_MNEMONIC, OPTION_LABEL) VALUES (720, "CBU", "COMPLETELY BUILT UNIT");
INSERT INTO COMPLECTATION(ID, FRAME_ID, NAME, URL, ENGINE_MNEMONIC, ENGINE_LABEL, PRODUCTION_PERIOD, BODY_MNEMONIC, BODY_LABEL, GRADE_MNEMONIC, GRADE_LABEL, TRANSMISSION_MNEMONIC, TRANSMISSION_LABEL) VALUES (721, 95, "RN60LG-MSEA", "https://toyota-usa.epc-data.com/4runner/rn60lg/2521/", "22REC", "2400CC EFI", "08.1984 - 08.1985", "WG", "WAGON(4-RUNNER)", "SR5", "SR-5 TYPE", "MTM", "MANUAL TRANSMISSION");
INSERT INTO COMPLECTATION_OPTIONS(COMPLECTATION_ID, OPTION_MNEMONIC, OPTION_LABEL) VALUES (721, "5F", "MTM,5-SPEED FLOOR SHIFT");
INSERT INTO COMPLECTATION_OPTIONS(COMPLECTATION_ID, OPTION_MNEMONIC, OPTION_LABEL) VALUES (721, "W", "W TYPE TRANSMISSION");
INSERT INTO COMPLECTATION_OPTIONS(COMPLECTATION_ID, OPTION_MNEMONIC, OPTION_LABEL) VALUES (721, "ST", "SINGLE TIRE");
INSERT INTO COMPLECTATION_OPTIONS(COMPLECTATION_ID, OPTION_MNEMONIC, OPTION_LABEL) VALUES (721, "USA", "UNITED STATES OF AMERICA");
INSERT INTO COMPLECTATION_OPTIONS(COMPLECTATION_ID, OPTION_MNEMONIC, OPTION_LABEL) VALUES (721, "EFI", "ELECTRIC FUEL INJECTION SYSTEM");
INSERT INTO COMPLECTATION_OPTIONS(COMPLECTATION_ID, OPTION_MNEMONIC, OPTION_LABEL) VALUES (721, "CBU", "COMPLETELY BUILT UNIT");
INSERT INTO COMPLECTATION(ID, FRAME_ID, NAME, URL, ENGINE_MNEMONIC, ENGINE_LABEL, PRODUCTION_PERIOD, BODY_MNEMONIC, BODY_LABEL, GRADE_MNEMONIC, GRADE_LABEL, TRANSMISSION_MNEMONIC, TRANSMISSION_LABEL) VALUES (722, 95, "RN60LG-PDEA", "https://toyota-usa.epc-data.com/4runner/rn60lg/2515/", "22REC", "2400CC EFI", "01.1985 - 08.1985", "WG", "WAGON(4-RUNNER)", "DLX", "DELUXE TYPE", "ATM", "AUTOMATIC TRANSMISSION");
INSERT INTO COMPLECTATION_OPTIONS(COMPLECTATION_ID, OPTION_MNEMONIC, OPTION_LABEL) VALUES (722, "4FC", "ATM,4-SPEED FLOOR SHIFT");
INSERT INTO COMPLECTATION_OPTIONS(COMPLECTATION_ID, OPTION_MNEMONIC, OPTION_LABEL) VALUES (722, "ST", "SINGLE TIRE");
INSERT INTO COMPLECTATION_OPTIONS(COMPLECTATION_ID, OPTION_MNEMONIC, OPTION_LABEL) VALUES (722, "USA", "UNITED STATES OF AMERICA");
INSERT INTO COMPLECTATION_OPTIONS(COMPLECTATION_ID, OPTION_MNEMONIC, OPTION_LABEL) VALUES (722, "EFI", "ELECTRIC FUEL INJECTION SYSTEM");
INSERT INTO COMPLECTATION_OPTIONS(COMPLECTATION_ID, OPTION_MNEMONIC, OPTION_LABEL) VALUES (722, "CBU", "COMPLETELY BUILT UNIT");
INSERT INTO FRAME(ID, MODEL_ID, NAME, URL) VALUES (96, 10, "RN60LV", "https://toyota-usa.epc-data.com/4runner/rn60lv");
INSERT INTO COMPLECTATION(ID, FRAME_ID, NAME, URL, ENGINE_MNEMONIC, ENGINE_LABEL, PRODUCTION_PERIOD, BODY_MNEMONIC, BODY_LABEL, GRADE_MNEMONIC, GRADE_LABEL, TRANSMISSION_MNEMONIC, TRANSMISSION_LABEL) VALUES (723, 96, "RN60LV-MDA", "https://toyota-usa.epc-data.com/4runner/rn60lv/2612/", "22R", "2400CC", "03.1984 - 08.1984", "V", "VAN", "DLX", "DELUXE TYPE", "MTM", "MANUAL TRANSMISSION");
INSERT INTO COMPLECTATION_OPTIONS(COMPLECTATION_ID, OPTION_MNEMONIC, OPTION_LABEL) VALUES (723, "5F", "MTM,5-SPEED FLOOR SHIFT");
INSERT INTO COMPLECTATION_OPTIONS(COMPLECTATION_ID, OPTION_MNEMONIC, OPTION_LABEL) VALUES (723, "G", "G TYPE TRANSMISSION");
INSERT INTO COMPLECTATION_OPTIONS(COMPLECTATION_ID, OPTION_MNEMONIC, OPTION_LABEL) VALUES (723, "ST", "SINGLE TIRE");
INSERT INTO COMPLECTATION_OPTIONS(COMPLECTATION_ID, OPTION_MNEMONIC, OPTION_LABEL) VALUES (723, "USA", "UNITED STATES OF AMERICA");
INSERT INTO COMPLECTATION_OPTIONS(COMPLECTATION_ID, OPTION_MNEMONIC, OPTION_LABEL) VALUES (723, "CBR", "CARBURETOR SYSTEM");
INSERT INTO COMPLECTATION_OPTIONS(COMPLECTATION_ID, OPTION_MNEMONIC, OPTION_LABEL) VALUES (723, "CBU", "COMPLETELY BUILT UNIT");
INSERT INTO COMPLECTATION(ID, FRAME_ID, NAME, URL, ENGINE_MNEMONIC, ENGINE_LABEL, PRODUCTION_PERIOD, BODY_MNEMONIC, BODY_LABEL, GRADE_MNEMONIC, GRADE_LABEL, TRANSMISSION_MNEMONIC, TRANSMISSION_LABEL) VALUES (724, 96, "RN60LV-MDEA", "https://toyota-usa.epc-data.com/4runner/rn60lv/2613/", "22REC", "2400CC EFI", "08.1984 - 08.1985", "V", "VAN", "DLX", "DELUXE TYPE", "MTM", "MANUAL TRANSMISSION");
INSERT INTO COMPLECTATION_OPTIONS(COMPLECTATION_ID, OPTION_MNEMONIC, OPTION_LABEL) VALUES (724, "5F", "MTM,5-SPEED FLOOR SHIFT");
INSERT INTO COMPLECTATION_OPTIONS(COMPLECTATION_ID, OPTION_MNEMONIC, OPTION_LABEL) VALUES (724, "W", "W TYPE TRANSMISSION");
INSERT INTO COMPLECTATION_OPTIONS(COMPLECTATION_ID, OPTION_MNEMONIC, OPTION_LABEL) VALUES (724, "ST", "SINGLE TIRE");
INSERT INTO COMPLECTATION_OPTIONS(COMPLECTATION_ID, OPTION_MNEMONIC, OPTION_LABEL) VALUES (724, "USA", "UNITED STATES OF AMERICA");
INSERT INTO COMPLECTATION_OPTIONS(COMPLECTATION_ID, OPTION_MNEMONIC, OPTION_LABEL) VALUES (724, "EFI", "ELECTRIC FUEL INJECTION SYSTEM");
INSERT INTO COMPLECTATION_OPTIONS(COMPLECTATION_ID, OPTION_MNEMONIC, OPTION_LABEL) VALUES (724, "CBU", "COMPLETELY BUILT UNIT");
INSERT INTO COMPLECTATION(ID, FRAME_ID, NAME, URL, ENGINE_MNEMONIC, ENGINE_LABEL, PRODUCTION_PERIOD, BODY_MNEMONIC, BODY_LABEL, GRADE_MNEMONIC, GRADE_LABEL, TRANSMISSION_MNEMONIC, TRANSMISSION_LABEL) VALUES (725, 96, "RN60LV-MSEK", "https://toyota-usa.epc-data.com/4runner/rn60lv/2522/", "22REC", "2400CC EFI", "08.1984 - 08.1985", "V", "VAN", "SR5", "SR-5 TYPE", "MTM", "MANUAL TRANSMISSION");
INSERT INTO COMPLECTATION_OPTIONS(COMPLECTATION_ID, OPTION_MNEMONIC, OPTION_LABEL) VALUES (725, "5F", "MTM,5-SPEED FLOOR SHIFT");
INSERT INTO COMPLECTATION_OPTIONS(COMPLECTATION_ID, OPTION_MNEMONIC, OPTION_LABEL) VALUES (725, "W", "W TYPE TRANSMISSION");
INSERT INTO COMPLECTATION_OPTIONS(COMPLECTATION_ID, OPTION_MNEMONIC, OPTION_LABEL) VALUES (725, "ST", "SINGLE TIRE");
INSERT INTO COMPLECTATION_OPTIONS(COMPLECTATION_ID, OPTION_MNEMONIC, OPTION_LABEL) VALUES (725, "CND", "CANADA");
INSERT INTO COMPLECTATION_OPTIONS(COMPLECTATION_ID, OPTION_MNEMONIC, OPTION_LABEL) VALUES (725, "EFI", "ELECTRIC FUEL INJECTION SYSTEM");
INSERT INTO COMPLECTATION_OPTIONS(COMPLECTATION_ID, OPTION_MNEMONIC, OPTION_LABEL) VALUES (725, "CBU", "COMPLETELY BUILT UNIT");
INSERT INTO COMPLECTATION(ID, FRAME_ID, NAME, URL, ENGINE_MNEMONIC, ENGINE_LABEL, PRODUCTION_PERIOD, BODY_MNEMONIC, BODY_LABEL, GRADE_MNEMONIC, GRADE_LABEL, TRANSMISSION_MNEMONIC, TRANSMISSION_LABEL) VALUES (726, 96, "RN60LV-MSK", "https://toyota-usa.epc-data.com/4runner/rn60lv/2523/", "22R", "2400CC", "03.1984 - 08.1984", "V", "VAN", "SR5", "SR-5 TYPE", "MTM", "MANUAL TRANSMISSION");
INSERT INTO COMPLECTATION_OPTIONS(COMPLECTATION_ID, OPTION_MNEMONIC, OPTION_LABEL) VALUES (726, "5F", "MTM,5-SPEED FLOOR SHIFT");
INSERT INTO COMPLECTATION_OPTIONS(COMPLECTATION_ID, OPTION_MNEMONIC, OPTION_LABEL) VALUES (726, "G", "G TYPE TRANSMISSION");
INSERT INTO COMPLECTATION_OPTIONS(COMPLECTATION_ID, OPTION_MNEMONIC, OPTION_LABEL) VALUES (726, "ST", "SINGLE TIRE");
INSERT INTO COMPLECTATION_OPTIONS(COMPLECTATION_ID, OPTION_MNEMONIC, OPTION_LABEL) VALUES (726, "CND", "CANADA");
INSERT INTO COMPLECTATION_OPTIONS(COMPLECTATION_ID, OPTION_MNEMONIC, OPTION_LABEL) VALUES (726, "CBR", "CARBURETOR SYSTEM");
INSERT INTO COMPLECTATION_OPTIONS(COMPLECTATION_ID, OPTION_MNEMONIC, OPTION_LABEL) VALUES (726, "CBU", "COMPLETELY BUILT UNIT");
INSERT INTO COMPLECTATION(ID, FRAME_ID, NAME, URL, ENGINE_MNEMONIC, ENGINE_LABEL, PRODUCTION_PERIOD, BODY_MNEMONIC, BODY_LABEL, GRADE_MNEMONIC, GRADE_LABEL, TRANSMISSION_MNEMONIC, TRANSMISSION_LABEL) VALUES (727, 96, "RN60LV-PDEA", "https://toyota-usa.epc-data.com/4runner/rn60lv/2614/", "22REC", "2400CC EFI", "01.1985 - 08.1985", "V", "VAN", "DLX", "DELUXE TYPE", "ATM", "AUTOMATIC TRANSMISSION");
INSERT INTO COMPLECTATION_OPTIONS(COMPLECTATION_ID, OPTION_MNEMONIC, OPTION_LABEL) VALUES (727, "4FC", "ATM,4-SPEED FLOOR SHIFT");
INSERT INTO COMPLECTATION_OPTIONS(COMPLECTATION_ID, OPTION_MNEMONIC, OPTION_LABEL) VALUES (727, "ST", "SINGLE TIRE");
INSERT INTO COMPLECTATION_OPTIONS(COMPLECTATION_ID, OPTION_MNEMONIC, OPTION_LABEL) VALUES (727, "USA", "UNITED STATES OF AMERICA");
INSERT INTO COMPLECTATION_OPTIONS(COMPLECTATION_ID, OPTION_MNEMONIC, OPTION_LABEL) VALUES (727, "EFI", "ELECTRIC FUEL INJECTION SYSTEM");
INSERT INTO COMPLECTATION_OPTIONS(COMPLECTATION_ID, OPTION_MNEMONIC, OPTION_LABEL) VALUES (727, "CBU", "COMPLETELY BUILT UNIT");
INSERT INTO COMPLECTATION(ID, FRAME_ID, NAME, URL, ENGINE_MNEMONIC, ENGINE_LABEL, PRODUCTION_PERIOD, BODY_MNEMONIC, BODY_LABEL, GRADE_MNEMONIC, GRADE_LABEL, TRANSMISSION_MNEMONIC, TRANSMISSION_LABEL) VALUES (728, 96, "RN60LV-PSEK", "https://toyota-usa.epc-data.com/4runner/rn60lv/2524/", "22REC", "2400CC EFI", "01.1985 - 08.1985", "V", "VAN", "SR5", "SR-5 TYPE", "ATM", "AUTOMATIC TRANSMISSION");
INSERT INTO COMPLECTATION_OPTIONS(COMPLECTATION_ID, OPTION_MNEMONIC, OPTION_LABEL) VALUES (728, "4FC", "ATM,4-SPEED FLOOR SHIFT");
INSERT INTO COMPLECTATION_OPTIONS(COMPLECTATION_ID, OPTION_MNEMONIC, OPTION_LABEL) VALUES (728, "ST", "SINGLE TIRE");
INSERT INTO COMPLECTATION_OPTIONS(COMPLECTATION_ID, OPTION_MNEMONIC, OPTION_LABEL) VALUES (728, "CND", "CANADA");
INSERT INTO COMPLECTATION_OPTIONS(COMPLECTATION_ID, OPTION_MNEMONIC, OPTION_LABEL) VALUES (728, "EFI", "ELECTRIC FUEL INJECTION SYSTEM");
INSERT INTO COMPLECTATION_OPTIONS(COMPLECTATION_ID, OPTION_MNEMONIC, OPTION_LABEL) VALUES (728, "CBU", "COMPLETELY BUILT UNIT");
INSERT INTO FRAME(ID, MODEL_ID, NAME, URL) VALUES (97, 10, "RN61L", "https://toyota-usa.epc-data.com/4runner/rn61l");
INSERT INTO COMPLECTATION(ID, FRAME_ID, NAME, URL, ENGINE_MNEMONIC, ENGINE_LABEL, PRODUCTION_PERIOD, BODY_MNEMONIC, BODY_LABEL, GRADE_MNEMONIC, GRADE_LABEL, TRANSMISSION_MNEMONIC, TRANSMISSION_LABEL) VALUES (729, 97, "RN61L-MBZA", "https://toyota-usa.epc-data.com/4runner/rn61l/2626/", "22RTEC", "2400CC", "08.1985 - 08.1987", "T1", "TRUCK(STANDARD DECK 1-SIDE OPEN)", "SDT", "STANDARD-TURBO", "MTM", "MANUAL TRANSMISSION");
INSERT INTO COMPLECTATION_OPTIONS(COMPLECTATION_ID, OPTION_MNEMONIC, OPTION_LABEL) VALUES (729, "5F", "MTM,5-SPEED FLOOR SHIFT");
INSERT INTO COMPLECTATION_OPTIONS(COMPLECTATION_ID, OPTION_MNEMONIC, OPTION_LABEL) VALUES (729, "RCB", "REGULAR CAB");
INSERT INTO COMPLECTATION_OPTIONS(COMPLECTATION_ID, OPTION_MNEMONIC, OPTION_LABEL) VALUES (729, "R", "R TYPE TRANSMISSION");
INSERT INTO COMPLECTATION_OPTIONS(COMPLECTATION_ID, OPTION_MNEMONIC, OPTION_LABEL) VALUES (729, "HLF", "0.5TONS");
INSERT INTO COMPLECTATION_OPTIONS(COMPLECTATION_ID, OPTION_MNEMONIC, OPTION_LABEL) VALUES (729, "ST", "SINGLE TIRE");
INSERT INTO COMPLECTATION_OPTIONS(COMPLECTATION_ID, OPTION_MNEMONIC, OPTION_LABEL) VALUES (729, "USA", "UNITED STATES OF AMERICA");
INSERT INTO COMPLECTATION_OPTIONS(COMPLECTATION_ID, OPTION_MNEMONIC, OPTION_LABEL) VALUES (729, "TBO", "TURBO SYSTEM");
INSERT INTO COMPLECTATION_OPTIONS(COMPLECTATION_ID, OPTION_MNEMONIC, OPTION_LABEL) VALUES (729, "CBU", "COMPLETELY BUILT UNIT");
INSERT INTO COMPLECTATION(ID, FRAME_ID, NAME, URL, ENGINE_MNEMONIC, ENGINE_LABEL, PRODUCTION_PERIOD, BODY_MNEMONIC, BODY_LABEL, GRADE_MNEMONIC, GRADE_LABEL, TRANSMISSION_MNEMONIC, TRANSMISSION_LABEL) VALUES (730, 97, "RN61L-MBZA3", "https://toyota-usa.epc-data.com/4runner/rn61l/2627/", "22RTEC", "2400CC", "08.1985 - 08.1987", "T1", "TRUCK(STANDARD DECK 1-SIDE OPEN)", "SDT", "STANDARD-TURBO", "MTM", "MANUAL TRANSMISSION");
INSERT INTO COMPLECTATION_OPTIONS(COMPLECTATION_ID, OPTION_MNEMONIC, OPTION_LABEL) VALUES (730, "5F", "MTM,5-SPEED FLOOR SHIFT");
INSERT INTO COMPLECTATION_OPTIONS(COMPLECTATION_ID, OPTION_MNEMONIC, OPTION_LABEL) VALUES (730, "RCB", "REGULAR CAB");
INSERT INTO COMPLECTATION_OPTIONS(COMPLECTATION_ID, OPTION_MNEMONIC, OPTION_LABEL) VALUES (730, "R", "R TYPE TRANSMISSION");
INSERT INTO COMPLECTATION_OPTIONS(COMPLECTATION_ID, OPTION_MNEMONIC, OPTION_LABEL) VALUES (730, "HLF", "0.5TONS");
INSERT INTO COMPLECTATION_OPTIONS(COMPLECTATION_ID, OPTION_MNEMONIC, OPTION_LABEL) VALUES (730, "ST", "SINGLE TIRE");
INSERT INTO COMPLECTATION_OPTIONS(COMPLECTATION_ID, OPTION_MNEMONIC, OPTION_LABEL) VALUES (730, "USA", "UNITED STATES OF AMERICA");
INSERT INTO COMPLECTATION_OPTIONS(COMPLECTATION_ID, OPTION_MNEMONIC, OPTION_LABEL) VALUES (730, "TBO", "TURBO SYSTEM");
INSERT INTO COMPLECTATION_OPTIONS(COMPLECTATION_ID, OPTION_MNEMONIC, OPTION_LABEL) VALUES (730, "IV", "INCOMPLETE VEHICLES (CHASSIS & CAB)");
INSERT INTO COMPLECTATION(ID, FRAME_ID, NAME, URL, ENGINE_MNEMONIC, ENGINE_LABEL, PRODUCTION_PERIOD, BODY_MNEMONIC, BODY_LABEL, GRADE_MNEMONIC, GRADE_LABEL, TRANSMISSION_MNEMONIC, TRANSMISSION_LABEL) VALUES (731, 97, "RN61L-MDK", "https://toyota-usa.epc-data.com/4runner/rn61l/2628/", "22R", "2400CC", "08.1985 - 08.1987", "T1", "TRUCK(STANDARD DECK 1-SIDE OPEN)", "DLX", "DELUXE TYPE", "MTM", "MANUAL TRANSMISSION");
INSERT INTO COMPLECTATION_OPTIONS(COMPLECTATION_ID, OPTION_MNEMONIC, OPTION_LABEL) VALUES (731, "5F", "MTM,5-SPEED FLOOR SHIFT");
INSERT INTO COMPLECTATION_OPTIONS(COMPLECTATION_ID, OPTION_MNEMONIC, OPTION_LABEL) VALUES (731, "RCB", "REGULAR CAB");
INSERT INTO COMPLECTATION_OPTIONS(COMPLECTATION_ID, OPTION_MNEMONIC, OPTION_LABEL) VALUES (731, "G", "G TYPE TRANSMISSION");
INSERT INTO COMPLECTATION_OPTIONS(COMPLECTATION_ID, OPTION_MNEMONIC, OPTION_LABEL) VALUES (731, "HLF", "0.5TONS");
INSERT INTO COMPLECTATION_OPTIONS(COMPLECTATION_ID, OPTION_MNEMONIC, OPTION_LABEL) VALUES (731, "ST", "SINGLE TIRE");
INSERT INTO COMPLECTATION_OPTIONS(COMPLECTATION_ID, OPTION_MNEMONIC, OPTION_LABEL) VALUES (731, "CND", "CANADA");
INSERT INTO COMPLECTATION_OPTIONS(COMPLECTATION_ID, OPTION_MNEMONIC, OPTION_LABEL) VALUES (731, "CBR", "CARBURETOR SYSTEM");
INSERT INTO COMPLECTATION_OPTIONS(COMPLECTATION_ID, OPTION_MNEMONIC, OPTION_LABEL) VALUES (731, "CBU", "COMPLETELY BUILT UNIT");
INSERT INTO COMPLECTATION(ID, FRAME_ID, NAME, URL, ENGINE_MNEMONIC, ENGINE_LABEL, PRODUCTION_PERIOD, BODY_MNEMONIC, BODY_LABEL, GRADE_MNEMONIC, GRADE_LABEL, TRANSMISSION_MNEMONIC, TRANSMISSION_LABEL) VALUES (732, 97, "RN61L-MRA", "https://toyota-usa.epc-data.com/4runner/rn61l/2629/", "22R", "2400CC", "08.1985 - 08.1987", "T1", "TRUCK(STANDARD DECK 1-SIDE OPEN)", "STD", "STANDARD TYPE", "MTM", "MANUAL TRANSMISSION");
INSERT INTO COMPLECTATION_OPTIONS(COMPLECTATION_ID, OPTION_MNEMONIC, OPTION_LABEL) VALUES (732, "5F", "MTM,5-SPEED FLOOR SHIFT");
INSERT INTO COMPLECTATION_OPTIONS(COMPLECTATION_ID, OPTION_MNEMONIC, OPTION_LABEL) VALUES (732, "RCB", "REGULAR CAB");
INSERT INTO COMPLECTATION_OPTIONS(COMPLECTATION_ID, OPTION_MNEMONIC, OPTION_LABEL) VALUES (732, "G", "G TYPE TRANSMISSION");
INSERT INTO COMPLECTATION_OPTIONS(COMPLECTATION_ID, OPTION_MNEMONIC, OPTION_LABEL) VALUES (732, "HLF", "0.5TONS");
INSERT INTO COMPLECTATION_OPTIONS(COMPLECTATION_ID, OPTION_MNEMONIC, OPTION_LABEL) VALUES (732, "ST", "SINGLE TIRE");
INSERT INTO COMPLECTATION_OPTIONS(COMPLECTATION_ID, OPTION_MNEMONIC, OPTION_LABEL) VALUES (732, "USA", "UNITED STATES OF AMERICA");
INSERT INTO COMPLECTATION_OPTIONS(COMPLECTATION_ID, OPTION_MNEMONIC, OPTION_LABEL) VALUES (732, "CBR", "CARBURETOR SYSTEM");
INSERT INTO COMPLECTATION_OPTIONS(COMPLECTATION_ID, OPTION_MNEMONIC, OPTION_LABEL) VALUES (732, "CBU", "COMPLETELY BUILT UNIT");
INSERT INTO COMPLECTATION(ID, FRAME_ID, NAME, URL, ENGINE_MNEMONIC, ENGINE_LABEL, PRODUCTION_PERIOD, BODY_MNEMONIC, BODY_LABEL, GRADE_MNEMONIC, GRADE_LABEL, TRANSMISSION_MNEMONIC, TRANSMISSION_LABEL) VALUES (733, 97, "RN61L-MRA3", "https://toyota-usa.epc-data.com/4runner/rn61l/2630/", "22R", "2400CC", "08.1985 - 08.1987", "T1", "TRUCK(STANDARD DECK 1-SIDE OPEN)", "STD", "STANDARD TYPE", "MTM", "MANUAL TRANSMISSION");
INSERT INTO COMPLECTATION_OPTIONS(COMPLECTATION_ID, OPTION_MNEMONIC, OPTION_LABEL) VALUES (733, "5F", "MTM,5-SPEED FLOOR SHIFT");
INSERT INTO COMPLECTATION_OPTIONS(COMPLECTATION_ID, OPTION_MNEMONIC, OPTION_LABEL) VALUES (733, "RCB", "REGULAR CAB");
INSERT INTO COMPLECTATION_OPTIONS(COMPLECTATION_ID, OPTION_MNEMONIC, OPTION_LABEL) VALUES (733, "G", "G TYPE TRANSMISSION");
INSERT INTO COMPLECTATION_OPTIONS(COMPLECTATION_ID, OPTION_MNEMONIC, OPTION_LABEL) VALUES (733, "HLF", "0.5TONS");
INSERT INTO COMPLECTATION_OPTIONS(COMPLECTATION_ID, OPTION_MNEMONIC, OPTION_LABEL) VALUES (733, "ST", "SINGLE TIRE");
INSERT INTO COMPLECTATION_OPTIONS(COMPLECTATION_ID, OPTION_MNEMONIC, OPTION_LABEL) VALUES (733, "USA", "UNITED STATES OF AMERICA");
INSERT INTO COMPLECTATION_OPTIONS(COMPLECTATION_ID, OPTION_MNEMONIC, OPTION_LABEL) VALUES (733, "CBR", "CARBURETOR SYSTEM");
INSERT INTO COMPLECTATION_OPTIONS(COMPLECTATION_ID, OPTION_MNEMONIC, OPTION_LABEL) VALUES (733, "IV", "INCOMPLETE VEHICLES (CHASSIS & CAB)");
INSERT INTO COMPLECTATION(ID, FRAME_ID, NAME, URL, ENGINE_MNEMONIC, ENGINE_LABEL, PRODUCTION_PERIOD, BODY_MNEMONIC, BODY_LABEL, GRADE_MNEMONIC, GRADE_LABEL, TRANSMISSION_MNEMONIC, TRANSMISSION_LABEL) VALUES (734, 97, "RN61L-MREA", "https://toyota-usa.epc-data.com/4runner/rn61l/2623/", "22REC", "2400CC EFI", "08.1987 - 08.1988", "T1", "TRUCK(STANDARD DECK 1-SIDE OPEN)", "STD", "STANDARD TYPE", "MTM", "MANUAL TRANSMISSION");
INSERT INTO COMPLECTATION_OPTIONS(COMPLECTATION_ID, OPTION_MNEMONIC, OPTION_LABEL) VALUES (734, "5F", "MTM,5-SPEED FLOOR SHIFT");
INSERT INTO COMPLECTATION_OPTIONS(COMPLECTATION_ID, OPTION_MNEMONIC, OPTION_LABEL) VALUES (734, "RCB", "REGULAR CAB");
INSERT INTO COMPLECTATION_OPTIONS(COMPLECTATION_ID, OPTION_MNEMONIC, OPTION_LABEL) VALUES (734, "W", "W TYPE TRANSMISSION");
INSERT INTO COMPLECTATION_OPTIONS(COMPLECTATION_ID, OPTION_MNEMONIC, OPTION_LABEL) VALUES (734, "HLF", "0.5TONS");
INSERT INTO COMPLECTATION_OPTIONS(COMPLECTATION_ID, OPTION_MNEMONIC, OPTION_LABEL) VALUES (734, "ST", "SINGLE TIRE");
INSERT INTO COMPLECTATION_OPTIONS(COMPLECTATION_ID, OPTION_MNEMONIC, OPTION_LABEL) VALUES (734, "USA", "UNITED STATES OF AMERICA");
INSERT INTO COMPLECTATION_OPTIONS(COMPLECTATION_ID, OPTION_MNEMONIC, OPTION_LABEL) VALUES (734, "EFI", "ELECTRIC FUEL INJECTION SYSTEM");
INSERT INTO COMPLECTATION_OPTIONS(COMPLECTATION_ID, OPTION_MNEMONIC, OPTION_LABEL) VALUES (734, "CBU", "COMPLETELY BUILT UNIT");
INSERT INTO COMPLECTATION(ID, FRAME_ID, NAME, URL, ENGINE_MNEMONIC, ENGINE_LABEL, PRODUCTION_PERIOD, BODY_MNEMONIC, BODY_LABEL, GRADE_MNEMONIC, GRADE_LABEL, TRANSMISSION_MNEMONIC, TRANSMISSION_LABEL) VALUES (735, 97, "RN61L-MREA3", "https://toyota-usa.epc-data.com/4runner/rn61l/2624/", "22REC", "2400CC EFI", "08.1987 - 08.1988", "T1", "TRUCK(STANDARD DECK 1-SIDE OPEN)", "STD", "STANDARD TYPE", "MTM", "MANUAL TRANSMISSION");
INSERT INTO COMPLECTATION_OPTIONS(COMPLECTATION_ID, OPTION_MNEMONIC, OPTION_LABEL) VALUES (735, "5F", "MTM,5-SPEED FLOOR SHIFT");
INSERT INTO COMPLECTATION_OPTIONS(COMPLECTATION_ID, OPTION_MNEMONIC, OPTION_LABEL) VALUES (735, "RCB", "REGULAR CAB");
INSERT INTO COMPLECTATION_OPTIONS(COMPLECTATION_ID, OPTION_MNEMONIC, OPTION_LABEL) VALUES (735, "W", "W TYPE TRANSMISSION");
INSERT INTO COMPLECTATION_OPTIONS(COMPLECTATION_ID, OPTION_MNEMONIC, OPTION_LABEL) VALUES (735, "HLF", "0.5TONS");
INSERT INTO COMPLECTATION_OPTIONS(COMPLECTATION_ID, OPTION_MNEMONIC, OPTION_LABEL) VALUES (735, "ST", "SINGLE TIRE");
INSERT INTO COMPLECTATION_OPTIONS(COMPLECTATION_ID, OPTION_MNEMONIC, OPTION_LABEL) VALUES (735, "USA", "UNITED STATES OF AMERICA");
INSERT INTO COMPLECTATION_OPTIONS(COMPLECTATION_ID, OPTION_MNEMONIC, OPTION_LABEL) VALUES (735, "EFI", "ELECTRIC FUEL INJECTION SYSTEM");
INSERT INTO COMPLECTATION_OPTIONS(COMPLECTATION_ID, OPTION_MNEMONIC, OPTION_LABEL) VALUES (735, "IV", "INCOMPLETE VEHICLES (CHASSIS & CAB)");
INSERT INTO COMPLECTATION(ID, FRAME_ID, NAME, URL, ENGINE_MNEMONIC, ENGINE_LABEL, PRODUCTION_PERIOD, BODY_MNEMONIC, BODY_LABEL, GRADE_MNEMONIC, GRADE_LABEL, TRANSMISSION_MNEMONIC, TRANSMISSION_LABEL) VALUES (736, 97, "RN61L-MREK", "https://toyota-usa.epc-data.com/4runner/rn61l/2625/", "22REC", "2400CC EFI", "08.1987 - 08.1988", "T1", "TRUCK(STANDARD DECK 1-SIDE OPEN)", "STD", "STANDARD TYPE", "MTM", "MANUAL TRANSMISSION");
INSERT INTO COMPLECTATION_OPTIONS(COMPLECTATION_ID, OPTION_MNEMONIC, OPTION_LABEL) VALUES (736, "5F", "MTM,5-SPEED FLOOR SHIFT");
INSERT INTO COMPLECTATION_OPTIONS(COMPLECTATION_ID, OPTION_MNEMONIC, OPTION_LABEL) VALUES (736, "RCB", "REGULAR CAB");
INSERT INTO COMPLECTATION_OPTIONS(COMPLECTATION_ID, OPTION_MNEMONIC, OPTION_LABEL) VALUES (736, "W", "W TYPE TRANSMISSION");
INSERT INTO COMPLECTATION_OPTIONS(COMPLECTATION_ID, OPTION_MNEMONIC, OPTION_LABEL) VALUES (736, "HLF", "0.5TONS");
INSERT INTO COMPLECTATION_OPTIONS(COMPLECTATION_ID, OPTION_MNEMONIC, OPTION_LABEL) VALUES (736, "ST", "SINGLE TIRE");
INSERT INTO COMPLECTATION_OPTIONS(COMPLECTATION_ID, OPTION_MNEMONIC, OPTION_LABEL) VALUES (736, "CND", "CANADA");
INSERT INTO COMPLECTATION_OPTIONS(COMPLECTATION_ID, OPTION_MNEMONIC, OPTION_LABEL) VALUES (736, "EFI", "ELECTRIC FUEL INJECTION SYSTEM");
INSERT INTO COMPLECTATION_OPTIONS(COMPLECTATION_ID, OPTION_MNEMONIC, OPTION_LABEL) VALUES (736, "CBU", "COMPLETELY BUILT UNIT");
INSERT INTO COMPLECTATION(ID, FRAME_ID, NAME, URL, ENGINE_MNEMONIC, ENGINE_LABEL, PRODUCTION_PERIOD, BODY_MNEMONIC, BODY_LABEL, GRADE_MNEMONIC, GRADE_LABEL, TRANSMISSION_MNEMONIC, TRANSMISSION_LABEL) VALUES (737, 97, "RN61L-MSEA", "https://toyota-usa.epc-data.com/4runner/rn61l/2631/", "22REC", "2400CC EFI", "08.1985 - 08.1988", "T1", "TRUCK(STANDARD DECK 1-SIDE OPEN)", "SR5", "SR-5 TYPE", "MTM", "MANUAL TRANSMISSION");
INSERT INTO COMPLECTATION_OPTIONS(COMPLECTATION_ID, OPTION_MNEMONIC, OPTION_LABEL) VALUES (737, "5F", "MTM,5-SPEED FLOOR SHIFT");
INSERT INTO COMPLECTATION_OPTIONS(COMPLECTATION_ID, OPTION_MNEMONIC, OPTION_LABEL) VALUES (737, "RCB", "REGULAR CAB");
INSERT INTO COMPLECTATION_OPTIONS(COMPLECTATION_ID, OPTION_MNEMONIC, OPTION_LABEL) VALUES (737, "W", "W TYPE TRANSMISSION");
INSERT INTO COMPLECTATION_OPTIONS(COMPLECTATION_ID, OPTION_MNEMONIC, OPTION_LABEL) VALUES (737, "HLF", "0.5TONS");
INSERT INTO COMPLECTATION_OPTIONS(COMPLECTATION_ID, OPTION_MNEMONIC, OPTION_LABEL) VALUES (737, "ST", "SINGLE TIRE");
INSERT INTO COMPLECTATION_OPTIONS(COMPLECTATION_ID, OPTION_MNEMONIC, OPTION_LABEL) VALUES (737, "USA", "UNITED STATES OF AMERICA");
INSERT INTO COMPLECTATION_OPTIONS(COMPLECTATION_ID, OPTION_MNEMONIC, OPTION_LABEL) VALUES (737, "EFI", "ELECTRIC FUEL INJECTION SYSTEM");
INSERT INTO COMPLECTATION_OPTIONS(COMPLECTATION_ID, OPTION_MNEMONIC, OPTION_LABEL) VALUES (737, "CBU", "COMPLETELY BUILT UNIT");
INSERT INTO COMPLECTATION(ID, FRAME_ID, NAME, URL, ENGINE_MNEMONIC, ENGINE_LABEL, PRODUCTION_PERIOD, BODY_MNEMONIC, BODY_LABEL, GRADE_MNEMONIC, GRADE_LABEL, TRANSMISSION_MNEMONIC, TRANSMISSION_LABEL) VALUES (738, 97, "RN61L-MSEA3", "https://toyota-usa.epc-data.com/4runner/rn61l/2632/", "22REC", "2400CC EFI", "08.1985 - 08.1988", "T1", "TRUCK(STANDARD DECK 1-SIDE OPEN)", "SR5", "SR-5 TYPE", "MTM", "MANUAL TRANSMISSION");
INSERT INTO COMPLECTATION_OPTIONS(COMPLECTATION_ID, OPTION_MNEMONIC, OPTION_LABEL) VALUES (738, "5F", "MTM,5-SPEED FLOOR SHIFT");
INSERT INTO COMPLECTATION_OPTIONS(COMPLECTATION_ID, OPTION_MNEMONIC, OPTION_LABEL) VALUES (738, "RCB", "REGULAR CAB");
INSERT INTO COMPLECTATION_OPTIONS(COMPLECTATION_ID, OPTION_MNEMONIC, OPTION_LABEL) VALUES (738, "W", "W TYPE TRANSMISSION");
INSERT INTO COMPLECTATION_OPTIONS(COMPLECTATION_ID, OPTION_MNEMONIC, OPTION_LABEL) VALUES (738, "HLF", "0.5TONS");
INSERT INTO COMPLECTATION_OPTIONS(COMPLECTATION_ID, OPTION_MNEMONIC, OPTION_LABEL) VALUES (738, "ST", "SINGLE TIRE");
INSERT INTO COMPLECTATION_OPTIONS(COMPLECTATION_ID, OPTION_MNEMONIC, OPTION_LABEL) VALUES (738, "USA", "UNITED STATES OF AMERICA");
INSERT INTO COMPLECTATION_OPTIONS(COMPLECTATION_ID, OPTION_MNEMONIC, OPTION_LABEL) VALUES (738, "EFI", "ELECTRIC FUEL INJECTION SYSTEM");
INSERT INTO COMPLECTATION_OPTIONS(COMPLECTATION_ID, OPTION_MNEMONIC, OPTION_LABEL) VALUES (738, "IV", "INCOMPLETE VEHICLES (CHASSIS & CAB)");
INSERT INTO COMPLECTATION(ID, FRAME_ID, NAME, URL, ENGINE_MNEMONIC, ENGINE_LABEL, PRODUCTION_PERIOD, BODY_MNEMONIC, BODY_LABEL, GRADE_MNEMONIC, GRADE_LABEL, TRANSMISSION_MNEMONIC, TRANSMISSION_LABEL) VALUES (739, 97, "RN61LG-MDEA", "https://toyota-usa.epc-data.com/4runner/rn61l/2516/", "22REC", "2400CC EFI", "08.1985 - 03.1989", "WG", "WAGON(4-RUNNER)", "DLX", "DELUXE TYPE", "MTM", "MANUAL TRANSMISSION");
INSERT INTO COMPLECTATION_OPTIONS(COMPLECTATION_ID, OPTION_MNEMONIC, OPTION_LABEL) VALUES (739, "5F", "MTM,5-SPEED FLOOR SHIFT");
INSERT INTO COMPLECTATION_OPTIONS(COMPLECTATION_ID, OPTION_MNEMONIC, OPTION_LABEL) VALUES (739, "W", "W TYPE TRANSMISSION");
INSERT INTO COMPLECTATION_OPTIONS(COMPLECTATION_ID, OPTION_MNEMONIC, OPTION_LABEL) VALUES (739, "ST", "SINGLE TIRE");
INSERT INTO COMPLECTATION_OPTIONS(COMPLECTATION_ID, OPTION_MNEMONIC, OPTION_LABEL) VALUES (739, "USA", "UNITED STATES OF AMERICA");
INSERT INTO COMPLECTATION_OPTIONS(COMPLECTATION_ID, OPTION_MNEMONIC, OPTION_LABEL) VALUES (739, "EFI", "ELECTRIC FUEL INJECTION SYSTEM");
INSERT INTO COMPLECTATION_OPTIONS(COMPLECTATION_ID, OPTION_MNEMONIC, OPTION_LABEL) VALUES (739, "CBU", "COMPLETELY BUILT UNIT");
INSERT INTO COMPLECTATION(ID, FRAME_ID, NAME, URL, ENGINE_MNEMONIC, ENGINE_LABEL, PRODUCTION_PERIOD, BODY_MNEMONIC, BODY_LABEL, GRADE_MNEMONIC, GRADE_LABEL, TRANSMISSION_MNEMONIC, TRANSMISSION_LABEL) VALUES (740, 97, "RN61LG-MSEA", "https://toyota-usa.epc-data.com/4runner/rn61l/2518/", "22REC", "2400CC EFI", "08.1985 - 03.1989", "WG", "WAGON(4-RUNNER)", "SR5", "SR-5 TYPE", "MTM", "MANUAL TRANSMISSION");
INSERT INTO COMPLECTATION_OPTIONS(COMPLECTATION_ID, OPTION_MNEMONIC, OPTION_LABEL) VALUES (740, "5F", "MTM,5-SPEED FLOOR SHIFT");
INSERT INTO COMPLECTATION_OPTIONS(COMPLECTATION_ID, OPTION_MNEMONIC, OPTION_LABEL) VALUES (740, "W", "W TYPE TRANSMISSION");
INSERT INTO COMPLECTATION_OPTIONS(COMPLECTATION_ID, OPTION_MNEMONIC, OPTION_LABEL) VALUES (740, "ST", "SINGLE TIRE");
INSERT INTO COMPLECTATION_OPTIONS(COMPLECTATION_ID, OPTION_MNEMONIC, OPTION_LABEL) VALUES (740, "USA", "UNITED STATES OF AMERICA");
INSERT INTO COMPLECTATION_OPTIONS(COMPLECTATION_ID, OPTION_MNEMONIC, OPTION_LABEL) VALUES (740, "EFI", "ELECTRIC FUEL INJECTION SYSTEM");
INSERT INTO COMPLECTATION_OPTIONS(COMPLECTATION_ID, OPTION_MNEMONIC, OPTION_LABEL) VALUES (740, "CBU", "COMPLETELY BUILT UNIT");
INSERT INTO COMPLECTATION(ID, FRAME_ID, NAME, URL, ENGINE_MNEMONIC, ENGINE_LABEL, PRODUCTION_PERIOD, BODY_MNEMONIC, BODY_LABEL, GRADE_MNEMONIC, GRADE_LABEL, TRANSMISSION_MNEMONIC, TRANSMISSION_LABEL) VALUES (741, 97, "RN61LG-PDEA", "https://toyota-usa.epc-data.com/4runner/rn61l/2517/", "22REC", "2400CC EFI", "08.1985 - 03.1989", "WG", "WAGON(4-RUNNER)", "DLX", "DELUXE TYPE", "ATM", "AUTOMATIC TRANSMISSION");
INSERT INTO COMPLECTATION_OPTIONS(COMPLECTATION_ID, OPTION_MNEMONIC, OPTION_LABEL) VALUES (741, "4FC", "ATM,4-SPEED FLOOR SHIFT");
INSERT INTO COMPLECTATION_OPTIONS(COMPLECTATION_ID, OPTION_MNEMONIC, OPTION_LABEL) VALUES (741, "ST", "SINGLE TIRE");
INSERT INTO COMPLECTATION_OPTIONS(COMPLECTATION_ID, OPTION_MNEMONIC, OPTION_LABEL) VALUES (741, "USA", "UNITED STATES OF AMERICA");
INSERT INTO COMPLECTATION_OPTIONS(COMPLECTATION_ID, OPTION_MNEMONIC, OPTION_LABEL) VALUES (741, "EFI", "ELECTRIC FUEL INJECTION SYSTEM");
INSERT INTO COMPLECTATION_OPTIONS(COMPLECTATION_ID, OPTION_MNEMONIC, OPTION_LABEL) VALUES (741, "CBU", "COMPLETELY BUILT UNIT");
INSERT INTO COMPLECTATION(ID, FRAME_ID, NAME, URL, ENGINE_MNEMONIC, ENGINE_LABEL, PRODUCTION_PERIOD, BODY_MNEMONIC, BODY_LABEL, GRADE_MNEMONIC, GRADE_LABEL, TRANSMISSION_MNEMONIC, TRANSMISSION_LABEL) VALUES (742, 97, "RN61LG-PGZA", "https://toyota-usa.epc-data.com/4runner/rn61l/2525/", "22RTEC", "2400CC", "08.1985 - 08.1987", "WG", "WAGON(4-RUNNER)", "SRT", "SR-5 TYPE (WITH TURBO)", "ATM", "AUTOMATIC TRANSMISSION");
INSERT INTO COMPLECTATION_OPTIONS(COMPLECTATION_ID, OPTION_MNEMONIC, OPTION_LABEL) VALUES (742, "4FC", "ATM,4-SPEED FLOOR SHIFT");
INSERT INTO COMPLECTATION_OPTIONS(COMPLECTATION_ID, OPTION_MNEMONIC, OPTION_LABEL) VALUES (742, "ST", "SINGLE TIRE");
INSERT INTO COMPLECTATION_OPTIONS(COMPLECTATION_ID, OPTION_MNEMONIC, OPTION_LABEL) VALUES (742, "USA", "UNITED STATES OF AMERICA");
INSERT INTO COMPLECTATION_OPTIONS(COMPLECTATION_ID, OPTION_MNEMONIC, OPTION_LABEL) VALUES (742, "TBO", "TURBO SYSTEM");
INSERT INTO COMPLECTATION_OPTIONS(COMPLECTATION_ID, OPTION_MNEMONIC, OPTION_LABEL) VALUES (742, "CBU", "COMPLETELY BUILT UNIT");
INSERT INTO COMPLECTATION(ID, FRAME_ID, NAME, URL, ENGINE_MNEMONIC, ENGINE_LABEL, PRODUCTION_PERIOD, BODY_MNEMONIC, BODY_LABEL, GRADE_MNEMONIC, GRADE_LABEL, TRANSMISSION_MNEMONIC, TRANSMISSION_LABEL) VALUES (743, 97, "RN61LG-PSEA", "https://toyota-usa.epc-data.com/4runner/rn61l/2519/", "22REC", "2400CC EFI", "08.1988 - 03.1989", "WG", "WAGON(4-RUNNER)", "SR5", "SR-5 TYPE", "ATM", "AUTOMATIC TRANSMISSION");
INSERT INTO COMPLECTATION_OPTIONS(COMPLECTATION_ID, OPTION_MNEMONIC, OPTION_LABEL) VALUES (743, "4FC", "ATM,4-SPEED FLOOR SHIFT");
INSERT INTO COMPLECTATION_OPTIONS(COMPLECTATION_ID, OPTION_MNEMONIC, OPTION_LABEL) VALUES (743, "ST", "SINGLE TIRE");
INSERT INTO COMPLECTATION_OPTIONS(COMPLECTATION_ID, OPTION_MNEMONIC, OPTION_LABEL) VALUES (743, "USA", "UNITED STATES OF AMERICA");
INSERT INTO COMPLECTATION_OPTIONS(COMPLECTATION_ID, OPTION_MNEMONIC, OPTION_LABEL) VALUES (743, "EFI", "ELECTRIC FUEL INJECTION SYSTEM");
INSERT INTO COMPLECTATION_OPTIONS(COMPLECTATION_ID, OPTION_MNEMONIC, OPTION_LABEL) VALUES (743, "CBU", "COMPLETELY BUILT UNIT");
INSERT INTO COMPLECTATION(ID, FRAME_ID, NAME, URL, ENGINE_MNEMONIC, ENGINE_LABEL, PRODUCTION_PERIOD, BODY_MNEMONIC, BODY_LABEL, GRADE_MNEMONIC, GRADE_LABEL, TRANSMISSION_MNEMONIC, TRANSMISSION_LABEL) VALUES (744, 97, "RN61LV-MDEA", "https://toyota-usa.epc-data.com/4runner/rn61l/2615/", "22REC", "2400CC EFI", "08.1985 - 03.1989", "V", "VAN", "DLX", "DELUXE TYPE", "MTM", "MANUAL TRANSMISSION");
INSERT INTO COMPLECTATION_OPTIONS(COMPLECTATION_ID, OPTION_MNEMONIC, OPTION_LABEL) VALUES (744, "5F", "MTM,5-SPEED FLOOR SHIFT");
INSERT INTO COMPLECTATION_OPTIONS(COMPLECTATION_ID, OPTION_MNEMONIC, OPTION_LABEL) VALUES (744, "W", "W TYPE TRANSMISSION");
INSERT INTO COMPLECTATION_OPTIONS(COMPLECTATION_ID, OPTION_MNEMONIC, OPTION_LABEL) VALUES (744, "ST", "SINGLE TIRE");
INSERT INTO COMPLECTATION_OPTIONS(COMPLECTATION_ID, OPTION_MNEMONIC, OPTION_LABEL) VALUES (744, "USA", "UNITED STATES OF AMERICA");
INSERT INTO COMPLECTATION_OPTIONS(COMPLECTATION_ID, OPTION_MNEMONIC, OPTION_LABEL) VALUES (744, "EFI", "ELECTRIC FUEL INJECTION SYSTEM");
INSERT INTO COMPLECTATION_OPTIONS(COMPLECTATION_ID, OPTION_MNEMONIC, OPTION_LABEL) VALUES (744, "CBU", "COMPLETELY BUILT UNIT");
INSERT INTO COMPLECTATION(ID, FRAME_ID, NAME, URL, ENGINE_MNEMONIC, ENGINE_LABEL, PRODUCTION_PERIOD, BODY_MNEMONIC, BODY_LABEL, GRADE_MNEMONIC, GRADE_LABEL, TRANSMISSION_MNEMONIC, TRANSMISSION_LABEL) VALUES (745, 97, "RN61LV-MDEK", "https://toyota-usa.epc-data.com/4runner/rn61l/2616/", "22REC", "2400CC EFI", "08.1987 - 03.1989", "V", "VAN", "DLX", "DELUXE TYPE", "MTM", "MANUAL TRANSMISSION");
INSERT INTO COMPLECTATION_OPTIONS(COMPLECTATION_ID, OPTION_MNEMONIC, OPTION_LABEL) VALUES (745, "5F", "MTM,5-SPEED FLOOR SHIFT");
INSERT INTO COMPLECTATION_OPTIONS(COMPLECTATION_ID, OPTION_MNEMONIC, OPTION_LABEL) VALUES (745, "W", "W TYPE TRANSMISSION");
INSERT INTO COMPLECTATION_OPTIONS(COMPLECTATION_ID, OPTION_MNEMONIC, OPTION_LABEL) VALUES (745, "ST", "SINGLE TIRE");
INSERT INTO COMPLECTATION_OPTIONS(COMPLECTATION_ID, OPTION_MNEMONIC, OPTION_LABEL) VALUES (745, "CND", "CANADA");
INSERT INTO COMPLECTATION_OPTIONS(COMPLECTATION_ID, OPTION_MNEMONIC, OPTION_LABEL) VALUES (745, "EFI", "ELECTRIC FUEL INJECTION SYSTEM");
INSERT INTO COMPLECTATION_OPTIONS(COMPLECTATION_ID, OPTION_MNEMONIC, OPTION_LABEL) VALUES (745, "CBU", "COMPLETELY BUILT UNIT");
INSERT INTO COMPLECTATION(ID, FRAME_ID, NAME, URL, ENGINE_MNEMONIC, ENGINE_LABEL, PRODUCTION_PERIOD, BODY_MNEMONIC, BODY_LABEL, GRADE_MNEMONIC, GRADE_LABEL, TRANSMISSION_MNEMONIC, TRANSMISSION_LABEL) VALUES (746, 97, "RN61LV-MSEA", "https://toyota-usa.epc-data.com/4runner/rn61l/2619/", "22REC", "2400CC EFI", "08.1986 - 08.1988", "V", "VAN", "SR5", "SR-5 TYPE", "MTM", "MANUAL TRANSMISSION");
INSERT INTO COMPLECTATION_OPTIONS(COMPLECTATION_ID, OPTION_MNEMONIC, OPTION_LABEL) VALUES (746, "5F", "MTM,5-SPEED FLOOR SHIFT");
INSERT INTO COMPLECTATION_OPTIONS(COMPLECTATION_ID, OPTION_MNEMONIC, OPTION_LABEL) VALUES (746, "W", "W TYPE TRANSMISSION");
INSERT INTO COMPLECTATION_OPTIONS(COMPLECTATION_ID, OPTION_MNEMONIC, OPTION_LABEL) VALUES (746, "ST", "SINGLE TIRE");
INSERT INTO COMPLECTATION_OPTIONS(COMPLECTATION_ID, OPTION_MNEMONIC, OPTION_LABEL) VALUES (746, "USA", "UNITED STATES OF AMERICA");
INSERT INTO COMPLECTATION_OPTIONS(COMPLECTATION_ID, OPTION_MNEMONIC, OPTION_LABEL) VALUES (746, "EFI", "ELECTRIC FUEL INJECTION SYSTEM");
INSERT INTO COMPLECTATION_OPTIONS(COMPLECTATION_ID, OPTION_MNEMONIC, OPTION_LABEL) VALUES (746, "CBU", "COMPLETELY BUILT UNIT");
INSERT INTO COMPLECTATION(ID, FRAME_ID, NAME, URL, ENGINE_MNEMONIC, ENGINE_LABEL, PRODUCTION_PERIOD, BODY_MNEMONIC, BODY_LABEL, GRADE_MNEMONIC, GRADE_LABEL, TRANSMISSION_MNEMONIC, TRANSMISSION_LABEL) VALUES (747, 97, "RN61LV-MSEK", "https://toyota-usa.epc-data.com/4runner/rn61l/2620/", "22REC", "2400CC EFI", "08.1985 - 03.1989", "V", "VAN", "SR5", "SR-5 TYPE", "MTM", "MANUAL TRANSMISSION");
INSERT INTO COMPLECTATION_OPTIONS(COMPLECTATION_ID, OPTION_MNEMONIC, OPTION_LABEL) VALUES (747, "5F", "MTM,5-SPEED FLOOR SHIFT");
INSERT INTO COMPLECTATION_OPTIONS(COMPLECTATION_ID, OPTION_MNEMONIC, OPTION_LABEL) VALUES (747, "W", "W TYPE TRANSMISSION");
INSERT INTO COMPLECTATION_OPTIONS(COMPLECTATION_ID, OPTION_MNEMONIC, OPTION_LABEL) VALUES (747, "ST", "SINGLE TIRE");
INSERT INTO COMPLECTATION_OPTIONS(COMPLECTATION_ID, OPTION_MNEMONIC, OPTION_LABEL) VALUES (747, "CND", "CANADA");
INSERT INTO COMPLECTATION_OPTIONS(COMPLECTATION_ID, OPTION_MNEMONIC, OPTION_LABEL) VALUES (747, "EFI", "ELECTRIC FUEL INJECTION SYSTEM");
INSERT INTO COMPLECTATION_OPTIONS(COMPLECTATION_ID, OPTION_MNEMONIC, OPTION_LABEL) VALUES (747, "CBU", "COMPLETELY BUILT UNIT");
INSERT INTO COMPLECTATION(ID, FRAME_ID, NAME, URL, ENGINE_MNEMONIC, ENGINE_LABEL, PRODUCTION_PERIOD, BODY_MNEMONIC, BODY_LABEL, GRADE_MNEMONIC, GRADE_LABEL, TRANSMISSION_MNEMONIC, TRANSMISSION_LABEL) VALUES (748, 97, "RN61LV-PDEA", "https://toyota-usa.epc-data.com/4runner/rn61l/2617/", "22REC", "2400CC EFI", "08.1985 - 03.1989", "V", "VAN", "DLX", "DELUXE TYPE", "ATM", "AUTOMATIC TRANSMISSION");
INSERT INTO COMPLECTATION_OPTIONS(COMPLECTATION_ID, OPTION_MNEMONIC, OPTION_LABEL) VALUES (748, "4FC", "ATM,4-SPEED FLOOR SHIFT");
INSERT INTO COMPLECTATION_OPTIONS(COMPLECTATION_ID, OPTION_MNEMONIC, OPTION_LABEL) VALUES (748, "ST", "SINGLE TIRE");
INSERT INTO COMPLECTATION_OPTIONS(COMPLECTATION_ID, OPTION_MNEMONIC, OPTION_LABEL) VALUES (748, "USA", "UNITED STATES OF AMERICA");
INSERT INTO COMPLECTATION_OPTIONS(COMPLECTATION_ID, OPTION_MNEMONIC, OPTION_LABEL) VALUES (748, "EFI", "ELECTRIC FUEL INJECTION SYSTEM");
INSERT INTO COMPLECTATION_OPTIONS(COMPLECTATION_ID, OPTION_MNEMONIC, OPTION_LABEL) VALUES (748, "CBU", "COMPLETELY BUILT UNIT");
INSERT INTO COMPLECTATION(ID, FRAME_ID, NAME, URL, ENGINE_MNEMONIC, ENGINE_LABEL, PRODUCTION_PERIOD, BODY_MNEMONIC, BODY_LABEL, GRADE_MNEMONIC, GRADE_LABEL, TRANSMISSION_MNEMONIC, TRANSMISSION_LABEL) VALUES (749, 97, "RN61LV-PDEK", "https://toyota-usa.epc-data.com/4runner/rn61l/2618/", "22REC", "2400CC EFI", "08.1987 - 03.1989", "V", "VAN", "DLX", "DELUXE TYPE", "ATM", "AUTOMATIC TRANSMISSION");
INSERT INTO COMPLECTATION_OPTIONS(COMPLECTATION_ID, OPTION_MNEMONIC, OPTION_LABEL) VALUES (749, "4FC", "ATM,4-SPEED FLOOR SHIFT");
INSERT INTO COMPLECTATION_OPTIONS(COMPLECTATION_ID, OPTION_MNEMONIC, OPTION_LABEL) VALUES (749, "ST", "SINGLE TIRE");
INSERT INTO COMPLECTATION_OPTIONS(COMPLECTATION_ID, OPTION_MNEMONIC, OPTION_LABEL) VALUES (749, "CND", "CANADA");
INSERT INTO COMPLECTATION_OPTIONS(COMPLECTATION_ID, OPTION_MNEMONIC, OPTION_LABEL) VALUES (749, "EFI", "ELECTRIC FUEL INJECTION SYSTEM");
INSERT INTO COMPLECTATION_OPTIONS(COMPLECTATION_ID, OPTION_MNEMONIC, OPTION_LABEL) VALUES (749, "CBU", "COMPLETELY BUILT UNIT");
INSERT INTO COMPLECTATION(ID, FRAME_ID, NAME, URL, ENGINE_MNEMONIC, ENGINE_LABEL, PRODUCTION_PERIOD, BODY_MNEMONIC, BODY_LABEL, GRADE_MNEMONIC, GRADE_LABEL, TRANSMISSION_MNEMONIC, TRANSMISSION_LABEL) VALUES (750, 97, "RN61LV-PGZK", "https://toyota-usa.epc-data.com/4runner/rn61l/2509/", "22RTEC", "2400CC", "08.1985 - 08.1986", "V", "VAN", "SRT", "SR-5 TYPE (WITH TURBO)", "ATM", "AUTOMATIC TRANSMISSION");
INSERT INTO COMPLECTATION_OPTIONS(COMPLECTATION_ID, OPTION_MNEMONIC, OPTION_LABEL) VALUES (750, "4FC", "ATM,4-SPEED FLOOR SHIFT");
INSERT INTO COMPLECTATION_OPTIONS(COMPLECTATION_ID, OPTION_MNEMONIC, OPTION_LABEL) VALUES (750, "ST", "SINGLE TIRE");
INSERT INTO COMPLECTATION_OPTIONS(COMPLECTATION_ID, OPTION_MNEMONIC, OPTION_LABEL) VALUES (750, "CND", "CANADA");
INSERT INTO COMPLECTATION_OPTIONS(COMPLECTATION_ID, OPTION_MNEMONIC, OPTION_LABEL) VALUES (750, "TBO", "TURBO SYSTEM");
INSERT INTO COMPLECTATION_OPTIONS(COMPLECTATION_ID, OPTION_MNEMONIC, OPTION_LABEL) VALUES (750, "CBU", "COMPLETELY BUILT UNIT");
INSERT INTO COMPLECTATION(ID, FRAME_ID, NAME, URL, ENGINE_MNEMONIC, ENGINE_LABEL, PRODUCTION_PERIOD, BODY_MNEMONIC, BODY_LABEL, GRADE_MNEMONIC, GRADE_LABEL, TRANSMISSION_MNEMONIC, TRANSMISSION_LABEL) VALUES (751, 97, "RN61LV-PSEA", "https://toyota-usa.epc-data.com/4runner/rn61l/2621/", "22REC", "2400CC EFI", "08.1986 - 08.1988", "V", "VAN", "SR5", "SR-5 TYPE", "ATM", "AUTOMATIC TRANSMISSION");
INSERT INTO COMPLECTATION_OPTIONS(COMPLECTATION_ID, OPTION_MNEMONIC, OPTION_LABEL) VALUES (751, "4FC", "ATM,4-SPEED FLOOR SHIFT");
INSERT INTO COMPLECTATION_OPTIONS(COMPLECTATION_ID, OPTION_MNEMONIC, OPTION_LABEL) VALUES (751, "ST", "SINGLE TIRE");
INSERT INTO COMPLECTATION_OPTIONS(COMPLECTATION_ID, OPTION_MNEMONIC, OPTION_LABEL) VALUES (751, "USA", "UNITED STATES OF AMERICA");
INSERT INTO COMPLECTATION_OPTIONS(COMPLECTATION_ID, OPTION_MNEMONIC, OPTION_LABEL) VALUES (751, "EFI", "ELECTRIC FUEL INJECTION SYSTEM");
INSERT INTO COMPLECTATION_OPTIONS(COMPLECTATION_ID, OPTION_MNEMONIC, OPTION_LABEL) VALUES (751, "CBU", "COMPLETELY BUILT UNIT");
INSERT INTO COMPLECTATION(ID, FRAME_ID, NAME, URL, ENGINE_MNEMONIC, ENGINE_LABEL, PRODUCTION_PERIOD, BODY_MNEMONIC, BODY_LABEL, GRADE_MNEMONIC, GRADE_LABEL, TRANSMISSION_MNEMONIC, TRANSMISSION_LABEL) VALUES (752, 97, "RN61LV-PSEK", "https://toyota-usa.epc-data.com/4runner/rn61l/2622/", "22REC", "2400CC EFI", "08.1985 - 08.1987", "V", "VAN", "SR5", "SR-5 TYPE", "ATM", "AUTOMATIC TRANSMISSION");
INSERT INTO COMPLECTATION_OPTIONS(COMPLECTATION_ID, OPTION_MNEMONIC, OPTION_LABEL) VALUES (752, "4FC", "ATM,4-SPEED FLOOR SHIFT");
INSERT INTO COMPLECTATION_OPTIONS(COMPLECTATION_ID, OPTION_MNEMONIC, OPTION_LABEL) VALUES (752, "ST", "SINGLE TIRE");
INSERT INTO COMPLECTATION_OPTIONS(COMPLECTATION_ID, OPTION_MNEMONIC, OPTION_LABEL) VALUES (752, "CND", "CANADA");
INSERT INTO COMPLECTATION_OPTIONS(COMPLECTATION_ID, OPTION_MNEMONIC, OPTION_LABEL) VALUES (752, "EFI", "ELECTRIC FUEL INJECTION SYSTEM");
INSERT INTO COMPLECTATION_OPTIONS(COMPLECTATION_ID, OPTION_MNEMONIC, OPTION_LABEL) VALUES (752, "CBU", "COMPLETELY BUILT UNIT");
INSERT INTO FRAME(ID, MODEL_ID, NAME, URL) VALUES (98, 10, "RN61LG", "https://toyota-usa.epc-data.com/4runner/rn61lg");
INSERT INTO COMPLECTATION(ID, FRAME_ID, NAME, URL, ENGINE_MNEMONIC, ENGINE_LABEL, PRODUCTION_PERIOD, BODY_MNEMONIC, BODY_LABEL, GRADE_MNEMONIC, GRADE_LABEL, TRANSMISSION_MNEMONIC, TRANSMISSION_LABEL) VALUES (753, 98, "RN61LG-MDEA", "https://toyota-usa.epc-data.com/4runner/rn61lg/2516/", "22REC", "2400CC EFI", "08.1985 - 03.1989", "WG", "WAGON(4-RUNNER)", "DLX", "DELUXE TYPE", "MTM", "MANUAL TRANSMISSION");
INSERT INTO COMPLECTATION_OPTIONS(COMPLECTATION_ID, OPTION_MNEMONIC, OPTION_LABEL) VALUES (753, "5F", "MTM,5-SPEED FLOOR SHIFT");
INSERT INTO COMPLECTATION_OPTIONS(COMPLECTATION_ID, OPTION_MNEMONIC, OPTION_LABEL) VALUES (753, "W", "W TYPE TRANSMISSION");
INSERT INTO COMPLECTATION_OPTIONS(COMPLECTATION_ID, OPTION_MNEMONIC, OPTION_LABEL) VALUES (753, "ST", "SINGLE TIRE");
INSERT INTO COMPLECTATION_OPTIONS(COMPLECTATION_ID, OPTION_MNEMONIC, OPTION_LABEL) VALUES (753, "USA", "UNITED STATES OF AMERICA");
INSERT INTO COMPLECTATION_OPTIONS(COMPLECTATION_ID, OPTION_MNEMONIC, OPTION_LABEL) VALUES (753, "EFI", "ELECTRIC FUEL INJECTION SYSTEM");
INSERT INTO COMPLECTATION_OPTIONS(COMPLECTATION_ID, OPTION_MNEMONIC, OPTION_LABEL) VALUES (753, "CBU", "COMPLETELY BUILT UNIT");
INSERT INTO COMPLECTATION(ID, FRAME_ID, NAME, URL, ENGINE_MNEMONIC, ENGINE_LABEL, PRODUCTION_PERIOD, BODY_MNEMONIC, BODY_LABEL, GRADE_MNEMONIC, GRADE_LABEL, TRANSMISSION_MNEMONIC, TRANSMISSION_LABEL) VALUES (754, 98, "RN61LG-MSEA", "https://toyota-usa.epc-data.com/4runner/rn61lg/2518/", "22REC", "2400CC EFI", "08.1985 - 03.1989", "WG", "WAGON(4-RUNNER)", "SR5", "SR-5 TYPE", "MTM", "MANUAL TRANSMISSION");
INSERT INTO COMPLECTATION_OPTIONS(COMPLECTATION_ID, OPTION_MNEMONIC, OPTION_LABEL) VALUES (754, "5F", "MTM,5-SPEED FLOOR SHIFT");
INSERT INTO COMPLECTATION_OPTIONS(COMPLECTATION_ID, OPTION_MNEMONIC, OPTION_LABEL) VALUES (754, "W", "W TYPE TRANSMISSION");
INSERT INTO COMPLECTATION_OPTIONS(COMPLECTATION_ID, OPTION_MNEMONIC, OPTION_LABEL) VALUES (754, "ST", "SINGLE TIRE");
INSERT INTO COMPLECTATION_OPTIONS(COMPLECTATION_ID, OPTION_MNEMONIC, OPTION_LABEL) VALUES (754, "USA", "UNITED STATES OF AMERICA");
INSERT INTO COMPLECTATION_OPTIONS(COMPLECTATION_ID, OPTION_MNEMONIC, OPTION_LABEL) VALUES (754, "EFI", "ELECTRIC FUEL INJECTION SYSTEM");
INSERT INTO COMPLECTATION_OPTIONS(COMPLECTATION_ID, OPTION_MNEMONIC, OPTION_LABEL) VALUES (754, "CBU", "COMPLETELY BUILT UNIT");
INSERT INTO COMPLECTATION(ID, FRAME_ID, NAME, URL, ENGINE_MNEMONIC, ENGINE_LABEL, PRODUCTION_PERIOD, BODY_MNEMONIC, BODY_LABEL, GRADE_MNEMONIC, GRADE_LABEL, TRANSMISSION_MNEMONIC, TRANSMISSION_LABEL) VALUES (755, 98, "RN61LG-PDEA", "https://toyota-usa.epc-data.com/4runner/rn61lg/2517/", "22REC", "2400CC EFI", "08.1985 - 03.1989", "WG", "WAGON(4-RUNNER)", "DLX", "DELUXE TYPE", "ATM", "AUTOMATIC TRANSMISSION");
INSERT INTO COMPLECTATION_OPTIONS(COMPLECTATION_ID, OPTION_MNEMONIC, OPTION_LABEL) VALUES (755, "4FC", "ATM,4-SPEED FLOOR SHIFT");
INSERT INTO COMPLECTATION_OPTIONS(COMPLECTATION_ID, OPTION_MNEMONIC, OPTION_LABEL) VALUES (755, "ST", "SINGLE TIRE");
INSERT INTO COMPLECTATION_OPTIONS(COMPLECTATION_ID, OPTION_MNEMONIC, OPTION_LABEL) VALUES (755, "USA", "UNITED STATES OF AMERICA");
INSERT INTO COMPLECTATION_OPTIONS(COMPLECTATION_ID, OPTION_MNEMONIC, OPTION_LABEL) VALUES (755, "EFI", "ELECTRIC FUEL INJECTION SYSTEM");
INSERT INTO COMPLECTATION_OPTIONS(COMPLECTATION_ID, OPTION_MNEMONIC, OPTION_LABEL) VALUES (755, "CBU", "COMPLETELY BUILT UNIT");
INSERT INTO COMPLECTATION(ID, FRAME_ID, NAME, URL, ENGINE_MNEMONIC, ENGINE_LABEL, PRODUCTION_PERIOD, BODY_MNEMONIC, BODY_LABEL, GRADE_MNEMONIC, GRADE_LABEL, TRANSMISSION_MNEMONIC, TRANSMISSION_LABEL) VALUES (756, 98, "RN61LG-PGZA", "https://toyota-usa.epc-data.com/4runner/rn61lg/2525/", "22RTEC", "2400CC", "08.1985 - 08.1987", "WG", "WAGON(4-RUNNER)", "SRT", "SR-5 TYPE (WITH TURBO)", "ATM", "AUTOMATIC TRANSMISSION");
INSERT INTO COMPLECTATION_OPTIONS(COMPLECTATION_ID, OPTION_MNEMONIC, OPTION_LABEL) VALUES (756, "4FC", "ATM,4-SPEED FLOOR SHIFT");
INSERT INTO COMPLECTATION_OPTIONS(COMPLECTATION_ID, OPTION_MNEMONIC, OPTION_LABEL) VALUES (756, "ST", "SINGLE TIRE");
INSERT INTO COMPLECTATION_OPTIONS(COMPLECTATION_ID, OPTION_MNEMONIC, OPTION_LABEL) VALUES (756, "USA", "UNITED STATES OF AMERICA");
INSERT INTO COMPLECTATION_OPTIONS(COMPLECTATION_ID, OPTION_MNEMONIC, OPTION_LABEL) VALUES (756, "TBO", "TURBO SYSTEM");
INSERT INTO COMPLECTATION_OPTIONS(COMPLECTATION_ID, OPTION_MNEMONIC, OPTION_LABEL) VALUES (756, "CBU", "COMPLETELY BUILT UNIT");
INSERT INTO COMPLECTATION(ID, FRAME_ID, NAME, URL, ENGINE_MNEMONIC, ENGINE_LABEL, PRODUCTION_PERIOD, BODY_MNEMONIC, BODY_LABEL, GRADE_MNEMONIC, GRADE_LABEL, TRANSMISSION_MNEMONIC, TRANSMISSION_LABEL) VALUES (757, 98, "RN61LG-PSEA", "https://toyota-usa.epc-data.com/4runner/rn61lg/2519/", "22REC", "2400CC EFI", "08.1988 - 03.1989", "WG", "WAGON(4-RUNNER)", "SR5", "SR-5 TYPE", "ATM", "AUTOMATIC TRANSMISSION");
INSERT INTO COMPLECTATION_OPTIONS(COMPLECTATION_ID, OPTION_MNEMONIC, OPTION_LABEL) VALUES (757, "4FC", "ATM,4-SPEED FLOOR SHIFT");
INSERT INTO COMPLECTATION_OPTIONS(COMPLECTATION_ID, OPTION_MNEMONIC, OPTION_LABEL) VALUES (757, "ST", "SINGLE TIRE");
INSERT INTO COMPLECTATION_OPTIONS(COMPLECTATION_ID, OPTION_MNEMONIC, OPTION_LABEL) VALUES (757, "USA", "UNITED STATES OF AMERICA");
INSERT INTO COMPLECTATION_OPTIONS(COMPLECTATION_ID, OPTION_MNEMONIC, OPTION_LABEL) VALUES (757, "EFI", "ELECTRIC FUEL INJECTION SYSTEM");
INSERT INTO COMPLECTATION_OPTIONS(COMPLECTATION_ID, OPTION_MNEMONIC, OPTION_LABEL) VALUES (757, "CBU", "COMPLETELY BUILT UNIT");
INSERT INTO FRAME(ID, MODEL_ID, NAME, URL) VALUES (99, 10, "RN61LV", "https://toyota-usa.epc-data.com/4runner/rn61lv");
INSERT INTO COMPLECTATION(ID, FRAME_ID, NAME, URL, ENGINE_MNEMONIC, ENGINE_LABEL, PRODUCTION_PERIOD, BODY_MNEMONIC, BODY_LABEL, GRADE_MNEMONIC, GRADE_LABEL, TRANSMISSION_MNEMONIC, TRANSMISSION_LABEL) VALUES (758, 99, "RN61LV-MDEA", "https://toyota-usa.epc-data.com/4runner/rn61lv/2615/", "22REC", "2400CC EFI", "08.1985 - 03.1989", "V", "VAN", "DLX", "DELUXE TYPE", "MTM", "MANUAL TRANSMISSION");
INSERT INTO COMPLECTATION_OPTIONS(COMPLECTATION_ID, OPTION_MNEMONIC, OPTION_LABEL) VALUES (758, "5F", "MTM,5-SPEED FLOOR SHIFT");
INSERT INTO COMPLECTATION_OPTIONS(COMPLECTATION_ID, OPTION_MNEMONIC, OPTION_LABEL) VALUES (758, "W", "W TYPE TRANSMISSION");
INSERT INTO COMPLECTATION_OPTIONS(COMPLECTATION_ID, OPTION_MNEMONIC, OPTION_LABEL) VALUES (758, "ST", "SINGLE TIRE");
INSERT INTO COMPLECTATION_OPTIONS(COMPLECTATION_ID, OPTION_MNEMONIC, OPTION_LABEL) VALUES (758, "USA", "UNITED STATES OF AMERICA");
INSERT INTO COMPLECTATION_OPTIONS(COMPLECTATION_ID, OPTION_MNEMONIC, OPTION_LABEL) VALUES (758, "EFI", "ELECTRIC FUEL INJECTION SYSTEM");
INSERT INTO COMPLECTATION_OPTIONS(COMPLECTATION_ID, OPTION_MNEMONIC, OPTION_LABEL) VALUES (758, "CBU", "COMPLETELY BUILT UNIT");
INSERT INTO COMPLECTATION(ID, FRAME_ID, NAME, URL, ENGINE_MNEMONIC, ENGINE_LABEL, PRODUCTION_PERIOD, BODY_MNEMONIC, BODY_LABEL, GRADE_MNEMONIC, GRADE_LABEL, TRANSMISSION_MNEMONIC, TRANSMISSION_LABEL) VALUES (759, 99, "RN61LV-MDEK", "https://toyota-usa.epc-data.com/4runner/rn61lv/2616/", "22REC", "2400CC EFI", "08.1987 - 03.1989", "V", "VAN", "DLX", "DELUXE TYPE", "MTM", "MANUAL TRANSMISSION");
INSERT INTO COMPLECTATION_OPTIONS(COMPLECTATION_ID, OPTION_MNEMONIC, OPTION_LABEL) VALUES (759, "5F", "MTM,5-SPEED FLOOR SHIFT");
INSERT INTO COMPLECTATION_OPTIONS(COMPLECTATION_ID, OPTION_MNEMONIC, OPTION_LABEL) VALUES (759, "W", "W TYPE TRANSMISSION");
INSERT INTO COMPLECTATION_OPTIONS(COMPLECTATION_ID, OPTION_MNEMONIC, OPTION_LABEL) VALUES (759, "ST", "SINGLE TIRE");
INSERT INTO COMPLECTATION_OPTIONS(COMPLECTATION_ID, OPTION_MNEMONIC, OPTION_LABEL) VALUES (759, "CND", "CANADA");
INSERT INTO COMPLECTATION_OPTIONS(COMPLECTATION_ID, OPTION_MNEMONIC, OPTION_LABEL) VALUES (759, "EFI", "ELECTRIC FUEL INJECTION SYSTEM");
INSERT INTO COMPLECTATION_OPTIONS(COMPLECTATION_ID, OPTION_MNEMONIC, OPTION_LABEL) VALUES (759, "CBU", "COMPLETELY BUILT UNIT");
INSERT INTO COMPLECTATION(ID, FRAME_ID, NAME, URL, ENGINE_MNEMONIC, ENGINE_LABEL, PRODUCTION_PERIOD, BODY_MNEMONIC, BODY_LABEL, GRADE_MNEMONIC, GRADE_LABEL, TRANSMISSION_MNEMONIC, TRANSMISSION_LABEL) VALUES (760, 99, "RN61LV-MSEA", "https://toyota-usa.epc-data.com/4runner/rn61lv/2619/", "22REC", "2400CC EFI", "08.1986 - 08.1988", "V", "VAN", "SR5", "SR-5 TYPE", "MTM", "MANUAL TRANSMISSION");
INSERT INTO COMPLECTATION_OPTIONS(COMPLECTATION_ID, OPTION_MNEMONIC, OPTION_LABEL) VALUES (760, "5F", "MTM,5-SPEED FLOOR SHIFT");
INSERT INTO COMPLECTATION_OPTIONS(COMPLECTATION_ID, OPTION_MNEMONIC, OPTION_LABEL) VALUES (760, "W", "W TYPE TRANSMISSION");
INSERT INTO COMPLECTATION_OPTIONS(COMPLECTATION_ID, OPTION_MNEMONIC, OPTION_LABEL) VALUES (760, "ST", "SINGLE TIRE");
INSERT INTO COMPLECTATION_OPTIONS(COMPLECTATION_ID, OPTION_MNEMONIC, OPTION_LABEL) VALUES (760, "USA", "UNITED STATES OF AMERICA");
INSERT INTO COMPLECTATION_OPTIONS(COMPLECTATION_ID, OPTION_MNEMONIC, OPTION_LABEL) VALUES (760, "EFI", "ELECTRIC FUEL INJECTION SYSTEM");
INSERT INTO COMPLECTATION_OPTIONS(COMPLECTATION_ID, OPTION_MNEMONIC, OPTION_LABEL) VALUES (760, "CBU", "COMPLETELY BUILT UNIT");
INSERT INTO COMPLECTATION(ID, FRAME_ID, NAME, URL, ENGINE_MNEMONIC, ENGINE_LABEL, PRODUCTION_PERIOD, BODY_MNEMONIC, BODY_LABEL, GRADE_MNEMONIC, GRADE_LABEL, TRANSMISSION_MNEMONIC, TRANSMISSION_LABEL) VALUES (761, 99, "RN61LV-MSEK", "https://toyota-usa.epc-data.com/4runner/rn61lv/2620/", "22REC", "2400CC EFI", "08.1985 - 03.1989", "V", "VAN", "SR5", "SR-5 TYPE", "MTM", "MANUAL TRANSMISSION");
INSERT INTO COMPLECTATION_OPTIONS(COMPLECTATION_ID, OPTION_MNEMONIC, OPTION_LABEL) VALUES (761, "5F", "MTM,5-SPEED FLOOR SHIFT");
INSERT INTO COMPLECTATION_OPTIONS(COMPLECTATION_ID, OPTION_MNEMONIC, OPTION_LABEL) VALUES (761, "W", "W TYPE TRANSMISSION");
INSERT INTO COMPLECTATION_OPTIONS(COMPLECTATION_ID, OPTION_MNEMONIC, OPTION_LABEL) VALUES (761, "ST", "SINGLE TIRE");
INSERT INTO COMPLECTATION_OPTIONS(COMPLECTATION_ID, OPTION_MNEMONIC, OPTION_LABEL) VALUES (761, "CND", "CANADA");
INSERT INTO COMPLECTATION_OPTIONS(COMPLECTATION_ID, OPTION_MNEMONIC, OPTION_LABEL) VALUES (761, "EFI", "ELECTRIC FUEL INJECTION SYSTEM");
INSERT INTO COMPLECTATION_OPTIONS(COMPLECTATION_ID, OPTION_MNEMONIC, OPTION_LABEL) VALUES (761, "CBU", "COMPLETELY BUILT UNIT");
INSERT INTO COMPLECTATION(ID, FRAME_ID, NAME, URL, ENGINE_MNEMONIC, ENGINE_LABEL, PRODUCTION_PERIOD, BODY_MNEMONIC, BODY_LABEL, GRADE_MNEMONIC, GRADE_LABEL, TRANSMISSION_MNEMONIC, TRANSMISSION_LABEL) VALUES (762, 99, "RN61LV-PDEA", "https://toyota-usa.epc-data.com/4runner/rn61lv/2617/", "22REC", "2400CC EFI", "08.1985 - 03.1989", "V", "VAN", "DLX", "DELUXE TYPE", "ATM", "AUTOMATIC TRANSMISSION");
INSERT INTO COMPLECTATION_OPTIONS(COMPLECTATION_ID, OPTION_MNEMONIC, OPTION_LABEL) VALUES (762, "4FC", "ATM,4-SPEED FLOOR SHIFT");
INSERT INTO COMPLECTATION_OPTIONS(COMPLECTATION_ID, OPTION_MNEMONIC, OPTION_LABEL) VALUES (762, "ST", "SINGLE TIRE");
INSERT INTO COMPLECTATION_OPTIONS(COMPLECTATION_ID, OPTION_MNEMONIC, OPTION_LABEL) VALUES (762, "USA", "UNITED STATES OF AMERICA");
INSERT INTO COMPLECTATION_OPTIONS(COMPLECTATION_ID, OPTION_MNEMONIC, OPTION_LABEL) VALUES (762, "EFI", "ELECTRIC FUEL INJECTION SYSTEM");
INSERT INTO COMPLECTATION_OPTIONS(COMPLECTATION_ID, OPTION_MNEMONIC, OPTION_LABEL) VALUES (762, "CBU", "COMPLETELY BUILT UNIT");
INSERT INTO COMPLECTATION(ID, FRAME_ID, NAME, URL, ENGINE_MNEMONIC, ENGINE_LABEL, PRODUCTION_PERIOD, BODY_MNEMONIC, BODY_LABEL, GRADE_MNEMONIC, GRADE_LABEL, TRANSMISSION_MNEMONIC, TRANSMISSION_LABEL) VALUES (763, 99, "RN61LV-PDEK", "https://toyota-usa.epc-data.com/4runner/rn61lv/2618/", "22REC", "2400CC EFI", "08.1987 - 03.1989", "V", "VAN", "DLX", "DELUXE TYPE", "ATM", "AUTOMATIC TRANSMISSION");
INSERT INTO COMPLECTATION_OPTIONS(COMPLECTATION_ID, OPTION_MNEMONIC, OPTION_LABEL) VALUES (763, "4FC", "ATM,4-SPEED FLOOR SHIFT");
INSERT INTO COMPLECTATION_OPTIONS(COMPLECTATION_ID, OPTION_MNEMONIC, OPTION_LABEL) VALUES (763, "ST", "SINGLE TIRE");
INSERT INTO COMPLECTATION_OPTIONS(COMPLECTATION_ID, OPTION_MNEMONIC, OPTION_LABEL) VALUES (763, "CND", "CANADA");
INSERT INTO COMPLECTATION_OPTIONS(COMPLECTATION_ID, OPTION_MNEMONIC, OPTION_LABEL) VALUES (763, "EFI", "ELECTRIC FUEL INJECTION SYSTEM");
INSERT INTO COMPLECTATION_OPTIONS(COMPLECTATION_ID, OPTION_MNEMONIC, OPTION_LABEL) VALUES (763, "CBU", "COMPLETELY BUILT UNIT");
INSERT INTO COMPLECTATION(ID, FRAME_ID, NAME, URL, ENGINE_MNEMONIC, ENGINE_LABEL, PRODUCTION_PERIOD, BODY_MNEMONIC, BODY_LABEL, GRADE_MNEMONIC, GRADE_LABEL, TRANSMISSION_MNEMONIC, TRANSMISSION_LABEL) VALUES (764, 99, "RN61LV-PGZK", "https://toyota-usa.epc-data.com/4runner/rn61lv/2509/", "22RTEC", "2400CC", "08.1985 - 08.1986", "V", "VAN", "SRT", "SR-5 TYPE (WITH TURBO)", "ATM", "AUTOMATIC TRANSMISSION");
INSERT INTO COMPLECTATION_OPTIONS(COMPLECTATION_ID, OPTION_MNEMONIC, OPTION_LABEL) VALUES (764, "4FC", "ATM,4-SPEED FLOOR SHIFT");
INSERT INTO COMPLECTATION_OPTIONS(COMPLECTATION_ID, OPTION_MNEMONIC, OPTION_LABEL) VALUES (764, "ST", "SINGLE TIRE");
INSERT INTO COMPLECTATION_OPTIONS(COMPLECTATION_ID, OPTION_MNEMONIC, OPTION_LABEL) VALUES (764, "CND", "CANADA");
INSERT INTO COMPLECTATION_OPTIONS(COMPLECTATION_ID, OPTION_MNEMONIC, OPTION_LABEL) VALUES (764, "TBO", "TURBO SYSTEM");
INSERT INTO COMPLECTATION_OPTIONS(COMPLECTATION_ID, OPTION_MNEMONIC, OPTION_LABEL) VALUES (764, "CBU", "COMPLETELY BUILT UNIT");
INSERT INTO COMPLECTATION(ID, FRAME_ID, NAME, URL, ENGINE_MNEMONIC, ENGINE_LABEL, PRODUCTION_PERIOD, BODY_MNEMONIC, BODY_LABEL, GRADE_MNEMONIC, GRADE_LABEL, TRANSMISSION_MNEMONIC, TRANSMISSION_LABEL) VALUES (765, 99, "RN61LV-PSEA", "https://toyota-usa.epc-data.com/4runner/rn61lv/2621/", "22REC", "2400CC EFI", "08.1986 - 08.1988", "V", "VAN", "SR5", "SR-5 TYPE", "ATM", "AUTOMATIC TRANSMISSION");
INSERT INTO COMPLECTATION_OPTIONS(COMPLECTATION_ID, OPTION_MNEMONIC, OPTION_LABEL) VALUES (765, "4FC", "ATM,4-SPEED FLOOR SHIFT");
INSERT INTO COMPLECTATION_OPTIONS(COMPLECTATION_ID, OPTION_MNEMONIC, OPTION_LABEL) VALUES (765, "ST", "SINGLE TIRE");
INSERT INTO COMPLECTATION_OPTIONS(COMPLECTATION_ID, OPTION_MNEMONIC, OPTION_LABEL) VALUES (765, "USA", "UNITED STATES OF AMERICA");
INSERT INTO COMPLECTATION_OPTIONS(COMPLECTATION_ID, OPTION_MNEMONIC, OPTION_LABEL) VALUES (765, "EFI", "ELECTRIC FUEL INJECTION SYSTEM");
INSERT INTO COMPLECTATION_OPTIONS(COMPLECTATION_ID, OPTION_MNEMONIC, OPTION_LABEL) VALUES (765, "CBU", "COMPLETELY BUILT UNIT");
INSERT INTO COMPLECTATION(ID, FRAME_ID, NAME, URL, ENGINE_MNEMONIC, ENGINE_LABEL, PRODUCTION_PERIOD, BODY_MNEMONIC, BODY_LABEL, GRADE_MNEMONIC, GRADE_LABEL, TRANSMISSION_MNEMONIC, TRANSMISSION_LABEL) VALUES (766, 99, "RN61LV-PSEK", "https://toyota-usa.epc-data.com/4runner/rn61lv/2622/", "22REC", "2400CC EFI", "08.1985 - 08.1987", "V", "VAN", "SR5", "SR-5 TYPE", "ATM", "AUTOMATIC TRANSMISSION");
INSERT INTO COMPLECTATION_OPTIONS(COMPLECTATION_ID, OPTION_MNEMONIC, OPTION_LABEL) VALUES (766, "4FC", "ATM,4-SPEED FLOOR SHIFT");
INSERT INTO COMPLECTATION_OPTIONS(COMPLECTATION_ID, OPTION_MNEMONIC, OPTION_LABEL) VALUES (766, "ST", "SINGLE TIRE");
INSERT INTO COMPLECTATION_OPTIONS(COMPLECTATION_ID, OPTION_MNEMONIC, OPTION_LABEL) VALUES (766, "CND", "CANADA");
INSERT INTO COMPLECTATION_OPTIONS(COMPLECTATION_ID, OPTION_MNEMONIC, OPTION_LABEL) VALUES (766, "EFI", "ELECTRIC FUEL INJECTION SYSTEM");
INSERT INTO COMPLECTATION_OPTIONS(COMPLECTATION_ID, OPTION_MNEMONIC, OPTION_LABEL) VALUES (766, "CBU", "COMPLETELY BUILT UNIT");
INSERT INTO FRAME(ID, MODEL_ID, NAME, URL) VALUES (100, 10, "RN65L", "https://toyota-usa.epc-data.com/4runner/rn65l");
INSERT INTO COMPLECTATION(ID, FRAME_ID, NAME, URL, ENGINE_MNEMONIC, ENGINE_LABEL, PRODUCTION_PERIOD, BODY_MNEMONIC, BODY_LABEL, GRADE_MNEMONIC, GRADE_LABEL, TRANSMISSION_MNEMONIC, TRANSMISSION_LABEL) VALUES (767, 100, "RN65L-MDA", "https://toyota-usa.epc-data.com/4runner/rn65l/2642/", "22R", "2400CC", "08.1983 - 08.1985", "T1", "TRUCK(STANDARD DECK 1-SIDE OPEN)", "DLX", "DELUXE TYPE", "MTM", "MANUAL TRANSMISSION");
INSERT INTO COMPLECTATION_OPTIONS(COMPLECTATION_ID, OPTION_MNEMONIC, OPTION_LABEL) VALUES (767, "5F", "MTM,5-SPEED FLOOR SHIFT");
INSERT INTO COMPLECTATION_OPTIONS(COMPLECTATION_ID, OPTION_MNEMONIC, OPTION_LABEL) VALUES (767, "RCB", "REGULAR CAB");
INSERT INTO COMPLECTATION_OPTIONS(COMPLECTATION_ID, OPTION_MNEMONIC, OPTION_LABEL) VALUES (767, "G", "G TYPE TRANSMISSION");
INSERT INTO COMPLECTATION_OPTIONS(COMPLECTATION_ID, OPTION_MNEMONIC, OPTION_LABEL) VALUES (767, "HLF", "0.5TONS");
INSERT INTO COMPLECTATION_OPTIONS(COMPLECTATION_ID, OPTION_MNEMONIC, OPTION_LABEL) VALUES (767, "ST", "SINGLE TIRE");
INSERT INTO COMPLECTATION_OPTIONS(COMPLECTATION_ID, OPTION_MNEMONIC, OPTION_LABEL) VALUES (767, "USA", "UNITED STATES OF AMERICA");
INSERT INTO COMPLECTATION_OPTIONS(COMPLECTATION_ID, OPTION_MNEMONIC, OPTION_LABEL) VALUES (767, "CBR", "CARBURETOR SYSTEM");
INSERT INTO COMPLECTATION_OPTIONS(COMPLECTATION_ID, OPTION_MNEMONIC, OPTION_LABEL) VALUES (767, "CBU", "COMPLETELY BUILT UNIT");
INSERT INTO COMPLECTATION(ID, FRAME_ID, NAME, URL, ENGINE_MNEMONIC, ENGINE_LABEL, PRODUCTION_PERIOD, BODY_MNEMONIC, BODY_LABEL, GRADE_MNEMONIC, GRADE_LABEL, TRANSMISSION_MNEMONIC, TRANSMISSION_LABEL) VALUES (768, 100, "RN65L-MDA3", "https://toyota-usa.epc-data.com/4runner/rn65l/2643/", "22R", "2400CC", "08.1983 - 08.1985", "T1", "TRUCK(STANDARD DECK 1-SIDE OPEN)", "DLX", "DELUXE TYPE", "MTM", "MANUAL TRANSMISSION");
INSERT INTO COMPLECTATION_OPTIONS(COMPLECTATION_ID, OPTION_MNEMONIC, OPTION_LABEL) VALUES (768, "5F", "MTM,5-SPEED FLOOR SHIFT");
INSERT INTO COMPLECTATION_OPTIONS(COMPLECTATION_ID, OPTION_MNEMONIC, OPTION_LABEL) VALUES (768, "RCB", "REGULAR CAB");
INSERT INTO COMPLECTATION_OPTIONS(COMPLECTATION_ID, OPTION_MNEMONIC, OPTION_LABEL) VALUES (768, "G", "G TYPE TRANSMISSION");
INSERT INTO COMPLECTATION_OPTIONS(COMPLECTATION_ID, OPTION_MNEMONIC, OPTION_LABEL) VALUES (768, "HLF", "0.5TONS");
INSERT INTO COMPLECTATION_OPTIONS(COMPLECTATION_ID, OPTION_MNEMONIC, OPTION_LABEL) VALUES (768, "ST", "SINGLE TIRE");
INSERT INTO COMPLECTATION_OPTIONS(COMPLECTATION_ID, OPTION_MNEMONIC, OPTION_LABEL) VALUES (768, "USA", "UNITED STATES OF AMERICA");
INSERT INTO COMPLECTATION_OPTIONS(COMPLECTATION_ID, OPTION_MNEMONIC, OPTION_LABEL) VALUES (768, "CBR", "CARBURETOR SYSTEM");
INSERT INTO COMPLECTATION_OPTIONS(COMPLECTATION_ID, OPTION_MNEMONIC, OPTION_LABEL) VALUES (768, "IV", "INCOMPLETE VEHICLES (CHASSIS & CAB)");
INSERT INTO COMPLECTATION(ID, FRAME_ID, NAME, URL, ENGINE_MNEMONIC, ENGINE_LABEL, PRODUCTION_PERIOD, BODY_MNEMONIC, BODY_LABEL, GRADE_MNEMONIC, GRADE_LABEL, TRANSMISSION_MNEMONIC, TRANSMISSION_LABEL) VALUES (769, 100, "RN65L-MDCA", "https://toyota-usa.epc-data.com/4runner/rn65l/2655/", "22R", "2400CC", "08.1984 - 08.1985", "T1", "TRUCK(STANDARD DECK 1-SIDE OPEN)", "DLX", "DELUXE TYPE", "MTM", "MANUAL TRANSMISSION");
INSERT INTO COMPLECTATION_OPTIONS(COMPLECTATION_ID, OPTION_MNEMONIC, OPTION_LABEL) VALUES (769, "5F", "MTM,5-SPEED FLOOR SHIFT");
INSERT INTO COMPLECTATION_OPTIONS(COMPLECTATION_ID, OPTION_MNEMONIC, OPTION_LABEL) VALUES (769, "XTR", "EXTRA CAB");
INSERT INTO COMPLECTATION_OPTIONS(COMPLECTATION_ID, OPTION_MNEMONIC, OPTION_LABEL) VALUES (769, "G", "G TYPE TRANSMISSION");
INSERT INTO COMPLECTATION_OPTIONS(COMPLECTATION_ID, OPTION_MNEMONIC, OPTION_LABEL) VALUES (769, "HLF", "0.5TONS");
INSERT INTO COMPLECTATION_OPTIONS(COMPLECTATION_ID, OPTION_MNEMONIC, OPTION_LABEL) VALUES (769, "ST", "SINGLE TIRE");
INSERT INTO COMPLECTATION_OPTIONS(COMPLECTATION_ID, OPTION_MNEMONIC, OPTION_LABEL) VALUES (769, "USA", "UNITED STATES OF AMERICA");
INSERT INTO COMPLECTATION_OPTIONS(COMPLECTATION_ID, OPTION_MNEMONIC, OPTION_LABEL) VALUES (769, "CBR", "CARBURETOR SYSTEM");
INSERT INTO COMPLECTATION_OPTIONS(COMPLECTATION_ID, OPTION_MNEMONIC, OPTION_LABEL) VALUES (769, "CBU", "COMPLETELY BUILT UNIT");
INSERT INTO COMPLECTATION(ID, FRAME_ID, NAME, URL, ENGINE_MNEMONIC, ENGINE_LABEL, PRODUCTION_PERIOD, BODY_MNEMONIC, BODY_LABEL, GRADE_MNEMONIC, GRADE_LABEL, TRANSMISSION_MNEMONIC, TRANSMISSION_LABEL) VALUES (770, 100, "RN65L-MDCA3", "https://toyota-usa.epc-data.com/4runner/rn65l/2656/", "22R", "2400CC", "09.1983 - 08.1985", "T1", "TRUCK(STANDARD DECK 1-SIDE OPEN)", "DLX", "DELUXE TYPE", "MTM", "MANUAL TRANSMISSION");
INSERT INTO COMPLECTATION_OPTIONS(COMPLECTATION_ID, OPTION_MNEMONIC, OPTION_LABEL) VALUES (770, "5F", "MTM,5-SPEED FLOOR SHIFT");
INSERT INTO COMPLECTATION_OPTIONS(COMPLECTATION_ID, OPTION_MNEMONIC, OPTION_LABEL) VALUES (770, "XTR", "EXTRA CAB");
INSERT INTO COMPLECTATION_OPTIONS(COMPLECTATION_ID, OPTION_MNEMONIC, OPTION_LABEL) VALUES (770, "G", "G TYPE TRANSMISSION");
INSERT INTO COMPLECTATION_OPTIONS(COMPLECTATION_ID, OPTION_MNEMONIC, OPTION_LABEL) VALUES (770, "HLF", "0.5TONS");
INSERT INTO COMPLECTATION_OPTIONS(COMPLECTATION_ID, OPTION_MNEMONIC, OPTION_LABEL) VALUES (770, "ST", "SINGLE TIRE");
INSERT INTO COMPLECTATION_OPTIONS(COMPLECTATION_ID, OPTION_MNEMONIC, OPTION_LABEL) VALUES (770, "USA", "UNITED STATES OF AMERICA");
INSERT INTO COMPLECTATION_OPTIONS(COMPLECTATION_ID, OPTION_MNEMONIC, OPTION_LABEL) VALUES (770, "CBR", "CARBURETOR SYSTEM");
INSERT INTO COMPLECTATION_OPTIONS(COMPLECTATION_ID, OPTION_MNEMONIC, OPTION_LABEL) VALUES (770, "IV", "INCOMPLETE VEHICLES (CHASSIS & CAB)");
INSERT INTO COMPLECTATION(ID, FRAME_ID, NAME, URL, ENGINE_MNEMONIC, ENGINE_LABEL, PRODUCTION_PERIOD, BODY_MNEMONIC, BODY_LABEL, GRADE_MNEMONIC, GRADE_LABEL, TRANSMISSION_MNEMONIC, TRANSMISSION_LABEL) VALUES (771, 100, "RN65L-MDK", "https://toyota-usa.epc-data.com/4runner/rn65l/2644/", "22R", "2400CC", "08.1983 - 08.1985", "T1", "TRUCK(STANDARD DECK 1-SIDE OPEN)", "DLX", "DELUXE TYPE", "MTM", "MANUAL TRANSMISSION");
INSERT INTO COMPLECTATION_OPTIONS(COMPLECTATION_ID, OPTION_MNEMONIC, OPTION_LABEL) VALUES (771, "5F", "MTM,5-SPEED FLOOR SHIFT");
INSERT INTO COMPLECTATION_OPTIONS(COMPLECTATION_ID, OPTION_MNEMONIC, OPTION_LABEL) VALUES (771, "RCB", "REGULAR CAB");
INSERT INTO COMPLECTATION_OPTIONS(COMPLECTATION_ID, OPTION_MNEMONIC, OPTION_LABEL) VALUES (771, "G", "G TYPE TRANSMISSION");
INSERT INTO COMPLECTATION_OPTIONS(COMPLECTATION_ID, OPTION_MNEMONIC, OPTION_LABEL) VALUES (771, "HLF", "0.5TONS");
INSERT INTO COMPLECTATION_OPTIONS(COMPLECTATION_ID, OPTION_MNEMONIC, OPTION_LABEL) VALUES (771, "ST", "SINGLE TIRE");
INSERT INTO COMPLECTATION_OPTIONS(COMPLECTATION_ID, OPTION_MNEMONIC, OPTION_LABEL) VALUES (771, "CND", "CANADA");
INSERT INTO COMPLECTATION_OPTIONS(COMPLECTATION_ID, OPTION_MNEMONIC, OPTION_LABEL) VALUES (771, "CBR", "CARBURETOR SYSTEM");
INSERT INTO COMPLECTATION_OPTIONS(COMPLECTATION_ID, OPTION_MNEMONIC, OPTION_LABEL) VALUES (771, "CBU", "COMPLETELY BUILT UNIT");
INSERT INTO COMPLECTATION(ID, FRAME_ID, NAME, URL, ENGINE_MNEMONIC, ENGINE_LABEL, PRODUCTION_PERIOD, BODY_MNEMONIC, BODY_LABEL, GRADE_MNEMONIC, GRADE_LABEL, TRANSMISSION_MNEMONIC, TRANSMISSION_LABEL) VALUES (772, 100, "RN65L-MSA3", "https://toyota-usa.epc-data.com/4runner/rn65l/2651/", "22R", "2400CC", "08.1983 - 08.1984", "T1", "TRUCK(STANDARD DECK 1-SIDE OPEN)", "SR5", "SR-5 TYPE", "MTM", "MANUAL TRANSMISSION");
INSERT INTO COMPLECTATION_OPTIONS(COMPLECTATION_ID, OPTION_MNEMONIC, OPTION_LABEL) VALUES (772, "5F", "MTM,5-SPEED FLOOR SHIFT");
INSERT INTO COMPLECTATION_OPTIONS(COMPLECTATION_ID, OPTION_MNEMONIC, OPTION_LABEL) VALUES (772, "RCB", "REGULAR CAB");
INSERT INTO COMPLECTATION_OPTIONS(COMPLECTATION_ID, OPTION_MNEMONIC, OPTION_LABEL) VALUES (772, "G", "G TYPE TRANSMISSION");
INSERT INTO COMPLECTATION_OPTIONS(COMPLECTATION_ID, OPTION_MNEMONIC, OPTION_LABEL) VALUES (772, "HLF", "0.5TONS");
INSERT INTO COMPLECTATION_OPTIONS(COMPLECTATION_ID, OPTION_MNEMONIC, OPTION_LABEL) VALUES (772, "ST", "SINGLE TIRE");
INSERT INTO COMPLECTATION_OPTIONS(COMPLECTATION_ID, OPTION_MNEMONIC, OPTION_LABEL) VALUES (772, "USA", "UNITED STATES OF AMERICA");
INSERT INTO COMPLECTATION_OPTIONS(COMPLECTATION_ID, OPTION_MNEMONIC, OPTION_LABEL) VALUES (772, "CBR", "CARBURETOR SYSTEM");
INSERT INTO COMPLECTATION_OPTIONS(COMPLECTATION_ID, OPTION_MNEMONIC, OPTION_LABEL) VALUES (772, "IV", "INCOMPLETE VEHICLES (CHASSIS & CAB)");
INSERT INTO COMPLECTATION(ID, FRAME_ID, NAME, URL, ENGINE_MNEMONIC, ENGINE_LABEL, PRODUCTION_PERIOD, BODY_MNEMONIC, BODY_LABEL, GRADE_MNEMONIC, GRADE_LABEL, TRANSMISSION_MNEMONIC, TRANSMISSION_LABEL) VALUES (773, 100, "RN65L-MSCA", "https://toyota-usa.epc-data.com/4runner/rn65l/2664/", "22R", "2400CC", "09.1983 - 08.1984", "T1", "TRUCK(STANDARD DECK 1-SIDE OPEN)", "SR5", "SR-5 TYPE", "MTM", "MANUAL TRANSMISSION");
INSERT INTO COMPLECTATION_OPTIONS(COMPLECTATION_ID, OPTION_MNEMONIC, OPTION_LABEL) VALUES (773, "5F", "MTM,5-SPEED FLOOR SHIFT");
INSERT INTO COMPLECTATION_OPTIONS(COMPLECTATION_ID, OPTION_MNEMONIC, OPTION_LABEL) VALUES (773, "XTR", "EXTRA CAB");
INSERT INTO COMPLECTATION_OPTIONS(COMPLECTATION_ID, OPTION_MNEMONIC, OPTION_LABEL) VALUES (773, "G", "G TYPE TRANSMISSION");
INSERT INTO COMPLECTATION_OPTIONS(COMPLECTATION_ID, OPTION_MNEMONIC, OPTION_LABEL) VALUES (773, "HLF", "0.5TONS");
INSERT INTO COMPLECTATION_OPTIONS(COMPLECTATION_ID, OPTION_MNEMONIC, OPTION_LABEL) VALUES (773, "ST", "SINGLE TIRE");
INSERT INTO COMPLECTATION_OPTIONS(COMPLECTATION_ID, OPTION_MNEMONIC, OPTION_LABEL) VALUES (773, "USA", "UNITED STATES OF AMERICA");
INSERT INTO COMPLECTATION_OPTIONS(COMPLECTATION_ID, OPTION_MNEMONIC, OPTION_LABEL) VALUES (773, "CBR", "CARBURETOR SYSTEM");
INSERT INTO COMPLECTATION_OPTIONS(COMPLECTATION_ID, OPTION_MNEMONIC, OPTION_LABEL) VALUES (773, "CBU", "COMPLETELY BUILT UNIT");
INSERT INTO COMPLECTATION(ID, FRAME_ID, NAME, URL, ENGINE_MNEMONIC, ENGINE_LABEL, PRODUCTION_PERIOD, BODY_MNEMONIC, BODY_LABEL, GRADE_MNEMONIC, GRADE_LABEL, TRANSMISSION_MNEMONIC, TRANSMISSION_LABEL) VALUES (774, 100, "RN65L-MSCA3", "https://toyota-usa.epc-data.com/4runner/rn65l/2665/", "22R", "2400CC", "09.1983 - 08.1984", "T1", "TRUCK(STANDARD DECK 1-SIDE OPEN)", "SR5", "SR-5 TYPE", "MTM", "MANUAL TRANSMISSION");
INSERT INTO COMPLECTATION_OPTIONS(COMPLECTATION_ID, OPTION_MNEMONIC, OPTION_LABEL) VALUES (774, "5F", "MTM,5-SPEED FLOOR SHIFT");
INSERT INTO COMPLECTATION_OPTIONS(COMPLECTATION_ID, OPTION_MNEMONIC, OPTION_LABEL) VALUES (774, "XTR", "EXTRA CAB");
INSERT INTO COMPLECTATION_OPTIONS(COMPLECTATION_ID, OPTION_MNEMONIC, OPTION_LABEL) VALUES (774, "G", "G TYPE TRANSMISSION");
INSERT INTO COMPLECTATION_OPTIONS(COMPLECTATION_ID, OPTION_MNEMONIC, OPTION_LABEL) VALUES (774, "HLF", "0.5TONS");
INSERT INTO COMPLECTATION_OPTIONS(COMPLECTATION_ID, OPTION_MNEMONIC, OPTION_LABEL) VALUES (774, "ST", "SINGLE TIRE");
INSERT INTO COMPLECTATION_OPTIONS(COMPLECTATION_ID, OPTION_MNEMONIC, OPTION_LABEL) VALUES (774, "USA", "UNITED STATES OF AMERICA");
INSERT INTO COMPLECTATION_OPTIONS(COMPLECTATION_ID, OPTION_MNEMONIC, OPTION_LABEL) VALUES (774, "CBR", "CARBURETOR SYSTEM");
INSERT INTO COMPLECTATION_OPTIONS(COMPLECTATION_ID, OPTION_MNEMONIC, OPTION_LABEL) VALUES (774, "IV", "INCOMPLETE VEHICLES (CHASSIS & CAB)");
INSERT INTO COMPLECTATION(ID, FRAME_ID, NAME, URL, ENGINE_MNEMONIC, ENGINE_LABEL, PRODUCTION_PERIOD, BODY_MNEMONIC, BODY_LABEL, GRADE_MNEMONIC, GRADE_LABEL, TRANSMISSION_MNEMONIC, TRANSMISSION_LABEL) VALUES (775, 100, "RN65L-MSCEA", "https://toyota-usa.epc-data.com/4runner/rn65l/2666/", "22REC", "2400CC EFI", "08.1984 - 08.1985", "T1", "TRUCK(STANDARD DECK 1-SIDE OPEN)", "SR5", "SR-5 TYPE", "MTM", "MANUAL TRANSMISSION");
INSERT INTO COMPLECTATION_OPTIONS(COMPLECTATION_ID, OPTION_MNEMONIC, OPTION_LABEL) VALUES (775, "5F", "MTM,5-SPEED FLOOR SHIFT");
INSERT INTO COMPLECTATION_OPTIONS(COMPLECTATION_ID, OPTION_MNEMONIC, OPTION_LABEL) VALUES (775, "XTR", "EXTRA CAB");
INSERT INTO COMPLECTATION_OPTIONS(COMPLECTATION_ID, OPTION_MNEMONIC, OPTION_LABEL) VALUES (775, "W", "W TYPE TRANSMISSION");
INSERT INTO COMPLECTATION_OPTIONS(COMPLECTATION_ID, OPTION_MNEMONIC, OPTION_LABEL) VALUES (775, "HLF", "0.5TONS");
INSERT INTO COMPLECTATION_OPTIONS(COMPLECTATION_ID, OPTION_MNEMONIC, OPTION_LABEL) VALUES (775, "ST", "SINGLE TIRE");
INSERT INTO COMPLECTATION_OPTIONS(COMPLECTATION_ID, OPTION_MNEMONIC, OPTION_LABEL) VALUES (775, "USA", "UNITED STATES OF AMERICA");
INSERT INTO COMPLECTATION_OPTIONS(COMPLECTATION_ID, OPTION_MNEMONIC, OPTION_LABEL) VALUES (775, "EFI", "ELECTRIC FUEL INJECTION SYSTEM");
INSERT INTO COMPLECTATION_OPTIONS(COMPLECTATION_ID, OPTION_MNEMONIC, OPTION_LABEL) VALUES (775, "CBU", "COMPLETELY BUILT UNIT");
INSERT INTO COMPLECTATION(ID, FRAME_ID, NAME, URL, ENGINE_MNEMONIC, ENGINE_LABEL, PRODUCTION_PERIOD, BODY_MNEMONIC, BODY_LABEL, GRADE_MNEMONIC, GRADE_LABEL, TRANSMISSION_MNEMONIC, TRANSMISSION_LABEL) VALUES (776, 100, "RN65L-MSCEA3", "https://toyota-usa.epc-data.com/4runner/rn65l/2667/", "22REC", "2400CC EFI", "08.1984 - 08.1985", "T1", "TRUCK(STANDARD DECK 1-SIDE OPEN)", "SR5", "SR-5 TYPE", "MTM", "MANUAL TRANSMISSION");
INSERT INTO COMPLECTATION_OPTIONS(COMPLECTATION_ID, OPTION_MNEMONIC, OPTION_LABEL) VALUES (776, "5F", "MTM,5-SPEED FLOOR SHIFT");
INSERT INTO COMPLECTATION_OPTIONS(COMPLECTATION_ID, OPTION_MNEMONIC, OPTION_LABEL) VALUES (776, "XTR", "EXTRA CAB");
INSERT INTO COMPLECTATION_OPTIONS(COMPLECTATION_ID, OPTION_MNEMONIC, OPTION_LABEL) VALUES (776, "W", "W TYPE TRANSMISSION");
INSERT INTO COMPLECTATION_OPTIONS(COMPLECTATION_ID, OPTION_MNEMONIC, OPTION_LABEL) VALUES (776, "HLF", "0.5TONS");
INSERT INTO COMPLECTATION_OPTIONS(COMPLECTATION_ID, OPTION_MNEMONIC, OPTION_LABEL) VALUES (776, "ST", "SINGLE TIRE");
INSERT INTO COMPLECTATION_OPTIONS(COMPLECTATION_ID, OPTION_MNEMONIC, OPTION_LABEL) VALUES (776, "USA", "UNITED STATES OF AMERICA");
INSERT INTO COMPLECTATION_OPTIONS(COMPLECTATION_ID, OPTION_MNEMONIC, OPTION_LABEL) VALUES (776, "EFI", "ELECTRIC FUEL INJECTION SYSTEM");
INSERT INTO COMPLECTATION_OPTIONS(COMPLECTATION_ID, OPTION_MNEMONIC, OPTION_LABEL) VALUES (776, "IV", "INCOMPLETE VEHICLES (CHASSIS & CAB)");
INSERT INTO COMPLECTATION(ID, FRAME_ID, NAME, URL, ENGINE_MNEMONIC, ENGINE_LABEL, PRODUCTION_PERIOD, BODY_MNEMONIC, BODY_LABEL, GRADE_MNEMONIC, GRADE_LABEL, TRANSMISSION_MNEMONIC, TRANSMISSION_LABEL) VALUES (777, 100, "RN65L-MSCEK", "https://toyota-usa.epc-data.com/4runner/rn65l/2668/", "22REC", "2400CC EFI", "08.1984 - 08.1985", "T1", "TRUCK(STANDARD DECK 1-SIDE OPEN)", "SR5", "SR-5 TYPE", "MTM", "MANUAL TRANSMISSION");
INSERT INTO COMPLECTATION_OPTIONS(COMPLECTATION_ID, OPTION_MNEMONIC, OPTION_LABEL) VALUES (777, "5F", "MTM,5-SPEED FLOOR SHIFT");
INSERT INTO COMPLECTATION_OPTIONS(COMPLECTATION_ID, OPTION_MNEMONIC, OPTION_LABEL) VALUES (777, "XTR", "EXTRA CAB");
INSERT INTO COMPLECTATION_OPTIONS(COMPLECTATION_ID, OPTION_MNEMONIC, OPTION_LABEL) VALUES (777, "W", "W TYPE TRANSMISSION");
INSERT INTO COMPLECTATION_OPTIONS(COMPLECTATION_ID, OPTION_MNEMONIC, OPTION_LABEL) VALUES (777, "HLF", "0.5TONS");
INSERT INTO COMPLECTATION_OPTIONS(COMPLECTATION_ID, OPTION_MNEMONIC, OPTION_LABEL) VALUES (777, "ST", "SINGLE TIRE");
INSERT INTO COMPLECTATION_OPTIONS(COMPLECTATION_ID, OPTION_MNEMONIC, OPTION_LABEL) VALUES (777, "CND", "CANADA");
INSERT INTO COMPLECTATION_OPTIONS(COMPLECTATION_ID, OPTION_MNEMONIC, OPTION_LABEL) VALUES (777, "EFI", "ELECTRIC FUEL INJECTION SYSTEM");
INSERT INTO COMPLECTATION_OPTIONS(COMPLECTATION_ID, OPTION_MNEMONIC, OPTION_LABEL) VALUES (777, "CBU", "COMPLETELY BUILT UNIT");
INSERT INTO COMPLECTATION(ID, FRAME_ID, NAME, URL, ENGINE_MNEMONIC, ENGINE_LABEL, PRODUCTION_PERIOD, BODY_MNEMONIC, BODY_LABEL, GRADE_MNEMONIC, GRADE_LABEL, TRANSMISSION_MNEMONIC, TRANSMISSION_LABEL) VALUES (778, 100, "RN65L-MSCK", "https://toyota-usa.epc-data.com/4runner/rn65l/2669/", "22R", "2400CC", "09.1983 - 08.1984", "T1", "TRUCK(STANDARD DECK 1-SIDE OPEN)", "SR5", "SR-5 TYPE", "MTM", "MANUAL TRANSMISSION");
INSERT INTO COMPLECTATION_OPTIONS(COMPLECTATION_ID, OPTION_MNEMONIC, OPTION_LABEL) VALUES (778, "5F", "MTM,5-SPEED FLOOR SHIFT");
INSERT INTO COMPLECTATION_OPTIONS(COMPLECTATION_ID, OPTION_MNEMONIC, OPTION_LABEL) VALUES (778, "XTR", "EXTRA CAB");
INSERT INTO COMPLECTATION_OPTIONS(COMPLECTATION_ID, OPTION_MNEMONIC, OPTION_LABEL) VALUES (778, "G", "G TYPE TRANSMISSION");
INSERT INTO COMPLECTATION_OPTIONS(COMPLECTATION_ID, OPTION_MNEMONIC, OPTION_LABEL) VALUES (778, "HLF", "0.5TONS");
INSERT INTO COMPLECTATION_OPTIONS(COMPLECTATION_ID, OPTION_MNEMONIC, OPTION_LABEL) VALUES (778, "ST", "SINGLE TIRE");
INSERT INTO COMPLECTATION_OPTIONS(COMPLECTATION_ID, OPTION_MNEMONIC, OPTION_LABEL) VALUES (778, "CND", "CANADA");
INSERT INTO COMPLECTATION_OPTIONS(COMPLECTATION_ID, OPTION_MNEMONIC, OPTION_LABEL) VALUES (778, "CBR", "CARBURETOR SYSTEM");
INSERT INTO COMPLECTATION_OPTIONS(COMPLECTATION_ID, OPTION_MNEMONIC, OPTION_LABEL) VALUES (778, "CBU", "COMPLETELY BUILT UNIT");
INSERT INTO COMPLECTATION(ID, FRAME_ID, NAME, URL, ENGINE_MNEMONIC, ENGINE_LABEL, PRODUCTION_PERIOD, BODY_MNEMONIC, BODY_LABEL, GRADE_MNEMONIC, GRADE_LABEL, TRANSMISSION_MNEMONIC, TRANSMISSION_LABEL) VALUES (779, 100, "RN65L-MSEA3", "https://toyota-usa.epc-data.com/4runner/rn65l/2652/", "22REC", "2400CC EFI", "08.1984 - 08.1985", "T1", "TRUCK(STANDARD DECK 1-SIDE OPEN)", "SR5", "SR-5 TYPE", "MTM", "MANUAL TRANSMISSION");
INSERT INTO COMPLECTATION_OPTIONS(COMPLECTATION_ID, OPTION_MNEMONIC, OPTION_LABEL) VALUES (779, "5F", "MTM,5-SPEED FLOOR SHIFT");
INSERT INTO COMPLECTATION_OPTIONS(COMPLECTATION_ID, OPTION_MNEMONIC, OPTION_LABEL) VALUES (779, "RCB", "REGULAR CAB");
INSERT INTO COMPLECTATION_OPTIONS(COMPLECTATION_ID, OPTION_MNEMONIC, OPTION_LABEL) VALUES (779, "W", "W TYPE TRANSMISSION");
INSERT INTO COMPLECTATION_OPTIONS(COMPLECTATION_ID, OPTION_MNEMONIC, OPTION_LABEL) VALUES (779, "HLF", "0.5TONS");
INSERT INTO COMPLECTATION_OPTIONS(COMPLECTATION_ID, OPTION_MNEMONIC, OPTION_LABEL) VALUES (779, "ST", "SINGLE TIRE");
INSERT INTO COMPLECTATION_OPTIONS(COMPLECTATION_ID, OPTION_MNEMONIC, OPTION_LABEL) VALUES (779, "USA", "UNITED STATES OF AMERICA");
INSERT INTO COMPLECTATION_OPTIONS(COMPLECTATION_ID, OPTION_MNEMONIC, OPTION_LABEL) VALUES (779, "EFI", "ELECTRIC FUEL INJECTION SYSTEM");
INSERT INTO COMPLECTATION_OPTIONS(COMPLECTATION_ID, OPTION_MNEMONIC, OPTION_LABEL) VALUES (779, "IV", "INCOMPLETE VEHICLES (CHASSIS & CAB)");
INSERT INTO COMPLECTATION(ID, FRAME_ID, NAME, URL, ENGINE_MNEMONIC, ENGINE_LABEL, PRODUCTION_PERIOD, BODY_MNEMONIC, BODY_LABEL, GRADE_MNEMONIC, GRADE_LABEL, TRANSMISSION_MNEMONIC, TRANSMISSION_LABEL) VALUES (780, 100, "RN65L-MSEK", "https://toyota-usa.epc-data.com/4runner/rn65l/2653/", "22REC", "2400CC EFI", "08.1984 - 08.1985", "T1", "TRUCK(STANDARD DECK 1-SIDE OPEN)", "SR5", "SR-5 TYPE", "MTM", "MANUAL TRANSMISSION");
INSERT INTO COMPLECTATION_OPTIONS(COMPLECTATION_ID, OPTION_MNEMONIC, OPTION_LABEL) VALUES (780, "5F", "MTM,5-SPEED FLOOR SHIFT");
INSERT INTO COMPLECTATION_OPTIONS(COMPLECTATION_ID, OPTION_MNEMONIC, OPTION_LABEL) VALUES (780, "RCB", "REGULAR CAB");
INSERT INTO COMPLECTATION_OPTIONS(COMPLECTATION_ID, OPTION_MNEMONIC, OPTION_LABEL) VALUES (780, "W", "W TYPE TRANSMISSION");
INSERT INTO COMPLECTATION_OPTIONS(COMPLECTATION_ID, OPTION_MNEMONIC, OPTION_LABEL) VALUES (780, "HLF", "0.5TONS");
INSERT INTO COMPLECTATION_OPTIONS(COMPLECTATION_ID, OPTION_MNEMONIC, OPTION_LABEL) VALUES (780, "ST", "SINGLE TIRE");
INSERT INTO COMPLECTATION_OPTIONS(COMPLECTATION_ID, OPTION_MNEMONIC, OPTION_LABEL) VALUES (780, "CND", "CANADA");
INSERT INTO COMPLECTATION_OPTIONS(COMPLECTATION_ID, OPTION_MNEMONIC, OPTION_LABEL) VALUES (780, "EFI", "ELECTRIC FUEL INJECTION SYSTEM");
INSERT INTO COMPLECTATION_OPTIONS(COMPLECTATION_ID, OPTION_MNEMONIC, OPTION_LABEL) VALUES (780, "CBU", "COMPLETELY BUILT UNIT");
INSERT INTO COMPLECTATION(ID, FRAME_ID, NAME, URL, ENGINE_MNEMONIC, ENGINE_LABEL, PRODUCTION_PERIOD, BODY_MNEMONIC, BODY_LABEL, GRADE_MNEMONIC, GRADE_LABEL, TRANSMISSION_MNEMONIC, TRANSMISSION_LABEL) VALUES (781, 100, "RN65L-MSK", "https://toyota-usa.epc-data.com/4runner/rn65l/2654/", "22R", "2400CC", "08.1983 - 08.1984", "T1", "TRUCK(STANDARD DECK 1-SIDE OPEN)", "SR5", "SR-5 TYPE", "MTM", "MANUAL TRANSMISSION");
INSERT INTO COMPLECTATION_OPTIONS(COMPLECTATION_ID, OPTION_MNEMONIC, OPTION_LABEL) VALUES (781, "5F", "MTM,5-SPEED FLOOR SHIFT");
INSERT INTO COMPLECTATION_OPTIONS(COMPLECTATION_ID, OPTION_MNEMONIC, OPTION_LABEL) VALUES (781, "RCB", "REGULAR CAB");
INSERT INTO COMPLECTATION_OPTIONS(COMPLECTATION_ID, OPTION_MNEMONIC, OPTION_LABEL) VALUES (781, "G", "G TYPE TRANSMISSION");
INSERT INTO COMPLECTATION_OPTIONS(COMPLECTATION_ID, OPTION_MNEMONIC, OPTION_LABEL) VALUES (781, "HLF", "0.5TONS");
INSERT INTO COMPLECTATION_OPTIONS(COMPLECTATION_ID, OPTION_MNEMONIC, OPTION_LABEL) VALUES (781, "ST", "SINGLE TIRE");
INSERT INTO COMPLECTATION_OPTIONS(COMPLECTATION_ID, OPTION_MNEMONIC, OPTION_LABEL) VALUES (781, "CND", "CANADA");
INSERT INTO COMPLECTATION_OPTIONS(COMPLECTATION_ID, OPTION_MNEMONIC, OPTION_LABEL) VALUES (781, "CBR", "CARBURETOR SYSTEM");
INSERT INTO COMPLECTATION_OPTIONS(COMPLECTATION_ID, OPTION_MNEMONIC, OPTION_LABEL) VALUES (781, "CBU", "COMPLETELY BUILT UNIT");
INSERT INTO COMPLECTATION(ID, FRAME_ID, NAME, URL, ENGINE_MNEMONIC, ENGINE_LABEL, PRODUCTION_PERIOD, BODY_MNEMONIC, BODY_LABEL, GRADE_MNEMONIC, GRADE_LABEL, TRANSMISSION_MNEMONIC, TRANSMISSION_LABEL) VALUES (782, 100, "RN65L-PDCEA", "https://toyota-usa.epc-data.com/4runner/rn65l/2657/", "22REC", "2400CC EFI", "01.1985 - 08.1985", "T1", "TRUCK(STANDARD DECK 1-SIDE OPEN)", "DLX", "DELUXE TYPE", "ATM", "AUTOMATIC TRANSMISSION");
INSERT INTO COMPLECTATION_OPTIONS(COMPLECTATION_ID, OPTION_MNEMONIC, OPTION_LABEL) VALUES (782, "4FC", "ATM,4-SPEED FLOOR SHIFT");
INSERT INTO COMPLECTATION_OPTIONS(COMPLECTATION_ID, OPTION_MNEMONIC, OPTION_LABEL) VALUES (782, "XTR", "EXTRA CAB");
INSERT INTO COMPLECTATION_OPTIONS(COMPLECTATION_ID, OPTION_MNEMONIC, OPTION_LABEL) VALUES (782, "HLF", "0.5TONS");
INSERT INTO COMPLECTATION_OPTIONS(COMPLECTATION_ID, OPTION_MNEMONIC, OPTION_LABEL) VALUES (782, "ST", "SINGLE TIRE");
INSERT INTO COMPLECTATION_OPTIONS(COMPLECTATION_ID, OPTION_MNEMONIC, OPTION_LABEL) VALUES (782, "USA", "UNITED STATES OF AMERICA");
INSERT INTO COMPLECTATION_OPTIONS(COMPLECTATION_ID, OPTION_MNEMONIC, OPTION_LABEL) VALUES (782, "EFI", "ELECTRIC FUEL INJECTION SYSTEM");
INSERT INTO COMPLECTATION_OPTIONS(COMPLECTATION_ID, OPTION_MNEMONIC, OPTION_LABEL) VALUES (782, "CBU", "COMPLETELY BUILT UNIT");
INSERT INTO COMPLECTATION(ID, FRAME_ID, NAME, URL, ENGINE_MNEMONIC, ENGINE_LABEL, PRODUCTION_PERIOD, BODY_MNEMONIC, BODY_LABEL, GRADE_MNEMONIC, GRADE_LABEL, TRANSMISSION_MNEMONIC, TRANSMISSION_LABEL) VALUES (783, 100, "RN65L-PDCEA3", "https://toyota-usa.epc-data.com/4runner/rn65l/2658/", "22REC", "2400CC EFI", "01.1985 - 08.1985", "T1", "TRUCK(STANDARD DECK 1-SIDE OPEN)", "DLX", "DELUXE TYPE", "ATM", "AUTOMATIC TRANSMISSION");
INSERT INTO COMPLECTATION_OPTIONS(COMPLECTATION_ID, OPTION_MNEMONIC, OPTION_LABEL) VALUES (783, "4FC", "ATM,4-SPEED FLOOR SHIFT");
INSERT INTO COMPLECTATION_OPTIONS(COMPLECTATION_ID, OPTION_MNEMONIC, OPTION_LABEL) VALUES (783, "XTR", "EXTRA CAB");
INSERT INTO COMPLECTATION_OPTIONS(COMPLECTATION_ID, OPTION_MNEMONIC, OPTION_LABEL) VALUES (783, "HLF", "0.5TONS");
INSERT INTO COMPLECTATION_OPTIONS(COMPLECTATION_ID, OPTION_MNEMONIC, OPTION_LABEL) VALUES (783, "ST", "SINGLE TIRE");
INSERT INTO COMPLECTATION_OPTIONS(COMPLECTATION_ID, OPTION_MNEMONIC, OPTION_LABEL) VALUES (783, "USA", "UNITED STATES OF AMERICA");
INSERT INTO COMPLECTATION_OPTIONS(COMPLECTATION_ID, OPTION_MNEMONIC, OPTION_LABEL) VALUES (783, "EFI", "ELECTRIC FUEL INJECTION SYSTEM");
INSERT INTO COMPLECTATION_OPTIONS(COMPLECTATION_ID, OPTION_MNEMONIC, OPTION_LABEL) VALUES (783, "IV", "INCOMPLETE VEHICLES (CHASSIS & CAB)");
INSERT INTO COMPLECTATION(ID, FRAME_ID, NAME, URL, ENGINE_MNEMONIC, ENGINE_LABEL, PRODUCTION_PERIOD, BODY_MNEMONIC, BODY_LABEL, GRADE_MNEMONIC, GRADE_LABEL, TRANSMISSION_MNEMONIC, TRANSMISSION_LABEL) VALUES (784, 100, "RN65L-PDEA", "https://toyota-usa.epc-data.com/4runner/rn65l/2645/", "22REC", "2400CC EFI", "01.1985 - 08.1985", "T1", "TRUCK(STANDARD DECK 1-SIDE OPEN)", "DLX", "DELUXE TYPE", "ATM", "AUTOMATIC TRANSMISSION");
INSERT INTO COMPLECTATION_OPTIONS(COMPLECTATION_ID, OPTION_MNEMONIC, OPTION_LABEL) VALUES (784, "4FC", "ATM,4-SPEED FLOOR SHIFT");
INSERT INTO COMPLECTATION_OPTIONS(COMPLECTATION_ID, OPTION_MNEMONIC, OPTION_LABEL) VALUES (784, "RCB", "REGULAR CAB");
INSERT INTO COMPLECTATION_OPTIONS(COMPLECTATION_ID, OPTION_MNEMONIC, OPTION_LABEL) VALUES (784, "HLF", "0.5TONS");
INSERT INTO COMPLECTATION_OPTIONS(COMPLECTATION_ID, OPTION_MNEMONIC, OPTION_LABEL) VALUES (784, "ST", "SINGLE TIRE");
INSERT INTO COMPLECTATION_OPTIONS(COMPLECTATION_ID, OPTION_MNEMONIC, OPTION_LABEL) VALUES (784, "USA", "UNITED STATES OF AMERICA");
INSERT INTO COMPLECTATION_OPTIONS(COMPLECTATION_ID, OPTION_MNEMONIC, OPTION_LABEL) VALUES (784, "EFI", "ELECTRIC FUEL INJECTION SYSTEM");
INSERT INTO COMPLECTATION_OPTIONS(COMPLECTATION_ID, OPTION_MNEMONIC, OPTION_LABEL) VALUES (784, "CBU", "COMPLETELY BUILT UNIT");
INSERT INTO COMPLECTATION(ID, FRAME_ID, NAME, URL, ENGINE_MNEMONIC, ENGINE_LABEL, PRODUCTION_PERIOD, BODY_MNEMONIC, BODY_LABEL, GRADE_MNEMONIC, GRADE_LABEL, TRANSMISSION_MNEMONIC, TRANSMISSION_LABEL) VALUES (785, 100, "RN65L-PDEA3", "https://toyota-usa.epc-data.com/4runner/rn65l/2646/", "22REC", "2400CC EFI", "01.1985 - 08.1985", "T1", "TRUCK(STANDARD DECK 1-SIDE OPEN)", "DLX", "DELUXE TYPE", "ATM", "AUTOMATIC TRANSMISSION");
INSERT INTO COMPLECTATION_OPTIONS(COMPLECTATION_ID, OPTION_MNEMONIC, OPTION_LABEL) VALUES (785, "4FC", "ATM,4-SPEED FLOOR SHIFT");
INSERT INTO COMPLECTATION_OPTIONS(COMPLECTATION_ID, OPTION_MNEMONIC, OPTION_LABEL) VALUES (785, "RCB", "REGULAR CAB");
INSERT INTO COMPLECTATION_OPTIONS(COMPLECTATION_ID, OPTION_MNEMONIC, OPTION_LABEL) VALUES (785, "HLF", "0.5TONS");
INSERT INTO COMPLECTATION_OPTIONS(COMPLECTATION_ID, OPTION_MNEMONIC, OPTION_LABEL) VALUES (785, "ST", "SINGLE TIRE");
INSERT INTO COMPLECTATION_OPTIONS(COMPLECTATION_ID, OPTION_MNEMONIC, OPTION_LABEL) VALUES (785, "USA", "UNITED STATES OF AMERICA");
INSERT INTO COMPLECTATION_OPTIONS(COMPLECTATION_ID, OPTION_MNEMONIC, OPTION_LABEL) VALUES (785, "EFI", "ELECTRIC FUEL INJECTION SYSTEM");
INSERT INTO COMPLECTATION_OPTIONS(COMPLECTATION_ID, OPTION_MNEMONIC, OPTION_LABEL) VALUES (785, "IV", "INCOMPLETE VEHICLES (CHASSIS & CAB)");
INSERT INTO COMPLECTATION(ID, FRAME_ID, NAME, URL, ENGINE_MNEMONIC, ENGINE_LABEL, PRODUCTION_PERIOD, BODY_MNEMONIC, BODY_LABEL, GRADE_MNEMONIC, GRADE_LABEL, TRANSMISSION_MNEMONIC, TRANSMISSION_LABEL) VALUES (786, 100, "RN65L-PDEK", "https://toyota-usa.epc-data.com/4runner/rn65l/2647/", "22REC", "2400CC EFI", "01.1985 - 08.1985", "T1", "TRUCK(STANDARD DECK 1-SIDE OPEN)", "DLX", "DELUXE TYPE", "ATM", "AUTOMATIC TRANSMISSION");
INSERT INTO COMPLECTATION_OPTIONS(COMPLECTATION_ID, OPTION_MNEMONIC, OPTION_LABEL) VALUES (786, "4FC", "ATM,4-SPEED FLOOR SHIFT");
INSERT INTO COMPLECTATION_OPTIONS(COMPLECTATION_ID, OPTION_MNEMONIC, OPTION_LABEL) VALUES (786, "RCB", "REGULAR CAB");
INSERT INTO COMPLECTATION_OPTIONS(COMPLECTATION_ID, OPTION_MNEMONIC, OPTION_LABEL) VALUES (786, "HLF", "0.5TONS");
INSERT INTO COMPLECTATION_OPTIONS(COMPLECTATION_ID, OPTION_MNEMONIC, OPTION_LABEL) VALUES (786, "ST", "SINGLE TIRE");
INSERT INTO COMPLECTATION_OPTIONS(COMPLECTATION_ID, OPTION_MNEMONIC, OPTION_LABEL) VALUES (786, "CND", "CANADA");
INSERT INTO COMPLECTATION_OPTIONS(COMPLECTATION_ID, OPTION_MNEMONIC, OPTION_LABEL) VALUES (786, "EFI", "ELECTRIC FUEL INJECTION SYSTEM");
INSERT INTO COMPLECTATION_OPTIONS(COMPLECTATION_ID, OPTION_MNEMONIC, OPTION_LABEL) VALUES (786, "CBU", "COMPLETELY BUILT UNIT");
INSERT INTO COMPLECTATION(ID, FRAME_ID, NAME, URL, ENGINE_MNEMONIC, ENGINE_LABEL, PRODUCTION_PERIOD, BODY_MNEMONIC, BODY_LABEL, GRADE_MNEMONIC, GRADE_LABEL, TRANSMISSION_MNEMONIC, TRANSMISSION_LABEL) VALUES (787, 100, "RN65L-PSCEK", "https://toyota-usa.epc-data.com/4runner/rn65l/2670/", "22REC", "2400CC EFI", "01.1985 - 08.1985", "T1", "TRUCK(STANDARD DECK 1-SIDE OPEN)", "SR5", "SR-5 TYPE", "ATM", "AUTOMATIC TRANSMISSION");
INSERT INTO COMPLECTATION_OPTIONS(COMPLECTATION_ID, OPTION_MNEMONIC, OPTION_LABEL) VALUES (787, "4FC", "ATM,4-SPEED FLOOR SHIFT");
INSERT INTO COMPLECTATION_OPTIONS(COMPLECTATION_ID, OPTION_MNEMONIC, OPTION_LABEL) VALUES (787, "XTR", "EXTRA CAB");
INSERT INTO COMPLECTATION_OPTIONS(COMPLECTATION_ID, OPTION_MNEMONIC, OPTION_LABEL) VALUES (787, "HLF", "0.5TONS");
INSERT INTO COMPLECTATION_OPTIONS(COMPLECTATION_ID, OPTION_MNEMONIC, OPTION_LABEL) VALUES (787, "ST", "SINGLE TIRE");
INSERT INTO COMPLECTATION_OPTIONS(COMPLECTATION_ID, OPTION_MNEMONIC, OPTION_LABEL) VALUES (787, "CND", "CANADA");
INSERT INTO COMPLECTATION_OPTIONS(COMPLECTATION_ID, OPTION_MNEMONIC, OPTION_LABEL) VALUES (787, "EFI", "ELECTRIC FUEL INJECTION SYSTEM");
INSERT INTO COMPLECTATION_OPTIONS(COMPLECTATION_ID, OPTION_MNEMONIC, OPTION_LABEL) VALUES (787, "CBU", "COMPLETELY BUILT UNIT");
INSERT INTO FRAME(ID, MODEL_ID, NAME, URL) VALUES (101, 10, "RN66L", "https://toyota-usa.epc-data.com/4runner/rn66l");
INSERT INTO COMPLECTATION(ID, FRAME_ID, NAME, URL, ENGINE_MNEMONIC, ENGINE_LABEL, PRODUCTION_PERIOD, BODY_MNEMONIC, BODY_LABEL, GRADE_MNEMONIC, GRADE_LABEL, TRANSMISSION_MNEMONIC, TRANSMISSION_LABEL) VALUES (788, 101, "RN66L-MDA", "https://toyota-usa.epc-data.com/4runner/rn66l/2510/", "22R", "2400CC", "08.1985 - 08.1986", "T1", "TRUCK(STANDARD DECK 1-SIDE OPEN)", "DLX", "DELUXE TYPE", "MTM", "MANUAL TRANSMISSION");
INSERT INTO COMPLECTATION_OPTIONS(COMPLECTATION_ID, OPTION_MNEMONIC, OPTION_LABEL) VALUES (788, "5F", "MTM,5-SPEED FLOOR SHIFT");
INSERT INTO COMPLECTATION_OPTIONS(COMPLECTATION_ID, OPTION_MNEMONIC, OPTION_LABEL) VALUES (788, "RCB", "REGULAR CAB");
INSERT INTO COMPLECTATION_OPTIONS(COMPLECTATION_ID, OPTION_MNEMONIC, OPTION_LABEL) VALUES (788, "G", "G TYPE TRANSMISSION");
INSERT INTO COMPLECTATION_OPTIONS(COMPLECTATION_ID, OPTION_MNEMONIC, OPTION_LABEL) VALUES (788, "HLF", "0.5TONS");
INSERT INTO COMPLECTATION_OPTIONS(COMPLECTATION_ID, OPTION_MNEMONIC, OPTION_LABEL) VALUES (788, "ST", "SINGLE TIRE");
INSERT INTO COMPLECTATION_OPTIONS(COMPLECTATION_ID, OPTION_MNEMONIC, OPTION_LABEL) VALUES (788, "USA", "UNITED STATES OF AMERICA");
INSERT INTO COMPLECTATION_OPTIONS(COMPLECTATION_ID, OPTION_MNEMONIC, OPTION_LABEL) VALUES (788, "CBR", "CARBURETOR SYSTEM");
INSERT INTO COMPLECTATION_OPTIONS(COMPLECTATION_ID, OPTION_MNEMONIC, OPTION_LABEL) VALUES (788, "CBU", "COMPLETELY BUILT UNIT");
INSERT INTO COMPLECTATION(ID, FRAME_ID, NAME, URL, ENGINE_MNEMONIC, ENGINE_LABEL, PRODUCTION_PERIOD, BODY_MNEMONIC, BODY_LABEL, GRADE_MNEMONIC, GRADE_LABEL, TRANSMISSION_MNEMONIC, TRANSMISSION_LABEL) VALUES (789, 101, "RN66L-MDA3", "https://toyota-usa.epc-data.com/4runner/rn66l/2633/", "22R", "2400CC", "08.1985 - 08.1987", "T1", "TRUCK(STANDARD DECK 1-SIDE OPEN)", "DLX", "DELUXE TYPE", "MTM", "MANUAL TRANSMISSION");
INSERT INTO COMPLECTATION_OPTIONS(COMPLECTATION_ID, OPTION_MNEMONIC, OPTION_LABEL) VALUES (789, "5F", "MTM,5-SPEED FLOOR SHIFT");
INSERT INTO COMPLECTATION_OPTIONS(COMPLECTATION_ID, OPTION_MNEMONIC, OPTION_LABEL) VALUES (789, "RCB", "REGULAR CAB");
INSERT INTO COMPLECTATION_OPTIONS(COMPLECTATION_ID, OPTION_MNEMONIC, OPTION_LABEL) VALUES (789, "G", "G TYPE TRANSMISSION");
INSERT INTO COMPLECTATION_OPTIONS(COMPLECTATION_ID, OPTION_MNEMONIC, OPTION_LABEL) VALUES (789, "HLF", "0.5TONS");
INSERT INTO COMPLECTATION_OPTIONS(COMPLECTATION_ID, OPTION_MNEMONIC, OPTION_LABEL) VALUES (789, "ST", "SINGLE TIRE");
INSERT INTO COMPLECTATION_OPTIONS(COMPLECTATION_ID, OPTION_MNEMONIC, OPTION_LABEL) VALUES (789, "USA", "UNITED STATES OF AMERICA");
INSERT INTO COMPLECTATION_OPTIONS(COMPLECTATION_ID, OPTION_MNEMONIC, OPTION_LABEL) VALUES (789, "CBR", "CARBURETOR SYSTEM");
INSERT INTO COMPLECTATION_OPTIONS(COMPLECTATION_ID, OPTION_MNEMONIC, OPTION_LABEL) VALUES (789, "IV", "INCOMPLETE VEHICLES (CHASSIS & CAB)");
INSERT INTO COMPLECTATION(ID, FRAME_ID, NAME, URL, ENGINE_MNEMONIC, ENGINE_LABEL, PRODUCTION_PERIOD, BODY_MNEMONIC, BODY_LABEL, GRADE_MNEMONIC, GRADE_LABEL, TRANSMISSION_MNEMONIC, TRANSMISSION_LABEL) VALUES (790, 101, "RN66L-MDCA", "https://toyota-usa.epc-data.com/4runner/rn66l/2671/", "22R", "2400CC", "08.1985 - 08.1987", "T1", "TRUCK(STANDARD DECK 1-SIDE OPEN)", "DLX", "DELUXE TYPE", "MTM", "MANUAL TRANSMISSION");
INSERT INTO COMPLECTATION_OPTIONS(COMPLECTATION_ID, OPTION_MNEMONIC, OPTION_LABEL) VALUES (790, "5F", "MTM,5-SPEED FLOOR SHIFT");
INSERT INTO COMPLECTATION_OPTIONS(COMPLECTATION_ID, OPTION_MNEMONIC, OPTION_LABEL) VALUES (790, "XTR", "EXTRA CAB");
INSERT INTO COMPLECTATION_OPTIONS(COMPLECTATION_ID, OPTION_MNEMONIC, OPTION_LABEL) VALUES (790, "G", "G TYPE TRANSMISSION");
INSERT INTO COMPLECTATION_OPTIONS(COMPLECTATION_ID, OPTION_MNEMONIC, OPTION_LABEL) VALUES (790, "HLF", "0.5TONS");
INSERT INTO COMPLECTATION_OPTIONS(COMPLECTATION_ID, OPTION_MNEMONIC, OPTION_LABEL) VALUES (790, "ST", "SINGLE TIRE");
INSERT INTO COMPLECTATION_OPTIONS(COMPLECTATION_ID, OPTION_MNEMONIC, OPTION_LABEL) VALUES (790, "USA", "UNITED STATES OF AMERICA");
INSERT INTO COMPLECTATION_OPTIONS(COMPLECTATION_ID, OPTION_MNEMONIC, OPTION_LABEL) VALUES (790, "CBR", "CARBURETOR SYSTEM");
INSERT INTO COMPLECTATION_OPTIONS(COMPLECTATION_ID, OPTION_MNEMONIC, OPTION_LABEL) VALUES (790, "CBU", "COMPLETELY BUILT UNIT");
INSERT INTO COMPLECTATION(ID, FRAME_ID, NAME, URL, ENGINE_MNEMONIC, ENGINE_LABEL, PRODUCTION_PERIOD, BODY_MNEMONIC, BODY_LABEL, GRADE_MNEMONIC, GRADE_LABEL, TRANSMISSION_MNEMONIC, TRANSMISSION_LABEL) VALUES (791, 101, "RN66L-MDCA3", "https://toyota-usa.epc-data.com/4runner/rn66l/2672/", "22R", "2400CC", "08.1985 - 08.1987", "T1", "TRUCK(STANDARD DECK 1-SIDE OPEN)", "DLX", "DELUXE TYPE", "MTM", "MANUAL TRANSMISSION");
INSERT INTO COMPLECTATION_OPTIONS(COMPLECTATION_ID, OPTION_MNEMONIC, OPTION_LABEL) VALUES (791, "5F", "MTM,5-SPEED FLOOR SHIFT");
INSERT INTO COMPLECTATION_OPTIONS(COMPLECTATION_ID, OPTION_MNEMONIC, OPTION_LABEL) VALUES (791, "XTR", "EXTRA CAB");
INSERT INTO COMPLECTATION_OPTIONS(COMPLECTATION_ID, OPTION_MNEMONIC, OPTION_LABEL) VALUES (791, "G", "G TYPE TRANSMISSION");
INSERT INTO COMPLECTATION_OPTIONS(COMPLECTATION_ID, OPTION_MNEMONIC, OPTION_LABEL) VALUES (791, "HLF", "0.5TONS");
INSERT INTO COMPLECTATION_OPTIONS(COMPLECTATION_ID, OPTION_MNEMONIC, OPTION_LABEL) VALUES (791, "ST", "SINGLE TIRE");
INSERT INTO COMPLECTATION_OPTIONS(COMPLECTATION_ID, OPTION_MNEMONIC, OPTION_LABEL) VALUES (791, "USA", "UNITED STATES OF AMERICA");
INSERT INTO COMPLECTATION_OPTIONS(COMPLECTATION_ID, OPTION_MNEMONIC, OPTION_LABEL) VALUES (791, "CBR", "CARBURETOR SYSTEM");
INSERT INTO COMPLECTATION_OPTIONS(COMPLECTATION_ID, OPTION_MNEMONIC, OPTION_LABEL) VALUES (791, "IV", "INCOMPLETE VEHICLES (CHASSIS & CAB)");
INSERT INTO COMPLECTATION(ID, FRAME_ID, NAME, URL, ENGINE_MNEMONIC, ENGINE_LABEL, PRODUCTION_PERIOD, BODY_MNEMONIC, BODY_LABEL, GRADE_MNEMONIC, GRADE_LABEL, TRANSMISSION_MNEMONIC, TRANSMISSION_LABEL) VALUES (792, 101, "RN66L-MDCEA", "https://toyota-usa.epc-data.com/4runner/rn66l/2676/", "22REC", "2400CC EFI", "08.1987 - 08.1988", "T1", "TRUCK(STANDARD DECK 1-SIDE OPEN)", "DLX", "DELUXE TYPE", "MTM", "MANUAL TRANSMISSION");
INSERT INTO COMPLECTATION_OPTIONS(COMPLECTATION_ID, OPTION_MNEMONIC, OPTION_LABEL) VALUES (792, "5F", "MTM,5-SPEED FLOOR SHIFT");
INSERT INTO COMPLECTATION_OPTIONS(COMPLECTATION_ID, OPTION_MNEMONIC, OPTION_LABEL) VALUES (792, "XTR", "EXTRA CAB");
INSERT INTO COMPLECTATION_OPTIONS(COMPLECTATION_ID, OPTION_MNEMONIC, OPTION_LABEL) VALUES (792, "W", "W TYPE TRANSMISSION");
INSERT INTO COMPLECTATION_OPTIONS(COMPLECTATION_ID, OPTION_MNEMONIC, OPTION_LABEL) VALUES (792, "HLF", "0.5TONS");
INSERT INTO COMPLECTATION_OPTIONS(COMPLECTATION_ID, OPTION_MNEMONIC, OPTION_LABEL) VALUES (792, "ST", "SINGLE TIRE");
INSERT INTO COMPLECTATION_OPTIONS(COMPLECTATION_ID, OPTION_MNEMONIC, OPTION_LABEL) VALUES (792, "USA", "UNITED STATES OF AMERICA");
INSERT INTO COMPLECTATION_OPTIONS(COMPLECTATION_ID, OPTION_MNEMONIC, OPTION_LABEL) VALUES (792, "EFI", "ELECTRIC FUEL INJECTION SYSTEM");
INSERT INTO COMPLECTATION_OPTIONS(COMPLECTATION_ID, OPTION_MNEMONIC, OPTION_LABEL) VALUES (792, "CBU", "COMPLETELY BUILT UNIT");
INSERT INTO COMPLECTATION(ID, FRAME_ID, NAME, URL, ENGINE_MNEMONIC, ENGINE_LABEL, PRODUCTION_PERIOD, BODY_MNEMONIC, BODY_LABEL, GRADE_MNEMONIC, GRADE_LABEL, TRANSMISSION_MNEMONIC, TRANSMISSION_LABEL) VALUES (793, 101, "RN66L-MDCEA3", "https://toyota-usa.epc-data.com/4runner/rn66l/2677/", "22REC", "2400CC EFI", "08.1987 - 08.1988", "T1", "TRUCK(STANDARD DECK 1-SIDE OPEN)", "DLX", "DELUXE TYPE", "MTM", "MANUAL TRANSMISSION");
INSERT INTO COMPLECTATION_OPTIONS(COMPLECTATION_ID, OPTION_MNEMONIC, OPTION_LABEL) VALUES (793, "5F", "MTM,5-SPEED FLOOR SHIFT");
INSERT INTO COMPLECTATION_OPTIONS(COMPLECTATION_ID, OPTION_MNEMONIC, OPTION_LABEL) VALUES (793, "XTR", "EXTRA CAB");
INSERT INTO COMPLECTATION_OPTIONS(COMPLECTATION_ID, OPTION_MNEMONIC, OPTION_LABEL) VALUES (793, "W", "W TYPE TRANSMISSION");
INSERT INTO COMPLECTATION_OPTIONS(COMPLECTATION_ID, OPTION_MNEMONIC, OPTION_LABEL) VALUES (793, "HLF", "0.5TONS");
INSERT INTO COMPLECTATION_OPTIONS(COMPLECTATION_ID, OPTION_MNEMONIC, OPTION_LABEL) VALUES (793, "ST", "SINGLE TIRE");
INSERT INTO COMPLECTATION_OPTIONS(COMPLECTATION_ID, OPTION_MNEMONIC, OPTION_LABEL) VALUES (793, "USA", "UNITED STATES OF AMERICA");
INSERT INTO COMPLECTATION_OPTIONS(COMPLECTATION_ID, OPTION_MNEMONIC, OPTION_LABEL) VALUES (793, "EFI", "ELECTRIC FUEL INJECTION SYSTEM");
INSERT INTO COMPLECTATION_OPTIONS(COMPLECTATION_ID, OPTION_MNEMONIC, OPTION_LABEL) VALUES (793, "IV", "INCOMPLETE VEHICLES (CHASSIS & CAB)");
INSERT INTO COMPLECTATION(ID, FRAME_ID, NAME, URL, ENGINE_MNEMONIC, ENGINE_LABEL, PRODUCTION_PERIOD, BODY_MNEMONIC, BODY_LABEL, GRADE_MNEMONIC, GRADE_LABEL, TRANSMISSION_MNEMONIC, TRANSMISSION_LABEL) VALUES (794, 101, "RN66L-MDCEK", "https://toyota-usa.epc-data.com/4runner/rn66l/2678/", "22REC", "2400CC EFI", "08.1987 - 08.1988", "T1", "TRUCK(STANDARD DECK 1-SIDE OPEN)", "DLX", "DELUXE TYPE", "MTM", "MANUAL TRANSMISSION");
INSERT INTO COMPLECTATION_OPTIONS(COMPLECTATION_ID, OPTION_MNEMONIC, OPTION_LABEL) VALUES (794, "5F", "MTM,5-SPEED FLOOR SHIFT");
INSERT INTO COMPLECTATION_OPTIONS(COMPLECTATION_ID, OPTION_MNEMONIC, OPTION_LABEL) VALUES (794, "XTR", "EXTRA CAB");
INSERT INTO COMPLECTATION_OPTIONS(COMPLECTATION_ID, OPTION_MNEMONIC, OPTION_LABEL) VALUES (794, "W", "W TYPE TRANSMISSION");
INSERT INTO COMPLECTATION_OPTIONS(COMPLECTATION_ID, OPTION_MNEMONIC, OPTION_LABEL) VALUES (794, "HLF", "0.5TONS");
INSERT INTO COMPLECTATION_OPTIONS(COMPLECTATION_ID, OPTION_MNEMONIC, OPTION_LABEL) VALUES (794, "ST", "SINGLE TIRE");
INSERT INTO COMPLECTATION_OPTIONS(COMPLECTATION_ID, OPTION_MNEMONIC, OPTION_LABEL) VALUES (794, "CND", "CANADA");
INSERT INTO COMPLECTATION_OPTIONS(COMPLECTATION_ID, OPTION_MNEMONIC, OPTION_LABEL) VALUES (794, "EFI", "ELECTRIC FUEL INJECTION SYSTEM");
INSERT INTO COMPLECTATION_OPTIONS(COMPLECTATION_ID, OPTION_MNEMONIC, OPTION_LABEL) VALUES (794, "CBU", "COMPLETELY BUILT UNIT");
INSERT INTO COMPLECTATION(ID, FRAME_ID, NAME, URL, ENGINE_MNEMONIC, ENGINE_LABEL, PRODUCTION_PERIOD, BODY_MNEMONIC, BODY_LABEL, GRADE_MNEMONIC, GRADE_LABEL, TRANSMISSION_MNEMONIC, TRANSMISSION_LABEL) VALUES (795, 101, "RN66L-MDEA", "https://toyota-usa.epc-data.com/4runner/rn66l/2635/", "22REC", "2400CC EFI", "08.1987 - 08.1988", "T1", "TRUCK(STANDARD DECK 1-SIDE OPEN)", "DLX", "DELUXE TYPE", "MTM", "MANUAL TRANSMISSION");
INSERT INTO COMPLECTATION_OPTIONS(COMPLECTATION_ID, OPTION_MNEMONIC, OPTION_LABEL) VALUES (795, "5F", "MTM,5-SPEED FLOOR SHIFT");
INSERT INTO COMPLECTATION_OPTIONS(COMPLECTATION_ID, OPTION_MNEMONIC, OPTION_LABEL) VALUES (795, "RCB", "REGULAR CAB");
INSERT INTO COMPLECTATION_OPTIONS(COMPLECTATION_ID, OPTION_MNEMONIC, OPTION_LABEL) VALUES (795, "W", "W TYPE TRANSMISSION");
INSERT INTO COMPLECTATION_OPTIONS(COMPLECTATION_ID, OPTION_MNEMONIC, OPTION_LABEL) VALUES (795, "HLF", "0.5TONS");
INSERT INTO COMPLECTATION_OPTIONS(COMPLECTATION_ID, OPTION_MNEMONIC, OPTION_LABEL) VALUES (795, "ST", "SINGLE TIRE");
INSERT INTO COMPLECTATION_OPTIONS(COMPLECTATION_ID, OPTION_MNEMONIC, OPTION_LABEL) VALUES (795, "USA", "UNITED STATES OF AMERICA");
INSERT INTO COMPLECTATION_OPTIONS(COMPLECTATION_ID, OPTION_MNEMONIC, OPTION_LABEL) VALUES (795, "EFI", "ELECTRIC FUEL INJECTION SYSTEM");
INSERT INTO COMPLECTATION_OPTIONS(COMPLECTATION_ID, OPTION_MNEMONIC, OPTION_LABEL) VALUES (795, "CBU", "COMPLETELY BUILT UNIT");
INSERT INTO COMPLECTATION(ID, FRAME_ID, NAME, URL, ENGINE_MNEMONIC, ENGINE_LABEL, PRODUCTION_PERIOD, BODY_MNEMONIC, BODY_LABEL, GRADE_MNEMONIC, GRADE_LABEL, TRANSMISSION_MNEMONIC, TRANSMISSION_LABEL) VALUES (796, 101, "RN66L-MDEA3", "https://toyota-usa.epc-data.com/4runner/rn66l/2636/", "22REC", "2400CC EFI", "08.1987 - 08.1988", "T1", "TRUCK(STANDARD DECK 1-SIDE OPEN)", "DLX", "DELUXE TYPE", "MTM", "MANUAL TRANSMISSION");
INSERT INTO COMPLECTATION_OPTIONS(COMPLECTATION_ID, OPTION_MNEMONIC, OPTION_LABEL) VALUES (796, "5F", "MTM,5-SPEED FLOOR SHIFT");
INSERT INTO COMPLECTATION_OPTIONS(COMPLECTATION_ID, OPTION_MNEMONIC, OPTION_LABEL) VALUES (796, "RCB", "REGULAR CAB");
INSERT INTO COMPLECTATION_OPTIONS(COMPLECTATION_ID, OPTION_MNEMONIC, OPTION_LABEL) VALUES (796, "W", "W TYPE TRANSMISSION");
INSERT INTO COMPLECTATION_OPTIONS(COMPLECTATION_ID, OPTION_MNEMONIC, OPTION_LABEL) VALUES (796, "HLF", "0.5TONS");
INSERT INTO COMPLECTATION_OPTIONS(COMPLECTATION_ID, OPTION_MNEMONIC, OPTION_LABEL) VALUES (796, "ST", "SINGLE TIRE");
INSERT INTO COMPLECTATION_OPTIONS(COMPLECTATION_ID, OPTION_MNEMONIC, OPTION_LABEL) VALUES (796, "USA", "UNITED STATES OF AMERICA");
INSERT INTO COMPLECTATION_OPTIONS(COMPLECTATION_ID, OPTION_MNEMONIC, OPTION_LABEL) VALUES (796, "EFI", "ELECTRIC FUEL INJECTION SYSTEM");
INSERT INTO COMPLECTATION_OPTIONS(COMPLECTATION_ID, OPTION_MNEMONIC, OPTION_LABEL) VALUES (796, "IV", "INCOMPLETE VEHICLES (CHASSIS & CAB)");
INSERT INTO COMPLECTATION(ID, FRAME_ID, NAME, URL, ENGINE_MNEMONIC, ENGINE_LABEL, PRODUCTION_PERIOD, BODY_MNEMONIC, BODY_LABEL, GRADE_MNEMONIC, GRADE_LABEL, TRANSMISSION_MNEMONIC, TRANSMISSION_LABEL) VALUES (797, 101, "RN66L-MDEK", "https://toyota-usa.epc-data.com/4runner/rn66l/2637/", "22REC", "2400CC EFI", "08.1987 - 08.1988", "T1", "TRUCK(STANDARD DECK 1-SIDE OPEN)", "DLX", "DELUXE TYPE", "MTM", "MANUAL TRANSMISSION");
INSERT INTO COMPLECTATION_OPTIONS(COMPLECTATION_ID, OPTION_MNEMONIC, OPTION_LABEL) VALUES (797, "5F", "MTM,5-SPEED FLOOR SHIFT");
INSERT INTO COMPLECTATION_OPTIONS(COMPLECTATION_ID, OPTION_MNEMONIC, OPTION_LABEL) VALUES (797, "RCB", "REGULAR CAB");
INSERT INTO COMPLECTATION_OPTIONS(COMPLECTATION_ID, OPTION_MNEMONIC, OPTION_LABEL) VALUES (797, "W", "W TYPE TRANSMISSION");
INSERT INTO COMPLECTATION_OPTIONS(COMPLECTATION_ID, OPTION_MNEMONIC, OPTION_LABEL) VALUES (797, "HLF", "0.5TONS");
INSERT INTO COMPLECTATION_OPTIONS(COMPLECTATION_ID, OPTION_MNEMONIC, OPTION_LABEL) VALUES (797, "ST", "SINGLE TIRE");
INSERT INTO COMPLECTATION_OPTIONS(COMPLECTATION_ID, OPTION_MNEMONIC, OPTION_LABEL) VALUES (797, "CND", "CANADA");
INSERT INTO COMPLECTATION_OPTIONS(COMPLECTATION_ID, OPTION_MNEMONIC, OPTION_LABEL) VALUES (797, "EFI", "ELECTRIC FUEL INJECTION SYSTEM");
INSERT INTO COMPLECTATION_OPTIONS(COMPLECTATION_ID, OPTION_MNEMONIC, OPTION_LABEL) VALUES (797, "CBU", "COMPLETELY BUILT UNIT");
INSERT INTO COMPLECTATION(ID, FRAME_ID, NAME, URL, ENGINE_MNEMONIC, ENGINE_LABEL, PRODUCTION_PERIOD, BODY_MNEMONIC, BODY_LABEL, GRADE_MNEMONIC, GRADE_LABEL, TRANSMISSION_MNEMONIC, TRANSMISSION_LABEL) VALUES (798, 101, "RN66L-MDK", "https://toyota-usa.epc-data.com/4runner/rn66l/2634/", "22R", "2400CC", "08.1985 - 08.1987", "T1", "TRUCK(STANDARD DECK 1-SIDE OPEN)", "DLX", "DELUXE TYPE", "MTM", "MANUAL TRANSMISSION");
INSERT INTO COMPLECTATION_OPTIONS(COMPLECTATION_ID, OPTION_MNEMONIC, OPTION_LABEL) VALUES (798, "5F", "MTM,5-SPEED FLOOR SHIFT");
INSERT INTO COMPLECTATION_OPTIONS(COMPLECTATION_ID, OPTION_MNEMONIC, OPTION_LABEL) VALUES (798, "RCB", "REGULAR CAB");
INSERT INTO COMPLECTATION_OPTIONS(COMPLECTATION_ID, OPTION_MNEMONIC, OPTION_LABEL) VALUES (798, "G", "G TYPE TRANSMISSION");
INSERT INTO COMPLECTATION_OPTIONS(COMPLECTATION_ID, OPTION_MNEMONIC, OPTION_LABEL) VALUES (798, "HLF", "0.5TONS");
INSERT INTO COMPLECTATION_OPTIONS(COMPLECTATION_ID, OPTION_MNEMONIC, OPTION_LABEL) VALUES (798, "ST", "SINGLE TIRE");
INSERT INTO COMPLECTATION_OPTIONS(COMPLECTATION_ID, OPTION_MNEMONIC, OPTION_LABEL) VALUES (798, "CND", "CANADA");
INSERT INTO COMPLECTATION_OPTIONS(COMPLECTATION_ID, OPTION_MNEMONIC, OPTION_LABEL) VALUES (798, "CBR", "CARBURETOR SYSTEM");
INSERT INTO COMPLECTATION_OPTIONS(COMPLECTATION_ID, OPTION_MNEMONIC, OPTION_LABEL) VALUES (798, "CBU", "COMPLETELY BUILT UNIT");
INSERT INTO COMPLECTATION(ID, FRAME_ID, NAME, URL, ENGINE_MNEMONIC, ENGINE_LABEL, PRODUCTION_PERIOD, BODY_MNEMONIC, BODY_LABEL, GRADE_MNEMONIC, GRADE_LABEL, TRANSMISSION_MNEMONIC, TRANSMISSION_LABEL) VALUES (799, 101, "RN66L-MGCZA", "https://toyota-usa.epc-data.com/4runner/rn66l/2673/", "22RTEC", "2400CC", "08.1986 - 08.1987", "T1", "TRUCK(STANDARD DECK 1-SIDE OPEN)", "SRT", "SR-5 TYPE (WITH TURBO)", "MTM", "MANUAL TRANSMISSION");
INSERT INTO COMPLECTATION_OPTIONS(COMPLECTATION_ID, OPTION_MNEMONIC, OPTION_LABEL) VALUES (799, "5F", "MTM,5-SPEED FLOOR SHIFT");
INSERT INTO COMPLECTATION_OPTIONS(COMPLECTATION_ID, OPTION_MNEMONIC, OPTION_LABEL) VALUES (799, "XTR", "EXTRA CAB");
INSERT INTO COMPLECTATION_OPTIONS(COMPLECTATION_ID, OPTION_MNEMONIC, OPTION_LABEL) VALUES (799, "R", "R TYPE TRANSMISSION");
INSERT INTO COMPLECTATION_OPTIONS(COMPLECTATION_ID, OPTION_MNEMONIC, OPTION_LABEL) VALUES (799, "HLF", "0.5TONS");
INSERT INTO COMPLECTATION_OPTIONS(COMPLECTATION_ID, OPTION_MNEMONIC, OPTION_LABEL) VALUES (799, "ST", "SINGLE TIRE");
INSERT INTO COMPLECTATION_OPTIONS(COMPLECTATION_ID, OPTION_MNEMONIC, OPTION_LABEL) VALUES (799, "USA", "UNITED STATES OF AMERICA");
INSERT INTO COMPLECTATION_OPTIONS(COMPLECTATION_ID, OPTION_MNEMONIC, OPTION_LABEL) VALUES (799, "TBO", "TURBO SYSTEM");
INSERT INTO COMPLECTATION_OPTIONS(COMPLECTATION_ID, OPTION_MNEMONIC, OPTION_LABEL) VALUES (799, "CBU", "COMPLETELY BUILT UNIT");
INSERT INTO COMPLECTATION(ID, FRAME_ID, NAME, URL, ENGINE_MNEMONIC, ENGINE_LABEL, PRODUCTION_PERIOD, BODY_MNEMONIC, BODY_LABEL, GRADE_MNEMONIC, GRADE_LABEL, TRANSMISSION_MNEMONIC, TRANSMISSION_LABEL) VALUES (800, 101, "RN66L-MGCZA3", "https://toyota-usa.epc-data.com/4runner/rn66l/2674/", "22RTEC", "2400CC", "08.1986 - 08.1987", "T1", "TRUCK(STANDARD DECK 1-SIDE OPEN)", "SRT", "SR-5 TYPE (WITH TURBO)", "MTM", "MANUAL TRANSMISSION");
INSERT INTO COMPLECTATION_OPTIONS(COMPLECTATION_ID, OPTION_MNEMONIC, OPTION_LABEL) VALUES (800, "5F", "MTM,5-SPEED FLOOR SHIFT");
INSERT INTO COMPLECTATION_OPTIONS(COMPLECTATION_ID, OPTION_MNEMONIC, OPTION_LABEL) VALUES (800, "XTR", "EXTRA CAB");
INSERT INTO COMPLECTATION_OPTIONS(COMPLECTATION_ID, OPTION_MNEMONIC, OPTION_LABEL) VALUES (800, "R", "R TYPE TRANSMISSION");
INSERT INTO COMPLECTATION_OPTIONS(COMPLECTATION_ID, OPTION_MNEMONIC, OPTION_LABEL) VALUES (800, "HLF", "0.5TONS");
INSERT INTO COMPLECTATION_OPTIONS(COMPLECTATION_ID, OPTION_MNEMONIC, OPTION_LABEL) VALUES (800, "ST", "SINGLE TIRE");
INSERT INTO COMPLECTATION_OPTIONS(COMPLECTATION_ID, OPTION_MNEMONIC, OPTION_LABEL) VALUES (800, "USA", "UNITED STATES OF AMERICA");
INSERT INTO COMPLECTATION_OPTIONS(COMPLECTATION_ID, OPTION_MNEMONIC, OPTION_LABEL) VALUES (800, "TBO", "TURBO SYSTEM");
INSERT INTO COMPLECTATION_OPTIONS(COMPLECTATION_ID, OPTION_MNEMONIC, OPTION_LABEL) VALUES (800, "IV", "INCOMPLETE VEHICLES (CHASSIS & CAB)");
INSERT INTO COMPLECTATION(ID, FRAME_ID, NAME, URL, ENGINE_MNEMONIC, ENGINE_LABEL, PRODUCTION_PERIOD, BODY_MNEMONIC, BODY_LABEL, GRADE_MNEMONIC, GRADE_LABEL, TRANSMISSION_MNEMONIC, TRANSMISSION_LABEL) VALUES (801, 101, "RN66L-MGCZK", "https://toyota-usa.epc-data.com/4runner/rn66l/2675/", "22RTEC", "2400CC", "08.1986 - 08.1987", "T1", "TRUCK(STANDARD DECK 1-SIDE OPEN)", "SRT", "SR-5 TYPE (WITH TURBO)", "MTM", "MANUAL TRANSMISSION");
INSERT INTO COMPLECTATION_OPTIONS(COMPLECTATION_ID, OPTION_MNEMONIC, OPTION_LABEL) VALUES (801, "5F", "MTM,5-SPEED FLOOR SHIFT");
INSERT INTO COMPLECTATION_OPTIONS(COMPLECTATION_ID, OPTION_MNEMONIC, OPTION_LABEL) VALUES (801, "XTR", "EXTRA CAB");
INSERT INTO COMPLECTATION_OPTIONS(COMPLECTATION_ID, OPTION_MNEMONIC, OPTION_LABEL) VALUES (801, "R", "R TYPE TRANSMISSION");
INSERT INTO COMPLECTATION_OPTIONS(COMPLECTATION_ID, OPTION_MNEMONIC, OPTION_LABEL) VALUES (801, "HLF", "0.5TONS");
INSERT INTO COMPLECTATION_OPTIONS(COMPLECTATION_ID, OPTION_MNEMONIC, OPTION_LABEL) VALUES (801, "ST", "SINGLE TIRE");
INSERT INTO COMPLECTATION_OPTIONS(COMPLECTATION_ID, OPTION_MNEMONIC, OPTION_LABEL) VALUES (801, "CND", "CANADA");
INSERT INTO COMPLECTATION_OPTIONS(COMPLECTATION_ID, OPTION_MNEMONIC, OPTION_LABEL) VALUES (801, "TBO", "TURBO SYSTEM");
INSERT INTO COMPLECTATION_OPTIONS(COMPLECTATION_ID, OPTION_MNEMONIC, OPTION_LABEL) VALUES (801, "CBU", "COMPLETELY BUILT UNIT");
INSERT INTO COMPLECTATION(ID, FRAME_ID, NAME, URL, ENGINE_MNEMONIC, ENGINE_LABEL, PRODUCTION_PERIOD, BODY_MNEMONIC, BODY_LABEL, GRADE_MNEMONIC, GRADE_LABEL, TRANSMISSION_MNEMONIC, TRANSMISSION_LABEL) VALUES (802, 101, "RN66L-MRA", "https://toyota-usa.epc-data.com/4runner/rn66l/2641/", "22R", "2400CC", "08.1986 - 08.1987", "T1", "TRUCK(STANDARD DECK 1-SIDE OPEN)", "STD", "STANDARD TYPE", "MTM", "MANUAL TRANSMISSION");
INSERT INTO COMPLECTATION_OPTIONS(COMPLECTATION_ID, OPTION_MNEMONIC, OPTION_LABEL) VALUES (802, "5F", "MTM,5-SPEED FLOOR SHIFT");
INSERT INTO COMPLECTATION_OPTIONS(COMPLECTATION_ID, OPTION_MNEMONIC, OPTION_LABEL) VALUES (802, "RCB", "REGULAR CAB");
INSERT INTO COMPLECTATION_OPTIONS(COMPLECTATION_ID, OPTION_MNEMONIC, OPTION_LABEL) VALUES (802, "G", "G TYPE TRANSMISSION");
INSERT INTO COMPLECTATION_OPTIONS(COMPLECTATION_ID, OPTION_MNEMONIC, OPTION_LABEL) VALUES (802, "HLF", "0.5TONS");
INSERT INTO COMPLECTATION_OPTIONS(COMPLECTATION_ID, OPTION_MNEMONIC, OPTION_LABEL) VALUES (802, "ST", "SINGLE TIRE");
INSERT INTO COMPLECTATION_OPTIONS(COMPLECTATION_ID, OPTION_MNEMONIC, OPTION_LABEL) VALUES (802, "USA", "UNITED STATES OF AMERICA");
INSERT INTO COMPLECTATION_OPTIONS(COMPLECTATION_ID, OPTION_MNEMONIC, OPTION_LABEL) VALUES (802, "CBR", "CARBURETOR SYSTEM");
INSERT INTO COMPLECTATION_OPTIONS(COMPLECTATION_ID, OPTION_MNEMONIC, OPTION_LABEL) VALUES (802, "CBU", "COMPLETELY BUILT UNIT");
INSERT INTO COMPLECTATION(ID, FRAME_ID, NAME, URL, ENGINE_MNEMONIC, ENGINE_LABEL, PRODUCTION_PERIOD, BODY_MNEMONIC, BODY_LABEL, GRADE_MNEMONIC, GRADE_LABEL, TRANSMISSION_MNEMONIC, TRANSMISSION_LABEL) VALUES (803, 101, "RN66L-MSCEA", "https://toyota-usa.epc-data.com/4runner/rn66l/2681/", "22REC", "2400CC EFI", "08.1985 - 08.1988", "T1", "TRUCK(STANDARD DECK 1-SIDE OPEN)", "SR5", "SR-5 TYPE", "MTM", "MANUAL TRANSMISSION");
INSERT INTO COMPLECTATION_OPTIONS(COMPLECTATION_ID, OPTION_MNEMONIC, OPTION_LABEL) VALUES (803, "5F", "MTM,5-SPEED FLOOR SHIFT");
INSERT INTO COMPLECTATION_OPTIONS(COMPLECTATION_ID, OPTION_MNEMONIC, OPTION_LABEL) VALUES (803, "XTR", "EXTRA CAB");
INSERT INTO COMPLECTATION_OPTIONS(COMPLECTATION_ID, OPTION_MNEMONIC, OPTION_LABEL) VALUES (803, "W", "W TYPE TRANSMISSION");
INSERT INTO COMPLECTATION_OPTIONS(COMPLECTATION_ID, OPTION_MNEMONIC, OPTION_LABEL) VALUES (803, "HLF", "0.5TONS");
INSERT INTO COMPLECTATION_OPTIONS(COMPLECTATION_ID, OPTION_MNEMONIC, OPTION_LABEL) VALUES (803, "ST", "SINGLE TIRE");
INSERT INTO COMPLECTATION_OPTIONS(COMPLECTATION_ID, OPTION_MNEMONIC, OPTION_LABEL) VALUES (803, "USA", "UNITED STATES OF AMERICA");
INSERT INTO COMPLECTATION_OPTIONS(COMPLECTATION_ID, OPTION_MNEMONIC, OPTION_LABEL) VALUES (803, "EFI", "ELECTRIC FUEL INJECTION SYSTEM");
INSERT INTO COMPLECTATION_OPTIONS(COMPLECTATION_ID, OPTION_MNEMONIC, OPTION_LABEL) VALUES (803, "CBU", "COMPLETELY BUILT UNIT");
INSERT INTO COMPLECTATION(ID, FRAME_ID, NAME, URL, ENGINE_MNEMONIC, ENGINE_LABEL, PRODUCTION_PERIOD, BODY_MNEMONIC, BODY_LABEL, GRADE_MNEMONIC, GRADE_LABEL, TRANSMISSION_MNEMONIC, TRANSMISSION_LABEL) VALUES (804, 101, "RN66L-MSCEA3", "https://toyota-usa.epc-data.com/4runner/rn66l/2682/", "22REC", "2400CC EFI", "08.1985 - 08.1988", "T1", "TRUCK(STANDARD DECK 1-SIDE OPEN)", "SR5", "SR-5 TYPE", "MTM", "MANUAL TRANSMISSION");
INSERT INTO COMPLECTATION_OPTIONS(COMPLECTATION_ID, OPTION_MNEMONIC, OPTION_LABEL) VALUES (804, "5F", "MTM,5-SPEED FLOOR SHIFT");
INSERT INTO COMPLECTATION_OPTIONS(COMPLECTATION_ID, OPTION_MNEMONIC, OPTION_LABEL) VALUES (804, "XTR", "EXTRA CAB");
INSERT INTO COMPLECTATION_OPTIONS(COMPLECTATION_ID, OPTION_MNEMONIC, OPTION_LABEL) VALUES (804, "W", "W TYPE TRANSMISSION");
INSERT INTO COMPLECTATION_OPTIONS(COMPLECTATION_ID, OPTION_MNEMONIC, OPTION_LABEL) VALUES (804, "HLF", "0.5TONS");
INSERT INTO COMPLECTATION_OPTIONS(COMPLECTATION_ID, OPTION_MNEMONIC, OPTION_LABEL) VALUES (804, "ST", "SINGLE TIRE");
INSERT INTO COMPLECTATION_OPTIONS(COMPLECTATION_ID, OPTION_MNEMONIC, OPTION_LABEL) VALUES (804, "USA", "UNITED STATES OF AMERICA");
INSERT INTO COMPLECTATION_OPTIONS(COMPLECTATION_ID, OPTION_MNEMONIC, OPTION_LABEL) VALUES (804, "EFI", "ELECTRIC FUEL INJECTION SYSTEM");
INSERT INTO COMPLECTATION_OPTIONS(COMPLECTATION_ID, OPTION_MNEMONIC, OPTION_LABEL) VALUES (804, "IV", "INCOMPLETE VEHICLES (CHASSIS & CAB)");
INSERT INTO COMPLECTATION(ID, FRAME_ID, NAME, URL, ENGINE_MNEMONIC, ENGINE_LABEL, PRODUCTION_PERIOD, BODY_MNEMONIC, BODY_LABEL, GRADE_MNEMONIC, GRADE_LABEL, TRANSMISSION_MNEMONIC, TRANSMISSION_LABEL) VALUES (805, 101, "RN66L-MSCEK", "https://toyota-usa.epc-data.com/4runner/rn66l/2683/", "22REC", "2400CC EFI", "08.1985 - 08.1988", "T1", "TRUCK(STANDARD DECK 1-SIDE OPEN)", "SR5", "SR-5 TYPE", "MTM", "MANUAL TRANSMISSION");
INSERT INTO COMPLECTATION_OPTIONS(COMPLECTATION_ID, OPTION_MNEMONIC, OPTION_LABEL) VALUES (805, "5F", "MTM,5-SPEED FLOOR SHIFT");
INSERT INTO COMPLECTATION_OPTIONS(COMPLECTATION_ID, OPTION_MNEMONIC, OPTION_LABEL) VALUES (805, "XTR", "EXTRA CAB");
INSERT INTO COMPLECTATION_OPTIONS(COMPLECTATION_ID, OPTION_MNEMONIC, OPTION_LABEL) VALUES (805, "W", "W TYPE TRANSMISSION");
INSERT INTO COMPLECTATION_OPTIONS(COMPLECTATION_ID, OPTION_MNEMONIC, OPTION_LABEL) VALUES (805, "HLF", "0.5TONS");
INSERT INTO COMPLECTATION_OPTIONS(COMPLECTATION_ID, OPTION_MNEMONIC, OPTION_LABEL) VALUES (805, "ST", "SINGLE TIRE");
INSERT INTO COMPLECTATION_OPTIONS(COMPLECTATION_ID, OPTION_MNEMONIC, OPTION_LABEL) VALUES (805, "CND", "CANADA");
INSERT INTO COMPLECTATION_OPTIONS(COMPLECTATION_ID, OPTION_MNEMONIC, OPTION_LABEL) VALUES (805, "EFI", "ELECTRIC FUEL INJECTION SYSTEM");
INSERT INTO COMPLECTATION_OPTIONS(COMPLECTATION_ID, OPTION_MNEMONIC, OPTION_LABEL) VALUES (805, "CBU", "COMPLETELY BUILT UNIT");
INSERT INTO COMPLECTATION(ID, FRAME_ID, NAME, URL, ENGINE_MNEMONIC, ENGINE_LABEL, PRODUCTION_PERIOD, BODY_MNEMONIC, BODY_LABEL, GRADE_MNEMONIC, GRADE_LABEL, TRANSMISSION_MNEMONIC, TRANSMISSION_LABEL) VALUES (806, 101, "RN66L-MSEA3", "https://toyota-usa.epc-data.com/4runner/rn66l/2511/", "22REC", "2400CC EFI", "08.1985 - 08.1986", "T1", "TRUCK(STANDARD DECK 1-SIDE OPEN)", "SR5", "SR-5 TYPE", "MTM", "MANUAL TRANSMISSION");
INSERT INTO COMPLECTATION_OPTIONS(COMPLECTATION_ID, OPTION_MNEMONIC, OPTION_LABEL) VALUES (806, "5F", "MTM,5-SPEED FLOOR SHIFT");
INSERT INTO COMPLECTATION_OPTIONS(COMPLECTATION_ID, OPTION_MNEMONIC, OPTION_LABEL) VALUES (806, "RCB", "REGULAR CAB");
INSERT INTO COMPLECTATION_OPTIONS(COMPLECTATION_ID, OPTION_MNEMONIC, OPTION_LABEL) VALUES (806, "W", "W TYPE TRANSMISSION");
INSERT INTO COMPLECTATION_OPTIONS(COMPLECTATION_ID, OPTION_MNEMONIC, OPTION_LABEL) VALUES (806, "HLF", "0.5TONS");
INSERT INTO COMPLECTATION_OPTIONS(COMPLECTATION_ID, OPTION_MNEMONIC, OPTION_LABEL) VALUES (806, "ST", "SINGLE TIRE");
INSERT INTO COMPLECTATION_OPTIONS(COMPLECTATION_ID, OPTION_MNEMONIC, OPTION_LABEL) VALUES (806, "USA", "UNITED STATES OF AMERICA");
INSERT INTO COMPLECTATION_OPTIONS(COMPLECTATION_ID, OPTION_MNEMONIC, OPTION_LABEL) VALUES (806, "EFI", "ELECTRIC FUEL INJECTION SYSTEM");
INSERT INTO COMPLECTATION_OPTIONS(COMPLECTATION_ID, OPTION_MNEMONIC, OPTION_LABEL) VALUES (806, "IV", "INCOMPLETE VEHICLES (CHASSIS & CAB)");
INSERT INTO COMPLECTATION(ID, FRAME_ID, NAME, URL, ENGINE_MNEMONIC, ENGINE_LABEL, PRODUCTION_PERIOD, BODY_MNEMONIC, BODY_LABEL, GRADE_MNEMONIC, GRADE_LABEL, TRANSMISSION_MNEMONIC, TRANSMISSION_LABEL) VALUES (807, 101, "RN66L-MSEK", "https://toyota-usa.epc-data.com/4runner/rn66l/2512/", "22REC", "2400CC EFI", "08.1985 - 08.1986", "T1", "TRUCK(STANDARD DECK 1-SIDE OPEN)", "SR5", "SR-5 TYPE", "MTM", "MANUAL TRANSMISSION");
INSERT INTO COMPLECTATION_OPTIONS(COMPLECTATION_ID, OPTION_MNEMONIC, OPTION_LABEL) VALUES (807, "5F", "MTM,5-SPEED FLOOR SHIFT");
INSERT INTO COMPLECTATION_OPTIONS(COMPLECTATION_ID, OPTION_MNEMONIC, OPTION_LABEL) VALUES (807, "RCB", "REGULAR CAB");
INSERT INTO COMPLECTATION_OPTIONS(COMPLECTATION_ID, OPTION_MNEMONIC, OPTION_LABEL) VALUES (807, "HLF", "0.5TONS");
INSERT INTO COMPLECTATION_OPTIONS(COMPLECTATION_ID, OPTION_MNEMONIC, OPTION_LABEL) VALUES (807, "ST", "SINGLE TIRE");
INSERT INTO COMPLECTATION_OPTIONS(COMPLECTATION_ID, OPTION_MNEMONIC, OPTION_LABEL) VALUES (807, "CND", "CANADA");
INSERT INTO COMPLECTATION_OPTIONS(COMPLECTATION_ID, OPTION_MNEMONIC, OPTION_LABEL) VALUES (807, "EFI", "ELECTRIC FUEL INJECTION SYSTEM");
INSERT INTO COMPLECTATION_OPTIONS(COMPLECTATION_ID, OPTION_MNEMONIC, OPTION_LABEL) VALUES (807, "CBU", "COMPLETELY BUILT UNIT");
INSERT INTO COMPLECTATION(ID, FRAME_ID, NAME, URL, ENGINE_MNEMONIC, ENGINE_LABEL, PRODUCTION_PERIOD, BODY_MNEMONIC, BODY_LABEL, GRADE_MNEMONIC, GRADE_LABEL, TRANSMISSION_MNEMONIC, TRANSMISSION_LABEL) VALUES (808, 101, "RN66L-PDCEA", "https://toyota-usa.epc-data.com/4runner/rn66l/2679/", "22REC", "2400CC EFI", "08.1985 - 08.1988", "T1", "TRUCK(STANDARD DECK 1-SIDE OPEN)", "DLX", "DELUXE TYPE", "ATM", "AUTOMATIC TRANSMISSION");
INSERT INTO COMPLECTATION_OPTIONS(COMPLECTATION_ID, OPTION_MNEMONIC, OPTION_LABEL) VALUES (808, "4FC", "ATM,4-SPEED FLOOR SHIFT");
INSERT INTO COMPLECTATION_OPTIONS(COMPLECTATION_ID, OPTION_MNEMONIC, OPTION_LABEL) VALUES (808, "XTR", "EXTRA CAB");
INSERT INTO COMPLECTATION_OPTIONS(COMPLECTATION_ID, OPTION_MNEMONIC, OPTION_LABEL) VALUES (808, "HLF", "0.5TONS");
INSERT INTO COMPLECTATION_OPTIONS(COMPLECTATION_ID, OPTION_MNEMONIC, OPTION_LABEL) VALUES (808, "ST", "SINGLE TIRE");
INSERT INTO COMPLECTATION_OPTIONS(COMPLECTATION_ID, OPTION_MNEMONIC, OPTION_LABEL) VALUES (808, "USA", "UNITED STATES OF AMERICA");
INSERT INTO COMPLECTATION_OPTIONS(COMPLECTATION_ID, OPTION_MNEMONIC, OPTION_LABEL) VALUES (808, "EFI", "ELECTRIC FUEL INJECTION SYSTEM");
INSERT INTO COMPLECTATION_OPTIONS(COMPLECTATION_ID, OPTION_MNEMONIC, OPTION_LABEL) VALUES (808, "CBU", "COMPLETELY BUILT UNIT");
INSERT INTO COMPLECTATION(ID, FRAME_ID, NAME, URL, ENGINE_MNEMONIC, ENGINE_LABEL, PRODUCTION_PERIOD, BODY_MNEMONIC, BODY_LABEL, GRADE_MNEMONIC, GRADE_LABEL, TRANSMISSION_MNEMONIC, TRANSMISSION_LABEL) VALUES (809, 101, "RN66L-PDCEA3", "https://toyota-usa.epc-data.com/4runner/rn66l/2680/", "22REC", "2400CC EFI", "08.1985 - 08.1988", "T1", "TRUCK(STANDARD DECK 1-SIDE OPEN)", "DLX", "DELUXE TYPE", "ATM", "AUTOMATIC TRANSMISSION");
INSERT INTO COMPLECTATION_OPTIONS(COMPLECTATION_ID, OPTION_MNEMONIC, OPTION_LABEL) VALUES (809, "4FC", "ATM,4-SPEED FLOOR SHIFT");
INSERT INTO COMPLECTATION_OPTIONS(COMPLECTATION_ID, OPTION_MNEMONIC, OPTION_LABEL) VALUES (809, "XTR", "EXTRA CAB");
INSERT INTO COMPLECTATION_OPTIONS(COMPLECTATION_ID, OPTION_MNEMONIC, OPTION_LABEL) VALUES (809, "HLF", "0.5TONS");
INSERT INTO COMPLECTATION_OPTIONS(COMPLECTATION_ID, OPTION_MNEMONIC, OPTION_LABEL) VALUES (809, "ST", "SINGLE TIRE");
INSERT INTO COMPLECTATION_OPTIONS(COMPLECTATION_ID, OPTION_MNEMONIC, OPTION_LABEL) VALUES (809, "USA", "UNITED STATES OF AMERICA");
INSERT INTO COMPLECTATION_OPTIONS(COMPLECTATION_ID, OPTION_MNEMONIC, OPTION_LABEL) VALUES (809, "EFI", "ELECTRIC FUEL INJECTION SYSTEM");
INSERT INTO COMPLECTATION_OPTIONS(COMPLECTATION_ID, OPTION_MNEMONIC, OPTION_LABEL) VALUES (809, "IV", "INCOMPLETE VEHICLES (CHASSIS & CAB)");
INSERT INTO COMPLECTATION(ID, FRAME_ID, NAME, URL, ENGINE_MNEMONIC, ENGINE_LABEL, PRODUCTION_PERIOD, BODY_MNEMONIC, BODY_LABEL, GRADE_MNEMONIC, GRADE_LABEL, TRANSMISSION_MNEMONIC, TRANSMISSION_LABEL) VALUES (810, 101, "RN66L-PDEA", "https://toyota-usa.epc-data.com/4runner/rn66l/2638/", "22REC", "2400CC EFI", "08.1985 - 08.1988", "T1", "TRUCK(STANDARD DECK 1-SIDE OPEN)", "DLX", "DELUXE TYPE", "ATM", "AUTOMATIC TRANSMISSION");
INSERT INTO COMPLECTATION_OPTIONS(COMPLECTATION_ID, OPTION_MNEMONIC, OPTION_LABEL) VALUES (810, "4FC", "ATM,4-SPEED FLOOR SHIFT");
INSERT INTO COMPLECTATION_OPTIONS(COMPLECTATION_ID, OPTION_MNEMONIC, OPTION_LABEL) VALUES (810, "RCB", "REGULAR CAB");
INSERT INTO COMPLECTATION_OPTIONS(COMPLECTATION_ID, OPTION_MNEMONIC, OPTION_LABEL) VALUES (810, "HLF", "0.5TONS");
INSERT INTO COMPLECTATION_OPTIONS(COMPLECTATION_ID, OPTION_MNEMONIC, OPTION_LABEL) VALUES (810, "ST", "SINGLE TIRE");
INSERT INTO COMPLECTATION_OPTIONS(COMPLECTATION_ID, OPTION_MNEMONIC, OPTION_LABEL) VALUES (810, "USA", "UNITED STATES OF AMERICA");
INSERT INTO COMPLECTATION_OPTIONS(COMPLECTATION_ID, OPTION_MNEMONIC, OPTION_LABEL) VALUES (810, "EFI", "ELECTRIC FUEL INJECTION SYSTEM");
INSERT INTO COMPLECTATION_OPTIONS(COMPLECTATION_ID, OPTION_MNEMONIC, OPTION_LABEL) VALUES (810, "CBU", "COMPLETELY BUILT UNIT");
INSERT INTO COMPLECTATION(ID, FRAME_ID, NAME, URL, ENGINE_MNEMONIC, ENGINE_LABEL, PRODUCTION_PERIOD, BODY_MNEMONIC, BODY_LABEL, GRADE_MNEMONIC, GRADE_LABEL, TRANSMISSION_MNEMONIC, TRANSMISSION_LABEL) VALUES (811, 101, "RN66L-PDEA3", "https://toyota-usa.epc-data.com/4runner/rn66l/2639/", "22REC", "2400CC EFI", "08.1985 - 08.1988", "T1", "TRUCK(STANDARD DECK 1-SIDE OPEN)", "DLX", "DELUXE TYPE", "ATM", "AUTOMATIC TRANSMISSION");
INSERT INTO COMPLECTATION_OPTIONS(COMPLECTATION_ID, OPTION_MNEMONIC, OPTION_LABEL) VALUES (811, "4FC", "ATM,4-SPEED FLOOR SHIFT");
INSERT INTO COMPLECTATION_OPTIONS(COMPLECTATION_ID, OPTION_MNEMONIC, OPTION_LABEL) VALUES (811, "RCB", "REGULAR CAB");
INSERT INTO COMPLECTATION_OPTIONS(COMPLECTATION_ID, OPTION_MNEMONIC, OPTION_LABEL) VALUES (811, "HLF", "0.5TONS");
INSERT INTO COMPLECTATION_OPTIONS(COMPLECTATION_ID, OPTION_MNEMONIC, OPTION_LABEL) VALUES (811, "ST", "SINGLE TIRE");
INSERT INTO COMPLECTATION_OPTIONS(COMPLECTATION_ID, OPTION_MNEMONIC, OPTION_LABEL) VALUES (811, "USA", "UNITED STATES OF AMERICA");
INSERT INTO COMPLECTATION_OPTIONS(COMPLECTATION_ID, OPTION_MNEMONIC, OPTION_LABEL) VALUES (811, "EFI", "ELECTRIC FUEL INJECTION SYSTEM");
INSERT INTO COMPLECTATION_OPTIONS(COMPLECTATION_ID, OPTION_MNEMONIC, OPTION_LABEL) VALUES (811, "IV", "INCOMPLETE VEHICLES (CHASSIS & CAB)");
INSERT INTO COMPLECTATION(ID, FRAME_ID, NAME, URL, ENGINE_MNEMONIC, ENGINE_LABEL, PRODUCTION_PERIOD, BODY_MNEMONIC, BODY_LABEL, GRADE_MNEMONIC, GRADE_LABEL, TRANSMISSION_MNEMONIC, TRANSMISSION_LABEL) VALUES (812, 101, "RN66L-PDEK", "https://toyota-usa.epc-data.com/4runner/rn66l/2640/", "22REC", "2400CC EFI", "08.1985 - 08.1988", "T1", "TRUCK(STANDARD DECK 1-SIDE OPEN)", "DLX", "DELUXE TYPE", "ATM", "AUTOMATIC TRANSMISSION");
INSERT INTO COMPLECTATION_OPTIONS(COMPLECTATION_ID, OPTION_MNEMONIC, OPTION_LABEL) VALUES (812, "4FC", "ATM,4-SPEED FLOOR SHIFT");
INSERT INTO COMPLECTATION_OPTIONS(COMPLECTATION_ID, OPTION_MNEMONIC, OPTION_LABEL) VALUES (812, "RCB", "REGULAR CAB");
INSERT INTO COMPLECTATION_OPTIONS(COMPLECTATION_ID, OPTION_MNEMONIC, OPTION_LABEL) VALUES (812, "HLF", "0.5TONS");
INSERT INTO COMPLECTATION_OPTIONS(COMPLECTATION_ID, OPTION_MNEMONIC, OPTION_LABEL) VALUES (812, "ST", "SINGLE TIRE");
INSERT INTO COMPLECTATION_OPTIONS(COMPLECTATION_ID, OPTION_MNEMONIC, OPTION_LABEL) VALUES (812, "CND", "CANADA");
INSERT INTO COMPLECTATION_OPTIONS(COMPLECTATION_ID, OPTION_MNEMONIC, OPTION_LABEL) VALUES (812, "EFI", "ELECTRIC FUEL INJECTION SYSTEM");
INSERT INTO COMPLECTATION_OPTIONS(COMPLECTATION_ID, OPTION_MNEMONIC, OPTION_LABEL) VALUES (812, "CBU", "COMPLETELY BUILT UNIT");
INSERT INTO COMPLECTATION(ID, FRAME_ID, NAME, URL, ENGINE_MNEMONIC, ENGINE_LABEL, PRODUCTION_PERIOD, BODY_MNEMONIC, BODY_LABEL, GRADE_MNEMONIC, GRADE_LABEL, TRANSMISSION_MNEMONIC, TRANSMISSION_LABEL) VALUES (813, 101, "RN66L-PGCZA", "https://toyota-usa.epc-data.com/4runner/rn66l/2659/", "22RTEC", "2400CC", "08.1985 - 08.1986", "T1", "TRUCK(STANDARD DECK 1-SIDE OPEN)", "SRT", "SR-5 TYPE (WITH TURBO)", "ATM", "AUTOMATIC TRANSMISSION");
INSERT INTO COMPLECTATION_OPTIONS(COMPLECTATION_ID, OPTION_MNEMONIC, OPTION_LABEL) VALUES (813, "4FC", "ATM,4-SPEED FLOOR SHIFT");
INSERT INTO COMPLECTATION_OPTIONS(COMPLECTATION_ID, OPTION_MNEMONIC, OPTION_LABEL) VALUES (813, "XTR", "EXTRA CAB");
INSERT INTO COMPLECTATION_OPTIONS(COMPLECTATION_ID, OPTION_MNEMONIC, OPTION_LABEL) VALUES (813, "HLF", "0.5TONS");
INSERT INTO COMPLECTATION_OPTIONS(COMPLECTATION_ID, OPTION_MNEMONIC, OPTION_LABEL) VALUES (813, "ST", "SINGLE TIRE");
INSERT INTO COMPLECTATION_OPTIONS(COMPLECTATION_ID, OPTION_MNEMONIC, OPTION_LABEL) VALUES (813, "USA", "UNITED STATES OF AMERICA");
INSERT INTO COMPLECTATION_OPTIONS(COMPLECTATION_ID, OPTION_MNEMONIC, OPTION_LABEL) VALUES (813, "TBO", "TURBO SYSTEM");
INSERT INTO COMPLECTATION_OPTIONS(COMPLECTATION_ID, OPTION_MNEMONIC, OPTION_LABEL) VALUES (813, "CBU", "COMPLETELY BUILT UNIT");
INSERT INTO COMPLECTATION(ID, FRAME_ID, NAME, URL, ENGINE_MNEMONIC, ENGINE_LABEL, PRODUCTION_PERIOD, BODY_MNEMONIC, BODY_LABEL, GRADE_MNEMONIC, GRADE_LABEL, TRANSMISSION_MNEMONIC, TRANSMISSION_LABEL) VALUES (814, 101, "RN66L-PGCZA3", "https://toyota-usa.epc-data.com/4runner/rn66l/2660/", "22RTEC", "2400CC", "08.1985 - 08.1986", "T1", "TRUCK(STANDARD DECK 1-SIDE OPEN)", "SRT", "SR-5 TYPE (WITH TURBO)", "ATM", "AUTOMATIC TRANSMISSION");
INSERT INTO COMPLECTATION_OPTIONS(COMPLECTATION_ID, OPTION_MNEMONIC, OPTION_LABEL) VALUES (814, "4FC", "ATM,4-SPEED FLOOR SHIFT");
INSERT INTO COMPLECTATION_OPTIONS(COMPLECTATION_ID, OPTION_MNEMONIC, OPTION_LABEL) VALUES (814, "XTR", "EXTRA CAB");
INSERT INTO COMPLECTATION_OPTIONS(COMPLECTATION_ID, OPTION_MNEMONIC, OPTION_LABEL) VALUES (814, "HLF", "0.5TONS");
INSERT INTO COMPLECTATION_OPTIONS(COMPLECTATION_ID, OPTION_MNEMONIC, OPTION_LABEL) VALUES (814, "ST", "SINGLE TIRE");
INSERT INTO COMPLECTATION_OPTIONS(COMPLECTATION_ID, OPTION_MNEMONIC, OPTION_LABEL) VALUES (814, "USA", "UNITED STATES OF AMERICA");
INSERT INTO COMPLECTATION_OPTIONS(COMPLECTATION_ID, OPTION_MNEMONIC, OPTION_LABEL) VALUES (814, "TBO", "TURBO SYSTEM");
INSERT INTO COMPLECTATION_OPTIONS(COMPLECTATION_ID, OPTION_MNEMONIC, OPTION_LABEL) VALUES (814, "IV", "INCOMPLETE VEHICLES (CHASSIS & CAB)");
INSERT INTO COMPLECTATION(ID, FRAME_ID, NAME, URL, ENGINE_MNEMONIC, ENGINE_LABEL, PRODUCTION_PERIOD, BODY_MNEMONIC, BODY_LABEL, GRADE_MNEMONIC, GRADE_LABEL, TRANSMISSION_MNEMONIC, TRANSMISSION_LABEL) VALUES (815, 101, "RN66L-PGCZK", "https://toyota-usa.epc-data.com/4runner/rn66l/2661/", "22RTEC", "2400CC", "08.1985 - 08.1986", "T1", "TRUCK(STANDARD DECK 1-SIDE OPEN)", "SRT", "SR-5 TYPE (WITH TURBO)", "ATM", "AUTOMATIC TRANSMISSION");
INSERT INTO COMPLECTATION_OPTIONS(COMPLECTATION_ID, OPTION_MNEMONIC, OPTION_LABEL) VALUES (815, "4FC", "ATM,4-SPEED FLOOR SHIFT");
INSERT INTO COMPLECTATION_OPTIONS(COMPLECTATION_ID, OPTION_MNEMONIC, OPTION_LABEL) VALUES (815, "XTR", "EXTRA CAB");
INSERT INTO COMPLECTATION_OPTIONS(COMPLECTATION_ID, OPTION_MNEMONIC, OPTION_LABEL) VALUES (815, "HLF", "0.5TONS");
INSERT INTO COMPLECTATION_OPTIONS(COMPLECTATION_ID, OPTION_MNEMONIC, OPTION_LABEL) VALUES (815, "ST", "SINGLE TIRE");
INSERT INTO COMPLECTATION_OPTIONS(COMPLECTATION_ID, OPTION_MNEMONIC, OPTION_LABEL) VALUES (815, "CND", "CANADA");
INSERT INTO COMPLECTATION_OPTIONS(COMPLECTATION_ID, OPTION_MNEMONIC, OPTION_LABEL) VALUES (815, "TBO", "TURBO SYSTEM");
INSERT INTO COMPLECTATION_OPTIONS(COMPLECTATION_ID, OPTION_MNEMONIC, OPTION_LABEL) VALUES (815, "CBU", "COMPLETELY BUILT UNIT");
INSERT INTO COMPLECTATION(ID, FRAME_ID, NAME, URL, ENGINE_MNEMONIC, ENGINE_LABEL, PRODUCTION_PERIOD, BODY_MNEMONIC, BODY_LABEL, GRADE_MNEMONIC, GRADE_LABEL, TRANSMISSION_MNEMONIC, TRANSMISSION_LABEL) VALUES (816, 101, "RN66L-PSCEA3", "https://toyota-usa.epc-data.com/4runner/rn66l/2684/", "22REC", "2400CC EFI", "08.1986 - 08.1988", "T1", "TRUCK(STANDARD DECK 1-SIDE OPEN)", "SR5", "SR-5 TYPE", "ATM", "AUTOMATIC TRANSMISSION");
INSERT INTO COMPLECTATION_OPTIONS(COMPLECTATION_ID, OPTION_MNEMONIC, OPTION_LABEL) VALUES (816, "4FC", "ATM,4-SPEED FLOOR SHIFT");
INSERT INTO COMPLECTATION_OPTIONS(COMPLECTATION_ID, OPTION_MNEMONIC, OPTION_LABEL) VALUES (816, "XTR", "EXTRA CAB");
INSERT INTO COMPLECTATION_OPTIONS(COMPLECTATION_ID, OPTION_MNEMONIC, OPTION_LABEL) VALUES (816, "HLF", "0.5TONS");
INSERT INTO COMPLECTATION_OPTIONS(COMPLECTATION_ID, OPTION_MNEMONIC, OPTION_LABEL) VALUES (816, "ST", "SINGLE TIRE");
INSERT INTO COMPLECTATION_OPTIONS(COMPLECTATION_ID, OPTION_MNEMONIC, OPTION_LABEL) VALUES (816, "USA", "UNITED STATES OF AMERICA");
INSERT INTO COMPLECTATION_OPTIONS(COMPLECTATION_ID, OPTION_MNEMONIC, OPTION_LABEL) VALUES (816, "EFI", "ELECTRIC FUEL INJECTION SYSTEM");
INSERT INTO COMPLECTATION_OPTIONS(COMPLECTATION_ID, OPTION_MNEMONIC, OPTION_LABEL) VALUES (816, "IV", "INCOMPLETE VEHICLES (CHASSIS & CAB)");
INSERT INTO COMPLECTATION(ID, FRAME_ID, NAME, URL, ENGINE_MNEMONIC, ENGINE_LABEL, PRODUCTION_PERIOD, BODY_MNEMONIC, BODY_LABEL, GRADE_MNEMONIC, GRADE_LABEL, TRANSMISSION_MNEMONIC, TRANSMISSION_LABEL) VALUES (817, 101, "RN66L-PSCEK", "https://toyota-usa.epc-data.com/4runner/rn66l/2685/", "22REC", "2400CC EFI", "08.1986 - 08.1987", "T1", "TRUCK(STANDARD DECK 1-SIDE OPEN)", "SR5", "SR-5 TYPE", "ATM", "AUTOMATIC TRANSMISSION");
INSERT INTO COMPLECTATION_OPTIONS(COMPLECTATION_ID, OPTION_MNEMONIC, OPTION_LABEL) VALUES (817, "4FC", "ATM,4-SPEED FLOOR SHIFT");
INSERT INTO COMPLECTATION_OPTIONS(COMPLECTATION_ID, OPTION_MNEMONIC, OPTION_LABEL) VALUES (817, "XTR", "EXTRA CAB");
INSERT INTO COMPLECTATION_OPTIONS(COMPLECTATION_ID, OPTION_MNEMONIC, OPTION_LABEL) VALUES (817, "HLF", "0.5TONS");
INSERT INTO COMPLECTATION_OPTIONS(COMPLECTATION_ID, OPTION_MNEMONIC, OPTION_LABEL) VALUES (817, "ST", "SINGLE TIRE");
INSERT INTO COMPLECTATION_OPTIONS(COMPLECTATION_ID, OPTION_MNEMONIC, OPTION_LABEL) VALUES (817, "CND", "CANADA");
INSERT INTO COMPLECTATION_OPTIONS(COMPLECTATION_ID, OPTION_MNEMONIC, OPTION_LABEL) VALUES (817, "EFI", "ELECTRIC FUEL INJECTION SYSTEM");
INSERT INTO COMPLECTATION_OPTIONS(COMPLECTATION_ID, OPTION_MNEMONIC, OPTION_LABEL) VALUES (817, "CBU", "COMPLETELY BUILT UNIT");
INSERT INTO FRAME(ID, MODEL_ID, NAME, URL) VALUES (102, 10, "RN70L", "https://toyota-usa.epc-data.com/4runner/rn70l");
INSERT INTO COMPLECTATION(ID, FRAME_ID, NAME, URL, ENGINE_MNEMONIC, ENGINE_LABEL, PRODUCTION_PERIOD, BODY_MNEMONIC, BODY_LABEL, GRADE_MNEMONIC, GRADE_LABEL, TRANSMISSION_MNEMONIC, TRANSMISSION_LABEL) VALUES (818, 102, "RN70L-LDCA3", "https://toyota-usa.epc-data.com/4runner/rn70l/2689/", "22R", "2400CC", "08.1987 - 08.1988", "T1", "TRUCK(STANDARD DECK 1-SIDE OPEN)", "DLX", "DELUXE TYPE", "MTM", "MANUAL TRANSMISSION");
INSERT INTO COMPLECTATION_OPTIONS(COMPLECTATION_ID, OPTION_MNEMONIC, OPTION_LABEL) VALUES (818, "5F", "MTM,5-SPEED FLOOR SHIFT");
INSERT INTO COMPLECTATION_OPTIONS(COMPLECTATION_ID, OPTION_MNEMONIC, OPTION_LABEL) VALUES (818, "XTR", "EXTRA CAB");
INSERT INTO COMPLECTATION_OPTIONS(COMPLECTATION_ID, OPTION_MNEMONIC, OPTION_LABEL) VALUES (818, "G", "G TYPE TRANSMISSION");
INSERT INTO COMPLECTATION_OPTIONS(COMPLECTATION_ID, OPTION_MNEMONIC, OPTION_LABEL) VALUES (818, "HLF", "0.5TONS");
INSERT INTO COMPLECTATION_OPTIONS(COMPLECTATION_ID, OPTION_MNEMONIC, OPTION_LABEL) VALUES (818, "ST", "SINGLE TIRE");
INSERT INTO COMPLECTATION_OPTIONS(COMPLECTATION_ID, OPTION_MNEMONIC, OPTION_LABEL) VALUES (818, "USA", "UNITED STATES OF AMERICA");
INSERT INTO COMPLECTATION_OPTIONS(COMPLECTATION_ID, OPTION_MNEMONIC, OPTION_LABEL) VALUES (818, "CBR", "CARBURETOR SYSTEM");
INSERT INTO COMPLECTATION_OPTIONS(COMPLECTATION_ID, OPTION_MNEMONIC, OPTION_LABEL) VALUES (818, "IV", "INCOMPLETE VEHICLES (CHASSIS & CAB)");
INSERT INTO COMPLECTATION(ID, FRAME_ID, NAME, URL, ENGINE_MNEMONIC, ENGINE_LABEL, PRODUCTION_PERIOD, BODY_MNEMONIC, BODY_LABEL, GRADE_MNEMONIC, GRADE_LABEL, TRANSMISSION_MNEMONIC, TRANSMISSION_LABEL) VALUES (819, 102, "RN70L-LRCA", "https://toyota-usa.epc-data.com/4runner/rn70l/2697/", "22R", "2400CC", "08.1987 - 08.1988", "T1", "TRUCK(STANDARD DECK 1-SIDE OPEN)", "STD", "STANDARD TYPE", "MTM", "MANUAL TRANSMISSION");
INSERT INTO COMPLECTATION_OPTIONS(COMPLECTATION_ID, OPTION_MNEMONIC, OPTION_LABEL) VALUES (819, "5F", "MTM,5-SPEED FLOOR SHIFT");
INSERT INTO COMPLECTATION_OPTIONS(COMPLECTATION_ID, OPTION_MNEMONIC, OPTION_LABEL) VALUES (819, "XTR", "EXTRA CAB");
INSERT INTO COMPLECTATION_OPTIONS(COMPLECTATION_ID, OPTION_MNEMONIC, OPTION_LABEL) VALUES (819, "G", "G TYPE TRANSMISSION");
INSERT INTO COMPLECTATION_OPTIONS(COMPLECTATION_ID, OPTION_MNEMONIC, OPTION_LABEL) VALUES (819, "HLF", "0.5TONS");
INSERT INTO COMPLECTATION_OPTIONS(COMPLECTATION_ID, OPTION_MNEMONIC, OPTION_LABEL) VALUES (819, "ST", "SINGLE TIRE");
INSERT INTO COMPLECTATION_OPTIONS(COMPLECTATION_ID, OPTION_MNEMONIC, OPTION_LABEL) VALUES (819, "USA", "UNITED STATES OF AMERICA");
INSERT INTO COMPLECTATION_OPTIONS(COMPLECTATION_ID, OPTION_MNEMONIC, OPTION_LABEL) VALUES (819, "CBR", "CARBURETOR SYSTEM");
INSERT INTO COMPLECTATION_OPTIONS(COMPLECTATION_ID, OPTION_MNEMONIC, OPTION_LABEL) VALUES (819, "CBU", "COMPLETELY BUILT UNIT");
INSERT INTO COMPLECTATION(ID, FRAME_ID, NAME, URL, ENGINE_MNEMONIC, ENGINE_LABEL, PRODUCTION_PERIOD, BODY_MNEMONIC, BODY_LABEL, GRADE_MNEMONIC, GRADE_LABEL, TRANSMISSION_MNEMONIC, TRANSMISSION_LABEL) VALUES (820, 102, "RN70L-LRCA3", "https://toyota-usa.epc-data.com/4runner/rn70l/2698/", "22R", "2400CC", "08.1987 - 08.1988", "T1", "TRUCK(STANDARD DECK 1-SIDE OPEN)", "STD", "STANDARD TYPE", "MTM", "MANUAL TRANSMISSION");
INSERT INTO COMPLECTATION_OPTIONS(COMPLECTATION_ID, OPTION_MNEMONIC, OPTION_LABEL) VALUES (820, "5F", "MTM,5-SPEED FLOOR SHIFT");
INSERT INTO COMPLECTATION_OPTIONS(COMPLECTATION_ID, OPTION_MNEMONIC, OPTION_LABEL) VALUES (820, "XTR", "EXTRA CAB");
INSERT INTO COMPLECTATION_OPTIONS(COMPLECTATION_ID, OPTION_MNEMONIC, OPTION_LABEL) VALUES (820, "G", "G TYPE TRANSMISSION");
INSERT INTO COMPLECTATION_OPTIONS(COMPLECTATION_ID, OPTION_MNEMONIC, OPTION_LABEL) VALUES (820, "HLF", "0.5TONS");
INSERT INTO COMPLECTATION_OPTIONS(COMPLECTATION_ID, OPTION_MNEMONIC, OPTION_LABEL) VALUES (820, "ST", "SINGLE TIRE");
INSERT INTO COMPLECTATION_OPTIONS(COMPLECTATION_ID, OPTION_MNEMONIC, OPTION_LABEL) VALUES (820, "USA", "UNITED STATES OF AMERICA");
INSERT INTO COMPLECTATION_OPTIONS(COMPLECTATION_ID, OPTION_MNEMONIC, OPTION_LABEL) VALUES (820, "CBR", "CARBURETOR SYSTEM");
INSERT INTO COMPLECTATION_OPTIONS(COMPLECTATION_ID, OPTION_MNEMONIC, OPTION_LABEL) VALUES (820, "IV", "INCOMPLETE VEHICLES (CHASSIS & CAB)");
INSERT INTO COMPLECTATION(ID, FRAME_ID, NAME, URL, ENGINE_MNEMONIC, ENGINE_LABEL, PRODUCTION_PERIOD, BODY_MNEMONIC, BODY_LABEL, GRADE_MNEMONIC, GRADE_LABEL, TRANSMISSION_MNEMONIC, TRANSMISSION_LABEL) VALUES (821, 102, "RN70L-MDCA", "https://toyota-usa.epc-data.com/4runner/rn70l/2690/", "22R", "2400CC", "08.1985 - 08.1987", "T1", "TRUCK(STANDARD DECK 1-SIDE OPEN)", "DLX", "DELUXE TYPE", "MTM", "MANUAL TRANSMISSION");
INSERT INTO COMPLECTATION_OPTIONS(COMPLECTATION_ID, OPTION_MNEMONIC, OPTION_LABEL) VALUES (821, "5F", "MTM,5-SPEED FLOOR SHIFT");
INSERT INTO COMPLECTATION_OPTIONS(COMPLECTATION_ID, OPTION_MNEMONIC, OPTION_LABEL) VALUES (821, "XTR", "EXTRA CAB");
INSERT INTO COMPLECTATION_OPTIONS(COMPLECTATION_ID, OPTION_MNEMONIC, OPTION_LABEL) VALUES (821, "W", "W TYPE TRANSMISSION");
INSERT INTO COMPLECTATION_OPTIONS(COMPLECTATION_ID, OPTION_MNEMONIC, OPTION_LABEL) VALUES (821, "HLF", "0.5TONS");
INSERT INTO COMPLECTATION_OPTIONS(COMPLECTATION_ID, OPTION_MNEMONIC, OPTION_LABEL) VALUES (821, "ST", "SINGLE TIRE");
INSERT INTO COMPLECTATION_OPTIONS(COMPLECTATION_ID, OPTION_MNEMONIC, OPTION_LABEL) VALUES (821, "USA", "UNITED STATES OF AMERICA");
INSERT INTO COMPLECTATION_OPTIONS(COMPLECTATION_ID, OPTION_MNEMONIC, OPTION_LABEL) VALUES (821, "CBR", "CARBURETOR SYSTEM");
INSERT INTO COMPLECTATION_OPTIONS(COMPLECTATION_ID, OPTION_MNEMONIC, OPTION_LABEL) VALUES (821, "CBU", "COMPLETELY BUILT UNIT");
INSERT INTO COMPLECTATION(ID, FRAME_ID, NAME, URL, ENGINE_MNEMONIC, ENGINE_LABEL, PRODUCTION_PERIOD, BODY_MNEMONIC, BODY_LABEL, GRADE_MNEMONIC, GRADE_LABEL, TRANSMISSION_MNEMONIC, TRANSMISSION_LABEL) VALUES (822, 102, "RN70L-MDCA3", "https://toyota-usa.epc-data.com/4runner/rn70l/2691/", "22R", "2400CC", "08.1985 - 08.1988", "T1", "TRUCK(STANDARD DECK 1-SIDE OPEN)", "DLX", "DELUXE TYPE", "MTM", "MANUAL TRANSMISSION");
INSERT INTO COMPLECTATION_OPTIONS(COMPLECTATION_ID, OPTION_MNEMONIC, OPTION_LABEL) VALUES (822, "5F", "MTM,5-SPEED FLOOR SHIFT");
INSERT INTO COMPLECTATION_OPTIONS(COMPLECTATION_ID, OPTION_MNEMONIC, OPTION_LABEL) VALUES (822, "XTR", "EXTRA CAB");
INSERT INTO COMPLECTATION_OPTIONS(COMPLECTATION_ID, OPTION_MNEMONIC, OPTION_LABEL) VALUES (822, "W", "W TYPE TRANSMISSION");
INSERT INTO COMPLECTATION_OPTIONS(COMPLECTATION_ID, OPTION_MNEMONIC, OPTION_LABEL) VALUES (822, "HLF", "0.5TONS");
INSERT INTO COMPLECTATION_OPTIONS(COMPLECTATION_ID, OPTION_MNEMONIC, OPTION_LABEL) VALUES (822, "ST", "SINGLE TIRE");
INSERT INTO COMPLECTATION_OPTIONS(COMPLECTATION_ID, OPTION_MNEMONIC, OPTION_LABEL) VALUES (822, "USA", "UNITED STATES OF AMERICA");
INSERT INTO COMPLECTATION_OPTIONS(COMPLECTATION_ID, OPTION_MNEMONIC, OPTION_LABEL) VALUES (822, "CBR", "CARBURETOR SYSTEM");
INSERT INTO COMPLECTATION_OPTIONS(COMPLECTATION_ID, OPTION_MNEMONIC, OPTION_LABEL) VALUES (822, "IV", "INCOMPLETE VEHICLES (CHASSIS & CAB)");
INSERT INTO COMPLECTATION(ID, FRAME_ID, NAME, URL, ENGINE_MNEMONIC, ENGINE_LABEL, PRODUCTION_PERIOD, BODY_MNEMONIC, BODY_LABEL, GRADE_MNEMONIC, GRADE_LABEL, TRANSMISSION_MNEMONIC, TRANSMISSION_LABEL) VALUES (823, 102, "RN70L-MDCK", "https://toyota-usa.epc-data.com/4runner/rn70l/2692/", "22R", "2400CC", "08.1985 - 08.1986", "T1", "TRUCK(STANDARD DECK 1-SIDE OPEN)", "DLX", "DELUXE TYPE", "MTM", "MANUAL TRANSMISSION");
INSERT INTO COMPLECTATION_OPTIONS(COMPLECTATION_ID, OPTION_MNEMONIC, OPTION_LABEL) VALUES (823, "5F", "MTM,5-SPEED FLOOR SHIFT");
INSERT INTO COMPLECTATION_OPTIONS(COMPLECTATION_ID, OPTION_MNEMONIC, OPTION_LABEL) VALUES (823, "XTR", "EXTRA CAB");
INSERT INTO COMPLECTATION_OPTIONS(COMPLECTATION_ID, OPTION_MNEMONIC, OPTION_LABEL) VALUES (823, "W", "W TYPE TRANSMISSION");
INSERT INTO COMPLECTATION_OPTIONS(COMPLECTATION_ID, OPTION_MNEMONIC, OPTION_LABEL) VALUES (823, "HLF", "0.5TONS");
INSERT INTO COMPLECTATION_OPTIONS(COMPLECTATION_ID, OPTION_MNEMONIC, OPTION_LABEL) VALUES (823, "ST", "SINGLE TIRE");
INSERT INTO COMPLECTATION_OPTIONS(COMPLECTATION_ID, OPTION_MNEMONIC, OPTION_LABEL) VALUES (823, "CND", "CANADA");
INSERT INTO COMPLECTATION_OPTIONS(COMPLECTATION_ID, OPTION_MNEMONIC, OPTION_LABEL) VALUES (823, "CBR", "CARBURETOR SYSTEM");
INSERT INTO COMPLECTATION_OPTIONS(COMPLECTATION_ID, OPTION_MNEMONIC, OPTION_LABEL) VALUES (823, "CBU", "COMPLETELY BUILT UNIT");
INSERT INTO COMPLECTATION(ID, FRAME_ID, NAME, URL, ENGINE_MNEMONIC, ENGINE_LABEL, PRODUCTION_PERIOD, BODY_MNEMONIC, BODY_LABEL, GRADE_MNEMONIC, GRADE_LABEL, TRANSMISSION_MNEMONIC, TRANSMISSION_LABEL) VALUES (824, 102, "RN70L-MRCA", "https://toyota-usa.epc-data.com/4runner/rn70l/2699/", "22R", "2400CC", "08.1986 - 08.1987", "T1", "TRUCK(STANDARD DECK 1-SIDE OPEN)", "STD", "STANDARD TYPE", "MTM", "MANUAL TRANSMISSION");
INSERT INTO COMPLECTATION_OPTIONS(COMPLECTATION_ID, OPTION_MNEMONIC, OPTION_LABEL) VALUES (824, "5F", "MTM,5-SPEED FLOOR SHIFT");
INSERT INTO COMPLECTATION_OPTIONS(COMPLECTATION_ID, OPTION_MNEMONIC, OPTION_LABEL) VALUES (824, "XTR", "EXTRA CAB");
INSERT INTO COMPLECTATION_OPTIONS(COMPLECTATION_ID, OPTION_MNEMONIC, OPTION_LABEL) VALUES (824, "W", "W TYPE TRANSMISSION");
INSERT INTO COMPLECTATION_OPTIONS(COMPLECTATION_ID, OPTION_MNEMONIC, OPTION_LABEL) VALUES (824, "HLF", "0.5TONS");
INSERT INTO COMPLECTATION_OPTIONS(COMPLECTATION_ID, OPTION_MNEMONIC, OPTION_LABEL) VALUES (824, "ST", "SINGLE TIRE");
INSERT INTO COMPLECTATION_OPTIONS(COMPLECTATION_ID, OPTION_MNEMONIC, OPTION_LABEL) VALUES (824, "USA", "UNITED STATES OF AMERICA");
INSERT INTO COMPLECTATION_OPTIONS(COMPLECTATION_ID, OPTION_MNEMONIC, OPTION_LABEL) VALUES (824, "CBR", "CARBURETOR SYSTEM");
INSERT INTO COMPLECTATION_OPTIONS(COMPLECTATION_ID, OPTION_MNEMONIC, OPTION_LABEL) VALUES (824, "CBU", "COMPLETELY BUILT UNIT");
INSERT INTO COMPLECTATION(ID, FRAME_ID, NAME, URL, ENGINE_MNEMONIC, ENGINE_LABEL, PRODUCTION_PERIOD, BODY_MNEMONIC, BODY_LABEL, GRADE_MNEMONIC, GRADE_LABEL, TRANSMISSION_MNEMONIC, TRANSMISSION_LABEL) VALUES (825, 102, "RN70L-MRCA3", "https://toyota-usa.epc-data.com/4runner/rn70l/2700/", "22R", "2400CC", "08.1987 - 08.1988", "T1", "TRUCK(STANDARD DECK 1-SIDE OPEN)", "STD", "STANDARD TYPE", "MTM", "MANUAL TRANSMISSION");
INSERT INTO COMPLECTATION_OPTIONS(COMPLECTATION_ID, OPTION_MNEMONIC, OPTION_LABEL) VALUES (825, "5F", "MTM,5-SPEED FLOOR SHIFT");
INSERT INTO COMPLECTATION_OPTIONS(COMPLECTATION_ID, OPTION_MNEMONIC, OPTION_LABEL) VALUES (825, "XTR", "EXTRA CAB");
INSERT INTO COMPLECTATION_OPTIONS(COMPLECTATION_ID, OPTION_MNEMONIC, OPTION_LABEL) VALUES (825, "W", "W TYPE TRANSMISSION");
INSERT INTO COMPLECTATION_OPTIONS(COMPLECTATION_ID, OPTION_MNEMONIC, OPTION_LABEL) VALUES (825, "HLF", "0.5TONS");
INSERT INTO COMPLECTATION_OPTIONS(COMPLECTATION_ID, OPTION_MNEMONIC, OPTION_LABEL) VALUES (825, "ST", "SINGLE TIRE");
INSERT INTO COMPLECTATION_OPTIONS(COMPLECTATION_ID, OPTION_MNEMONIC, OPTION_LABEL) VALUES (825, "USA", "UNITED STATES OF AMERICA");
INSERT INTO COMPLECTATION_OPTIONS(COMPLECTATION_ID, OPTION_MNEMONIC, OPTION_LABEL) VALUES (825, "CBR", "CARBURETOR SYSTEM");
INSERT INTO COMPLECTATION_OPTIONS(COMPLECTATION_ID, OPTION_MNEMONIC, OPTION_LABEL) VALUES (825, "IV", "INCOMPLETE VEHICLES (CHASSIS & CAB)");
INSERT INTO COMPLECTATION(ID, FRAME_ID, NAME, URL, ENGINE_MNEMONIC, ENGINE_LABEL, PRODUCTION_PERIOD, BODY_MNEMONIC, BODY_LABEL, GRADE_MNEMONIC, GRADE_LABEL, TRANSMISSION_MNEMONIC, TRANSMISSION_LABEL) VALUES (826, 102, "RN70L-MRCK", "https://toyota-usa.epc-data.com/4runner/rn70l/2701/", "22R", "2400CC", "08.1986 - 08.1988", "T1", "TRUCK(STANDARD DECK 1-SIDE OPEN)", "STD", "STANDARD TYPE", "MTM", "MANUAL TRANSMISSION");
INSERT INTO COMPLECTATION_OPTIONS(COMPLECTATION_ID, OPTION_MNEMONIC, OPTION_LABEL) VALUES (826, "5F", "MTM,5-SPEED FLOOR SHIFT");
INSERT INTO COMPLECTATION_OPTIONS(COMPLECTATION_ID, OPTION_MNEMONIC, OPTION_LABEL) VALUES (826, "XTR", "EXTRA CAB");
INSERT INTO COMPLECTATION_OPTIONS(COMPLECTATION_ID, OPTION_MNEMONIC, OPTION_LABEL) VALUES (826, "G", "G TYPE TRANSMISSION");
INSERT INTO COMPLECTATION_OPTIONS(COMPLECTATION_ID, OPTION_MNEMONIC, OPTION_LABEL) VALUES (826, "HLF", "0.5TONS");
INSERT INTO COMPLECTATION_OPTIONS(COMPLECTATION_ID, OPTION_MNEMONIC, OPTION_LABEL) VALUES (826, "ST", "SINGLE TIRE");
INSERT INTO COMPLECTATION_OPTIONS(COMPLECTATION_ID, OPTION_MNEMONIC, OPTION_LABEL) VALUES (826, "CND", "CANADA");
INSERT INTO COMPLECTATION_OPTIONS(COMPLECTATION_ID, OPTION_MNEMONIC, OPTION_LABEL) VALUES (826, "CBR", "CARBURETOR SYSTEM");
INSERT INTO COMPLECTATION_OPTIONS(COMPLECTATION_ID, OPTION_MNEMONIC, OPTION_LABEL) VALUES (826, "CBU", "COMPLETELY BUILT UNIT");
INSERT INTO COMPLECTATION(ID, FRAME_ID, NAME, URL, ENGINE_MNEMONIC, ENGINE_LABEL, PRODUCTION_PERIOD, BODY_MNEMONIC, BODY_LABEL, GRADE_MNEMONIC, GRADE_LABEL, TRANSMISSION_MNEMONIC, TRANSMISSION_LABEL) VALUES (827, 102, "RN70L-SDCA", "https://toyota-usa.epc-data.com/4runner/rn70l/2693/", "22R", "2400CC", "08.1985 - 08.1986", "T1", "TRUCK(STANDARD DECK 1-SIDE OPEN)", "DLX", "DELUXE TYPE", "ATM", "AUTOMATIC TRANSMISSION");
INSERT INTO COMPLECTATION_OPTIONS(COMPLECTATION_ID, OPTION_MNEMONIC, OPTION_LABEL) VALUES (827, "4HC", "ATM,4-SPEED COLUMN SHIFT");
INSERT INTO COMPLECTATION_OPTIONS(COMPLECTATION_ID, OPTION_MNEMONIC, OPTION_LABEL) VALUES (827, "XTR", "EXTRA CAB");
INSERT INTO COMPLECTATION_OPTIONS(COMPLECTATION_ID, OPTION_MNEMONIC, OPTION_LABEL) VALUES (827, "HLF", "0.5TONS");
INSERT INTO COMPLECTATION_OPTIONS(COMPLECTATION_ID, OPTION_MNEMONIC, OPTION_LABEL) VALUES (827, "ST", "SINGLE TIRE");
INSERT INTO COMPLECTATION_OPTIONS(COMPLECTATION_ID, OPTION_MNEMONIC, OPTION_LABEL) VALUES (827, "USA", "UNITED STATES OF AMERICA");
INSERT INTO COMPLECTATION_OPTIONS(COMPLECTATION_ID, OPTION_MNEMONIC, OPTION_LABEL) VALUES (827, "CBR", "CARBURETOR SYSTEM");
INSERT INTO COMPLECTATION_OPTIONS(COMPLECTATION_ID, OPTION_MNEMONIC, OPTION_LABEL) VALUES (827, "CBU", "COMPLETELY BUILT UNIT");
INSERT INTO COMPLECTATION(ID, FRAME_ID, NAME, URL, ENGINE_MNEMONIC, ENGINE_LABEL, PRODUCTION_PERIOD, BODY_MNEMONIC, BODY_LABEL, GRADE_MNEMONIC, GRADE_LABEL, TRANSMISSION_MNEMONIC, TRANSMISSION_LABEL) VALUES (828, 102, "RN70L-SDCA3", "https://toyota-usa.epc-data.com/4runner/rn70l/2694/", "22R", "2400CC", "08.1985 - 08.1987", "T1", "TRUCK(STANDARD DECK 1-SIDE OPEN)", "DLX", "DELUXE TYPE", "ATM", "AUTOMATIC TRANSMISSION");
INSERT INTO COMPLECTATION_OPTIONS(COMPLECTATION_ID, OPTION_MNEMONIC, OPTION_LABEL) VALUES (828, "4HC", "ATM,4-SPEED COLUMN SHIFT");
INSERT INTO COMPLECTATION_OPTIONS(COMPLECTATION_ID, OPTION_MNEMONIC, OPTION_LABEL) VALUES (828, "XTR", "EXTRA CAB");
INSERT INTO COMPLECTATION_OPTIONS(COMPLECTATION_ID, OPTION_MNEMONIC, OPTION_LABEL) VALUES (828, "HLF", "0.5TONS");
INSERT INTO COMPLECTATION_OPTIONS(COMPLECTATION_ID, OPTION_MNEMONIC, OPTION_LABEL) VALUES (828, "ST", "SINGLE TIRE");
INSERT INTO COMPLECTATION_OPTIONS(COMPLECTATION_ID, OPTION_MNEMONIC, OPTION_LABEL) VALUES (828, "USA", "UNITED STATES OF AMERICA");
INSERT INTO COMPLECTATION_OPTIONS(COMPLECTATION_ID, OPTION_MNEMONIC, OPTION_LABEL) VALUES (828, "CBR", "CARBURETOR SYSTEM");
INSERT INTO COMPLECTATION_OPTIONS(COMPLECTATION_ID, OPTION_MNEMONIC, OPTION_LABEL) VALUES (828, "IV", "INCOMPLETE VEHICLES (CHASSIS & CAB)");
INSERT INTO COMPLECTATION(ID, FRAME_ID, NAME, URL, ENGINE_MNEMONIC, ENGINE_LABEL, PRODUCTION_PERIOD, BODY_MNEMONIC, BODY_LABEL, GRADE_MNEMONIC, GRADE_LABEL, TRANSMISSION_MNEMONIC, TRANSMISSION_LABEL) VALUES (829, 102, "RN70L-SDCEA3", "https://toyota-usa.epc-data.com/4runner/rn70l/2696/", "22REC", "2400CC EFI", "08.1987 - 08.1988", "T1", "TRUCK(STANDARD DECK 1-SIDE OPEN)", "DLX", "DELUXE TYPE", "ATM", "AUTOMATIC TRANSMISSION");
INSERT INTO COMPLECTATION_OPTIONS(COMPLECTATION_ID, OPTION_MNEMONIC, OPTION_LABEL) VALUES (829, "4HC", "ATM,4-SPEED COLUMN SHIFT");
INSERT INTO COMPLECTATION_OPTIONS(COMPLECTATION_ID, OPTION_MNEMONIC, OPTION_LABEL) VALUES (829, "XTR", "EXTRA CAB");
INSERT INTO COMPLECTATION_OPTIONS(COMPLECTATION_ID, OPTION_MNEMONIC, OPTION_LABEL) VALUES (829, "HLF", "0.5TONS");
INSERT INTO COMPLECTATION_OPTIONS(COMPLECTATION_ID, OPTION_MNEMONIC, OPTION_LABEL) VALUES (829, "ST", "SINGLE TIRE");
INSERT INTO COMPLECTATION_OPTIONS(COMPLECTATION_ID, OPTION_MNEMONIC, OPTION_LABEL) VALUES (829, "USA", "UNITED STATES OF AMERICA");
INSERT INTO COMPLECTATION_OPTIONS(COMPLECTATION_ID, OPTION_MNEMONIC, OPTION_LABEL) VALUES (829, "EFI", "ELECTRIC FUEL INJECTION SYSTEM");
INSERT INTO COMPLECTATION_OPTIONS(COMPLECTATION_ID, OPTION_MNEMONIC, OPTION_LABEL) VALUES (829, "IV", "INCOMPLETE VEHICLES (CHASSIS & CAB)");
INSERT INTO COMPLECTATION(ID, FRAME_ID, NAME, URL, ENGINE_MNEMONIC, ENGINE_LABEL, PRODUCTION_PERIOD, BODY_MNEMONIC, BODY_LABEL, GRADE_MNEMONIC, GRADE_LABEL, TRANSMISSION_MNEMONIC, TRANSMISSION_LABEL) VALUES (830, 102, "RN70L-SDCK", "https://toyota-usa.epc-data.com/4runner/rn70l/2695/", "22R", "2400CC", "08.1985 - 08.1986", "T1", "TRUCK(STANDARD DECK 1-SIDE OPEN)", "DLX", "DELUXE TYPE", "ATM", "AUTOMATIC TRANSMISSION");
INSERT INTO COMPLECTATION_OPTIONS(COMPLECTATION_ID, OPTION_MNEMONIC, OPTION_LABEL) VALUES (830, "4HC", "ATM,4-SPEED COLUMN SHIFT");
INSERT INTO COMPLECTATION_OPTIONS(COMPLECTATION_ID, OPTION_MNEMONIC, OPTION_LABEL) VALUES (830, "XTR", "EXTRA CAB");
INSERT INTO COMPLECTATION_OPTIONS(COMPLECTATION_ID, OPTION_MNEMONIC, OPTION_LABEL) VALUES (830, "HLF", "0.5TONS");
INSERT INTO COMPLECTATION_OPTIONS(COMPLECTATION_ID, OPTION_MNEMONIC, OPTION_LABEL) VALUES (830, "ST", "SINGLE TIRE");
INSERT INTO COMPLECTATION_OPTIONS(COMPLECTATION_ID, OPTION_MNEMONIC, OPTION_LABEL) VALUES (830, "CND", "CANADA");
INSERT INTO COMPLECTATION_OPTIONS(COMPLECTATION_ID, OPTION_MNEMONIC, OPTION_LABEL) VALUES (830, "CBR", "CARBURETOR SYSTEM");
INSERT INTO COMPLECTATION_OPTIONS(COMPLECTATION_ID, OPTION_MNEMONIC, OPTION_LABEL) VALUES (830, "CBU", "COMPLETELY BUILT UNIT");
INSERT INTO COMPLECTATION(ID, FRAME_ID, NAME, URL, ENGINE_MNEMONIC, ENGINE_LABEL, PRODUCTION_PERIOD, BODY_MNEMONIC, BODY_LABEL, GRADE_MNEMONIC, GRADE_LABEL, TRANSMISSION_MNEMONIC, TRANSMISSION_LABEL) VALUES (831, 102, "RN70L-SRCA", "https://toyota-usa.epc-data.com/4runner/rn70l/2702/", "22R", "2400CC", "08.1986 - 08.1987", "T1", "TRUCK(STANDARD DECK 1-SIDE OPEN)", "STD", "STANDARD TYPE", "ATM", "AUTOMATIC TRANSMISSION");
INSERT INTO COMPLECTATION_OPTIONS(COMPLECTATION_ID, OPTION_MNEMONIC, OPTION_LABEL) VALUES (831, "4HC", "ATM,4-SPEED COLUMN SHIFT");
INSERT INTO COMPLECTATION_OPTIONS(COMPLECTATION_ID, OPTION_MNEMONIC, OPTION_LABEL) VALUES (831, "XTR", "EXTRA CAB");
INSERT INTO COMPLECTATION_OPTIONS(COMPLECTATION_ID, OPTION_MNEMONIC, OPTION_LABEL) VALUES (831, "W", "W TYPE TRANSMISSION");
INSERT INTO COMPLECTATION_OPTIONS(COMPLECTATION_ID, OPTION_MNEMONIC, OPTION_LABEL) VALUES (831, "HLF", "0.5TONS");
INSERT INTO COMPLECTATION_OPTIONS(COMPLECTATION_ID, OPTION_MNEMONIC, OPTION_LABEL) VALUES (831, "ST", "SINGLE TIRE");
INSERT INTO COMPLECTATION_OPTIONS(COMPLECTATION_ID, OPTION_MNEMONIC, OPTION_LABEL) VALUES (831, "USA", "UNITED STATES OF AMERICA");
INSERT INTO COMPLECTATION_OPTIONS(COMPLECTATION_ID, OPTION_MNEMONIC, OPTION_LABEL) VALUES (831, "CBR", "CARBURETOR SYSTEM");
INSERT INTO COMPLECTATION_OPTIONS(COMPLECTATION_ID, OPTION_MNEMONIC, OPTION_LABEL) VALUES (831, "CBU", "COMPLETELY BUILT UNIT");
INSERT INTO COMPLECTATION(ID, FRAME_ID, NAME, URL, ENGINE_MNEMONIC, ENGINE_LABEL, PRODUCTION_PERIOD, BODY_MNEMONIC, BODY_LABEL, GRADE_MNEMONIC, GRADE_LABEL, TRANSMISSION_MNEMONIC, TRANSMISSION_LABEL) VALUES (832, 102, "RN70L-SRCEA", "https://toyota-usa.epc-data.com/4runner/rn70l/2686/", "22REC", "2400CC EFI", "08.1987 - 08.1988", "T1", "TRUCK(STANDARD DECK 1-SIDE OPEN)", "STD", "STANDARD TYPE", "ATM", "AUTOMATIC TRANSMISSION");
INSERT INTO COMPLECTATION_OPTIONS(COMPLECTATION_ID, OPTION_MNEMONIC, OPTION_LABEL) VALUES (832, "4HC", "ATM,4-SPEED COLUMN SHIFT");
INSERT INTO COMPLECTATION_OPTIONS(COMPLECTATION_ID, OPTION_MNEMONIC, OPTION_LABEL) VALUES (832, "XTR", "EXTRA CAB");
INSERT INTO COMPLECTATION_OPTIONS(COMPLECTATION_ID, OPTION_MNEMONIC, OPTION_LABEL) VALUES (832, "W", "W TYPE TRANSMISSION");
INSERT INTO COMPLECTATION_OPTIONS(COMPLECTATION_ID, OPTION_MNEMONIC, OPTION_LABEL) VALUES (832, "HLF", "0.5TONS");
INSERT INTO COMPLECTATION_OPTIONS(COMPLECTATION_ID, OPTION_MNEMONIC, OPTION_LABEL) VALUES (832, "ST", "SINGLE TIRE");
INSERT INTO COMPLECTATION_OPTIONS(COMPLECTATION_ID, OPTION_MNEMONIC, OPTION_LABEL) VALUES (832, "USA", "UNITED STATES OF AMERICA");
INSERT INTO COMPLECTATION_OPTIONS(COMPLECTATION_ID, OPTION_MNEMONIC, OPTION_LABEL) VALUES (832, "EFI", "ELECTRIC FUEL INJECTION SYSTEM");
INSERT INTO COMPLECTATION_OPTIONS(COMPLECTATION_ID, OPTION_MNEMONIC, OPTION_LABEL) VALUES (832, "CBU", "COMPLETELY BUILT UNIT");
INSERT INTO COMPLECTATION(ID, FRAME_ID, NAME, URL, ENGINE_MNEMONIC, ENGINE_LABEL, PRODUCTION_PERIOD, BODY_MNEMONIC, BODY_LABEL, GRADE_MNEMONIC, GRADE_LABEL, TRANSMISSION_MNEMONIC, TRANSMISSION_LABEL) VALUES (833, 102, "RN70L-SRCEA3", "https://toyota-usa.epc-data.com/4runner/rn70l/2687/", "22REC", "2400CC EFI", "08.1987 - 08.1988", "T1", "TRUCK(STANDARD DECK 1-SIDE OPEN)", "STD", "STANDARD TYPE", "ATM", "AUTOMATIC TRANSMISSION");
INSERT INTO COMPLECTATION_OPTIONS(COMPLECTATION_ID, OPTION_MNEMONIC, OPTION_LABEL) VALUES (833, "4HC", "ATM,4-SPEED COLUMN SHIFT");
INSERT INTO COMPLECTATION_OPTIONS(COMPLECTATION_ID, OPTION_MNEMONIC, OPTION_LABEL) VALUES (833, "XTR", "EXTRA CAB");
INSERT INTO COMPLECTATION_OPTIONS(COMPLECTATION_ID, OPTION_MNEMONIC, OPTION_LABEL) VALUES (833, "HLF", "0.5TONS");
INSERT INTO COMPLECTATION_OPTIONS(COMPLECTATION_ID, OPTION_MNEMONIC, OPTION_LABEL) VALUES (833, "ST", "SINGLE TIRE");
INSERT INTO COMPLECTATION_OPTIONS(COMPLECTATION_ID, OPTION_MNEMONIC, OPTION_LABEL) VALUES (833, "USA", "UNITED STATES OF AMERICA");
INSERT INTO COMPLECTATION_OPTIONS(COMPLECTATION_ID, OPTION_MNEMONIC, OPTION_LABEL) VALUES (833, "EFI", "ELECTRIC FUEL INJECTION SYSTEM");
INSERT INTO COMPLECTATION_OPTIONS(COMPLECTATION_ID, OPTION_MNEMONIC, OPTION_LABEL) VALUES (833, "IV", "INCOMPLETE VEHICLES (CHASSIS & CAB)");
INSERT INTO COMPLECTATION(ID, FRAME_ID, NAME, URL, ENGINE_MNEMONIC, ENGINE_LABEL, PRODUCTION_PERIOD, BODY_MNEMONIC, BODY_LABEL, GRADE_MNEMONIC, GRADE_LABEL, TRANSMISSION_MNEMONIC, TRANSMISSION_LABEL) VALUES (834, 102, "RN70L-SRCEK", "https://toyota-usa.epc-data.com/4runner/rn70l/2688/", "22REC", "2400CC EFI", "08.1987 - 08.1988", "T1", "TRUCK(STANDARD DECK 1-SIDE OPEN)", "STD", "STANDARD TYPE", "ATM", "AUTOMATIC TRANSMISSION");
INSERT INTO COMPLECTATION_OPTIONS(COMPLECTATION_ID, OPTION_MNEMONIC, OPTION_LABEL) VALUES (834, "4HC", "ATM,4-SPEED COLUMN SHIFT");
INSERT INTO COMPLECTATION_OPTIONS(COMPLECTATION_ID, OPTION_MNEMONIC, OPTION_LABEL) VALUES (834, "XTR", "EXTRA CAB");
INSERT INTO COMPLECTATION_OPTIONS(COMPLECTATION_ID, OPTION_MNEMONIC, OPTION_LABEL) VALUES (834, "HLF", "0.5TONS");
INSERT INTO COMPLECTATION_OPTIONS(COMPLECTATION_ID, OPTION_MNEMONIC, OPTION_LABEL) VALUES (834, "ST", "SINGLE TIRE");
INSERT INTO COMPLECTATION_OPTIONS(COMPLECTATION_ID, OPTION_MNEMONIC, OPTION_LABEL) VALUES (834, "CND", "CANADA");
INSERT INTO COMPLECTATION_OPTIONS(COMPLECTATION_ID, OPTION_MNEMONIC, OPTION_LABEL) VALUES (834, "EFI", "ELECTRIC FUEL INJECTION SYSTEM");
INSERT INTO COMPLECTATION_OPTIONS(COMPLECTATION_ID, OPTION_MNEMONIC, OPTION_LABEL) VALUES (834, "CBU", "COMPLETELY BUILT UNIT");
INSERT INTO COMPLECTATION(ID, FRAME_ID, NAME, URL, ENGINE_MNEMONIC, ENGINE_LABEL, PRODUCTION_PERIOD, BODY_MNEMONIC, BODY_LABEL, GRADE_MNEMONIC, GRADE_LABEL, TRANSMISSION_MNEMONIC, TRANSMISSION_LABEL) VALUES (835, 102, "RN70L-SRCK", "https://toyota-usa.epc-data.com/4runner/rn70l/2703/", "22R", "2400CC", "08.1986 - 08.1987", "T1", "TRUCK(STANDARD DECK 1-SIDE OPEN)", "STD", "STANDARD TYPE", "ATM", "AUTOMATIC TRANSMISSION");
INSERT INTO COMPLECTATION_OPTIONS(COMPLECTATION_ID, OPTION_MNEMONIC, OPTION_LABEL) VALUES (835, "4HC", "ATM,4-SPEED COLUMN SHIFT");
INSERT INTO COMPLECTATION_OPTIONS(COMPLECTATION_ID, OPTION_MNEMONIC, OPTION_LABEL) VALUES (835, "XTR", "EXTRA CAB");
INSERT INTO COMPLECTATION_OPTIONS(COMPLECTATION_ID, OPTION_MNEMONIC, OPTION_LABEL) VALUES (835, "HLF", "0.5TONS");
INSERT INTO COMPLECTATION_OPTIONS(COMPLECTATION_ID, OPTION_MNEMONIC, OPTION_LABEL) VALUES (835, "ST", "SINGLE TIRE");
INSERT INTO COMPLECTATION_OPTIONS(COMPLECTATION_ID, OPTION_MNEMONIC, OPTION_LABEL) VALUES (835, "CND", "CANADA");
INSERT INTO COMPLECTATION_OPTIONS(COMPLECTATION_ID, OPTION_MNEMONIC, OPTION_LABEL) VALUES (835, "CBR", "CARBURETOR SYSTEM");
INSERT INTO COMPLECTATION_OPTIONS(COMPLECTATION_ID, OPTION_MNEMONIC, OPTION_LABEL) VALUES (835, "CBU", "COMPLETELY BUILT UNIT");
INSERT INTO FRAME(ID, MODEL_ID, NAME, URL) VALUES (103, 10, "RN75L", "https://toyota-usa.epc-data.com/4runner/rn75l");
INSERT INTO COMPLECTATION(ID, FRAME_ID, NAME, URL, ENGINE_MNEMONIC, ENGINE_LABEL, PRODUCTION_PERIOD, BODY_MNEMONIC, BODY_LABEL, GRADE_MNEMONIC, GRADE_LABEL, TRANSMISSION_MNEMONIC, TRANSMISSION_LABEL) VALUES (836, 103, "RN75L-KRTEA3W", "https://toyota-usa.epc-data.com/4runner/rn75l/2737/", "22REC", "2400CC EFI", "08.1985 - 08.1988", "T1", "TRUCK(STANDARD DECK 1-SIDE OPEN)", "STD", "STANDARD TYPE", "MTM", "MANUAL TRANSMISSION");
INSERT INTO COMPLECTATION_OPTIONS(COMPLECTATION_ID, OPTION_MNEMONIC, OPTION_LABEL) VALUES (836, "4F", "MTM,4-SPEED FLOOR SHIFT");
INSERT INTO COMPLECTATION_OPTIONS(COMPLECTATION_ID, OPTION_MNEMONIC, OPTION_LABEL) VALUES (836, "RCB", "REGULAR CAB");
INSERT INTO COMPLECTATION_OPTIONS(COMPLECTATION_ID, OPTION_MNEMONIC, OPTION_LABEL) VALUES (836, "W", "W TYPE TRANSMISSION");
INSERT INTO COMPLECTATION_OPTIONS(COMPLECTATION_ID, OPTION_MNEMONIC, OPTION_LABEL) VALUES (836, "HVY", "HEAVY");
INSERT INTO COMPLECTATION_OPTIONS(COMPLECTATION_ID, OPTION_MNEMONIC, OPTION_LABEL) VALUES (836, "WT", "DOUBLE TIRE");
INSERT INTO COMPLECTATION_OPTIONS(COMPLECTATION_ID, OPTION_MNEMONIC, OPTION_LABEL) VALUES (836, "USA", "UNITED STATES OF AMERICA");
INSERT INTO COMPLECTATION_OPTIONS(COMPLECTATION_ID, OPTION_MNEMONIC, OPTION_LABEL) VALUES (836, "EFI", "ELECTRIC FUEL INJECTION SYSTEM");
INSERT INTO COMPLECTATION_OPTIONS(COMPLECTATION_ID, OPTION_MNEMONIC, OPTION_LABEL) VALUES (836, "IV", "INCOMPLETE VEHICLES (CHASSIS & CAB)");
INSERT INTO COMPLECTATION(ID, FRAME_ID, NAME, URL, ENGINE_MNEMONIC, ENGINE_LABEL, PRODUCTION_PERIOD, BODY_MNEMONIC, BODY_LABEL, GRADE_MNEMONIC, GRADE_LABEL, TRANSMISSION_MNEMONIC, TRANSMISSION_LABEL) VALUES (837, 103, "RN75L-PDTEA3W", "https://toyota-usa.epc-data.com/4runner/rn75l/2738/", "22REC", "2400CC EFI", "08.1987 - 08.1988", "T1", "TRUCK(STANDARD DECK 1-SIDE OPEN)", "DLX", "DELUXE TYPE", "ATM", "AUTOMATIC TRANSMISSION");
INSERT INTO COMPLECTATION_OPTIONS(COMPLECTATION_ID, OPTION_MNEMONIC, OPTION_LABEL) VALUES (837, "4FC", "ATM,4-SPEED FLOOR SHIFT");
INSERT INTO COMPLECTATION_OPTIONS(COMPLECTATION_ID, OPTION_MNEMONIC, OPTION_LABEL) VALUES (837, "RCB", "REGULAR CAB");
INSERT INTO COMPLECTATION_OPTIONS(COMPLECTATION_ID, OPTION_MNEMONIC, OPTION_LABEL) VALUES (837, "HVY", "HEAVY");
INSERT INTO COMPLECTATION_OPTIONS(COMPLECTATION_ID, OPTION_MNEMONIC, OPTION_LABEL) VALUES (837, "WT", "DOUBLE TIRE");
INSERT INTO COMPLECTATION_OPTIONS(COMPLECTATION_ID, OPTION_MNEMONIC, OPTION_LABEL) VALUES (837, "USA", "UNITED STATES OF AMERICA");
INSERT INTO COMPLECTATION_OPTIONS(COMPLECTATION_ID, OPTION_MNEMONIC, OPTION_LABEL) VALUES (837, "EFI", "ELECTRIC FUEL INJECTION SYSTEM");
INSERT INTO COMPLECTATION_OPTIONS(COMPLECTATION_ID, OPTION_MNEMONIC, OPTION_LABEL) VALUES (837, "IV", "INCOMPLETE VEHICLES (CHASSIS & CAB)");
INSERT INTO COMPLECTATION(ID, FRAME_ID, NAME, URL, ENGINE_MNEMONIC, ENGINE_LABEL, PRODUCTION_PERIOD, BODY_MNEMONIC, BODY_LABEL, GRADE_MNEMONIC, GRADE_LABEL, TRANSMISSION_MNEMONIC, TRANSMISSION_LABEL) VALUES (838, 103, "RN75L-SDTEA3W", "https://toyota-usa.epc-data.com/4runner/rn75l/2739/", "22REC", "2400CC EFI", "08.1985 - 08.1987", "T1", "TRUCK(STANDARD DECK 1-SIDE OPEN)", "DLX", "DELUXE TYPE", "ATM", "AUTOMATIC TRANSMISSION");
INSERT INTO COMPLECTATION_OPTIONS(COMPLECTATION_ID, OPTION_MNEMONIC, OPTION_LABEL) VALUES (838, "4HC", "ATM,4-SPEED COLUMN SHIFT");
INSERT INTO COMPLECTATION_OPTIONS(COMPLECTATION_ID, OPTION_MNEMONIC, OPTION_LABEL) VALUES (838, "RCB", "REGULAR CAB");
INSERT INTO COMPLECTATION_OPTIONS(COMPLECTATION_ID, OPTION_MNEMONIC, OPTION_LABEL) VALUES (838, "HVY", "HEAVY");
INSERT INTO COMPLECTATION_OPTIONS(COMPLECTATION_ID, OPTION_MNEMONIC, OPTION_LABEL) VALUES (838, "WT", "DOUBLE TIRE");
INSERT INTO COMPLECTATION_OPTIONS(COMPLECTATION_ID, OPTION_MNEMONIC, OPTION_LABEL) VALUES (838, "USA", "UNITED STATES OF AMERICA");
INSERT INTO COMPLECTATION_OPTIONS(COMPLECTATION_ID, OPTION_MNEMONIC, OPTION_LABEL) VALUES (838, "EFI", "ELECTRIC FUEL INJECTION SYSTEM");
INSERT INTO COMPLECTATION_OPTIONS(COMPLECTATION_ID, OPTION_MNEMONIC, OPTION_LABEL) VALUES (838, "IV", "INCOMPLETE VEHICLES (CHASSIS & CAB)");
INSERT INTO COMPLECTATION(ID, FRAME_ID, NAME, URL, ENGINE_MNEMONIC, ENGINE_LABEL, PRODUCTION_PERIOD, BODY_MNEMONIC, BODY_LABEL, GRADE_MNEMONIC, GRADE_LABEL, TRANSMISSION_MNEMONIC, TRANSMISSION_LABEL) VALUES (839, 103, "RN75L-SDTEK3W", "https://toyota-usa.epc-data.com/4runner/rn75l/2740/", "22REC", "2400CC EFI", "08.1985 - 08.1988", "T1", "TRUCK(STANDARD DECK 1-SIDE OPEN)", "DLX", "DELUXE TYPE", "ATM", "AUTOMATIC TRANSMISSION");
INSERT INTO COMPLECTATION_OPTIONS(COMPLECTATION_ID, OPTION_MNEMONIC, OPTION_LABEL) VALUES (839, "4HC", "ATM,4-SPEED COLUMN SHIFT");
INSERT INTO COMPLECTATION_OPTIONS(COMPLECTATION_ID, OPTION_MNEMONIC, OPTION_LABEL) VALUES (839, "RCB", "REGULAR CAB");
INSERT INTO COMPLECTATION_OPTIONS(COMPLECTATION_ID, OPTION_MNEMONIC, OPTION_LABEL) VALUES (839, "HVY", "HEAVY");
INSERT INTO COMPLECTATION_OPTIONS(COMPLECTATION_ID, OPTION_MNEMONIC, OPTION_LABEL) VALUES (839, "WT", "DOUBLE TIRE");
INSERT INTO COMPLECTATION_OPTIONS(COMPLECTATION_ID, OPTION_MNEMONIC, OPTION_LABEL) VALUES (839, "CND", "CANADA");
INSERT INTO COMPLECTATION_OPTIONS(COMPLECTATION_ID, OPTION_MNEMONIC, OPTION_LABEL) VALUES (839, "EFI", "ELECTRIC FUEL INJECTION SYSTEM");
INSERT INTO COMPLECTATION_OPTIONS(COMPLECTATION_ID, OPTION_MNEMONIC, OPTION_LABEL) VALUES (839, "IV", "INCOMPLETE VEHICLES (CHASSIS & CAB)");
INSERT INTO FRAME(ID, MODEL_ID, NAME, URL) VALUES (104, 10, "RN80L", "https://toyota-usa.epc-data.com/4runner/rn80l");
INSERT INTO COMPLECTATION(ID, FRAME_ID, NAME, URL, ENGINE_MNEMONIC, ENGINE_LABEL, PRODUCTION_PERIOD, BODY_MNEMONIC, BODY_LABEL, GRADE_MNEMONIC, GRADE_LABEL, TRANSMISSION_MNEMONIC, TRANSMISSION_LABEL) VALUES (840, 104, "RN80L-TRKREA", "https://toyota-usa.epc-data.com/4runner/rn80l/3152/", "22RE", "2400CC EFI", "08.1989 - 08.1990", "", "", "STD", "STANDARD TYPE", "MTM", "MANUAL TRANSMISSION");
INSERT INTO COMPLECTATION_OPTIONS(COMPLECTATION_ID, OPTION_MNEMONIC, OPTION_LABEL) VALUES (840, "4F", "MTM,4-SPEED FLOOR SHIFT");
INSERT INTO COMPLECTATION_OPTIONS(COMPLECTATION_ID, OPTION_MNEMONIC, OPTION_LABEL) VALUES (840, "RCB", "REGULAR CAB");
INSERT INTO COMPLECTATION_OPTIONS(COMPLECTATION_ID, OPTION_MNEMONIC, OPTION_LABEL) VALUES (840, "ST", "SINGLE TIRE");
INSERT INTO COMPLECTATION_OPTIONS(COMPLECTATION_ID, OPTION_MNEMONIC, OPTION_LABEL) VALUES (840, "HLF", "0.5TONS");
INSERT INTO COMPLECTATION_OPTIONS(COMPLECTATION_ID, OPTION_MNEMONIC, OPTION_LABEL) VALUES (840, "W", "W TYPE TRANSMISSION");
INSERT INTO COMPLECTATION_OPTIONS(COMPLECTATION_ID, OPTION_MNEMONIC, OPTION_LABEL) VALUES (840, "EFI", "ELECTRIC FUEL INJECTION SYSTEM");
INSERT INTO COMPLECTATION_OPTIONS(COMPLECTATION_ID, OPTION_MNEMONIC, OPTION_LABEL) VALUES (840, "USA", "UNITED STATES OF AMERICA");
INSERT INTO COMPLECTATION_OPTIONS(COMPLECTATION_ID, OPTION_MNEMONIC, OPTION_LABEL) VALUES (840, "CBU", "COMPLETELY BUILT UNIT");
INSERT INTO COMPLECTATION_OPTIONS(COMPLECTATION_ID, OPTION_MNEMONIC, OPTION_LABEL) VALUES (840, "T1", "TRUCK(STANDARD DECK 1-SIDE OPEN)");
INSERT INTO COMPLECTATION_OPTIONS(COMPLECTATION_ID, OPTION_MNEMONIC, OPTION_LABEL) VALUES (840, "JPP", "JAPAN PRODUCT PARTS");
INSERT INTO COMPLECTATION(ID, FRAME_ID, NAME, URL, ENGINE_MNEMONIC, ENGINE_LABEL, PRODUCTION_PERIOD, BODY_MNEMONIC, BODY_LABEL, GRADE_MNEMONIC, GRADE_LABEL, TRANSMISSION_MNEMONIC, TRANSMISSION_LABEL) VALUES (841, 104, "RN80L-TRKRSA", "https://toyota-usa.epc-data.com/4runner/rn80l/3161/", "22R", "2400CC", "08.1988 - 08.1989", "", "", "STD", "STANDARD TYPE", "MTM", "MANUAL TRANSMISSION");
INSERT INTO COMPLECTATION_OPTIONS(COMPLECTATION_ID, OPTION_MNEMONIC, OPTION_LABEL) VALUES (841, "4F", "MTM,4-SPEED FLOOR SHIFT");
INSERT INTO COMPLECTATION_OPTIONS(COMPLECTATION_ID, OPTION_MNEMONIC, OPTION_LABEL) VALUES (841, "RCB", "REGULAR CAB");
INSERT INTO COMPLECTATION_OPTIONS(COMPLECTATION_ID, OPTION_MNEMONIC, OPTION_LABEL) VALUES (841, "ST", "SINGLE TIRE");
INSERT INTO COMPLECTATION_OPTIONS(COMPLECTATION_ID, OPTION_MNEMONIC, OPTION_LABEL) VALUES (841, "HLF", "0.5TONS");
INSERT INTO COMPLECTATION_OPTIONS(COMPLECTATION_ID, OPTION_MNEMONIC, OPTION_LABEL) VALUES (841, "W", "W TYPE TRANSMISSION");
INSERT INTO COMPLECTATION_OPTIONS(COMPLECTATION_ID, OPTION_MNEMONIC, OPTION_LABEL) VALUES (841, "CBR", "CARBURETOR SYSTEM");
INSERT INTO COMPLECTATION_OPTIONS(COMPLECTATION_ID, OPTION_MNEMONIC, OPTION_LABEL) VALUES (841, "USA", "UNITED STATES OF AMERICA");
INSERT INTO COMPLECTATION_OPTIONS(COMPLECTATION_ID, OPTION_MNEMONIC, OPTION_LABEL) VALUES (841, "CBU", "COMPLETELY BUILT UNIT");
INSERT INTO COMPLECTATION_OPTIONS(COMPLECTATION_ID, OPTION_MNEMONIC, OPTION_LABEL) VALUES (841, "T1", "TRUCK(STANDARD DECK 1-SIDE OPEN)");
INSERT INTO COMPLECTATION_OPTIONS(COMPLECTATION_ID, OPTION_MNEMONIC, OPTION_LABEL) VALUES (841, "JPP", "JAPAN PRODUCT PARTS");
INSERT INTO COMPLECTATION(ID, FRAME_ID, NAME, URL, ENGINE_MNEMONIC, ENGINE_LABEL, PRODUCTION_PERIOD, BODY_MNEMONIC, BODY_LABEL, GRADE_MNEMONIC, GRADE_LABEL, TRANSMISSION_MNEMONIC, TRANSMISSION_LABEL) VALUES (842, 104, "RN80L-TRKRSA3", "https://toyota-usa.epc-data.com/4runner/rn80l/3162/", "22R", "2400CC", "08.1988 - 08.1989", "", "", "STD", "STANDARD TYPE", "MTM", "MANUAL TRANSMISSION");
INSERT INTO COMPLECTATION_OPTIONS(COMPLECTATION_ID, OPTION_MNEMONIC, OPTION_LABEL) VALUES (842, "4F", "MTM,4-SPEED FLOOR SHIFT");
INSERT INTO COMPLECTATION_OPTIONS(COMPLECTATION_ID, OPTION_MNEMONIC, OPTION_LABEL) VALUES (842, "RCB", "REGULAR CAB");
INSERT INTO COMPLECTATION_OPTIONS(COMPLECTATION_ID, OPTION_MNEMONIC, OPTION_LABEL) VALUES (842, "ST", "SINGLE TIRE");
INSERT INTO COMPLECTATION_OPTIONS(COMPLECTATION_ID, OPTION_MNEMONIC, OPTION_LABEL) VALUES (842, "HLF", "0.5TONS");
INSERT INTO COMPLECTATION_OPTIONS(COMPLECTATION_ID, OPTION_MNEMONIC, OPTION_LABEL) VALUES (842, "W", "W TYPE TRANSMISSION");
INSERT INTO COMPLECTATION_OPTIONS(COMPLECTATION_ID, OPTION_MNEMONIC, OPTION_LABEL) VALUES (842, "CBR", "CARBURETOR SYSTEM");
INSERT INTO COMPLECTATION_OPTIONS(COMPLECTATION_ID, OPTION_MNEMONIC, OPTION_LABEL) VALUES (842, "USA", "UNITED STATES OF AMERICA");
INSERT INTO COMPLECTATION_OPTIONS(COMPLECTATION_ID, OPTION_MNEMONIC, OPTION_LABEL) VALUES (842, "IV3", "INCOMPLETE VEHICLES (CAB & CHASSIS)");
INSERT INTO COMPLECTATION_OPTIONS(COMPLECTATION_ID, OPTION_MNEMONIC, OPTION_LABEL) VALUES (842, "T1", "TRUCK(STANDARD DECK 1-SIDE OPEN)");
INSERT INTO COMPLECTATION_OPTIONS(COMPLECTATION_ID, OPTION_MNEMONIC, OPTION_LABEL) VALUES (842, "JPP", "JAPAN PRODUCT PARTS");
INSERT INTO COMPLECTATION(ID, FRAME_ID, NAME, URL, ENGINE_MNEMONIC, ENGINE_LABEL, PRODUCTION_PERIOD, BODY_MNEMONIC, BODY_LABEL, GRADE_MNEMONIC, GRADE_LABEL, TRANSMISSION_MNEMONIC, TRANSMISSION_LABEL) VALUES (843, 104, "RN80L-TRLDSA", "https://toyota-usa.epc-data.com/4runner/rn80l/3155/", "22R", "2400CC", "08.1988 - 08.1990", "", "", "DLX", "DELUXE TYPE", "MTM", "MANUAL TRANSMISSION");
INSERT INTO COMPLECTATION_OPTIONS(COMPLECTATION_ID, OPTION_MNEMONIC, OPTION_LABEL) VALUES (843, "5F", "MTM,5-SPEED FLOOR SHIFT");
INSERT INTO COMPLECTATION_OPTIONS(COMPLECTATION_ID, OPTION_MNEMONIC, OPTION_LABEL) VALUES (843, "RCB", "REGULAR CAB");
INSERT INTO COMPLECTATION_OPTIONS(COMPLECTATION_ID, OPTION_MNEMONIC, OPTION_LABEL) VALUES (843, "ST", "SINGLE TIRE");
INSERT INTO COMPLECTATION_OPTIONS(COMPLECTATION_ID, OPTION_MNEMONIC, OPTION_LABEL) VALUES (843, "HLF", "0.5TONS");
INSERT INTO COMPLECTATION_OPTIONS(COMPLECTATION_ID, OPTION_MNEMONIC, OPTION_LABEL) VALUES (843, "G", "G TYPE TRANSMISSION");
INSERT INTO COMPLECTATION_OPTIONS(COMPLECTATION_ID, OPTION_MNEMONIC, OPTION_LABEL) VALUES (843, "CBR", "CARBURETOR SYSTEM");
INSERT INTO COMPLECTATION_OPTIONS(COMPLECTATION_ID, OPTION_MNEMONIC, OPTION_LABEL) VALUES (843, "USA", "UNITED STATES OF AMERICA");
INSERT INTO COMPLECTATION_OPTIONS(COMPLECTATION_ID, OPTION_MNEMONIC, OPTION_LABEL) VALUES (843, "CBU", "COMPLETELY BUILT UNIT");
INSERT INTO COMPLECTATION_OPTIONS(COMPLECTATION_ID, OPTION_MNEMONIC, OPTION_LABEL) VALUES (843, "T1", "TRUCK(STANDARD DECK 1-SIDE OPEN)");
INSERT INTO COMPLECTATION_OPTIONS(COMPLECTATION_ID, OPTION_MNEMONIC, OPTION_LABEL) VALUES (843, "JPP", "JAPAN PRODUCT PARTS");
INSERT INTO COMPLECTATION(ID, FRAME_ID, NAME, URL, ENGINE_MNEMONIC, ENGINE_LABEL, PRODUCTION_PERIOD, BODY_MNEMONIC, BODY_LABEL, GRADE_MNEMONIC, GRADE_LABEL, TRANSMISSION_MNEMONIC, TRANSMISSION_LABEL) VALUES (844, 104, "RN80L-TRLDSA3", "https://toyota-usa.epc-data.com/4runner/rn80l/3156/", "22R", "2400CC", "08.1988 - 08.1989", "", "", "DLX", "DELUXE TYPE", "MTM", "MANUAL TRANSMISSION");
INSERT INTO COMPLECTATION_OPTIONS(COMPLECTATION_ID, OPTION_MNEMONIC, OPTION_LABEL) VALUES (844, "5F", "MTM,5-SPEED FLOOR SHIFT");
INSERT INTO COMPLECTATION_OPTIONS(COMPLECTATION_ID, OPTION_MNEMONIC, OPTION_LABEL) VALUES (844, "RCB", "REGULAR CAB");
INSERT INTO COMPLECTATION_OPTIONS(COMPLECTATION_ID, OPTION_MNEMONIC, OPTION_LABEL) VALUES (844, "ST", "SINGLE TIRE");
INSERT INTO COMPLECTATION_OPTIONS(COMPLECTATION_ID, OPTION_MNEMONIC, OPTION_LABEL) VALUES (844, "HLF", "0.5TONS");
INSERT INTO COMPLECTATION_OPTIONS(COMPLECTATION_ID, OPTION_MNEMONIC, OPTION_LABEL) VALUES (844, "G", "G TYPE TRANSMISSION");
INSERT INTO COMPLECTATION_OPTIONS(COMPLECTATION_ID, OPTION_MNEMONIC, OPTION_LABEL) VALUES (844, "CBR", "CARBURETOR SYSTEM");
INSERT INTO COMPLECTATION_OPTIONS(COMPLECTATION_ID, OPTION_MNEMONIC, OPTION_LABEL) VALUES (844, "USA", "UNITED STATES OF AMERICA");
INSERT INTO COMPLECTATION_OPTIONS(COMPLECTATION_ID, OPTION_MNEMONIC, OPTION_LABEL) VALUES (844, "IV3", "INCOMPLETE VEHICLES (CAB & CHASSIS)");
INSERT INTO COMPLECTATION_OPTIONS(COMPLECTATION_ID, OPTION_MNEMONIC, OPTION_LABEL) VALUES (844, "T1", "TRUCK(STANDARD DECK 1-SIDE OPEN)");
INSERT INTO COMPLECTATION_OPTIONS(COMPLECTATION_ID, OPTION_MNEMONIC, OPTION_LABEL) VALUES (844, "JPP", "JAPAN PRODUCT PARTS");
INSERT INTO COMPLECTATION(ID, FRAME_ID, NAME, URL, ENGINE_MNEMONIC, ENGINE_LABEL, PRODUCTION_PERIOD, BODY_MNEMONIC, BODY_LABEL, GRADE_MNEMONIC, GRADE_LABEL, TRANSMISSION_MNEMONIC, TRANSMISSION_LABEL) VALUES (845, 104, "RN80L-TRMDEA", "https://toyota-usa.epc-data.com/4runner/rn80l/3157/", "22RE", "2400CC EFI", "08.1988 - 01.1995", "", "", "DLX", "DELUXE TYPE", "MTM", "MANUAL TRANSMISSION");
INSERT INTO COMPLECTATION_OPTIONS(COMPLECTATION_ID, OPTION_MNEMONIC, OPTION_LABEL) VALUES (845, "5F", "MTM,5-SPEED FLOOR SHIFT");
INSERT INTO COMPLECTATION_OPTIONS(COMPLECTATION_ID, OPTION_MNEMONIC, OPTION_LABEL) VALUES (845, "RCB", "REGULAR CAB");
INSERT INTO COMPLECTATION_OPTIONS(COMPLECTATION_ID, OPTION_MNEMONIC, OPTION_LABEL) VALUES (845, "ST", "SINGLE TIRE");
INSERT INTO COMPLECTATION_OPTIONS(COMPLECTATION_ID, OPTION_MNEMONIC, OPTION_LABEL) VALUES (845, "HLF", "0.5TONS");
INSERT INTO COMPLECTATION_OPTIONS(COMPLECTATION_ID, OPTION_MNEMONIC, OPTION_LABEL) VALUES (845, "W", "W TYPE TRANSMISSION");
INSERT INTO COMPLECTATION_OPTIONS(COMPLECTATION_ID, OPTION_MNEMONIC, OPTION_LABEL) VALUES (845, "EFI", "ELECTRIC FUEL INJECTION SYSTEM");
INSERT INTO COMPLECTATION_OPTIONS(COMPLECTATION_ID, OPTION_MNEMONIC, OPTION_LABEL) VALUES (845, "USA", "UNITED STATES OF AMERICA");
INSERT INTO COMPLECTATION_OPTIONS(COMPLECTATION_ID, OPTION_MNEMONIC, OPTION_LABEL) VALUES (845, "CBU", "COMPLETELY BUILT UNIT");
INSERT INTO COMPLECTATION_OPTIONS(COMPLECTATION_ID, OPTION_MNEMONIC, OPTION_LABEL) VALUES (845, "T1", "TRUCK(STANDARD DECK 1-SIDE OPEN)");
INSERT INTO COMPLECTATION_OPTIONS(COMPLECTATION_ID, OPTION_MNEMONIC, OPTION_LABEL) VALUES (845, "JPP", "JAPAN PRODUCT PARTS");
INSERT INTO COMPLECTATION(ID, FRAME_ID, NAME, URL, ENGINE_MNEMONIC, ENGINE_LABEL, PRODUCTION_PERIOD, BODY_MNEMONIC, BODY_LABEL, GRADE_MNEMONIC, GRADE_LABEL, TRANSMISSION_MNEMONIC, TRANSMISSION_LABEL) VALUES (846, 104, "RN80L-TRMDEA3", "https://toyota-usa.epc-data.com/4runner/rn80l/3158/", "22RE", "2400CC EFI", "08.1988 - 08.1989", "", "", "DLX", "DELUXE TYPE", "MTM", "MANUAL TRANSMISSION");
INSERT INTO COMPLECTATION_OPTIONS(COMPLECTATION_ID, OPTION_MNEMONIC, OPTION_LABEL) VALUES (846, "5F", "MTM,5-SPEED FLOOR SHIFT");
INSERT INTO COMPLECTATION_OPTIONS(COMPLECTATION_ID, OPTION_MNEMONIC, OPTION_LABEL) VALUES (846, "RCB", "REGULAR CAB");
INSERT INTO COMPLECTATION_OPTIONS(COMPLECTATION_ID, OPTION_MNEMONIC, OPTION_LABEL) VALUES (846, "ST", "SINGLE TIRE");
INSERT INTO COMPLECTATION_OPTIONS(COMPLECTATION_ID, OPTION_MNEMONIC, OPTION_LABEL) VALUES (846, "HLF", "0.5TONS");
INSERT INTO COMPLECTATION_OPTIONS(COMPLECTATION_ID, OPTION_MNEMONIC, OPTION_LABEL) VALUES (846, "W", "W TYPE TRANSMISSION");
INSERT INTO COMPLECTATION_OPTIONS(COMPLECTATION_ID, OPTION_MNEMONIC, OPTION_LABEL) VALUES (846, "EFI", "ELECTRIC FUEL INJECTION SYSTEM");
INSERT INTO COMPLECTATION_OPTIONS(COMPLECTATION_ID, OPTION_MNEMONIC, OPTION_LABEL) VALUES (846, "USA", "UNITED STATES OF AMERICA");
INSERT INTO COMPLECTATION_OPTIONS(COMPLECTATION_ID, OPTION_MNEMONIC, OPTION_LABEL) VALUES (846, "IV3", "INCOMPLETE VEHICLES (CAB & CHASSIS)");
INSERT INTO COMPLECTATION_OPTIONS(COMPLECTATION_ID, OPTION_MNEMONIC, OPTION_LABEL) VALUES (846, "T1", "TRUCK(STANDARD DECK 1-SIDE OPEN)");
INSERT INTO COMPLECTATION_OPTIONS(COMPLECTATION_ID, OPTION_MNEMONIC, OPTION_LABEL) VALUES (846, "JPP", "JAPAN PRODUCT PARTS");
INSERT INTO COMPLECTATION(ID, FRAME_ID, NAME, URL, ENGINE_MNEMONIC, ENGINE_LABEL, PRODUCTION_PERIOD, BODY_MNEMONIC, BODY_LABEL, GRADE_MNEMONIC, GRADE_LABEL, TRANSMISSION_MNEMONIC, TRANSMISSION_LABEL) VALUES (847, 104, "RN80L-TRMREA", "https://toyota-usa.epc-data.com/4runner/rn80l/3153/", "22RE", "2400CC EFI", "08.1990 - 01.1995", "", "", "STD", "STANDARD TYPE", "MTM", "MANUAL TRANSMISSION");
INSERT INTO COMPLECTATION_OPTIONS(COMPLECTATION_ID, OPTION_MNEMONIC, OPTION_LABEL) VALUES (847, "5F", "MTM,5-SPEED FLOOR SHIFT");
INSERT INTO COMPLECTATION_OPTIONS(COMPLECTATION_ID, OPTION_MNEMONIC, OPTION_LABEL) VALUES (847, "RCB", "REGULAR CAB");
INSERT INTO COMPLECTATION_OPTIONS(COMPLECTATION_ID, OPTION_MNEMONIC, OPTION_LABEL) VALUES (847, "ST", "SINGLE TIRE");
INSERT INTO COMPLECTATION_OPTIONS(COMPLECTATION_ID, OPTION_MNEMONIC, OPTION_LABEL) VALUES (847, "HLF", "0.5TONS");
INSERT INTO COMPLECTATION_OPTIONS(COMPLECTATION_ID, OPTION_MNEMONIC, OPTION_LABEL) VALUES (847, "W", "W TYPE TRANSMISSION");
INSERT INTO COMPLECTATION_OPTIONS(COMPLECTATION_ID, OPTION_MNEMONIC, OPTION_LABEL) VALUES (847, "EFI", "ELECTRIC FUEL INJECTION SYSTEM");
INSERT INTO COMPLECTATION_OPTIONS(COMPLECTATION_ID, OPTION_MNEMONIC, OPTION_LABEL) VALUES (847, "USA", "UNITED STATES OF AMERICA");
INSERT INTO COMPLECTATION_OPTIONS(COMPLECTATION_ID, OPTION_MNEMONIC, OPTION_LABEL) VALUES (847, "CBU", "COMPLETELY BUILT UNIT");
INSERT INTO COMPLECTATION_OPTIONS(COMPLECTATION_ID, OPTION_MNEMONIC, OPTION_LABEL) VALUES (847, "T1", "TRUCK(STANDARD DECK 1-SIDE OPEN)");
INSERT INTO COMPLECTATION_OPTIONS(COMPLECTATION_ID, OPTION_MNEMONIC, OPTION_LABEL) VALUES (847, "JPP", "JAPAN PRODUCT PARTS");
INSERT INTO COMPLECTATION(ID, FRAME_ID, NAME, URL, ENGINE_MNEMONIC, ENGINE_LABEL, PRODUCTION_PERIOD, BODY_MNEMONIC, BODY_LABEL, GRADE_MNEMONIC, GRADE_LABEL, TRANSMISSION_MNEMONIC, TRANSMISSION_LABEL) VALUES (848, 104, "RN80L-TRMREK", "https://toyota-usa.epc-data.com/4runner/rn80l/3154/", "22RE", "2400CC EFI", "08.1990 - 01.1995", "", "", "STD", "STANDARD TYPE", "MTM", "MANUAL TRANSMISSION");
INSERT INTO COMPLECTATION_OPTIONS(COMPLECTATION_ID, OPTION_MNEMONIC, OPTION_LABEL) VALUES (848, "5F", "MTM,5-SPEED FLOOR SHIFT");
INSERT INTO COMPLECTATION_OPTIONS(COMPLECTATION_ID, OPTION_MNEMONIC, OPTION_LABEL) VALUES (848, "RCB", "REGULAR CAB");
INSERT INTO COMPLECTATION_OPTIONS(COMPLECTATION_ID, OPTION_MNEMONIC, OPTION_LABEL) VALUES (848, "ST", "SINGLE TIRE");
INSERT INTO COMPLECTATION_OPTIONS(COMPLECTATION_ID, OPTION_MNEMONIC, OPTION_LABEL) VALUES (848, "HLF", "0.5TONS");
INSERT INTO COMPLECTATION_OPTIONS(COMPLECTATION_ID, OPTION_MNEMONIC, OPTION_LABEL) VALUES (848, "W", "W TYPE TRANSMISSION");
INSERT INTO COMPLECTATION_OPTIONS(COMPLECTATION_ID, OPTION_MNEMONIC, OPTION_LABEL) VALUES (848, "EFI", "ELECTRIC FUEL INJECTION SYSTEM");
INSERT INTO COMPLECTATION_OPTIONS(COMPLECTATION_ID, OPTION_MNEMONIC, OPTION_LABEL) VALUES (848, "CND", "CANADA");
INSERT INTO COMPLECTATION_OPTIONS(COMPLECTATION_ID, OPTION_MNEMONIC, OPTION_LABEL) VALUES (848, "CBU", "COMPLETELY BUILT UNIT");
INSERT INTO COMPLECTATION_OPTIONS(COMPLECTATION_ID, OPTION_MNEMONIC, OPTION_LABEL) VALUES (848, "T1", "TRUCK(STANDARD DECK 1-SIDE OPEN)");
INSERT INTO COMPLECTATION_OPTIONS(COMPLECTATION_ID, OPTION_MNEMONIC, OPTION_LABEL) VALUES (848, "JPP", "JAPAN PRODUCT PARTS");
INSERT INTO COMPLECTATION(ID, FRAME_ID, NAME, URL, ENGINE_MNEMONIC, ENGINE_LABEL, PRODUCTION_PERIOD, BODY_MNEMONIC, BODY_LABEL, GRADE_MNEMONIC, GRADE_LABEL, TRANSMISSION_MNEMONIC, TRANSMISSION_LABEL) VALUES (849, 104, "RN80L-TRMRSK", "https://toyota-usa.epc-data.com/4runner/rn80l/3163/", "22R", "2400CC", "08.1988 - 08.1990", "", "", "STD", "STANDARD TYPE", "MTM", "MANUAL TRANSMISSION");
INSERT INTO COMPLECTATION_OPTIONS(COMPLECTATION_ID, OPTION_MNEMONIC, OPTION_LABEL) VALUES (849, "5F", "MTM,5-SPEED FLOOR SHIFT");
INSERT INTO COMPLECTATION_OPTIONS(COMPLECTATION_ID, OPTION_MNEMONIC, OPTION_LABEL) VALUES (849, "RCB", "REGULAR CAB");
INSERT INTO COMPLECTATION_OPTIONS(COMPLECTATION_ID, OPTION_MNEMONIC, OPTION_LABEL) VALUES (849, "ST", "SINGLE TIRE");
INSERT INTO COMPLECTATION_OPTIONS(COMPLECTATION_ID, OPTION_MNEMONIC, OPTION_LABEL) VALUES (849, "HLF", "0.5TONS");
INSERT INTO COMPLECTATION_OPTIONS(COMPLECTATION_ID, OPTION_MNEMONIC, OPTION_LABEL) VALUES (849, "G", "G TYPE TRANSMISSION");
INSERT INTO COMPLECTATION_OPTIONS(COMPLECTATION_ID, OPTION_MNEMONIC, OPTION_LABEL) VALUES (849, "CBR", "CARBURETOR SYSTEM");
INSERT INTO COMPLECTATION_OPTIONS(COMPLECTATION_ID, OPTION_MNEMONIC, OPTION_LABEL) VALUES (849, "CND", "CANADA");
INSERT INTO COMPLECTATION_OPTIONS(COMPLECTATION_ID, OPTION_MNEMONIC, OPTION_LABEL) VALUES (849, "CBU", "COMPLETELY BUILT UNIT");
INSERT INTO COMPLECTATION_OPTIONS(COMPLECTATION_ID, OPTION_MNEMONIC, OPTION_LABEL) VALUES (849, "T1", "TRUCK(STANDARD DECK 1-SIDE OPEN)");
INSERT INTO COMPLECTATION_OPTIONS(COMPLECTATION_ID, OPTION_MNEMONIC, OPTION_LABEL) VALUES (849, "JPP", "JAPAN PRODUCT PARTS");
INSERT INTO COMPLECTATION(ID, FRAME_ID, NAME, URL, ENGINE_MNEMONIC, ENGINE_LABEL, PRODUCTION_PERIOD, BODY_MNEMONIC, BODY_LABEL, GRADE_MNEMONIC, GRADE_LABEL, TRANSMISSION_MNEMONIC, TRANSMISSION_LABEL) VALUES (850, 104, "RN80L-TRSDEA", "https://toyota-usa.epc-data.com/4runner/rn80l/3159/", "22RE", "2400CC EFI", "08.1988 - 01.1995", "", "", "DLX", "DELUXE TYPE", "ATM", "AUTOMATIC TRANSMISSION");
INSERT INTO COMPLECTATION_OPTIONS(COMPLECTATION_ID, OPTION_MNEMONIC, OPTION_LABEL) VALUES (850, "4HC", "ATM,4-SPEED COLUMN SHIFT");
INSERT INTO COMPLECTATION_OPTIONS(COMPLECTATION_ID, OPTION_MNEMONIC, OPTION_LABEL) VALUES (850, "RCB", "REGULAR CAB");
INSERT INTO COMPLECTATION_OPTIONS(COMPLECTATION_ID, OPTION_MNEMONIC, OPTION_LABEL) VALUES (850, "ST", "SINGLE TIRE");
INSERT INTO COMPLECTATION_OPTIONS(COMPLECTATION_ID, OPTION_MNEMONIC, OPTION_LABEL) VALUES (850, "HLF", "0.5TONS");
INSERT INTO COMPLECTATION_OPTIONS(COMPLECTATION_ID, OPTION_MNEMONIC, OPTION_LABEL) VALUES (850, "EFI", "ELECTRIC FUEL INJECTION SYSTEM");
INSERT INTO COMPLECTATION_OPTIONS(COMPLECTATION_ID, OPTION_MNEMONIC, OPTION_LABEL) VALUES (850, "USA", "UNITED STATES OF AMERICA");
INSERT INTO COMPLECTATION_OPTIONS(COMPLECTATION_ID, OPTION_MNEMONIC, OPTION_LABEL) VALUES (850, "CBU", "COMPLETELY BUILT UNIT");
INSERT INTO COMPLECTATION_OPTIONS(COMPLECTATION_ID, OPTION_MNEMONIC, OPTION_LABEL) VALUES (850, "T1", "TRUCK(STANDARD DECK 1-SIDE OPEN)");
INSERT INTO COMPLECTATION_OPTIONS(COMPLECTATION_ID, OPTION_MNEMONIC, OPTION_LABEL) VALUES (850, "JPP", "JAPAN PRODUCT PARTS");
INSERT INTO COMPLECTATION(ID, FRAME_ID, NAME, URL, ENGINE_MNEMONIC, ENGINE_LABEL, PRODUCTION_PERIOD, BODY_MNEMONIC, BODY_LABEL, GRADE_MNEMONIC, GRADE_LABEL, TRANSMISSION_MNEMONIC, TRANSMISSION_LABEL) VALUES (851, 104, "RN80L-TRSDEA3", "https://toyota-usa.epc-data.com/4runner/rn80l/3160/", "22RE", "2400CC EFI", "08.1988 - 08.1989", "", "", "DLX", "DELUXE TYPE", "ATM", "AUTOMATIC TRANSMISSION");
INSERT INTO COMPLECTATION_OPTIONS(COMPLECTATION_ID, OPTION_MNEMONIC, OPTION_LABEL) VALUES (851, "4HC", "ATM,4-SPEED COLUMN SHIFT");
INSERT INTO COMPLECTATION_OPTIONS(COMPLECTATION_ID, OPTION_MNEMONIC, OPTION_LABEL) VALUES (851, "RCB", "REGULAR CAB");
INSERT INTO COMPLECTATION_OPTIONS(COMPLECTATION_ID, OPTION_MNEMONIC, OPTION_LABEL) VALUES (851, "ST", "SINGLE TIRE");
INSERT INTO COMPLECTATION_OPTIONS(COMPLECTATION_ID, OPTION_MNEMONIC, OPTION_LABEL) VALUES (851, "HLF", "0.5TONS");
INSERT INTO COMPLECTATION_OPTIONS(COMPLECTATION_ID, OPTION_MNEMONIC, OPTION_LABEL) VALUES (851, "EFI", "ELECTRIC FUEL INJECTION SYSTEM");
INSERT INTO COMPLECTATION_OPTIONS(COMPLECTATION_ID, OPTION_MNEMONIC, OPTION_LABEL) VALUES (851, "USA", "UNITED STATES OF AMERICA");
INSERT INTO COMPLECTATION_OPTIONS(COMPLECTATION_ID, OPTION_MNEMONIC, OPTION_LABEL) VALUES (851, "IV3", "INCOMPLETE VEHICLES (CAB & CHASSIS)");
INSERT INTO COMPLECTATION_OPTIONS(COMPLECTATION_ID, OPTION_MNEMONIC, OPTION_LABEL) VALUES (851, "T1", "TRUCK(STANDARD DECK 1-SIDE OPEN)");
INSERT INTO COMPLECTATION_OPTIONS(COMPLECTATION_ID, OPTION_MNEMONIC, OPTION_LABEL) VALUES (851, "JPP", "JAPAN PRODUCT PARTS");
INSERT INTO COMPLECTATION(ID, FRAME_ID, NAME, URL, ENGINE_MNEMONIC, ENGINE_LABEL, PRODUCTION_PERIOD, BODY_MNEMONIC, BODY_LABEL, GRADE_MNEMONIC, GRADE_LABEL, TRANSMISSION_MNEMONIC, TRANSMISSION_LABEL) VALUES (852, 104, "RN80L-TRTRSA", "https://toyota-usa.epc-data.com/4runner/rn80l/3164/", "22R", "2400CC", "08.1988 - 08.1990", "", "", "STD", "STANDARD TYPE", "MTM", "MANUAL TRANSMISSION");
INSERT INTO COMPLECTATION_OPTIONS(COMPLECTATION_ID, OPTION_MNEMONIC, OPTION_LABEL) VALUES (852, "4F", "MTM,4-SPEED FLOOR SHIFT");
INSERT INTO COMPLECTATION_OPTIONS(COMPLECTATION_ID, OPTION_MNEMONIC, OPTION_LABEL) VALUES (852, "RCB", "REGULAR CAB");
INSERT INTO COMPLECTATION_OPTIONS(COMPLECTATION_ID, OPTION_MNEMONIC, OPTION_LABEL) VALUES (852, "ST", "SINGLE TIRE");
INSERT INTO COMPLECTATION_OPTIONS(COMPLECTATION_ID, OPTION_MNEMONIC, OPTION_LABEL) VALUES (852, "HLF", "0.5TONS");
INSERT INTO COMPLECTATION_OPTIONS(COMPLECTATION_ID, OPTION_MNEMONIC, OPTION_LABEL) VALUES (852, "G", "G TYPE TRANSMISSION");
INSERT INTO COMPLECTATION_OPTIONS(COMPLECTATION_ID, OPTION_MNEMONIC, OPTION_LABEL) VALUES (852, "CBR", "CARBURETOR SYSTEM");
INSERT INTO COMPLECTATION_OPTIONS(COMPLECTATION_ID, OPTION_MNEMONIC, OPTION_LABEL) VALUES (852, "USA", "UNITED STATES OF AMERICA");
INSERT INTO COMPLECTATION_OPTIONS(COMPLECTATION_ID, OPTION_MNEMONIC, OPTION_LABEL) VALUES (852, "CBU", "COMPLETELY BUILT UNIT");
INSERT INTO COMPLECTATION_OPTIONS(COMPLECTATION_ID, OPTION_MNEMONIC, OPTION_LABEL) VALUES (852, "T1", "TRUCK(STANDARD DECK 1-SIDE OPEN)");
INSERT INTO COMPLECTATION_OPTIONS(COMPLECTATION_ID, OPTION_MNEMONIC, OPTION_LABEL) VALUES (852, "JPP", "JAPAN PRODUCT PARTS");
INSERT INTO COMPLECTATION(ID, FRAME_ID, NAME, URL, ENGINE_MNEMONIC, ENGINE_LABEL, PRODUCTION_PERIOD, BODY_MNEMONIC, BODY_LABEL, GRADE_MNEMONIC, GRADE_LABEL, TRANSMISSION_MNEMONIC, TRANSMISSION_LABEL) VALUES (853, 104, "RN80L-TRTRSA3", "https://toyota-usa.epc-data.com/4runner/rn80l/3165/", "22R", "2400CC", "08.1988 - 08.1989", "", "", "STD", "STANDARD TYPE", "MTM", "MANUAL TRANSMISSION");
INSERT INTO COMPLECTATION_OPTIONS(COMPLECTATION_ID, OPTION_MNEMONIC, OPTION_LABEL) VALUES (853, "4F", "MTM,4-SPEED FLOOR SHIFT");
INSERT INTO COMPLECTATION_OPTIONS(COMPLECTATION_ID, OPTION_MNEMONIC, OPTION_LABEL) VALUES (853, "RCB", "REGULAR CAB");
INSERT INTO COMPLECTATION_OPTIONS(COMPLECTATION_ID, OPTION_MNEMONIC, OPTION_LABEL) VALUES (853, "ST", "SINGLE TIRE");
INSERT INTO COMPLECTATION_OPTIONS(COMPLECTATION_ID, OPTION_MNEMONIC, OPTION_LABEL) VALUES (853, "HLF", "0.5TONS");
INSERT INTO COMPLECTATION_OPTIONS(COMPLECTATION_ID, OPTION_MNEMONIC, OPTION_LABEL) VALUES (853, "G", "G TYPE TRANSMISSION");
INSERT INTO COMPLECTATION_OPTIONS(COMPLECTATION_ID, OPTION_MNEMONIC, OPTION_LABEL) VALUES (853, "CBR", "CARBURETOR SYSTEM");
INSERT INTO COMPLECTATION_OPTIONS(COMPLECTATION_ID, OPTION_MNEMONIC, OPTION_LABEL) VALUES (853, "USA", "UNITED STATES OF AMERICA");
INSERT INTO COMPLECTATION_OPTIONS(COMPLECTATION_ID, OPTION_MNEMONIC, OPTION_LABEL) VALUES (853, "IV3", "INCOMPLETE VEHICLES (CAB & CHASSIS)");
INSERT INTO COMPLECTATION_OPTIONS(COMPLECTATION_ID, OPTION_MNEMONIC, OPTION_LABEL) VALUES (853, "T1", "TRUCK(STANDARD DECK 1-SIDE OPEN)");
INSERT INTO COMPLECTATION_OPTIONS(COMPLECTATION_ID, OPTION_MNEMONIC, OPTION_LABEL) VALUES (853, "JPP", "JAPAN PRODUCT PARTS");
INSERT INTO COMPLECTATION(ID, FRAME_ID, NAME, URL, ENGINE_MNEMONIC, ENGINE_LABEL, PRODUCTION_PERIOD, BODY_MNEMONIC, BODY_LABEL, GRADE_MNEMONIC, GRADE_LABEL, TRANSMISSION_MNEMONIC, TRANSMISSION_LABEL) VALUES (854, 104, "RN80L-TRMDEAB", "https://toyota-usa.epc-data.com/4runner/rn80l/3278/", "22RE", "2400CC EFI", "09.1991 - 01.1995", "", "", "DLX", "DELUXE TYPE", "MTM", "MANUAL TRANSMISSION");
INSERT INTO COMPLECTATION_OPTIONS(COMPLECTATION_ID, OPTION_MNEMONIC, OPTION_LABEL) VALUES (854, "5F", "MTM,5-SPEED FLOOR SHIFT");
INSERT INTO COMPLECTATION_OPTIONS(COMPLECTATION_ID, OPTION_MNEMONIC, OPTION_LABEL) VALUES (854, "NAP", "PRODUCED AT NUMMI");
INSERT INTO COMPLECTATION_OPTIONS(COMPLECTATION_ID, OPTION_MNEMONIC, OPTION_LABEL) VALUES (854, "RCB", "REGULAR CAB");
INSERT INTO COMPLECTATION_OPTIONS(COMPLECTATION_ID, OPTION_MNEMONIC, OPTION_LABEL) VALUES (854, "T1", "TRUCK(STANDARD DECK 1-SIDE OPEN)");
INSERT INTO COMPLECTATION_OPTIONS(COMPLECTATION_ID, OPTION_MNEMONIC, OPTION_LABEL) VALUES (854, "W", "W TYPE TRANSMISSION");
INSERT INTO COMPLECTATION_OPTIONS(COMPLECTATION_ID, OPTION_MNEMONIC, OPTION_LABEL) VALUES (854, "EFI", "ELECTRIC FUEL INJECTION SYSTEM");
INSERT INTO COMPLECTATION_OPTIONS(COMPLECTATION_ID, OPTION_MNEMONIC, OPTION_LABEL) VALUES (854, "USA", "UNITED STATES OF AMERICA");
INSERT INTO COMPLECTATION_OPTIONS(COMPLECTATION_ID, OPTION_MNEMONIC, OPTION_LABEL) VALUES (854, "CBU", "COMPLETELY BUILT UNIT");
INSERT INTO COMPLECTATION(ID, FRAME_ID, NAME, URL, ENGINE_MNEMONIC, ENGINE_LABEL, PRODUCTION_PERIOD, BODY_MNEMONIC, BODY_LABEL, GRADE_MNEMONIC, GRADE_LABEL, TRANSMISSION_MNEMONIC, TRANSMISSION_LABEL) VALUES (855, 104, "RN80L-TRMREAB", "https://toyota-usa.epc-data.com/4runner/rn80l/3277/", "22RE", "2400CC EFI", "09.1991 - 01.1995", "", "", "STD", "STANDARD TYPE", "MTM", "MANUAL TRANSMISSION");
INSERT INTO COMPLECTATION_OPTIONS(COMPLECTATION_ID, OPTION_MNEMONIC, OPTION_LABEL) VALUES (855, "5F", "MTM,5-SPEED FLOOR SHIFT");
INSERT INTO COMPLECTATION_OPTIONS(COMPLECTATION_ID, OPTION_MNEMONIC, OPTION_LABEL) VALUES (855, "NAP", "PRODUCED AT NUMMI");
INSERT INTO COMPLECTATION_OPTIONS(COMPLECTATION_ID, OPTION_MNEMONIC, OPTION_LABEL) VALUES (855, "RCB", "REGULAR CAB");
INSERT INTO COMPLECTATION_OPTIONS(COMPLECTATION_ID, OPTION_MNEMONIC, OPTION_LABEL) VALUES (855, "T1", "TRUCK(STANDARD DECK 1-SIDE OPEN)");
INSERT INTO COMPLECTATION_OPTIONS(COMPLECTATION_ID, OPTION_MNEMONIC, OPTION_LABEL) VALUES (855, "W", "W TYPE TRANSMISSION");
INSERT INTO COMPLECTATION_OPTIONS(COMPLECTATION_ID, OPTION_MNEMONIC, OPTION_LABEL) VALUES (855, "EFI", "ELECTRIC FUEL INJECTION SYSTEM");
INSERT INTO COMPLECTATION_OPTIONS(COMPLECTATION_ID, OPTION_MNEMONIC, OPTION_LABEL) VALUES (855, "USA", "UNITED STATES OF AMERICA");
INSERT INTO COMPLECTATION_OPTIONS(COMPLECTATION_ID, OPTION_MNEMONIC, OPTION_LABEL) VALUES (855, "CBU", "COMPLETELY BUILT UNIT");
INSERT INTO COMPLECTATION(ID, FRAME_ID, NAME, URL, ENGINE_MNEMONIC, ENGINE_LABEL, PRODUCTION_PERIOD, BODY_MNEMONIC, BODY_LABEL, GRADE_MNEMONIC, GRADE_LABEL, TRANSMISSION_MNEMONIC, TRANSMISSION_LABEL) VALUES (856, 104, "RN80L-TRSDEAB", "https://toyota-usa.epc-data.com/4runner/rn80l/3279/", "22RE", "2400CC EFI", "09.1991 - 01.1995", "", "", "DLX", "DELUXE TYPE", "ATM", "AUTOMATIC TRANSMISSION");
INSERT INTO COMPLECTATION_OPTIONS(COMPLECTATION_ID, OPTION_MNEMONIC, OPTION_LABEL) VALUES (856, "4HC", "ATM,4-SPEED COLUMN SHIFT");
INSERT INTO COMPLECTATION_OPTIONS(COMPLECTATION_ID, OPTION_MNEMONIC, OPTION_LABEL) VALUES (856, "NAP", "PRODUCED AT NUMMI");
INSERT INTO COMPLECTATION_OPTIONS(COMPLECTATION_ID, OPTION_MNEMONIC, OPTION_LABEL) VALUES (856, "RCB", "REGULAR CAB");
INSERT INTO COMPLECTATION_OPTIONS(COMPLECTATION_ID, OPTION_MNEMONIC, OPTION_LABEL) VALUES (856, "T1", "TRUCK(STANDARD DECK 1-SIDE OPEN)");
INSERT INTO COMPLECTATION_OPTIONS(COMPLECTATION_ID, OPTION_MNEMONIC, OPTION_LABEL) VALUES (856, "EFI", "ELECTRIC FUEL INJECTION SYSTEM");
INSERT INTO COMPLECTATION_OPTIONS(COMPLECTATION_ID, OPTION_MNEMONIC, OPTION_LABEL) VALUES (856, "USA", "UNITED STATES OF AMERICA");
INSERT INTO COMPLECTATION_OPTIONS(COMPLECTATION_ID, OPTION_MNEMONIC, OPTION_LABEL) VALUES (856, "CBU", "COMPLETELY BUILT UNIT");
INSERT INTO FRAME(ID, MODEL_ID, NAME, URL) VALUES (105, 10, "RN85L", "https://toyota-usa.epc-data.com/4runner/rn85l");
INSERT INTO COMPLECTATION(ID, FRAME_ID, NAME, URL, ENGINE_MNEMONIC, ENGINE_LABEL, PRODUCTION_PERIOD, BODY_MNEMONIC, BODY_LABEL, GRADE_MNEMONIC, GRADE_LABEL, TRANSMISSION_MNEMONIC, TRANSMISSION_LABEL) VALUES (857, 105, "RN85L-TRLDSA", "https://toyota-usa.epc-data.com/4runner/rn85l/3166/", "22R", "2400CC", "08.1988 - 08.1990", "", "", "DLX", "DELUXE TYPE", "MTM", "MANUAL TRANSMISSION");
INSERT INTO COMPLECTATION_OPTIONS(COMPLECTATION_ID, OPTION_MNEMONIC, OPTION_LABEL) VALUES (857, "5F", "MTM,5-SPEED FLOOR SHIFT");
INSERT INTO COMPLECTATION_OPTIONS(COMPLECTATION_ID, OPTION_MNEMONIC, OPTION_LABEL) VALUES (857, "RCB", "REGULAR CAB");
INSERT INTO COMPLECTATION_OPTIONS(COMPLECTATION_ID, OPTION_MNEMONIC, OPTION_LABEL) VALUES (857, "ST", "SINGLE TIRE");
INSERT INTO COMPLECTATION_OPTIONS(COMPLECTATION_ID, OPTION_MNEMONIC, OPTION_LABEL) VALUES (857, "HLF", "0.5TONS");
INSERT INTO COMPLECTATION_OPTIONS(COMPLECTATION_ID, OPTION_MNEMONIC, OPTION_LABEL) VALUES (857, "G", "G TYPE TRANSMISSION");
INSERT INTO COMPLECTATION_OPTIONS(COMPLECTATION_ID, OPTION_MNEMONIC, OPTION_LABEL) VALUES (857, "CBR", "CARBURETOR SYSTEM");
INSERT INTO COMPLECTATION_OPTIONS(COMPLECTATION_ID, OPTION_MNEMONIC, OPTION_LABEL) VALUES (857, "USA", "UNITED STATES OF AMERICA");
INSERT INTO COMPLECTATION_OPTIONS(COMPLECTATION_ID, OPTION_MNEMONIC, OPTION_LABEL) VALUES (857, "CBU", "COMPLETELY BUILT UNIT");
INSERT INTO COMPLECTATION_OPTIONS(COMPLECTATION_ID, OPTION_MNEMONIC, OPTION_LABEL) VALUES (857, "T1", "TRUCK(STANDARD DECK 1-SIDE OPEN)");
INSERT INTO COMPLECTATION_OPTIONS(COMPLECTATION_ID, OPTION_MNEMONIC, OPTION_LABEL) VALUES (857, "JPP", "JAPAN PRODUCT PARTS");
INSERT INTO COMPLECTATION(ID, FRAME_ID, NAME, URL, ENGINE_MNEMONIC, ENGINE_LABEL, PRODUCTION_PERIOD, BODY_MNEMONIC, BODY_LABEL, GRADE_MNEMONIC, GRADE_LABEL, TRANSMISSION_MNEMONIC, TRANSMISSION_LABEL) VALUES (858, 105, "RN85L-TRLDSA3", "https://toyota-usa.epc-data.com/4runner/rn85l/3167/", "22R", "2400CC", "08.1988 - 08.1989", "", "", "DLX", "DELUXE TYPE", "MTM", "MANUAL TRANSMISSION");
INSERT INTO COMPLECTATION_OPTIONS(COMPLECTATION_ID, OPTION_MNEMONIC, OPTION_LABEL) VALUES (858, "5F", "MTM,5-SPEED FLOOR SHIFT");
INSERT INTO COMPLECTATION_OPTIONS(COMPLECTATION_ID, OPTION_MNEMONIC, OPTION_LABEL) VALUES (858, "RCB", "REGULAR CAB");
INSERT INTO COMPLECTATION_OPTIONS(COMPLECTATION_ID, OPTION_MNEMONIC, OPTION_LABEL) VALUES (858, "ST", "SINGLE TIRE");
INSERT INTO COMPLECTATION_OPTIONS(COMPLECTATION_ID, OPTION_MNEMONIC, OPTION_LABEL) VALUES (858, "HLF", "0.5TONS");
INSERT INTO COMPLECTATION_OPTIONS(COMPLECTATION_ID, OPTION_MNEMONIC, OPTION_LABEL) VALUES (858, "G", "G TYPE TRANSMISSION");
INSERT INTO COMPLECTATION_OPTIONS(COMPLECTATION_ID, OPTION_MNEMONIC, OPTION_LABEL) VALUES (858, "CBR", "CARBURETOR SYSTEM");
INSERT INTO COMPLECTATION_OPTIONS(COMPLECTATION_ID, OPTION_MNEMONIC, OPTION_LABEL) VALUES (858, "USA", "UNITED STATES OF AMERICA");
INSERT INTO COMPLECTATION_OPTIONS(COMPLECTATION_ID, OPTION_MNEMONIC, OPTION_LABEL) VALUES (858, "IV3", "INCOMPLETE VEHICLES (CAB & CHASSIS)");
INSERT INTO COMPLECTATION_OPTIONS(COMPLECTATION_ID, OPTION_MNEMONIC, OPTION_LABEL) VALUES (858, "T1", "TRUCK(STANDARD DECK 1-SIDE OPEN)");
INSERT INTO COMPLECTATION_OPTIONS(COMPLECTATION_ID, OPTION_MNEMONIC, OPTION_LABEL) VALUES (858, "JPP", "JAPAN PRODUCT PARTS");
INSERT INTO COMPLECTATION(ID, FRAME_ID, NAME, URL, ENGINE_MNEMONIC, ENGINE_LABEL, PRODUCTION_PERIOD, BODY_MNEMONIC, BODY_LABEL, GRADE_MNEMONIC, GRADE_LABEL, TRANSMISSION_MNEMONIC, TRANSMISSION_LABEL) VALUES (859, 105, "RN85L-TRMDEA", "https://toyota-usa.epc-data.com/4runner/rn85l/3169/", "22RE", "2400CC EFI", "08.1988 - 10.1994", "", "", "DLX", "DELUXE TYPE", "MTM", "MANUAL TRANSMISSION");
INSERT INTO COMPLECTATION_OPTIONS(COMPLECTATION_ID, OPTION_MNEMONIC, OPTION_LABEL) VALUES (859, "5F", "MTM,5-SPEED FLOOR SHIFT");
INSERT INTO COMPLECTATION_OPTIONS(COMPLECTATION_ID, OPTION_MNEMONIC, OPTION_LABEL) VALUES (859, "RCB", "REGULAR CAB");
INSERT INTO COMPLECTATION_OPTIONS(COMPLECTATION_ID, OPTION_MNEMONIC, OPTION_LABEL) VALUES (859, "ST", "SINGLE TIRE");
INSERT INTO COMPLECTATION_OPTIONS(COMPLECTATION_ID, OPTION_MNEMONIC, OPTION_LABEL) VALUES (859, "HLF", "0.5TONS");
INSERT INTO COMPLECTATION_OPTIONS(COMPLECTATION_ID, OPTION_MNEMONIC, OPTION_LABEL) VALUES (859, "W", "W TYPE TRANSMISSION");
INSERT INTO COMPLECTATION_OPTIONS(COMPLECTATION_ID, OPTION_MNEMONIC, OPTION_LABEL) VALUES (859, "EFI", "ELECTRIC FUEL INJECTION SYSTEM");
INSERT INTO COMPLECTATION_OPTIONS(COMPLECTATION_ID, OPTION_MNEMONIC, OPTION_LABEL) VALUES (859, "USA", "UNITED STATES OF AMERICA");
INSERT INTO COMPLECTATION_OPTIONS(COMPLECTATION_ID, OPTION_MNEMONIC, OPTION_LABEL) VALUES (859, "CBU", "COMPLETELY BUILT UNIT");
INSERT INTO COMPLECTATION_OPTIONS(COMPLECTATION_ID, OPTION_MNEMONIC, OPTION_LABEL) VALUES (859, "T1", "TRUCK(STANDARD DECK 1-SIDE OPEN)");
INSERT INTO COMPLECTATION_OPTIONS(COMPLECTATION_ID, OPTION_MNEMONIC, OPTION_LABEL) VALUES (859, "JPP", "JAPAN PRODUCT PARTS");
INSERT INTO COMPLECTATION(ID, FRAME_ID, NAME, URL, ENGINE_MNEMONIC, ENGINE_LABEL, PRODUCTION_PERIOD, BODY_MNEMONIC, BODY_LABEL, GRADE_MNEMONIC, GRADE_LABEL, TRANSMISSION_MNEMONIC, TRANSMISSION_LABEL) VALUES (860, 105, "RN85L-TRMDEA3", "https://toyota-usa.epc-data.com/4runner/rn85l/3170/", "22RE", "2400CC EFI", "08.1988 - 08.1989", "", "", "DLX", "DELUXE TYPE", "MTM", "MANUAL TRANSMISSION");
INSERT INTO COMPLECTATION_OPTIONS(COMPLECTATION_ID, OPTION_MNEMONIC, OPTION_LABEL) VALUES (860, "5F", "MTM,5-SPEED FLOOR SHIFT");
INSERT INTO COMPLECTATION_OPTIONS(COMPLECTATION_ID, OPTION_MNEMONIC, OPTION_LABEL) VALUES (860, "RCB", "REGULAR CAB");
INSERT INTO COMPLECTATION_OPTIONS(COMPLECTATION_ID, OPTION_MNEMONIC, OPTION_LABEL) VALUES (860, "ST", "SINGLE TIRE");
INSERT INTO COMPLECTATION_OPTIONS(COMPLECTATION_ID, OPTION_MNEMONIC, OPTION_LABEL) VALUES (860, "HLF", "0.5TONS");
INSERT INTO COMPLECTATION_OPTIONS(COMPLECTATION_ID, OPTION_MNEMONIC, OPTION_LABEL) VALUES (860, "W", "W TYPE TRANSMISSION");
INSERT INTO COMPLECTATION_OPTIONS(COMPLECTATION_ID, OPTION_MNEMONIC, OPTION_LABEL) VALUES (860, "EFI", "ELECTRIC FUEL INJECTION SYSTEM");
INSERT INTO COMPLECTATION_OPTIONS(COMPLECTATION_ID, OPTION_MNEMONIC, OPTION_LABEL) VALUES (860, "USA", "UNITED STATES OF AMERICA");
INSERT INTO COMPLECTATION_OPTIONS(COMPLECTATION_ID, OPTION_MNEMONIC, OPTION_LABEL) VALUES (860, "IV3", "INCOMPLETE VEHICLES (CAB & CHASSIS)");
INSERT INTO COMPLECTATION_OPTIONS(COMPLECTATION_ID, OPTION_MNEMONIC, OPTION_LABEL) VALUES (860, "T1", "TRUCK(STANDARD DECK 1-SIDE OPEN)");
INSERT INTO COMPLECTATION_OPTIONS(COMPLECTATION_ID, OPTION_MNEMONIC, OPTION_LABEL) VALUES (860, "JPP", "JAPAN PRODUCT PARTS");
INSERT INTO COMPLECTATION(ID, FRAME_ID, NAME, URL, ENGINE_MNEMONIC, ENGINE_LABEL, PRODUCTION_PERIOD, BODY_MNEMONIC, BODY_LABEL, GRADE_MNEMONIC, GRADE_LABEL, TRANSMISSION_MNEMONIC, TRANSMISSION_LABEL) VALUES (861, 105, "RN85L-TRMDEK", "https://toyota-usa.epc-data.com/4runner/rn85l/3171/", "22RE", "2400CC EFI", "08.1990 - 10.1994", "", "", "DLX", "DELUXE TYPE", "MTM", "MANUAL TRANSMISSION");
INSERT INTO COMPLECTATION_OPTIONS(COMPLECTATION_ID, OPTION_MNEMONIC, OPTION_LABEL) VALUES (861, "5F", "MTM,5-SPEED FLOOR SHIFT");
INSERT INTO COMPLECTATION_OPTIONS(COMPLECTATION_ID, OPTION_MNEMONIC, OPTION_LABEL) VALUES (861, "RCB", "REGULAR CAB");
INSERT INTO COMPLECTATION_OPTIONS(COMPLECTATION_ID, OPTION_MNEMONIC, OPTION_LABEL) VALUES (861, "ST", "SINGLE TIRE");
INSERT INTO COMPLECTATION_OPTIONS(COMPLECTATION_ID, OPTION_MNEMONIC, OPTION_LABEL) VALUES (861, "HLF", "0.5TONS");
INSERT INTO COMPLECTATION_OPTIONS(COMPLECTATION_ID, OPTION_MNEMONIC, OPTION_LABEL) VALUES (861, "W", "W TYPE TRANSMISSION");
INSERT INTO COMPLECTATION_OPTIONS(COMPLECTATION_ID, OPTION_MNEMONIC, OPTION_LABEL) VALUES (861, "EFI", "ELECTRIC FUEL INJECTION SYSTEM");
INSERT INTO COMPLECTATION_OPTIONS(COMPLECTATION_ID, OPTION_MNEMONIC, OPTION_LABEL) VALUES (861, "CND", "CANADA");
INSERT INTO COMPLECTATION_OPTIONS(COMPLECTATION_ID, OPTION_MNEMONIC, OPTION_LABEL) VALUES (861, "CBU", "COMPLETELY BUILT UNIT");
INSERT INTO COMPLECTATION_OPTIONS(COMPLECTATION_ID, OPTION_MNEMONIC, OPTION_LABEL) VALUES (861, "T1", "TRUCK(STANDARD DECK 1-SIDE OPEN)");
INSERT INTO COMPLECTATION_OPTIONS(COMPLECTATION_ID, OPTION_MNEMONIC, OPTION_LABEL) VALUES (861, "JPP", "JAPAN PRODUCT PARTS");
INSERT INTO COMPLECTATION(ID, FRAME_ID, NAME, URL, ENGINE_MNEMONIC, ENGINE_LABEL, PRODUCTION_PERIOD, BODY_MNEMONIC, BODY_LABEL, GRADE_MNEMONIC, GRADE_LABEL, TRANSMISSION_MNEMONIC, TRANSMISSION_LABEL) VALUES (862, 105, "RN85L-TRMDSK", "https://toyota-usa.epc-data.com/4runner/rn85l/3168/", "22R", "2400CC", "08.1988 - 08.1990", "", "", "DLX", "DELUXE TYPE", "MTM", "MANUAL TRANSMISSION");
INSERT INTO COMPLECTATION_OPTIONS(COMPLECTATION_ID, OPTION_MNEMONIC, OPTION_LABEL) VALUES (862, "5F", "MTM,5-SPEED FLOOR SHIFT");
INSERT INTO COMPLECTATION_OPTIONS(COMPLECTATION_ID, OPTION_MNEMONIC, OPTION_LABEL) VALUES (862, "RCB", "REGULAR CAB");
INSERT INTO COMPLECTATION_OPTIONS(COMPLECTATION_ID, OPTION_MNEMONIC, OPTION_LABEL) VALUES (862, "ST", "SINGLE TIRE");
INSERT INTO COMPLECTATION_OPTIONS(COMPLECTATION_ID, OPTION_MNEMONIC, OPTION_LABEL) VALUES (862, "HLF", "0.5TONS");
INSERT INTO COMPLECTATION_OPTIONS(COMPLECTATION_ID, OPTION_MNEMONIC, OPTION_LABEL) VALUES (862, "G", "G TYPE TRANSMISSION");
INSERT INTO COMPLECTATION_OPTIONS(COMPLECTATION_ID, OPTION_MNEMONIC, OPTION_LABEL) VALUES (862, "CBR", "CARBURETOR SYSTEM");
INSERT INTO COMPLECTATION_OPTIONS(COMPLECTATION_ID, OPTION_MNEMONIC, OPTION_LABEL) VALUES (862, "CND", "CANADA");
INSERT INTO COMPLECTATION_OPTIONS(COMPLECTATION_ID, OPTION_MNEMONIC, OPTION_LABEL) VALUES (862, "CBU", "COMPLETELY BUILT UNIT");
INSERT INTO COMPLECTATION_OPTIONS(COMPLECTATION_ID, OPTION_MNEMONIC, OPTION_LABEL) VALUES (862, "T1", "TRUCK(STANDARD DECK 1-SIDE OPEN)");
INSERT INTO COMPLECTATION_OPTIONS(COMPLECTATION_ID, OPTION_MNEMONIC, OPTION_LABEL) VALUES (862, "JPP", "JAPAN PRODUCT PARTS");
INSERT INTO COMPLECTATION(ID, FRAME_ID, NAME, URL, ENGINE_MNEMONIC, ENGINE_LABEL, PRODUCTION_PERIOD, BODY_MNEMONIC, BODY_LABEL, GRADE_MNEMONIC, GRADE_LABEL, TRANSMISSION_MNEMONIC, TRANSMISSION_LABEL) VALUES (863, 105, "RN85L-TRMSEA", "https://toyota-usa.epc-data.com/4runner/rn85l/3175/", "22RE", "2400CC EFI", "08.1988 - 08.1990", "", "", "SR5", "SR-5 TYPE", "MTM", "MANUAL TRANSMISSION");
INSERT INTO COMPLECTATION_OPTIONS(COMPLECTATION_ID, OPTION_MNEMONIC, OPTION_LABEL) VALUES (863, "5F", "MTM,5-SPEED FLOOR SHIFT");
INSERT INTO COMPLECTATION_OPTIONS(COMPLECTATION_ID, OPTION_MNEMONIC, OPTION_LABEL) VALUES (863, "RCB", "REGULAR CAB");
INSERT INTO COMPLECTATION_OPTIONS(COMPLECTATION_ID, OPTION_MNEMONIC, OPTION_LABEL) VALUES (863, "ST", "SINGLE TIRE");
INSERT INTO COMPLECTATION_OPTIONS(COMPLECTATION_ID, OPTION_MNEMONIC, OPTION_LABEL) VALUES (863, "HLF", "0.5TONS");
INSERT INTO COMPLECTATION_OPTIONS(COMPLECTATION_ID, OPTION_MNEMONIC, OPTION_LABEL) VALUES (863, "W", "W TYPE TRANSMISSION");
INSERT INTO COMPLECTATION_OPTIONS(COMPLECTATION_ID, OPTION_MNEMONIC, OPTION_LABEL) VALUES (863, "EFI", "ELECTRIC FUEL INJECTION SYSTEM");
INSERT INTO COMPLECTATION_OPTIONS(COMPLECTATION_ID, OPTION_MNEMONIC, OPTION_LABEL) VALUES (863, "USA", "UNITED STATES OF AMERICA");
INSERT INTO COMPLECTATION_OPTIONS(COMPLECTATION_ID, OPTION_MNEMONIC, OPTION_LABEL) VALUES (863, "CBU", "COMPLETELY BUILT UNIT");
INSERT INTO COMPLECTATION_OPTIONS(COMPLECTATION_ID, OPTION_MNEMONIC, OPTION_LABEL) VALUES (863, "T1", "TRUCK(STANDARD DECK 1-SIDE OPEN)");
INSERT INTO COMPLECTATION_OPTIONS(COMPLECTATION_ID, OPTION_MNEMONIC, OPTION_LABEL) VALUES (863, "JPP", "JAPAN PRODUCT PARTS");
INSERT INTO COMPLECTATION(ID, FRAME_ID, NAME, URL, ENGINE_MNEMONIC, ENGINE_LABEL, PRODUCTION_PERIOD, BODY_MNEMONIC, BODY_LABEL, GRADE_MNEMONIC, GRADE_LABEL, TRANSMISSION_MNEMONIC, TRANSMISSION_LABEL) VALUES (864, 105, "RN85L-TRMSEA3", "https://toyota-usa.epc-data.com/4runner/rn85l/3176/", "22RE", "2400CC EFI", "08.1988 - 08.1989", "", "", "SR5", "SR-5 TYPE", "MTM", "MANUAL TRANSMISSION");
INSERT INTO COMPLECTATION_OPTIONS(COMPLECTATION_ID, OPTION_MNEMONIC, OPTION_LABEL) VALUES (864, "5F", "MTM,5-SPEED FLOOR SHIFT");
INSERT INTO COMPLECTATION_OPTIONS(COMPLECTATION_ID, OPTION_MNEMONIC, OPTION_LABEL) VALUES (864, "RCB", "REGULAR CAB");
INSERT INTO COMPLECTATION_OPTIONS(COMPLECTATION_ID, OPTION_MNEMONIC, OPTION_LABEL) VALUES (864, "ST", "SINGLE TIRE");
INSERT INTO COMPLECTATION_OPTIONS(COMPLECTATION_ID, OPTION_MNEMONIC, OPTION_LABEL) VALUES (864, "HLF", "0.5TONS");
INSERT INTO COMPLECTATION_OPTIONS(COMPLECTATION_ID, OPTION_MNEMONIC, OPTION_LABEL) VALUES (864, "W", "W TYPE TRANSMISSION");
INSERT INTO COMPLECTATION_OPTIONS(COMPLECTATION_ID, OPTION_MNEMONIC, OPTION_LABEL) VALUES (864, "EFI", "ELECTRIC FUEL INJECTION SYSTEM");
INSERT INTO COMPLECTATION_OPTIONS(COMPLECTATION_ID, OPTION_MNEMONIC, OPTION_LABEL) VALUES (864, "USA", "UNITED STATES OF AMERICA");
INSERT INTO COMPLECTATION_OPTIONS(COMPLECTATION_ID, OPTION_MNEMONIC, OPTION_LABEL) VALUES (864, "IV3", "INCOMPLETE VEHICLES (CAB & CHASSIS)");
INSERT INTO COMPLECTATION_OPTIONS(COMPLECTATION_ID, OPTION_MNEMONIC, OPTION_LABEL) VALUES (864, "T1", "TRUCK(STANDARD DECK 1-SIDE OPEN)");
INSERT INTO COMPLECTATION_OPTIONS(COMPLECTATION_ID, OPTION_MNEMONIC, OPTION_LABEL) VALUES (864, "JPP", "JAPAN PRODUCT PARTS");
INSERT INTO COMPLECTATION(ID, FRAME_ID, NAME, URL, ENGINE_MNEMONIC, ENGINE_LABEL, PRODUCTION_PERIOD, BODY_MNEMONIC, BODY_LABEL, GRADE_MNEMONIC, GRADE_LABEL, TRANSMISSION_MNEMONIC, TRANSMISSION_LABEL) VALUES (865, 105, "RN85L-TRSDEA", "https://toyota-usa.epc-data.com/4runner/rn85l/3172/", "22RE", "2400CC EFI", "08.1988 - 10.1994", "", "", "DLX", "DELUXE TYPE", "ATM", "AUTOMATIC TRANSMISSION");
INSERT INTO COMPLECTATION_OPTIONS(COMPLECTATION_ID, OPTION_MNEMONIC, OPTION_LABEL) VALUES (865, "4HC", "ATM,4-SPEED COLUMN SHIFT");
INSERT INTO COMPLECTATION_OPTIONS(COMPLECTATION_ID, OPTION_MNEMONIC, OPTION_LABEL) VALUES (865, "RCB", "REGULAR CAB");
INSERT INTO COMPLECTATION_OPTIONS(COMPLECTATION_ID, OPTION_MNEMONIC, OPTION_LABEL) VALUES (865, "ST", "SINGLE TIRE");
INSERT INTO COMPLECTATION_OPTIONS(COMPLECTATION_ID, OPTION_MNEMONIC, OPTION_LABEL) VALUES (865, "HLF", "0.5TONS");
INSERT INTO COMPLECTATION_OPTIONS(COMPLECTATION_ID, OPTION_MNEMONIC, OPTION_LABEL) VALUES (865, "EFI", "ELECTRIC FUEL INJECTION SYSTEM");
INSERT INTO COMPLECTATION_OPTIONS(COMPLECTATION_ID, OPTION_MNEMONIC, OPTION_LABEL) VALUES (865, "USA", "UNITED STATES OF AMERICA");
INSERT INTO COMPLECTATION_OPTIONS(COMPLECTATION_ID, OPTION_MNEMONIC, OPTION_LABEL) VALUES (865, "CBU", "COMPLETELY BUILT UNIT");
INSERT INTO COMPLECTATION_OPTIONS(COMPLECTATION_ID, OPTION_MNEMONIC, OPTION_LABEL) VALUES (865, "T1", "TRUCK(STANDARD DECK 1-SIDE OPEN)");
INSERT INTO COMPLECTATION_OPTIONS(COMPLECTATION_ID, OPTION_MNEMONIC, OPTION_LABEL) VALUES (865, "JPP", "JAPAN PRODUCT PARTS");
INSERT INTO COMPLECTATION(ID, FRAME_ID, NAME, URL, ENGINE_MNEMONIC, ENGINE_LABEL, PRODUCTION_PERIOD, BODY_MNEMONIC, BODY_LABEL, GRADE_MNEMONIC, GRADE_LABEL, TRANSMISSION_MNEMONIC, TRANSMISSION_LABEL) VALUES (866, 105, "RN85L-TRSDEA3", "https://toyota-usa.epc-data.com/4runner/rn85l/3173/", "22RE", "2400CC EFI", "08.1988 - 08.1989", "", "", "DLX", "DELUXE TYPE", "ATM", "AUTOMATIC TRANSMISSION");
INSERT INTO COMPLECTATION_OPTIONS(COMPLECTATION_ID, OPTION_MNEMONIC, OPTION_LABEL) VALUES (866, "4HC", "ATM,4-SPEED COLUMN SHIFT");
INSERT INTO COMPLECTATION_OPTIONS(COMPLECTATION_ID, OPTION_MNEMONIC, OPTION_LABEL) VALUES (866, "RCB", "REGULAR CAB");
INSERT INTO COMPLECTATION_OPTIONS(COMPLECTATION_ID, OPTION_MNEMONIC, OPTION_LABEL) VALUES (866, "ST", "SINGLE TIRE");
INSERT INTO COMPLECTATION_OPTIONS(COMPLECTATION_ID, OPTION_MNEMONIC, OPTION_LABEL) VALUES (866, "HLF", "0.5TONS");
INSERT INTO COMPLECTATION_OPTIONS(COMPLECTATION_ID, OPTION_MNEMONIC, OPTION_LABEL) VALUES (866, "EFI", "ELECTRIC FUEL INJECTION SYSTEM");
INSERT INTO COMPLECTATION_OPTIONS(COMPLECTATION_ID, OPTION_MNEMONIC, OPTION_LABEL) VALUES (866, "USA", "UNITED STATES OF AMERICA");
INSERT INTO COMPLECTATION_OPTIONS(COMPLECTATION_ID, OPTION_MNEMONIC, OPTION_LABEL) VALUES (866, "IV3", "INCOMPLETE VEHICLES (CAB & CHASSIS)");
INSERT INTO COMPLECTATION_OPTIONS(COMPLECTATION_ID, OPTION_MNEMONIC, OPTION_LABEL) VALUES (866, "T1", "TRUCK(STANDARD DECK 1-SIDE OPEN)");
INSERT INTO COMPLECTATION_OPTIONS(COMPLECTATION_ID, OPTION_MNEMONIC, OPTION_LABEL) VALUES (866, "JPP", "JAPAN PRODUCT PARTS");
INSERT INTO COMPLECTATION(ID, FRAME_ID, NAME, URL, ENGINE_MNEMONIC, ENGINE_LABEL, PRODUCTION_PERIOD, BODY_MNEMONIC, BODY_LABEL, GRADE_MNEMONIC, GRADE_LABEL, TRANSMISSION_MNEMONIC, TRANSMISSION_LABEL) VALUES (867, 105, "RN85L-TRSDEK", "https://toyota-usa.epc-data.com/4runner/rn85l/3174/", "22RE", "2400CC EFI", "08.1988 - 10.1994", "", "", "DLX", "DELUXE TYPE", "ATM", "AUTOMATIC TRANSMISSION");
INSERT INTO COMPLECTATION_OPTIONS(COMPLECTATION_ID, OPTION_MNEMONIC, OPTION_LABEL) VALUES (867, "4HC", "ATM,4-SPEED COLUMN SHIFT");
INSERT INTO COMPLECTATION_OPTIONS(COMPLECTATION_ID, OPTION_MNEMONIC, OPTION_LABEL) VALUES (867, "RCB", "REGULAR CAB");
INSERT INTO COMPLECTATION_OPTIONS(COMPLECTATION_ID, OPTION_MNEMONIC, OPTION_LABEL) VALUES (867, "ST", "SINGLE TIRE");
INSERT INTO COMPLECTATION_OPTIONS(COMPLECTATION_ID, OPTION_MNEMONIC, OPTION_LABEL) VALUES (867, "HLF", "0.5TONS");
INSERT INTO COMPLECTATION_OPTIONS(COMPLECTATION_ID, OPTION_MNEMONIC, OPTION_LABEL) VALUES (867, "EFI", "ELECTRIC FUEL INJECTION SYSTEM");
INSERT INTO COMPLECTATION_OPTIONS(COMPLECTATION_ID, OPTION_MNEMONIC, OPTION_LABEL) VALUES (867, "CND", "CANADA");
INSERT INTO COMPLECTATION_OPTIONS(COMPLECTATION_ID, OPTION_MNEMONIC, OPTION_LABEL) VALUES (867, "CBU", "COMPLETELY BUILT UNIT");
INSERT INTO COMPLECTATION_OPTIONS(COMPLECTATION_ID, OPTION_MNEMONIC, OPTION_LABEL) VALUES (867, "T1", "TRUCK(STANDARD DECK 1-SIDE OPEN)");
INSERT INTO COMPLECTATION_OPTIONS(COMPLECTATION_ID, OPTION_MNEMONIC, OPTION_LABEL) VALUES (867, "JPP", "JAPAN PRODUCT PARTS");
INSERT INTO COMPLECTATION(ID, FRAME_ID, NAME, URL, ENGINE_MNEMONIC, ENGINE_LABEL, PRODUCTION_PERIOD, BODY_MNEMONIC, BODY_LABEL, GRADE_MNEMONIC, GRADE_LABEL, TRANSMISSION_MNEMONIC, TRANSMISSION_LABEL) VALUES (868, 105, "RN85L-TRSSEA", "https://toyota-usa.epc-data.com/4runner/rn85l/3177/", "22RE", "2400CC EFI", "08.1988 - 08.1990", "", "", "SR5", "SR-5 TYPE", "ATM", "AUTOMATIC TRANSMISSION");
INSERT INTO COMPLECTATION_OPTIONS(COMPLECTATION_ID, OPTION_MNEMONIC, OPTION_LABEL) VALUES (868, "4HC", "ATM,4-SPEED COLUMN SHIFT");
INSERT INTO COMPLECTATION_OPTIONS(COMPLECTATION_ID, OPTION_MNEMONIC, OPTION_LABEL) VALUES (868, "RCB", "REGULAR CAB");
INSERT INTO COMPLECTATION_OPTIONS(COMPLECTATION_ID, OPTION_MNEMONIC, OPTION_LABEL) VALUES (868, "ST", "SINGLE TIRE");
INSERT INTO COMPLECTATION_OPTIONS(COMPLECTATION_ID, OPTION_MNEMONIC, OPTION_LABEL) VALUES (868, "HLF", "0.5TONS");
INSERT INTO COMPLECTATION_OPTIONS(COMPLECTATION_ID, OPTION_MNEMONIC, OPTION_LABEL) VALUES (868, "EFI", "ELECTRIC FUEL INJECTION SYSTEM");
INSERT INTO COMPLECTATION_OPTIONS(COMPLECTATION_ID, OPTION_MNEMONIC, OPTION_LABEL) VALUES (868, "USA", "UNITED STATES OF AMERICA");
INSERT INTO COMPLECTATION_OPTIONS(COMPLECTATION_ID, OPTION_MNEMONIC, OPTION_LABEL) VALUES (868, "CBU", "COMPLETELY BUILT UNIT");
INSERT INTO COMPLECTATION_OPTIONS(COMPLECTATION_ID, OPTION_MNEMONIC, OPTION_LABEL) VALUES (868, "T1", "TRUCK(STANDARD DECK 1-SIDE OPEN)");
INSERT INTO COMPLECTATION_OPTIONS(COMPLECTATION_ID, OPTION_MNEMONIC, OPTION_LABEL) VALUES (868, "JPP", "JAPAN PRODUCT PARTS");
INSERT INTO COMPLECTATION(ID, FRAME_ID, NAME, URL, ENGINE_MNEMONIC, ENGINE_LABEL, PRODUCTION_PERIOD, BODY_MNEMONIC, BODY_LABEL, GRADE_MNEMONIC, GRADE_LABEL, TRANSMISSION_MNEMONIC, TRANSMISSION_LABEL) VALUES (869, 105, "RN85L-TRSSEA3", "https://toyota-usa.epc-data.com/4runner/rn85l/3178/", "22RE", "2400CC EFI", "08.1988 - 08.1989", "", "", "SR5", "SR-5 TYPE", "ATM", "AUTOMATIC TRANSMISSION");
INSERT INTO COMPLECTATION_OPTIONS(COMPLECTATION_ID, OPTION_MNEMONIC, OPTION_LABEL) VALUES (869, "4HC", "ATM,4-SPEED COLUMN SHIFT");
INSERT INTO COMPLECTATION_OPTIONS(COMPLECTATION_ID, OPTION_MNEMONIC, OPTION_LABEL) VALUES (869, "RCB", "REGULAR CAB");
INSERT INTO COMPLECTATION_OPTIONS(COMPLECTATION_ID, OPTION_MNEMONIC, OPTION_LABEL) VALUES (869, "ST", "SINGLE TIRE");
INSERT INTO COMPLECTATION_OPTIONS(COMPLECTATION_ID, OPTION_MNEMONIC, OPTION_LABEL) VALUES (869, "HLF", "0.5TONS");
INSERT INTO COMPLECTATION_OPTIONS(COMPLECTATION_ID, OPTION_MNEMONIC, OPTION_LABEL) VALUES (869, "EFI", "ELECTRIC FUEL INJECTION SYSTEM");
INSERT INTO COMPLECTATION_OPTIONS(COMPLECTATION_ID, OPTION_MNEMONIC, OPTION_LABEL) VALUES (869, "USA", "UNITED STATES OF AMERICA");
INSERT INTO COMPLECTATION_OPTIONS(COMPLECTATION_ID, OPTION_MNEMONIC, OPTION_LABEL) VALUES (869, "IV3", "INCOMPLETE VEHICLES (CAB & CHASSIS)");
INSERT INTO COMPLECTATION_OPTIONS(COMPLECTATION_ID, OPTION_MNEMONIC, OPTION_LABEL) VALUES (869, "T1", "TRUCK(STANDARD DECK 1-SIDE OPEN)");
INSERT INTO COMPLECTATION_OPTIONS(COMPLECTATION_ID, OPTION_MNEMONIC, OPTION_LABEL) VALUES (869, "JPP", "JAPAN PRODUCT PARTS");
INSERT INTO FRAME(ID, MODEL_ID, NAME, URL) VALUES (106, 10, "RN90L", "https://toyota-usa.epc-data.com/4runner/rn90l");
INSERT INTO COMPLECTATION(ID, FRAME_ID, NAME, URL, ENGINE_MNEMONIC, ENGINE_LABEL, PRODUCTION_PERIOD, BODY_MNEMONIC, BODY_LABEL, GRADE_MNEMONIC, GRADE_LABEL, TRANSMISSION_MNEMONIC, TRANSMISSION_LABEL) VALUES (870, 106, "RN90L-CRLDSA", "https://toyota-usa.epc-data.com/4runner/rn90l/3179/", "22R", "2400CC", "08.1988 - 08.1990", "", "", "DLX", "DELUXE TYPE", "MTM", "MANUAL TRANSMISSION");
INSERT INTO COMPLECTATION_OPTIONS(COMPLECTATION_ID, OPTION_MNEMONIC, OPTION_LABEL) VALUES (870, "5F", "MTM,5-SPEED FLOOR SHIFT");
INSERT INTO COMPLECTATION_OPTIONS(COMPLECTATION_ID, OPTION_MNEMONIC, OPTION_LABEL) VALUES (870, "XTR", "EXTRA CAB");
INSERT INTO COMPLECTATION_OPTIONS(COMPLECTATION_ID, OPTION_MNEMONIC, OPTION_LABEL) VALUES (870, "ST", "SINGLE TIRE");
INSERT INTO COMPLECTATION_OPTIONS(COMPLECTATION_ID, OPTION_MNEMONIC, OPTION_LABEL) VALUES (870, "HLF", "0.5TONS");
INSERT INTO COMPLECTATION_OPTIONS(COMPLECTATION_ID, OPTION_MNEMONIC, OPTION_LABEL) VALUES (870, "G", "G TYPE TRANSMISSION");
INSERT INTO COMPLECTATION_OPTIONS(COMPLECTATION_ID, OPTION_MNEMONIC, OPTION_LABEL) VALUES (870, "CBR", "CARBURETOR SYSTEM");
INSERT INTO COMPLECTATION_OPTIONS(COMPLECTATION_ID, OPTION_MNEMONIC, OPTION_LABEL) VALUES (870, "USA", "UNITED STATES OF AMERICA");
INSERT INTO COMPLECTATION_OPTIONS(COMPLECTATION_ID, OPTION_MNEMONIC, OPTION_LABEL) VALUES (870, "CBU", "COMPLETELY BUILT UNIT");
INSERT INTO COMPLECTATION_OPTIONS(COMPLECTATION_ID, OPTION_MNEMONIC, OPTION_LABEL) VALUES (870, "T1", "TRUCK(STANDARD DECK 1-SIDE OPEN)");
INSERT INTO COMPLECTATION_OPTIONS(COMPLECTATION_ID, OPTION_MNEMONIC, OPTION_LABEL) VALUES (870, "JPP", "JAPAN PRODUCT PARTS");
INSERT INTO COMPLECTATION(ID, FRAME_ID, NAME, URL, ENGINE_MNEMONIC, ENGINE_LABEL, PRODUCTION_PERIOD, BODY_MNEMONIC, BODY_LABEL, GRADE_MNEMONIC, GRADE_LABEL, TRANSMISSION_MNEMONIC, TRANSMISSION_LABEL) VALUES (871, 106, "RN90L-CRLDSA3", "https://toyota-usa.epc-data.com/4runner/rn90l/3180/", "22R", "2400CC", "08.1988 - 08.1989", "", "", "DLX", "DELUXE TYPE", "MTM", "MANUAL TRANSMISSION");
INSERT INTO COMPLECTATION_OPTIONS(COMPLECTATION_ID, OPTION_MNEMONIC, OPTION_LABEL) VALUES (871, "5F", "MTM,5-SPEED FLOOR SHIFT");
INSERT INTO COMPLECTATION_OPTIONS(COMPLECTATION_ID, OPTION_MNEMONIC, OPTION_LABEL) VALUES (871, "XTR", "EXTRA CAB");
INSERT INTO COMPLECTATION_OPTIONS(COMPLECTATION_ID, OPTION_MNEMONIC, OPTION_LABEL) VALUES (871, "ST", "SINGLE TIRE");
INSERT INTO COMPLECTATION_OPTIONS(COMPLECTATION_ID, OPTION_MNEMONIC, OPTION_LABEL) VALUES (871, "HLF", "0.5TONS");
INSERT INTO COMPLECTATION_OPTIONS(COMPLECTATION_ID, OPTION_MNEMONIC, OPTION_LABEL) VALUES (871, "G", "G TYPE TRANSMISSION");
INSERT INTO COMPLECTATION_OPTIONS(COMPLECTATION_ID, OPTION_MNEMONIC, OPTION_LABEL) VALUES (871, "CBR", "CARBURETOR SYSTEM");
INSERT INTO COMPLECTATION_OPTIONS(COMPLECTATION_ID, OPTION_MNEMONIC, OPTION_LABEL) VALUES (871, "USA", "UNITED STATES OF AMERICA");
INSERT INTO COMPLECTATION_OPTIONS(COMPLECTATION_ID, OPTION_MNEMONIC, OPTION_LABEL) VALUES (871, "IV3", "INCOMPLETE VEHICLES (CAB & CHASSIS)");
INSERT INTO COMPLECTATION_OPTIONS(COMPLECTATION_ID, OPTION_MNEMONIC, OPTION_LABEL) VALUES (871, "T1", "TRUCK(STANDARD DECK 1-SIDE OPEN)");
INSERT INTO COMPLECTATION_OPTIONS(COMPLECTATION_ID, OPTION_MNEMONIC, OPTION_LABEL) VALUES (871, "JPP", "JAPAN PRODUCT PARTS");
INSERT INTO COMPLECTATION(ID, FRAME_ID, NAME, URL, ENGINE_MNEMONIC, ENGINE_LABEL, PRODUCTION_PERIOD, BODY_MNEMONIC, BODY_LABEL, GRADE_MNEMONIC, GRADE_LABEL, TRANSMISSION_MNEMONIC, TRANSMISSION_LABEL) VALUES (872, 106, "RN90L-CRMDEA", "https://toyota-usa.epc-data.com/4runner/rn90l/3182/", "22RE", "2400CC EFI", "08.1988 - 01.1995", "", "", "DLX", "DELUXE TYPE", "MTM", "MANUAL TRANSMISSION");
INSERT INTO COMPLECTATION_OPTIONS(COMPLECTATION_ID, OPTION_MNEMONIC, OPTION_LABEL) VALUES (872, "5F", "MTM,5-SPEED FLOOR SHIFT");
INSERT INTO COMPLECTATION_OPTIONS(COMPLECTATION_ID, OPTION_MNEMONIC, OPTION_LABEL) VALUES (872, "XTR", "EXTRA CAB");
INSERT INTO COMPLECTATION_OPTIONS(COMPLECTATION_ID, OPTION_MNEMONIC, OPTION_LABEL) VALUES (872, "ST", "SINGLE TIRE");
INSERT INTO COMPLECTATION_OPTIONS(COMPLECTATION_ID, OPTION_MNEMONIC, OPTION_LABEL) VALUES (872, "HLF", "0.5TONS");
INSERT INTO COMPLECTATION_OPTIONS(COMPLECTATION_ID, OPTION_MNEMONIC, OPTION_LABEL) VALUES (872, "W", "W TYPE TRANSMISSION");
INSERT INTO COMPLECTATION_OPTIONS(COMPLECTATION_ID, OPTION_MNEMONIC, OPTION_LABEL) VALUES (872, "EFI", "ELECTRIC FUEL INJECTION SYSTEM");
INSERT INTO COMPLECTATION_OPTIONS(COMPLECTATION_ID, OPTION_MNEMONIC, OPTION_LABEL) VALUES (872, "USA", "UNITED STATES OF AMERICA");
INSERT INTO COMPLECTATION_OPTIONS(COMPLECTATION_ID, OPTION_MNEMONIC, OPTION_LABEL) VALUES (872, "CBU", "COMPLETELY BUILT UNIT");
INSERT INTO COMPLECTATION_OPTIONS(COMPLECTATION_ID, OPTION_MNEMONIC, OPTION_LABEL) VALUES (872, "T1", "TRUCK(STANDARD DECK 1-SIDE OPEN)");
INSERT INTO COMPLECTATION_OPTIONS(COMPLECTATION_ID, OPTION_MNEMONIC, OPTION_LABEL) VALUES (872, "JPP", "JAPAN PRODUCT PARTS");
INSERT INTO COMPLECTATION(ID, FRAME_ID, NAME, URL, ENGINE_MNEMONIC, ENGINE_LABEL, PRODUCTION_PERIOD, BODY_MNEMONIC, BODY_LABEL, GRADE_MNEMONIC, GRADE_LABEL, TRANSMISSION_MNEMONIC, TRANSMISSION_LABEL) VALUES (873, 106, "RN90L-CRMDEA3", "https://toyota-usa.epc-data.com/4runner/rn90l/3183/", "22RE", "2400CC EFI", "08.1988 - 08.1989", "", "", "DLX", "DELUXE TYPE", "MTM", "MANUAL TRANSMISSION");
INSERT INTO COMPLECTATION_OPTIONS(COMPLECTATION_ID, OPTION_MNEMONIC, OPTION_LABEL) VALUES (873, "5F", "MTM,5-SPEED FLOOR SHIFT");
INSERT INTO COMPLECTATION_OPTIONS(COMPLECTATION_ID, OPTION_MNEMONIC, OPTION_LABEL) VALUES (873, "XTR", "EXTRA CAB");
INSERT INTO COMPLECTATION_OPTIONS(COMPLECTATION_ID, OPTION_MNEMONIC, OPTION_LABEL) VALUES (873, "ST", "SINGLE TIRE");
INSERT INTO COMPLECTATION_OPTIONS(COMPLECTATION_ID, OPTION_MNEMONIC, OPTION_LABEL) VALUES (873, "HLF", "0.5TONS");
INSERT INTO COMPLECTATION_OPTIONS(COMPLECTATION_ID, OPTION_MNEMONIC, OPTION_LABEL) VALUES (873, "W", "W TYPE TRANSMISSION");
INSERT INTO COMPLECTATION_OPTIONS(COMPLECTATION_ID, OPTION_MNEMONIC, OPTION_LABEL) VALUES (873, "EFI", "ELECTRIC FUEL INJECTION SYSTEM");
INSERT INTO COMPLECTATION_OPTIONS(COMPLECTATION_ID, OPTION_MNEMONIC, OPTION_LABEL) VALUES (873, "USA", "UNITED STATES OF AMERICA");
INSERT INTO COMPLECTATION_OPTIONS(COMPLECTATION_ID, OPTION_MNEMONIC, OPTION_LABEL) VALUES (873, "IV3", "INCOMPLETE VEHICLES (CAB & CHASSIS)");
INSERT INTO COMPLECTATION_OPTIONS(COMPLECTATION_ID, OPTION_MNEMONIC, OPTION_LABEL) VALUES (873, "T1", "TRUCK(STANDARD DECK 1-SIDE OPEN)");
INSERT INTO COMPLECTATION_OPTIONS(COMPLECTATION_ID, OPTION_MNEMONIC, OPTION_LABEL) VALUES (873, "JPP", "JAPAN PRODUCT PARTS");
INSERT INTO COMPLECTATION(ID, FRAME_ID, NAME, URL, ENGINE_MNEMONIC, ENGINE_LABEL, PRODUCTION_PERIOD, BODY_MNEMONIC, BODY_LABEL, GRADE_MNEMONIC, GRADE_LABEL, TRANSMISSION_MNEMONIC, TRANSMISSION_LABEL) VALUES (874, 106, "RN90L-CRMDEK", "https://toyota-usa.epc-data.com/4runner/rn90l/3184/", "22RE", "2400CC EFI", "08.1990 - 01.1995", "", "", "DLX", "DELUXE TYPE", "MTM", "MANUAL TRANSMISSION");
INSERT INTO COMPLECTATION_OPTIONS(COMPLECTATION_ID, OPTION_MNEMONIC, OPTION_LABEL) VALUES (874, "5F", "MTM,5-SPEED FLOOR SHIFT");
INSERT INTO COMPLECTATION_OPTIONS(COMPLECTATION_ID, OPTION_MNEMONIC, OPTION_LABEL) VALUES (874, "XTR", "EXTRA CAB");
INSERT INTO COMPLECTATION_OPTIONS(COMPLECTATION_ID, OPTION_MNEMONIC, OPTION_LABEL) VALUES (874, "ST", "SINGLE TIRE");
INSERT INTO COMPLECTATION_OPTIONS(COMPLECTATION_ID, OPTION_MNEMONIC, OPTION_LABEL) VALUES (874, "HLF", "0.5TONS");
INSERT INTO COMPLECTATION_OPTIONS(COMPLECTATION_ID, OPTION_MNEMONIC, OPTION_LABEL) VALUES (874, "W", "W TYPE TRANSMISSION");
INSERT INTO COMPLECTATION_OPTIONS(COMPLECTATION_ID, OPTION_MNEMONIC, OPTION_LABEL) VALUES (874, "EFI", "ELECTRIC FUEL INJECTION SYSTEM");
INSERT INTO COMPLECTATION_OPTIONS(COMPLECTATION_ID, OPTION_MNEMONIC, OPTION_LABEL) VALUES (874, "CND", "CANADA");
INSERT INTO COMPLECTATION_OPTIONS(COMPLECTATION_ID, OPTION_MNEMONIC, OPTION_LABEL) VALUES (874, "CBU", "COMPLETELY BUILT UNIT");
INSERT INTO COMPLECTATION_OPTIONS(COMPLECTATION_ID, OPTION_MNEMONIC, OPTION_LABEL) VALUES (874, "T1", "TRUCK(STANDARD DECK 1-SIDE OPEN)");
INSERT INTO COMPLECTATION_OPTIONS(COMPLECTATION_ID, OPTION_MNEMONIC, OPTION_LABEL) VALUES (874, "JPP", "JAPAN PRODUCT PARTS");
INSERT INTO COMPLECTATION(ID, FRAME_ID, NAME, URL, ENGINE_MNEMONIC, ENGINE_LABEL, PRODUCTION_PERIOD, BODY_MNEMONIC, BODY_LABEL, GRADE_MNEMONIC, GRADE_LABEL, TRANSMISSION_MNEMONIC, TRANSMISSION_LABEL) VALUES (875, 106, "RN90L-CRMDSK", "https://toyota-usa.epc-data.com/4runner/rn90l/3181/", "22R", "2400CC", "08.1988 - 08.1990", "", "", "DLX", "DELUXE TYPE", "MTM", "MANUAL TRANSMISSION");
INSERT INTO COMPLECTATION_OPTIONS(COMPLECTATION_ID, OPTION_MNEMONIC, OPTION_LABEL) VALUES (875, "5F", "MTM,5-SPEED FLOOR SHIFT");
INSERT INTO COMPLECTATION_OPTIONS(COMPLECTATION_ID, OPTION_MNEMONIC, OPTION_LABEL) VALUES (875, "XTR", "EXTRA CAB");
INSERT INTO COMPLECTATION_OPTIONS(COMPLECTATION_ID, OPTION_MNEMONIC, OPTION_LABEL) VALUES (875, "ST", "SINGLE TIRE");
INSERT INTO COMPLECTATION_OPTIONS(COMPLECTATION_ID, OPTION_MNEMONIC, OPTION_LABEL) VALUES (875, "HLF", "0.5TONS");
INSERT INTO COMPLECTATION_OPTIONS(COMPLECTATION_ID, OPTION_MNEMONIC, OPTION_LABEL) VALUES (875, "G", "G TYPE TRANSMISSION");
INSERT INTO COMPLECTATION_OPTIONS(COMPLECTATION_ID, OPTION_MNEMONIC, OPTION_LABEL) VALUES (875, "CBR", "CARBURETOR SYSTEM");
INSERT INTO COMPLECTATION_OPTIONS(COMPLECTATION_ID, OPTION_MNEMONIC, OPTION_LABEL) VALUES (875, "CND", "CANADA");
INSERT INTO COMPLECTATION_OPTIONS(COMPLECTATION_ID, OPTION_MNEMONIC, OPTION_LABEL) VALUES (875, "CBU", "COMPLETELY BUILT UNIT");
INSERT INTO COMPLECTATION_OPTIONS(COMPLECTATION_ID, OPTION_MNEMONIC, OPTION_LABEL) VALUES (875, "T1", "TRUCK(STANDARD DECK 1-SIDE OPEN)");
INSERT INTO COMPLECTATION_OPTIONS(COMPLECTATION_ID, OPTION_MNEMONIC, OPTION_LABEL) VALUES (875, "JPP", "JAPAN PRODUCT PARTS");
INSERT INTO COMPLECTATION(ID, FRAME_ID, NAME, URL, ENGINE_MNEMONIC, ENGINE_LABEL, PRODUCTION_PERIOD, BODY_MNEMONIC, BODY_LABEL, GRADE_MNEMONIC, GRADE_LABEL, TRANSMISSION_MNEMONIC, TRANSMISSION_LABEL) VALUES (876, 106, "RN90L-CRMSEA", "https://toyota-usa.epc-data.com/4runner/rn90l/3188/", "22RE", "2400CC EFI", "08.1988 - 08.1990", "", "", "SR5", "SR-5 TYPE", "MTM", "MANUAL TRANSMISSION");
INSERT INTO COMPLECTATION_OPTIONS(COMPLECTATION_ID, OPTION_MNEMONIC, OPTION_LABEL) VALUES (876, "5F", "MTM,5-SPEED FLOOR SHIFT");
INSERT INTO COMPLECTATION_OPTIONS(COMPLECTATION_ID, OPTION_MNEMONIC, OPTION_LABEL) VALUES (876, "XTR", "EXTRA CAB");
INSERT INTO COMPLECTATION_OPTIONS(COMPLECTATION_ID, OPTION_MNEMONIC, OPTION_LABEL) VALUES (876, "ST", "SINGLE TIRE");
INSERT INTO COMPLECTATION_OPTIONS(COMPLECTATION_ID, OPTION_MNEMONIC, OPTION_LABEL) VALUES (876, "HLF", "0.5TONS");
INSERT INTO COMPLECTATION_OPTIONS(COMPLECTATION_ID, OPTION_MNEMONIC, OPTION_LABEL) VALUES (876, "W", "W TYPE TRANSMISSION");
INSERT INTO COMPLECTATION_OPTIONS(COMPLECTATION_ID, OPTION_MNEMONIC, OPTION_LABEL) VALUES (876, "EFI", "ELECTRIC FUEL INJECTION SYSTEM");
INSERT INTO COMPLECTATION_OPTIONS(COMPLECTATION_ID, OPTION_MNEMONIC, OPTION_LABEL) VALUES (876, "USA", "UNITED STATES OF AMERICA");
INSERT INTO COMPLECTATION_OPTIONS(COMPLECTATION_ID, OPTION_MNEMONIC, OPTION_LABEL) VALUES (876, "CBU", "COMPLETELY BUILT UNIT");
INSERT INTO COMPLECTATION_OPTIONS(COMPLECTATION_ID, OPTION_MNEMONIC, OPTION_LABEL) VALUES (876, "T1", "TRUCK(STANDARD DECK 1-SIDE OPEN)");
INSERT INTO COMPLECTATION_OPTIONS(COMPLECTATION_ID, OPTION_MNEMONIC, OPTION_LABEL) VALUES (876, "JPP", "JAPAN PRODUCT PARTS");
INSERT INTO COMPLECTATION(ID, FRAME_ID, NAME, URL, ENGINE_MNEMONIC, ENGINE_LABEL, PRODUCTION_PERIOD, BODY_MNEMONIC, BODY_LABEL, GRADE_MNEMONIC, GRADE_LABEL, TRANSMISSION_MNEMONIC, TRANSMISSION_LABEL) VALUES (877, 106, "RN90L-CRMSEA3", "https://toyota-usa.epc-data.com/4runner/rn90l/3189/", "22RE", "2400CC EFI", "08.1988 - 08.1989", "", "", "SR5", "SR-5 TYPE", "MTM", "MANUAL TRANSMISSION");
INSERT INTO COMPLECTATION_OPTIONS(COMPLECTATION_ID, OPTION_MNEMONIC, OPTION_LABEL) VALUES (877, "5F", "MTM,5-SPEED FLOOR SHIFT");
INSERT INTO COMPLECTATION_OPTIONS(COMPLECTATION_ID, OPTION_MNEMONIC, OPTION_LABEL) VALUES (877, "XTR", "EXTRA CAB");
INSERT INTO COMPLECTATION_OPTIONS(COMPLECTATION_ID, OPTION_MNEMONIC, OPTION_LABEL) VALUES (877, "ST", "SINGLE TIRE");
INSERT INTO COMPLECTATION_OPTIONS(COMPLECTATION_ID, OPTION_MNEMONIC, OPTION_LABEL) VALUES (877, "HLF", "0.5TONS");
INSERT INTO COMPLECTATION_OPTIONS(COMPLECTATION_ID, OPTION_MNEMONIC, OPTION_LABEL) VALUES (877, "W", "W TYPE TRANSMISSION");
INSERT INTO COMPLECTATION_OPTIONS(COMPLECTATION_ID, OPTION_MNEMONIC, OPTION_LABEL) VALUES (877, "EFI", "ELECTRIC FUEL INJECTION SYSTEM");
INSERT INTO COMPLECTATION_OPTIONS(COMPLECTATION_ID, OPTION_MNEMONIC, OPTION_LABEL) VALUES (877, "USA", "UNITED STATES OF AMERICA");
INSERT INTO COMPLECTATION_OPTIONS(COMPLECTATION_ID, OPTION_MNEMONIC, OPTION_LABEL) VALUES (877, "IV3", "INCOMPLETE VEHICLES (CAB & CHASSIS)");
INSERT INTO COMPLECTATION_OPTIONS(COMPLECTATION_ID, OPTION_MNEMONIC, OPTION_LABEL) VALUES (877, "T1", "TRUCK(STANDARD DECK 1-SIDE OPEN)");
INSERT INTO COMPLECTATION_OPTIONS(COMPLECTATION_ID, OPTION_MNEMONIC, OPTION_LABEL) VALUES (877, "JPP", "JAPAN PRODUCT PARTS");
INSERT INTO COMPLECTATION(ID, FRAME_ID, NAME, URL, ENGINE_MNEMONIC, ENGINE_LABEL, PRODUCTION_PERIOD, BODY_MNEMONIC, BODY_LABEL, GRADE_MNEMONIC, GRADE_LABEL, TRANSMISSION_MNEMONIC, TRANSMISSION_LABEL) VALUES (878, 106, "RN90L-CRSDEA", "https://toyota-usa.epc-data.com/4runner/rn90l/3185/", "22RE", "2400CC EFI", "08.1988 - 01.1995", "", "", "DLX", "DELUXE TYPE", "ATM", "AUTOMATIC TRANSMISSION");
INSERT INTO COMPLECTATION_OPTIONS(COMPLECTATION_ID, OPTION_MNEMONIC, OPTION_LABEL) VALUES (878, "4HC", "ATM,4-SPEED COLUMN SHIFT");
INSERT INTO COMPLECTATION_OPTIONS(COMPLECTATION_ID, OPTION_MNEMONIC, OPTION_LABEL) VALUES (878, "XTR", "EXTRA CAB");
INSERT INTO COMPLECTATION_OPTIONS(COMPLECTATION_ID, OPTION_MNEMONIC, OPTION_LABEL) VALUES (878, "ST", "SINGLE TIRE");
INSERT INTO COMPLECTATION_OPTIONS(COMPLECTATION_ID, OPTION_MNEMONIC, OPTION_LABEL) VALUES (878, "HLF", "0.5TONS");
INSERT INTO COMPLECTATION_OPTIONS(COMPLECTATION_ID, OPTION_MNEMONIC, OPTION_LABEL) VALUES (878, "EFI", "ELECTRIC FUEL INJECTION SYSTEM");
INSERT INTO COMPLECTATION_OPTIONS(COMPLECTATION_ID, OPTION_MNEMONIC, OPTION_LABEL) VALUES (878, "USA", "UNITED STATES OF AMERICA");
INSERT INTO COMPLECTATION_OPTIONS(COMPLECTATION_ID, OPTION_MNEMONIC, OPTION_LABEL) VALUES (878, "CBU", "COMPLETELY BUILT UNIT");
INSERT INTO COMPLECTATION_OPTIONS(COMPLECTATION_ID, OPTION_MNEMONIC, OPTION_LABEL) VALUES (878, "T1", "TRUCK(STANDARD DECK 1-SIDE OPEN)");
INSERT INTO COMPLECTATION_OPTIONS(COMPLECTATION_ID, OPTION_MNEMONIC, OPTION_LABEL) VALUES (878, "JPP", "JAPAN PRODUCT PARTS");
INSERT INTO COMPLECTATION(ID, FRAME_ID, NAME, URL, ENGINE_MNEMONIC, ENGINE_LABEL, PRODUCTION_PERIOD, BODY_MNEMONIC, BODY_LABEL, GRADE_MNEMONIC, GRADE_LABEL, TRANSMISSION_MNEMONIC, TRANSMISSION_LABEL) VALUES (879, 106, "RN90L-CRSDEA3", "https://toyota-usa.epc-data.com/4runner/rn90l/3186/", "22RE", "2400CC EFI", "08.1988 - 08.1989", "", "", "DLX", "DELUXE TYPE", "ATM", "AUTOMATIC TRANSMISSION");
INSERT INTO COMPLECTATION_OPTIONS(COMPLECTATION_ID, OPTION_MNEMONIC, OPTION_LABEL) VALUES (879, "4HC", "ATM,4-SPEED COLUMN SHIFT");
INSERT INTO COMPLECTATION_OPTIONS(COMPLECTATION_ID, OPTION_MNEMONIC, OPTION_LABEL) VALUES (879, "XTR", "EXTRA CAB");
INSERT INTO COMPLECTATION_OPTIONS(COMPLECTATION_ID, OPTION_MNEMONIC, OPTION_LABEL) VALUES (879, "ST", "SINGLE TIRE");
INSERT INTO COMPLECTATION_OPTIONS(COMPLECTATION_ID, OPTION_MNEMONIC, OPTION_LABEL) VALUES (879, "HLF", "0.5TONS");
INSERT INTO COMPLECTATION_OPTIONS(COMPLECTATION_ID, OPTION_MNEMONIC, OPTION_LABEL) VALUES (879, "EFI", "ELECTRIC FUEL INJECTION SYSTEM");
INSERT INTO COMPLECTATION_OPTIONS(COMPLECTATION_ID, OPTION_MNEMONIC, OPTION_LABEL) VALUES (879, "USA", "UNITED STATES OF AMERICA");
INSERT INTO COMPLECTATION_OPTIONS(COMPLECTATION_ID, OPTION_MNEMONIC, OPTION_LABEL) VALUES (879, "IV3", "INCOMPLETE VEHICLES (CAB & CHASSIS)");
INSERT INTO COMPLECTATION_OPTIONS(COMPLECTATION_ID, OPTION_MNEMONIC, OPTION_LABEL) VALUES (879, "T1", "TRUCK(STANDARD DECK 1-SIDE OPEN)");
INSERT INTO COMPLECTATION_OPTIONS(COMPLECTATION_ID, OPTION_MNEMONIC, OPTION_LABEL) VALUES (879, "JPP", "JAPAN PRODUCT PARTS");
INSERT INTO COMPLECTATION(ID, FRAME_ID, NAME, URL, ENGINE_MNEMONIC, ENGINE_LABEL, PRODUCTION_PERIOD, BODY_MNEMONIC, BODY_LABEL, GRADE_MNEMONIC, GRADE_LABEL, TRANSMISSION_MNEMONIC, TRANSMISSION_LABEL) VALUES (880, 106, "RN90L-CRSDEK", "https://toyota-usa.epc-data.com/4runner/rn90l/3187/", "22RE", "2400CC EFI", "08.1988 - 01.1995", "", "", "DLX", "DELUXE TYPE", "ATM", "AUTOMATIC TRANSMISSION");
INSERT INTO COMPLECTATION_OPTIONS(COMPLECTATION_ID, OPTION_MNEMONIC, OPTION_LABEL) VALUES (880, "4HC", "ATM,4-SPEED COLUMN SHIFT");
INSERT INTO COMPLECTATION_OPTIONS(COMPLECTATION_ID, OPTION_MNEMONIC, OPTION_LABEL) VALUES (880, "XTR", "EXTRA CAB");
INSERT INTO COMPLECTATION_OPTIONS(COMPLECTATION_ID, OPTION_MNEMONIC, OPTION_LABEL) VALUES (880, "ST", "SINGLE TIRE");
INSERT INTO COMPLECTATION_OPTIONS(COMPLECTATION_ID, OPTION_MNEMONIC, OPTION_LABEL) VALUES (880, "HLF", "0.5TONS");
INSERT INTO COMPLECTATION_OPTIONS(COMPLECTATION_ID, OPTION_MNEMONIC, OPTION_LABEL) VALUES (880, "EFI", "ELECTRIC FUEL INJECTION SYSTEM");
INSERT INTO COMPLECTATION_OPTIONS(COMPLECTATION_ID, OPTION_MNEMONIC, OPTION_LABEL) VALUES (880, "CND", "CANADA");
INSERT INTO COMPLECTATION_OPTIONS(COMPLECTATION_ID, OPTION_MNEMONIC, OPTION_LABEL) VALUES (880, "CBU", "COMPLETELY BUILT UNIT");
INSERT INTO COMPLECTATION_OPTIONS(COMPLECTATION_ID, OPTION_MNEMONIC, OPTION_LABEL) VALUES (880, "T1", "TRUCK(STANDARD DECK 1-SIDE OPEN)");
INSERT INTO COMPLECTATION_OPTIONS(COMPLECTATION_ID, OPTION_MNEMONIC, OPTION_LABEL) VALUES (880, "JPP", "JAPAN PRODUCT PARTS");
INSERT INTO COMPLECTATION(ID, FRAME_ID, NAME, URL, ENGINE_MNEMONIC, ENGINE_LABEL, PRODUCTION_PERIOD, BODY_MNEMONIC, BODY_LABEL, GRADE_MNEMONIC, GRADE_LABEL, TRANSMISSION_MNEMONIC, TRANSMISSION_LABEL) VALUES (881, 106, "RN90L-CRSSEA", "https://toyota-usa.epc-data.com/4runner/rn90l/3190/", "22RE", "2400CC EFI", "08.1988 - 08.1990", "", "", "SR5", "SR-5 TYPE", "ATM", "AUTOMATIC TRANSMISSION");
INSERT INTO COMPLECTATION_OPTIONS(COMPLECTATION_ID, OPTION_MNEMONIC, OPTION_LABEL) VALUES (881, "4HC", "ATM,4-SPEED COLUMN SHIFT");
INSERT INTO COMPLECTATION_OPTIONS(COMPLECTATION_ID, OPTION_MNEMONIC, OPTION_LABEL) VALUES (881, "XTR", "EXTRA CAB");
INSERT INTO COMPLECTATION_OPTIONS(COMPLECTATION_ID, OPTION_MNEMONIC, OPTION_LABEL) VALUES (881, "ST", "SINGLE TIRE");
INSERT INTO COMPLECTATION_OPTIONS(COMPLECTATION_ID, OPTION_MNEMONIC, OPTION_LABEL) VALUES (881, "HLF", "0.5TONS");
INSERT INTO COMPLECTATION_OPTIONS(COMPLECTATION_ID, OPTION_MNEMONIC, OPTION_LABEL) VALUES (881, "EFI", "ELECTRIC FUEL INJECTION SYSTEM");
INSERT INTO COMPLECTATION_OPTIONS(COMPLECTATION_ID, OPTION_MNEMONIC, OPTION_LABEL) VALUES (881, "USA", "UNITED STATES OF AMERICA");
INSERT INTO COMPLECTATION_OPTIONS(COMPLECTATION_ID, OPTION_MNEMONIC, OPTION_LABEL) VALUES (881, "CBU", "COMPLETELY BUILT UNIT");
INSERT INTO COMPLECTATION_OPTIONS(COMPLECTATION_ID, OPTION_MNEMONIC, OPTION_LABEL) VALUES (881, "T1", "TRUCK(STANDARD DECK 1-SIDE OPEN)");
INSERT INTO COMPLECTATION_OPTIONS(COMPLECTATION_ID, OPTION_MNEMONIC, OPTION_LABEL) VALUES (881, "JPP", "JAPAN PRODUCT PARTS");
INSERT INTO COMPLECTATION(ID, FRAME_ID, NAME, URL, ENGINE_MNEMONIC, ENGINE_LABEL, PRODUCTION_PERIOD, BODY_MNEMONIC, BODY_LABEL, GRADE_MNEMONIC, GRADE_LABEL, TRANSMISSION_MNEMONIC, TRANSMISSION_LABEL) VALUES (882, 106, "RN90L-CRSSEA3", "https://toyota-usa.epc-data.com/4runner/rn90l/3191/", "22RE", "2400CC EFI", "08.1988 - 08.1989", "", "", "SR5", "SR-5 TYPE", "ATM", "AUTOMATIC TRANSMISSION");
INSERT INTO COMPLECTATION_OPTIONS(COMPLECTATION_ID, OPTION_MNEMONIC, OPTION_LABEL) VALUES (882, "4HC", "ATM,4-SPEED COLUMN SHIFT");
INSERT INTO COMPLECTATION_OPTIONS(COMPLECTATION_ID, OPTION_MNEMONIC, OPTION_LABEL) VALUES (882, "XTR", "EXTRA CAB");
INSERT INTO COMPLECTATION_OPTIONS(COMPLECTATION_ID, OPTION_MNEMONIC, OPTION_LABEL) VALUES (882, "ST", "SINGLE TIRE");
INSERT INTO COMPLECTATION_OPTIONS(COMPLECTATION_ID, OPTION_MNEMONIC, OPTION_LABEL) VALUES (882, "HLF", "0.5TONS");
INSERT INTO COMPLECTATION_OPTIONS(COMPLECTATION_ID, OPTION_MNEMONIC, OPTION_LABEL) VALUES (882, "EFI", "ELECTRIC FUEL INJECTION SYSTEM");
INSERT INTO COMPLECTATION_OPTIONS(COMPLECTATION_ID, OPTION_MNEMONIC, OPTION_LABEL) VALUES (882, "USA", "UNITED STATES OF AMERICA");
INSERT INTO COMPLECTATION_OPTIONS(COMPLECTATION_ID, OPTION_MNEMONIC, OPTION_LABEL) VALUES (882, "IV3", "INCOMPLETE VEHICLES (CAB & CHASSIS)");
INSERT INTO COMPLECTATION_OPTIONS(COMPLECTATION_ID, OPTION_MNEMONIC, OPTION_LABEL) VALUES (882, "T1", "TRUCK(STANDARD DECK 1-SIDE OPEN)");
INSERT INTO COMPLECTATION_OPTIONS(COMPLECTATION_ID, OPTION_MNEMONIC, OPTION_LABEL) VALUES (882, "JPP", "JAPAN PRODUCT PARTS");
INSERT INTO COMPLECTATION(ID, FRAME_ID, NAME, URL, ENGINE_MNEMONIC, ENGINE_LABEL, PRODUCTION_PERIOD, BODY_MNEMONIC, BODY_LABEL, GRADE_MNEMONIC, GRADE_LABEL, TRANSMISSION_MNEMONIC, TRANSMISSION_LABEL) VALUES (883, 106, "RN90L-CRMDEAB", "https://toyota-usa.epc-data.com/4runner/rn90l/3280/", "22RE", "2400CC EFI", "03.1993 - 01.1995", "", "", "DLX", "DELUXE TYPE", "MTM", "MANUAL TRANSMISSION");
INSERT INTO COMPLECTATION_OPTIONS(COMPLECTATION_ID, OPTION_MNEMONIC, OPTION_LABEL) VALUES (883, "5F", "MTM,5-SPEED FLOOR SHIFT");
INSERT INTO COMPLECTATION_OPTIONS(COMPLECTATION_ID, OPTION_MNEMONIC, OPTION_LABEL) VALUES (883, "NAP", "PRODUCED AT NUMMI");
INSERT INTO COMPLECTATION_OPTIONS(COMPLECTATION_ID, OPTION_MNEMONIC, OPTION_LABEL) VALUES (883, "XTR", "EXTRA CAB");
INSERT INTO COMPLECTATION_OPTIONS(COMPLECTATION_ID, OPTION_MNEMONIC, OPTION_LABEL) VALUES (883, "T1", "TRUCK(STANDARD DECK 1-SIDE OPEN)");
INSERT INTO COMPLECTATION_OPTIONS(COMPLECTATION_ID, OPTION_MNEMONIC, OPTION_LABEL) VALUES (883, "W", "W TYPE TRANSMISSION");
INSERT INTO COMPLECTATION_OPTIONS(COMPLECTATION_ID, OPTION_MNEMONIC, OPTION_LABEL) VALUES (883, "EFI", "ELECTRIC FUEL INJECTION SYSTEM");
INSERT INTO COMPLECTATION_OPTIONS(COMPLECTATION_ID, OPTION_MNEMONIC, OPTION_LABEL) VALUES (883, "USA", "UNITED STATES OF AMERICA");
INSERT INTO COMPLECTATION_OPTIONS(COMPLECTATION_ID, OPTION_MNEMONIC, OPTION_LABEL) VALUES (883, "CBU", "COMPLETELY BUILT UNIT");
INSERT INTO FRAME(ID, MODEL_ID, NAME, URL) VALUES (107, 10, "RZN180L", "https://toyota-usa.epc-data.com/4runner/rzn180l");
INSERT INTO COMPLECTATION(ID, FRAME_ID, NAME, URL, ENGINE_MNEMONIC, ENGINE_LABEL, PRODUCTION_PERIOD, BODY_MNEMONIC, BODY_LABEL, GRADE_MNEMONIC, GRADE_LABEL, TRANSMISSION_MNEMONIC, TRANSMISSION_LABEL) VALUES (884, 107, "RZN180L-GKMSKA", "https://toyota-usa.epc-data.com/4runner/rzn180l/2815/", "3RZFE", "2700CC EFI", "11.1995 - 08.2000", "", "", "SR5B", "SR5 TYPE(-0008),BASE TYPE(0008-)", "MTM", "MANUAL TRANSMISSION");
INSERT INTO COMPLECTATION_OPTIONS(COMPLECTATION_ID, OPTION_MNEMONIC, OPTION_LABEL) VALUES (884, "5F", "MTM,5-SPEED FLOOR SHIFT");
INSERT INTO COMPLECTATION(ID, FRAME_ID, NAME, URL, ENGINE_MNEMONIC, ENGINE_LABEL, PRODUCTION_PERIOD, BODY_MNEMONIC, BODY_LABEL, GRADE_MNEMONIC, GRADE_LABEL, TRANSMISSION_MNEMONIC, TRANSMISSION_LABEL) VALUES (885, 107, "RZN180L-GKPSKA", "https://toyota-usa.epc-data.com/4runner/rzn180l/2816/", "3RZFE", "2700CC EFI", "11.1995 - 08.2000", "", "", "SR5B", "SR5 TYPE(-0008),BASE TYPE(0008-)", "ATM", "AUTOMATIC TRANSMISSION");
INSERT INTO COMPLECTATION_OPTIONS(COMPLECTATION_ID, OPTION_MNEMONIC, OPTION_LABEL) VALUES (885, "4FC", "ATM,4-SPEED FLOOR SHIFT");
INSERT INTO FRAME(ID, MODEL_ID, NAME, URL) VALUES (108, 10, "RZN185L", "https://toyota-usa.epc-data.com/4runner/rzn185l");
INSERT INTO COMPLECTATION(ID, FRAME_ID, NAME, URL, ENGINE_MNEMONIC, ENGINE_LABEL, PRODUCTION_PERIOD, BODY_MNEMONIC, BODY_LABEL, GRADE_MNEMONIC, GRADE_LABEL, TRANSMISSION_MNEMONIC, TRANSMISSION_LABEL) VALUES (886, 108, "RZN185L-GKMSKA", "https://toyota-usa.epc-data.com/4runner/rzn185l/2820/", "3RZFE", "2700CC EFI", "11.1995 - 08.2000", "", "", "SR5B", "SR5 TYPE(-0008),BASE TYPE(0008-)", "MTM", "MANUAL TRANSMISSION");
INSERT INTO COMPLECTATION_OPTIONS(COMPLECTATION_ID, OPTION_MNEMONIC, OPTION_LABEL) VALUES (886, "5F", "MTM,5-SPEED FLOOR SHIFT");
INSERT INTO COMPLECTATION(ID, FRAME_ID, NAME, URL, ENGINE_MNEMONIC, ENGINE_LABEL, PRODUCTION_PERIOD, BODY_MNEMONIC, BODY_LABEL, GRADE_MNEMONIC, GRADE_LABEL, TRANSMISSION_MNEMONIC, TRANSMISSION_LABEL) VALUES (887, 108, "RZN185L-GKPSKA", "https://toyota-usa.epc-data.com/4runner/rzn185l/2821/", "3RZFE", "2700CC EFI", "11.1995 - 08.2000", "", "", "SR5B", "SR5 TYPE(-0008),BASE TYPE(0008-)", "ATM", "AUTOMATIC TRANSMISSION");
INSERT INTO COMPLECTATION_OPTIONS(COMPLECTATION_ID, OPTION_MNEMONIC, OPTION_LABEL) VALUES (887, "4FC", "ATM,4-SPEED FLOOR SHIFT");
INSERT INTO FRAME(ID, MODEL_ID, NAME, URL) VALUES (109, 10, "UZN210L", "https://toyota-usa.epc-data.com/4runner/uzn210l");
INSERT INTO COMPLECTATION(ID, FRAME_ID, NAME, URL, ENGINE_MNEMONIC, ENGINE_LABEL, PRODUCTION_PERIOD, BODY_MNEMONIC, BODY_LABEL, GRADE_MNEMONIC, GRADE_LABEL, TRANSMISSION_MNEMONIC, TRANSMISSION_LABEL) VALUES (888, 109, "UZN210L-GKAGKA", "https://toyota-usa.epc-data.com/4runner/uzn210l/2836/", "2UZFE", "4700CC 32-VALVE DOHC EFI", "08.2002", "", "", "SR5", "SR-5 TYPE", "ATM", "AUTOMATIC TRANSMISSION");
INSERT INTO COMPLECTATION_OPTIONS(COMPLECTATION_ID, OPTION_MNEMONIC, OPTION_LABEL) VALUES (888, "5FC", "ATM,5-SPEED FLOOR SHIFT");
INSERT INTO COMPLECTATION(ID, FRAME_ID, NAME, URL, ENGINE_MNEMONIC, ENGINE_LABEL, PRODUCTION_PERIOD, BODY_MNEMONIC, BODY_LABEL, GRADE_MNEMONIC, GRADE_LABEL, TRANSMISSION_MNEMONIC, TRANSMISSION_LABEL) VALUES (889, 109, "UZN210L-GKAZKA", "https://toyota-usa.epc-data.com/4runner/uzn210l/2837/", "2UZFE", "4700CC 32-VALVE DOHC EFI", "08.2002", "", "", "LIMD", "LIMITED TYPE", "ATM", "AUTOMATIC TRANSMISSION");
INSERT INTO COMPLECTATION_OPTIONS(COMPLECTATION_ID, OPTION_MNEMONIC, OPTION_LABEL) VALUES (889, "5FC", "ATM,5-SPEED FLOOR SHIFT");
INSERT INTO FRAME(ID, MODEL_ID, NAME, URL) VALUES (110, 10, "UZN215L", "https://toyota-usa.epc-data.com/4runner/uzn215l");
INSERT INTO COMPLECTATION(ID, FRAME_ID, NAME, URL, ENGINE_MNEMONIC, ENGINE_LABEL, PRODUCTION_PERIOD, BODY_MNEMONIC, BODY_LABEL, GRADE_MNEMONIC, GRADE_LABEL, TRANSMISSION_MNEMONIC, TRANSMISSION_LABEL) VALUES (890, 110, "UZN215L-GKAGKA", "https://toyota-usa.epc-data.com/4runner/uzn215l/2830/", "2UZFE", "4700CC 32-VALVE DOHC EFI", "08.2002", "", "", "SR5", "SR-5 TYPE", "ATM", "AUTOMATIC TRANSMISSION");
INSERT INTO COMPLECTATION_OPTIONS(COMPLECTATION_ID, OPTION_MNEMONIC, OPTION_LABEL) VALUES (890, "5FC", "ATM,5-SPEED FLOOR SHIFT");
INSERT INTO COMPLECTATION(ID, FRAME_ID, NAME, URL, ENGINE_MNEMONIC, ENGINE_LABEL, PRODUCTION_PERIOD, BODY_MNEMONIC, BODY_LABEL, GRADE_MNEMONIC, GRADE_LABEL, TRANSMISSION_MNEMONIC, TRANSMISSION_LABEL) VALUES (891, 110, "UZN215L-GKAZKA", "https://toyota-usa.epc-data.com/4runner/uzn215l/2831/", "2UZFE", "4700CC 32-VALVE DOHC EFI", "08.2002", "", "", "LIMD", "LIMITED TYPE", "ATM", "AUTOMATIC TRANSMISSION");
INSERT INTO COMPLECTATION_OPTIONS(COMPLECTATION_ID, OPTION_MNEMONIC, OPTION_LABEL) VALUES (891, "5FC", "ATM,5-SPEED FLOOR SHIFT");
INSERT INTO FRAME(ID, MODEL_ID, NAME, URL) VALUES (111, 10, "VZN100L", "https://toyota-usa.epc-data.com/4runner/vzn100l");
INSERT INTO COMPLECTATION(ID, FRAME_ID, NAME, URL, ENGINE_MNEMONIC, ENGINE_LABEL, PRODUCTION_PERIOD, BODY_MNEMONIC, BODY_LABEL, GRADE_MNEMONIC, GRADE_LABEL, TRANSMISSION_MNEMONIC, TRANSMISSION_LABEL) VALUES (892, 111, "VZN100L-TRMDEA", "https://toyota-usa.epc-data.com/4runner/vzn100l/2788/", "3VZE", "3000CC EFI", "08.1988 - 01.1995", "T1", "TRUCK(STANDARD DECK 1-SIDE OPEN)", "DLX", "DELUXE TYPE", "MTM", "MANUAL TRANSMISSION");
INSERT INTO COMPLECTATION_OPTIONS(COMPLECTATION_ID, OPTION_MNEMONIC, OPTION_LABEL) VALUES (892, "5F", "MTM,5-SPEED FLOOR SHIFT");
INSERT INTO COMPLECTATION_OPTIONS(COMPLECTATION_ID, OPTION_MNEMONIC, OPTION_LABEL) VALUES (892, "RCB", "REGULAR CAB");
INSERT INTO COMPLECTATION_OPTIONS(COMPLECTATION_ID, OPTION_MNEMONIC, OPTION_LABEL) VALUES (892, "R", "R TYPE TRANSMISSION");
INSERT INTO COMPLECTATION_OPTIONS(COMPLECTATION_ID, OPTION_MNEMONIC, OPTION_LABEL) VALUES (892, "EFI", "ELECTRIC FUEL INJECTION SYSTEM");
INSERT INTO COMPLECTATION_OPTIONS(COMPLECTATION_ID, OPTION_MNEMONIC, OPTION_LABEL) VALUES (892, "USA", "UNITED STATES OF AMERICA");
INSERT INTO COMPLECTATION_OPTIONS(COMPLECTATION_ID, OPTION_MNEMONIC, OPTION_LABEL) VALUES (892, "CBU", "COMPLETELY BUILT UNIT");
INSERT INTO COMPLECTATION_OPTIONS(COMPLECTATION_ID, OPTION_MNEMONIC, OPTION_LABEL) VALUES (892, "JPP", "JAPAN PRODUCT PARTS");
INSERT INTO COMPLECTATION(ID, FRAME_ID, NAME, URL, ENGINE_MNEMONIC, ENGINE_LABEL, PRODUCTION_PERIOD, BODY_MNEMONIC, BODY_LABEL, GRADE_MNEMONIC, GRADE_LABEL, TRANSMISSION_MNEMONIC, TRANSMISSION_LABEL) VALUES (893, 111, "VZN100L-TRMDEA3", "https://toyota-usa.epc-data.com/4runner/vzn100l/2789/", "3VZE", "3000CC EFI", "08.1988 - 08.1989", "T1", "TRUCK(STANDARD DECK 1-SIDE OPEN)", "DLX", "DELUXE TYPE", "MTM", "MANUAL TRANSMISSION");
INSERT INTO COMPLECTATION_OPTIONS(COMPLECTATION_ID, OPTION_MNEMONIC, OPTION_LABEL) VALUES (893, "5F", "MTM,5-SPEED FLOOR SHIFT");
INSERT INTO COMPLECTATION_OPTIONS(COMPLECTATION_ID, OPTION_MNEMONIC, OPTION_LABEL) VALUES (893, "RCB", "REGULAR CAB");
INSERT INTO COMPLECTATION_OPTIONS(COMPLECTATION_ID, OPTION_MNEMONIC, OPTION_LABEL) VALUES (893, "R", "R TYPE TRANSMISSION");
INSERT INTO COMPLECTATION_OPTIONS(COMPLECTATION_ID, OPTION_MNEMONIC, OPTION_LABEL) VALUES (893, "EFI", "ELECTRIC FUEL INJECTION SYSTEM");
INSERT INTO COMPLECTATION_OPTIONS(COMPLECTATION_ID, OPTION_MNEMONIC, OPTION_LABEL) VALUES (893, "USA", "UNITED STATES OF AMERICA");
INSERT INTO COMPLECTATION_OPTIONS(COMPLECTATION_ID, OPTION_MNEMONIC, OPTION_LABEL) VALUES (893, "IV3", "INCOMPLETE VEHICLES (CAB & CHASSIS)");
INSERT INTO COMPLECTATION_OPTIONS(COMPLECTATION_ID, OPTION_MNEMONIC, OPTION_LABEL) VALUES (893, "JPP", "JAPAN PRODUCT PARTS");
INSERT INTO COMPLECTATION(ID, FRAME_ID, NAME, URL, ENGINE_MNEMONIC, ENGINE_LABEL, PRODUCTION_PERIOD, BODY_MNEMONIC, BODY_LABEL, GRADE_MNEMONIC, GRADE_LABEL, TRANSMISSION_MNEMONIC, TRANSMISSION_LABEL) VALUES (894, 111, "VZN100L-TRMDEK", "https://toyota-usa.epc-data.com/4runner/vzn100l/2790/", "3VZE", "3000CC EFI", "08.1988 - 01.1995", "T1", "TRUCK(STANDARD DECK 1-SIDE OPEN)", "DLX", "DELUXE TYPE", "MTM", "MANUAL TRANSMISSION");
INSERT INTO COMPLECTATION_OPTIONS(COMPLECTATION_ID, OPTION_MNEMONIC, OPTION_LABEL) VALUES (894, "5F", "MTM,5-SPEED FLOOR SHIFT");
INSERT INTO COMPLECTATION_OPTIONS(COMPLECTATION_ID, OPTION_MNEMONIC, OPTION_LABEL) VALUES (894, "RCB", "REGULAR CAB");
INSERT INTO COMPLECTATION_OPTIONS(COMPLECTATION_ID, OPTION_MNEMONIC, OPTION_LABEL) VALUES (894, "R", "R TYPE TRANSMISSION");
INSERT INTO COMPLECTATION_OPTIONS(COMPLECTATION_ID, OPTION_MNEMONIC, OPTION_LABEL) VALUES (894, "EFI", "ELECTRIC FUEL INJECTION SYSTEM");
INSERT INTO COMPLECTATION_OPTIONS(COMPLECTATION_ID, OPTION_MNEMONIC, OPTION_LABEL) VALUES (894, "CND", "CANADA");
INSERT INTO COMPLECTATION_OPTIONS(COMPLECTATION_ID, OPTION_MNEMONIC, OPTION_LABEL) VALUES (894, "CBU", "COMPLETELY BUILT UNIT");
INSERT INTO COMPLECTATION_OPTIONS(COMPLECTATION_ID, OPTION_MNEMONIC, OPTION_LABEL) VALUES (894, "JPP", "JAPAN PRODUCT PARTS");
INSERT INTO COMPLECTATION(ID, FRAME_ID, NAME, URL, ENGINE_MNEMONIC, ENGINE_LABEL, PRODUCTION_PERIOD, BODY_MNEMONIC, BODY_LABEL, GRADE_MNEMONIC, GRADE_LABEL, TRANSMISSION_MNEMONIC, TRANSMISSION_LABEL) VALUES (895, 111, "VZN100L-TRMGEA", "https://toyota-usa.epc-data.com/4runner/vzn100l/2791/", "3VZE", "3000CC EFI", "08.1988 - 08.1990", "T1", "TRUCK(STANDARD DECK 1-SIDE OPEN)", "SR5", "SR-5 TYPE", "MTM", "MANUAL TRANSMISSION");
INSERT INTO COMPLECTATION_OPTIONS(COMPLECTATION_ID, OPTION_MNEMONIC, OPTION_LABEL) VALUES (895, "5F", "MTM,5-SPEED FLOOR SHIFT");
INSERT INTO COMPLECTATION_OPTIONS(COMPLECTATION_ID, OPTION_MNEMONIC, OPTION_LABEL) VALUES (895, "RCB", "REGULAR CAB");
INSERT INTO COMPLECTATION_OPTIONS(COMPLECTATION_ID, OPTION_MNEMONIC, OPTION_LABEL) VALUES (895, "R", "R TYPE TRANSMISSION");
INSERT INTO COMPLECTATION_OPTIONS(COMPLECTATION_ID, OPTION_MNEMONIC, OPTION_LABEL) VALUES (895, "EFI", "ELECTRIC FUEL INJECTION SYSTEM");
INSERT INTO COMPLECTATION_OPTIONS(COMPLECTATION_ID, OPTION_MNEMONIC, OPTION_LABEL) VALUES (895, "USA", "UNITED STATES OF AMERICA");
INSERT INTO COMPLECTATION_OPTIONS(COMPLECTATION_ID, OPTION_MNEMONIC, OPTION_LABEL) VALUES (895, "CBU", "COMPLETELY BUILT UNIT");
INSERT INTO COMPLECTATION_OPTIONS(COMPLECTATION_ID, OPTION_MNEMONIC, OPTION_LABEL) VALUES (895, "JPP", "JAPAN PRODUCT PARTS");
INSERT INTO COMPLECTATION(ID, FRAME_ID, NAME, URL, ENGINE_MNEMONIC, ENGINE_LABEL, PRODUCTION_PERIOD, BODY_MNEMONIC, BODY_LABEL, GRADE_MNEMONIC, GRADE_LABEL, TRANSMISSION_MNEMONIC, TRANSMISSION_LABEL) VALUES (896, 111, "VZN100L-TRMGEA3", "https://toyota-usa.epc-data.com/4runner/vzn100l/2792/", "3VZE", "3000CC EFI", "08.1988 - 08.1989", "T1", "TRUCK(STANDARD DECK 1-SIDE OPEN)", "SR5", "SR-5 TYPE", "MTM", "MANUAL TRANSMISSION");
INSERT INTO COMPLECTATION_OPTIONS(COMPLECTATION_ID, OPTION_MNEMONIC, OPTION_LABEL) VALUES (896, "5F", "MTM,5-SPEED FLOOR SHIFT");
INSERT INTO COMPLECTATION_OPTIONS(COMPLECTATION_ID, OPTION_MNEMONIC, OPTION_LABEL) VALUES (896, "RCB", "REGULAR CAB");
INSERT INTO COMPLECTATION_OPTIONS(COMPLECTATION_ID, OPTION_MNEMONIC, OPTION_LABEL) VALUES (896, "R", "R TYPE TRANSMISSION");
INSERT INTO COMPLECTATION_OPTIONS(COMPLECTATION_ID, OPTION_MNEMONIC, OPTION_LABEL) VALUES (896, "EFI", "ELECTRIC FUEL INJECTION SYSTEM");
INSERT INTO COMPLECTATION_OPTIONS(COMPLECTATION_ID, OPTION_MNEMONIC, OPTION_LABEL) VALUES (896, "USA", "UNITED STATES OF AMERICA");
INSERT INTO COMPLECTATION_OPTIONS(COMPLECTATION_ID, OPTION_MNEMONIC, OPTION_LABEL) VALUES (896, "IV3", "INCOMPLETE VEHICLES (CAB & CHASSIS)");
INSERT INTO COMPLECTATION_OPTIONS(COMPLECTATION_ID, OPTION_MNEMONIC, OPTION_LABEL) VALUES (896, "JPP", "JAPAN PRODUCT PARTS");
INSERT INTO COMPLECTATION(ID, FRAME_ID, NAME, URL, ENGINE_MNEMONIC, ENGINE_LABEL, PRODUCTION_PERIOD, BODY_MNEMONIC, BODY_LABEL, GRADE_MNEMONIC, GRADE_LABEL, TRANSMISSION_MNEMONIC, TRANSMISSION_LABEL) VALUES (897, 111, "VZN100L-TRMDEAB", "https://toyota-usa.epc-data.com/4runner/vzn100l/3224/", "3VZE", "3000CC EFI", "02.1992 - 01.1995", "", "", "DLX", "DELUXE TYPE", "MTM", "MANUAL TRANSMISSION");
INSERT INTO COMPLECTATION_OPTIONS(COMPLECTATION_ID, OPTION_MNEMONIC, OPTION_LABEL) VALUES (897, "5F", "MTM,5-SPEED FLOOR SHIFT");
INSERT INTO COMPLECTATION_OPTIONS(COMPLECTATION_ID, OPTION_MNEMONIC, OPTION_LABEL) VALUES (897, "NAP", "PRODUCED AT NUMMI");
INSERT INTO COMPLECTATION_OPTIONS(COMPLECTATION_ID, OPTION_MNEMONIC, OPTION_LABEL) VALUES (897, "RCB", "REGULAR CAB");
INSERT INTO COMPLECTATION_OPTIONS(COMPLECTATION_ID, OPTION_MNEMONIC, OPTION_LABEL) VALUES (897, "R", "R TYPE TRANSMISSION");
INSERT INTO COMPLECTATION_OPTIONS(COMPLECTATION_ID, OPTION_MNEMONIC, OPTION_LABEL) VALUES (897, "EFI", "ELECTRIC FUEL INJECTION SYSTEM");
INSERT INTO COMPLECTATION_OPTIONS(COMPLECTATION_ID, OPTION_MNEMONIC, OPTION_LABEL) VALUES (897, "USA", "UNITED STATES OF AMERICA");
INSERT INTO COMPLECTATION_OPTIONS(COMPLECTATION_ID, OPTION_MNEMONIC, OPTION_LABEL) VALUES (897, "CBU", "COMPLETELY BUILT UNIT");
INSERT INTO COMPLECTATION_OPTIONS(COMPLECTATION_ID, OPTION_MNEMONIC, OPTION_LABEL) VALUES (897, "T1", "TRUCK(STANDARD DECK 1-SIDE OPEN)");
INSERT INTO FRAME(ID, MODEL_ID, NAME, URL) VALUES (112, 10, "VZN105L", "https://toyota-usa.epc-data.com/4runner/vzn105l");
INSERT INTO COMPLECTATION(ID, FRAME_ID, NAME, URL, ENGINE_MNEMONIC, ENGINE_LABEL, PRODUCTION_PERIOD, BODY_MNEMONIC, BODY_LABEL, GRADE_MNEMONIC, GRADE_LABEL, TRANSMISSION_MNEMONIC, TRANSMISSION_LABEL) VALUES (898, 112, "VZN105L-TRMDEA", "https://toyota-usa.epc-data.com/4runner/vzn105l/2793/", "3VZE", "3000CC EFI", "08.1988 - 08.1992", "T1", "TRUCK(STANDARD DECK 1-SIDE OPEN)", "DLX", "DELUXE TYPE", "MTM", "MANUAL TRANSMISSION");
INSERT INTO COMPLECTATION_OPTIONS(COMPLECTATION_ID, OPTION_MNEMONIC, OPTION_LABEL) VALUES (898, "5F", "MTM,5-SPEED FLOOR SHIFT");
INSERT INTO COMPLECTATION_OPTIONS(COMPLECTATION_ID, OPTION_MNEMONIC, OPTION_LABEL) VALUES (898, "RCB", "REGULAR CAB");
INSERT INTO COMPLECTATION_OPTIONS(COMPLECTATION_ID, OPTION_MNEMONIC, OPTION_LABEL) VALUES (898, "R", "R TYPE TRANSMISSION");
INSERT INTO COMPLECTATION_OPTIONS(COMPLECTATION_ID, OPTION_MNEMONIC, OPTION_LABEL) VALUES (898, "EFI", "ELECTRIC FUEL INJECTION SYSTEM");
INSERT INTO COMPLECTATION_OPTIONS(COMPLECTATION_ID, OPTION_MNEMONIC, OPTION_LABEL) VALUES (898, "USA", "UNITED STATES OF AMERICA");
INSERT INTO COMPLECTATION_OPTIONS(COMPLECTATION_ID, OPTION_MNEMONIC, OPTION_LABEL) VALUES (898, "CBU", "COMPLETELY BUILT UNIT");
INSERT INTO COMPLECTATION_OPTIONS(COMPLECTATION_ID, OPTION_MNEMONIC, OPTION_LABEL) VALUES (898, "JPP", "JAPAN PRODUCT PARTS");
INSERT INTO COMPLECTATION(ID, FRAME_ID, NAME, URL, ENGINE_MNEMONIC, ENGINE_LABEL, PRODUCTION_PERIOD, BODY_MNEMONIC, BODY_LABEL, GRADE_MNEMONIC, GRADE_LABEL, TRANSMISSION_MNEMONIC, TRANSMISSION_LABEL) VALUES (899, 112, "VZN105L-TRMDEA3", "https://toyota-usa.epc-data.com/4runner/vzn105l/2794/", "3VZE", "3000CC EFI", "08.1988 - 08.1989", "T1", "TRUCK(STANDARD DECK 1-SIDE OPEN)", "DLX", "DELUXE TYPE", "MTM", "MANUAL TRANSMISSION");
INSERT INTO COMPLECTATION_OPTIONS(COMPLECTATION_ID, OPTION_MNEMONIC, OPTION_LABEL) VALUES (899, "5F", "MTM,5-SPEED FLOOR SHIFT");
INSERT INTO COMPLECTATION_OPTIONS(COMPLECTATION_ID, OPTION_MNEMONIC, OPTION_LABEL) VALUES (899, "RCB", "REGULAR CAB");
INSERT INTO COMPLECTATION_OPTIONS(COMPLECTATION_ID, OPTION_MNEMONIC, OPTION_LABEL) VALUES (899, "R", "R TYPE TRANSMISSION");
INSERT INTO COMPLECTATION_OPTIONS(COMPLECTATION_ID, OPTION_MNEMONIC, OPTION_LABEL) VALUES (899, "EFI", "ELECTRIC FUEL INJECTION SYSTEM");
INSERT INTO COMPLECTATION_OPTIONS(COMPLECTATION_ID, OPTION_MNEMONIC, OPTION_LABEL) VALUES (899, "USA", "UNITED STATES OF AMERICA");
INSERT INTO COMPLECTATION_OPTIONS(COMPLECTATION_ID, OPTION_MNEMONIC, OPTION_LABEL) VALUES (899, "IV3", "INCOMPLETE VEHICLES (CAB & CHASSIS)");
INSERT INTO COMPLECTATION_OPTIONS(COMPLECTATION_ID, OPTION_MNEMONIC, OPTION_LABEL) VALUES (899, "JPP", "JAPAN PRODUCT PARTS");
INSERT INTO COMPLECTATION(ID, FRAME_ID, NAME, URL, ENGINE_MNEMONIC, ENGINE_LABEL, PRODUCTION_PERIOD, BODY_MNEMONIC, BODY_LABEL, GRADE_MNEMONIC, GRADE_LABEL, TRANSMISSION_MNEMONIC, TRANSMISSION_LABEL) VALUES (900, 112, "VZN105L-TRMDEK", "https://toyota-usa.epc-data.com/4runner/vzn105l/2795/", "3VZE", "3000CC EFI", "08.1988 - 08.1990", "T1", "TRUCK(STANDARD DECK 1-SIDE OPEN)", "DLX", "DELUXE TYPE", "MTM", "MANUAL TRANSMISSION");
INSERT INTO COMPLECTATION_OPTIONS(COMPLECTATION_ID, OPTION_MNEMONIC, OPTION_LABEL) VALUES (900, "5F", "MTM,5-SPEED FLOOR SHIFT");
INSERT INTO COMPLECTATION_OPTIONS(COMPLECTATION_ID, OPTION_MNEMONIC, OPTION_LABEL) VALUES (900, "RCB", "REGULAR CAB");
INSERT INTO COMPLECTATION_OPTIONS(COMPLECTATION_ID, OPTION_MNEMONIC, OPTION_LABEL) VALUES (900, "R", "R TYPE TRANSMISSION");
INSERT INTO COMPLECTATION_OPTIONS(COMPLECTATION_ID, OPTION_MNEMONIC, OPTION_LABEL) VALUES (900, "EFI", "ELECTRIC FUEL INJECTION SYSTEM");
INSERT INTO COMPLECTATION_OPTIONS(COMPLECTATION_ID, OPTION_MNEMONIC, OPTION_LABEL) VALUES (900, "CND", "CANADA");
INSERT INTO COMPLECTATION_OPTIONS(COMPLECTATION_ID, OPTION_MNEMONIC, OPTION_LABEL) VALUES (900, "CBU", "COMPLETELY BUILT UNIT");
INSERT INTO COMPLECTATION_OPTIONS(COMPLECTATION_ID, OPTION_MNEMONIC, OPTION_LABEL) VALUES (900, "JPP", "JAPAN PRODUCT PARTS");
INSERT INTO COMPLECTATION(ID, FRAME_ID, NAME, URL, ENGINE_MNEMONIC, ENGINE_LABEL, PRODUCTION_PERIOD, BODY_MNEMONIC, BODY_LABEL, GRADE_MNEMONIC, GRADE_LABEL, TRANSMISSION_MNEMONIC, TRANSMISSION_LABEL) VALUES (901, 112, "VZN105L-TRPDEA", "https://toyota-usa.epc-data.com/4runner/vzn105l/2796/", "3VZE", "3000CC EFI", "08.1988 - 08.1990", "T1", "TRUCK(STANDARD DECK 1-SIDE OPEN)", "DLX", "DELUXE TYPE", "ATM", "AUTOMATIC TRANSMISSION");
INSERT INTO COMPLECTATION_OPTIONS(COMPLECTATION_ID, OPTION_MNEMONIC, OPTION_LABEL) VALUES (901, "4FC", "ATM,4-SPEED FLOOR SHIFT");
INSERT INTO COMPLECTATION_OPTIONS(COMPLECTATION_ID, OPTION_MNEMONIC, OPTION_LABEL) VALUES (901, "RCB", "REGULAR CAB");
INSERT INTO COMPLECTATION_OPTIONS(COMPLECTATION_ID, OPTION_MNEMONIC, OPTION_LABEL) VALUES (901, "EFI", "ELECTRIC FUEL INJECTION SYSTEM");
INSERT INTO COMPLECTATION_OPTIONS(COMPLECTATION_ID, OPTION_MNEMONIC, OPTION_LABEL) VALUES (901, "USA", "UNITED STATES OF AMERICA");
INSERT INTO COMPLECTATION_OPTIONS(COMPLECTATION_ID, OPTION_MNEMONIC, OPTION_LABEL) VALUES (901, "CBU", "COMPLETELY BUILT UNIT");
INSERT INTO COMPLECTATION_OPTIONS(COMPLECTATION_ID, OPTION_MNEMONIC, OPTION_LABEL) VALUES (901, "JPP", "JAPAN PRODUCT PARTS");
INSERT INTO COMPLECTATION(ID, FRAME_ID, NAME, URL, ENGINE_MNEMONIC, ENGINE_LABEL, PRODUCTION_PERIOD, BODY_MNEMONIC, BODY_LABEL, GRADE_MNEMONIC, GRADE_LABEL, TRANSMISSION_MNEMONIC, TRANSMISSION_LABEL) VALUES (902, 112, "VZN105L-TRPDEA3", "https://toyota-usa.epc-data.com/4runner/vzn105l/2797/", "3VZE", "3000CC EFI", "08.1988 - 08.1989", "T1", "TRUCK(STANDARD DECK 1-SIDE OPEN)", "DLX", "DELUXE TYPE", "ATM", "AUTOMATIC TRANSMISSION");
INSERT INTO COMPLECTATION_OPTIONS(COMPLECTATION_ID, OPTION_MNEMONIC, OPTION_LABEL) VALUES (902, "4FC", "ATM,4-SPEED FLOOR SHIFT");
INSERT INTO COMPLECTATION_OPTIONS(COMPLECTATION_ID, OPTION_MNEMONIC, OPTION_LABEL) VALUES (902, "RCB", "REGULAR CAB");
INSERT INTO COMPLECTATION_OPTIONS(COMPLECTATION_ID, OPTION_MNEMONIC, OPTION_LABEL) VALUES (902, "EFI", "ELECTRIC FUEL INJECTION SYSTEM");
INSERT INTO COMPLECTATION_OPTIONS(COMPLECTATION_ID, OPTION_MNEMONIC, OPTION_LABEL) VALUES (902, "USA", "UNITED STATES OF AMERICA");
INSERT INTO COMPLECTATION_OPTIONS(COMPLECTATION_ID, OPTION_MNEMONIC, OPTION_LABEL) VALUES (902, "IV3", "INCOMPLETE VEHICLES (CAB & CHASSIS)");
INSERT INTO COMPLECTATION_OPTIONS(COMPLECTATION_ID, OPTION_MNEMONIC, OPTION_LABEL) VALUES (902, "JPP", "JAPAN PRODUCT PARTS");
INSERT INTO FRAME(ID, MODEL_ID, NAME, URL) VALUES (113, 10, "VZN110L", "https://toyota-usa.epc-data.com/4runner/vzn110l");
INSERT INTO COMPLECTATION(ID, FRAME_ID, NAME, URL, ENGINE_MNEMONIC, ENGINE_LABEL, PRODUCTION_PERIOD, BODY_MNEMONIC, BODY_LABEL, GRADE_MNEMONIC, GRADE_LABEL, TRANSMISSION_MNEMONIC, TRANSMISSION_LABEL) VALUES (903, 113, "VZN110L-CRMDEA", "https://toyota-usa.epc-data.com/4runner/vzn110l/2798/", "3VZE", "3000CC EFI", "08.1988 - 01.1995", "T1", "TRUCK(STANDARD DECK 1-SIDE OPEN)", "DLX", "DELUXE TYPE", "MTM", "MANUAL TRANSMISSION");
INSERT INTO COMPLECTATION_OPTIONS(COMPLECTATION_ID, OPTION_MNEMONIC, OPTION_LABEL) VALUES (903, "5F", "MTM,5-SPEED FLOOR SHIFT");
INSERT INTO COMPLECTATION_OPTIONS(COMPLECTATION_ID, OPTION_MNEMONIC, OPTION_LABEL) VALUES (903, "XTR", "EXTRA CAB");
INSERT INTO COMPLECTATION_OPTIONS(COMPLECTATION_ID, OPTION_MNEMONIC, OPTION_LABEL) VALUES (903, "R", "R TYPE TRANSMISSION");
INSERT INTO COMPLECTATION_OPTIONS(COMPLECTATION_ID, OPTION_MNEMONIC, OPTION_LABEL) VALUES (903, "EFI", "ELECTRIC FUEL INJECTION SYSTEM");
INSERT INTO COMPLECTATION_OPTIONS(COMPLECTATION_ID, OPTION_MNEMONIC, OPTION_LABEL) VALUES (903, "USA", "UNITED STATES OF AMERICA");
INSERT INTO COMPLECTATION_OPTIONS(COMPLECTATION_ID, OPTION_MNEMONIC, OPTION_LABEL) VALUES (903, "CBU", "COMPLETELY BUILT UNIT");
INSERT INTO COMPLECTATION_OPTIONS(COMPLECTATION_ID, OPTION_MNEMONIC, OPTION_LABEL) VALUES (903, "JPP", "JAPAN PRODUCT PARTS");
INSERT INTO COMPLECTATION(ID, FRAME_ID, NAME, URL, ENGINE_MNEMONIC, ENGINE_LABEL, PRODUCTION_PERIOD, BODY_MNEMONIC, BODY_LABEL, GRADE_MNEMONIC, GRADE_LABEL, TRANSMISSION_MNEMONIC, TRANSMISSION_LABEL) VALUES (904, 113, "VZN110L-CRMDEA3", "https://toyota-usa.epc-data.com/4runner/vzn110l/2799/", "3VZE", "3000CC EFI", "08.1988 - 08.1989", "T1", "TRUCK(STANDARD DECK 1-SIDE OPEN)", "DLX", "DELUXE TYPE", "MTM", "MANUAL TRANSMISSION");
INSERT INTO COMPLECTATION_OPTIONS(COMPLECTATION_ID, OPTION_MNEMONIC, OPTION_LABEL) VALUES (904, "5F", "MTM,5-SPEED FLOOR SHIFT");
INSERT INTO COMPLECTATION_OPTIONS(COMPLECTATION_ID, OPTION_MNEMONIC, OPTION_LABEL) VALUES (904, "XTR", "EXTRA CAB");
INSERT INTO COMPLECTATION_OPTIONS(COMPLECTATION_ID, OPTION_MNEMONIC, OPTION_LABEL) VALUES (904, "R", "R TYPE TRANSMISSION");
INSERT INTO COMPLECTATION_OPTIONS(COMPLECTATION_ID, OPTION_MNEMONIC, OPTION_LABEL) VALUES (904, "EFI", "ELECTRIC FUEL INJECTION SYSTEM");
INSERT INTO COMPLECTATION_OPTIONS(COMPLECTATION_ID, OPTION_MNEMONIC, OPTION_LABEL) VALUES (904, "USA", "UNITED STATES OF AMERICA");
INSERT INTO COMPLECTATION_OPTIONS(COMPLECTATION_ID, OPTION_MNEMONIC, OPTION_LABEL) VALUES (904, "IV3", "INCOMPLETE VEHICLES (CAB & CHASSIS)");
INSERT INTO COMPLECTATION_OPTIONS(COMPLECTATION_ID, OPTION_MNEMONIC, OPTION_LABEL) VALUES (904, "JPP", "JAPAN PRODUCT PARTS");
INSERT INTO COMPLECTATION(ID, FRAME_ID, NAME, URL, ENGINE_MNEMONIC, ENGINE_LABEL, PRODUCTION_PERIOD, BODY_MNEMONIC, BODY_LABEL, GRADE_MNEMONIC, GRADE_LABEL, TRANSMISSION_MNEMONIC, TRANSMISSION_LABEL) VALUES (905, 113, "VZN110L-CRMDEK", "https://toyota-usa.epc-data.com/4runner/vzn110l/2800/", "3VZE", "3000CC EFI", "08.1988 - 01.1995", "T1", "TRUCK(STANDARD DECK 1-SIDE OPEN)", "DLX", "DELUXE TYPE", "MTM", "MANUAL TRANSMISSION");
INSERT INTO COMPLECTATION_OPTIONS(COMPLECTATION_ID, OPTION_MNEMONIC, OPTION_LABEL) VALUES (905, "5F", "MTM,5-SPEED FLOOR SHIFT");
INSERT INTO COMPLECTATION_OPTIONS(COMPLECTATION_ID, OPTION_MNEMONIC, OPTION_LABEL) VALUES (905, "XTR", "EXTRA CAB");
INSERT INTO COMPLECTATION_OPTIONS(COMPLECTATION_ID, OPTION_MNEMONIC, OPTION_LABEL) VALUES (905, "R", "R TYPE TRANSMISSION");
INSERT INTO COMPLECTATION_OPTIONS(COMPLECTATION_ID, OPTION_MNEMONIC, OPTION_LABEL) VALUES (905, "EFI", "ELECTRIC FUEL INJECTION SYSTEM");
INSERT INTO COMPLECTATION_OPTIONS(COMPLECTATION_ID, OPTION_MNEMONIC, OPTION_LABEL) VALUES (905, "CND", "CANADA");
INSERT INTO COMPLECTATION_OPTIONS(COMPLECTATION_ID, OPTION_MNEMONIC, OPTION_LABEL) VALUES (905, "CBU", "COMPLETELY BUILT UNIT");
INSERT INTO COMPLECTATION_OPTIONS(COMPLECTATION_ID, OPTION_MNEMONIC, OPTION_LABEL) VALUES (905, "JPP", "JAPAN PRODUCT PARTS");
INSERT INTO COMPLECTATION(ID, FRAME_ID, NAME, URL, ENGINE_MNEMONIC, ENGINE_LABEL, PRODUCTION_PERIOD, BODY_MNEMONIC, BODY_LABEL, GRADE_MNEMONIC, GRADE_LABEL, TRANSMISSION_MNEMONIC, TRANSMISSION_LABEL) VALUES (906, 113, "VZN110L-CRMGEA", "https://toyota-usa.epc-data.com/4runner/vzn110l/2804/", "3VZE", "3000CC EFI", "08.1988 - 01.1995", "T1", "TRUCK(STANDARD DECK 1-SIDE OPEN)", "SR5", "SR-5 TYPE", "MTM", "MANUAL TRANSMISSION");
INSERT INTO COMPLECTATION_OPTIONS(COMPLECTATION_ID, OPTION_MNEMONIC, OPTION_LABEL) VALUES (906, "5F", "MTM,5-SPEED FLOOR SHIFT");
INSERT INTO COMPLECTATION_OPTIONS(COMPLECTATION_ID, OPTION_MNEMONIC, OPTION_LABEL) VALUES (906, "XTR", "EXTRA CAB");
INSERT INTO COMPLECTATION_OPTIONS(COMPLECTATION_ID, OPTION_MNEMONIC, OPTION_LABEL) VALUES (906, "R", "R TYPE TRANSMISSION");
INSERT INTO COMPLECTATION_OPTIONS(COMPLECTATION_ID, OPTION_MNEMONIC, OPTION_LABEL) VALUES (906, "EFI", "ELECTRIC FUEL INJECTION SYSTEM");
INSERT INTO COMPLECTATION_OPTIONS(COMPLECTATION_ID, OPTION_MNEMONIC, OPTION_LABEL) VALUES (906, "USA", "UNITED STATES OF AMERICA");
INSERT INTO COMPLECTATION_OPTIONS(COMPLECTATION_ID, OPTION_MNEMONIC, OPTION_LABEL) VALUES (906, "CBU", "COMPLETELY BUILT UNIT");
INSERT INTO COMPLECTATION_OPTIONS(COMPLECTATION_ID, OPTION_MNEMONIC, OPTION_LABEL) VALUES (906, "JPP", "JAPAN PRODUCT PARTS");
INSERT INTO COMPLECTATION(ID, FRAME_ID, NAME, URL, ENGINE_MNEMONIC, ENGINE_LABEL, PRODUCTION_PERIOD, BODY_MNEMONIC, BODY_LABEL, GRADE_MNEMONIC, GRADE_LABEL, TRANSMISSION_MNEMONIC, TRANSMISSION_LABEL) VALUES (907, 113, "VZN110L-CRMGEA3", "https://toyota-usa.epc-data.com/4runner/vzn110l/2805/", "3VZE", "3000CC EFI", "08.1988 - 08.1989", "T1", "TRUCK(STANDARD DECK 1-SIDE OPEN)", "SR5", "SR-5 TYPE", "MTM", "MANUAL TRANSMISSION");
INSERT INTO COMPLECTATION_OPTIONS(COMPLECTATION_ID, OPTION_MNEMONIC, OPTION_LABEL) VALUES (907, "5F", "MTM,5-SPEED FLOOR SHIFT");
INSERT INTO COMPLECTATION_OPTIONS(COMPLECTATION_ID, OPTION_MNEMONIC, OPTION_LABEL) VALUES (907, "XTR", "EXTRA CAB");
INSERT INTO COMPLECTATION_OPTIONS(COMPLECTATION_ID, OPTION_MNEMONIC, OPTION_LABEL) VALUES (907, "R", "R TYPE TRANSMISSION");
INSERT INTO COMPLECTATION_OPTIONS(COMPLECTATION_ID, OPTION_MNEMONIC, OPTION_LABEL) VALUES (907, "EFI", "ELECTRIC FUEL INJECTION SYSTEM");
INSERT INTO COMPLECTATION_OPTIONS(COMPLECTATION_ID, OPTION_MNEMONIC, OPTION_LABEL) VALUES (907, "USA", "UNITED STATES OF AMERICA");
INSERT INTO COMPLECTATION_OPTIONS(COMPLECTATION_ID, OPTION_MNEMONIC, OPTION_LABEL) VALUES (907, "IV3", "INCOMPLETE VEHICLES (CAB & CHASSIS)");
INSERT INTO COMPLECTATION_OPTIONS(COMPLECTATION_ID, OPTION_MNEMONIC, OPTION_LABEL) VALUES (907, "JPP", "JAPAN PRODUCT PARTS");
INSERT INTO COMPLECTATION(ID, FRAME_ID, NAME, URL, ENGINE_MNEMONIC, ENGINE_LABEL, PRODUCTION_PERIOD, BODY_MNEMONIC, BODY_LABEL, GRADE_MNEMONIC, GRADE_LABEL, TRANSMISSION_MNEMONIC, TRANSMISSION_LABEL) VALUES (908, 113, "VZN110L-CRMGEK", "https://toyota-usa.epc-data.com/4runner/vzn110l/2806/", "3VZE", "3000CC EFI", "08.1988 - 01.1995", "T1", "TRUCK(STANDARD DECK 1-SIDE OPEN)", "SR5", "SR-5 TYPE", "MTM", "MANUAL TRANSMISSION");
INSERT INTO COMPLECTATION_OPTIONS(COMPLECTATION_ID, OPTION_MNEMONIC, OPTION_LABEL) VALUES (908, "5F", "MTM,5-SPEED FLOOR SHIFT");
INSERT INTO COMPLECTATION_OPTIONS(COMPLECTATION_ID, OPTION_MNEMONIC, OPTION_LABEL) VALUES (908, "XTR", "EXTRA CAB");
INSERT INTO COMPLECTATION_OPTIONS(COMPLECTATION_ID, OPTION_MNEMONIC, OPTION_LABEL) VALUES (908, "R", "R TYPE TRANSMISSION");
INSERT INTO COMPLECTATION_OPTIONS(COMPLECTATION_ID, OPTION_MNEMONIC, OPTION_LABEL) VALUES (908, "EFI", "ELECTRIC FUEL INJECTION SYSTEM");
INSERT INTO COMPLECTATION_OPTIONS(COMPLECTATION_ID, OPTION_MNEMONIC, OPTION_LABEL) VALUES (908, "CND", "CANADA");
INSERT INTO COMPLECTATION_OPTIONS(COMPLECTATION_ID, OPTION_MNEMONIC, OPTION_LABEL) VALUES (908, "CBU", "COMPLETELY BUILT UNIT");
INSERT INTO COMPLECTATION_OPTIONS(COMPLECTATION_ID, OPTION_MNEMONIC, OPTION_LABEL) VALUES (908, "JPP", "JAPAN PRODUCT PARTS");
INSERT INTO COMPLECTATION(ID, FRAME_ID, NAME, URL, ENGINE_MNEMONIC, ENGINE_LABEL, PRODUCTION_PERIOD, BODY_MNEMONIC, BODY_LABEL, GRADE_MNEMONIC, GRADE_LABEL, TRANSMISSION_MNEMONIC, TRANSMISSION_LABEL) VALUES (909, 113, "VZN110L-CRPDEA", "https://toyota-usa.epc-data.com/4runner/vzn110l/2801/", "3VZE", "3000CC EFI", "08.1988 - 01.1995", "T1", "TRUCK(STANDARD DECK 1-SIDE OPEN)", "DLX", "DELUXE TYPE", "ATM", "AUTOMATIC TRANSMISSION");
INSERT INTO COMPLECTATION_OPTIONS(COMPLECTATION_ID, OPTION_MNEMONIC, OPTION_LABEL) VALUES (909, "4FC", "ATM,4-SPEED FLOOR SHIFT");
INSERT INTO COMPLECTATION_OPTIONS(COMPLECTATION_ID, OPTION_MNEMONIC, OPTION_LABEL) VALUES (909, "XTR", "EXTRA CAB");
INSERT INTO COMPLECTATION_OPTIONS(COMPLECTATION_ID, OPTION_MNEMONIC, OPTION_LABEL) VALUES (909, "EFI", "ELECTRIC FUEL INJECTION SYSTEM");
INSERT INTO COMPLECTATION_OPTIONS(COMPLECTATION_ID, OPTION_MNEMONIC, OPTION_LABEL) VALUES (909, "USA", "UNITED STATES OF AMERICA");
INSERT INTO COMPLECTATION_OPTIONS(COMPLECTATION_ID, OPTION_MNEMONIC, OPTION_LABEL) VALUES (909, "CBU", "COMPLETELY BUILT UNIT");
INSERT INTO COMPLECTATION_OPTIONS(COMPLECTATION_ID, OPTION_MNEMONIC, OPTION_LABEL) VALUES (909, "JPP", "JAPAN PRODUCT PARTS");
INSERT INTO COMPLECTATION(ID, FRAME_ID, NAME, URL, ENGINE_MNEMONIC, ENGINE_LABEL, PRODUCTION_PERIOD, BODY_MNEMONIC, BODY_LABEL, GRADE_MNEMONIC, GRADE_LABEL, TRANSMISSION_MNEMONIC, TRANSMISSION_LABEL) VALUES (910, 113, "VZN110L-CRPDEA3", "https://toyota-usa.epc-data.com/4runner/vzn110l/2802/", "3VZE", "3000CC EFI", "08.1988 - 08.1989", "T1", "TRUCK(STANDARD DECK 1-SIDE OPEN)", "DLX", "DELUXE TYPE", "ATM", "AUTOMATIC TRANSMISSION");
INSERT INTO COMPLECTATION_OPTIONS(COMPLECTATION_ID, OPTION_MNEMONIC, OPTION_LABEL) VALUES (910, "4FC", "ATM,4-SPEED FLOOR SHIFT");
INSERT INTO COMPLECTATION_OPTIONS(COMPLECTATION_ID, OPTION_MNEMONIC, OPTION_LABEL) VALUES (910, "XTR", "EXTRA CAB");
INSERT INTO COMPLECTATION_OPTIONS(COMPLECTATION_ID, OPTION_MNEMONIC, OPTION_LABEL) VALUES (910, "EFI", "ELECTRIC FUEL INJECTION SYSTEM");
INSERT INTO COMPLECTATION_OPTIONS(COMPLECTATION_ID, OPTION_MNEMONIC, OPTION_LABEL) VALUES (910, "USA", "UNITED STATES OF AMERICA");
INSERT INTO COMPLECTATION_OPTIONS(COMPLECTATION_ID, OPTION_MNEMONIC, OPTION_LABEL) VALUES (910, "IV3", "INCOMPLETE VEHICLES (CAB & CHASSIS)");
INSERT INTO COMPLECTATION_OPTIONS(COMPLECTATION_ID, OPTION_MNEMONIC, OPTION_LABEL) VALUES (910, "JPP", "JAPAN PRODUCT PARTS");
INSERT INTO COMPLECTATION(ID, FRAME_ID, NAME, URL, ENGINE_MNEMONIC, ENGINE_LABEL, PRODUCTION_PERIOD, BODY_MNEMONIC, BODY_LABEL, GRADE_MNEMONIC, GRADE_LABEL, TRANSMISSION_MNEMONIC, TRANSMISSION_LABEL) VALUES (911, 113, "VZN110L-CRPDEK", "https://toyota-usa.epc-data.com/4runner/vzn110l/2803/", "3VZE", "3000CC EFI", "08.1988 - 01.1995", "T1", "TRUCK(STANDARD DECK 1-SIDE OPEN)", "DLX", "DELUXE TYPE", "ATM", "AUTOMATIC TRANSMISSION");
INSERT INTO COMPLECTATION_OPTIONS(COMPLECTATION_ID, OPTION_MNEMONIC, OPTION_LABEL) VALUES (911, "4FC", "ATM,4-SPEED FLOOR SHIFT");
INSERT INTO COMPLECTATION_OPTIONS(COMPLECTATION_ID, OPTION_MNEMONIC, OPTION_LABEL) VALUES (911, "XTR", "EXTRA CAB");
INSERT INTO COMPLECTATION_OPTIONS(COMPLECTATION_ID, OPTION_MNEMONIC, OPTION_LABEL) VALUES (911, "EFI", "ELECTRIC FUEL INJECTION SYSTEM");
INSERT INTO COMPLECTATION_OPTIONS(COMPLECTATION_ID, OPTION_MNEMONIC, OPTION_LABEL) VALUES (911, "CND", "CANADA");
INSERT INTO COMPLECTATION_OPTIONS(COMPLECTATION_ID, OPTION_MNEMONIC, OPTION_LABEL) VALUES (911, "CBU", "COMPLETELY BUILT UNIT");
INSERT INTO COMPLECTATION_OPTIONS(COMPLECTATION_ID, OPTION_MNEMONIC, OPTION_LABEL) VALUES (911, "JPP", "JAPAN PRODUCT PARTS");
INSERT INTO COMPLECTATION(ID, FRAME_ID, NAME, URL, ENGINE_MNEMONIC, ENGINE_LABEL, PRODUCTION_PERIOD, BODY_MNEMONIC, BODY_LABEL, GRADE_MNEMONIC, GRADE_LABEL, TRANSMISSION_MNEMONIC, TRANSMISSION_LABEL) VALUES (912, 113, "VZN110L-CRPGEA", "https://toyota-usa.epc-data.com/4runner/vzn110l/2807/", "3VZE", "3000CC EFI", "08.1988 - 01.1995", "T1", "TRUCK(STANDARD DECK 1-SIDE OPEN)", "SR5", "SR-5 TYPE", "ATM", "AUTOMATIC TRANSMISSION");
INSERT INTO COMPLECTATION_OPTIONS(COMPLECTATION_ID, OPTION_MNEMONIC, OPTION_LABEL) VALUES (912, "4FC", "ATM,4-SPEED FLOOR SHIFT");
INSERT INTO COMPLECTATION_OPTIONS(COMPLECTATION_ID, OPTION_MNEMONIC, OPTION_LABEL) VALUES (912, "XTR", "EXTRA CAB");
INSERT INTO COMPLECTATION_OPTIONS(COMPLECTATION_ID, OPTION_MNEMONIC, OPTION_LABEL) VALUES (912, "EFI", "ELECTRIC FUEL INJECTION SYSTEM");
INSERT INTO COMPLECTATION_OPTIONS(COMPLECTATION_ID, OPTION_MNEMONIC, OPTION_LABEL) VALUES (912, "USA", "UNITED STATES OF AMERICA");
INSERT INTO COMPLECTATION_OPTIONS(COMPLECTATION_ID, OPTION_MNEMONIC, OPTION_LABEL) VALUES (912, "CBU", "COMPLETELY BUILT UNIT");
INSERT INTO COMPLECTATION_OPTIONS(COMPLECTATION_ID, OPTION_MNEMONIC, OPTION_LABEL) VALUES (912, "JPP", "JAPAN PRODUCT PARTS");
INSERT INTO COMPLECTATION(ID, FRAME_ID, NAME, URL, ENGINE_MNEMONIC, ENGINE_LABEL, PRODUCTION_PERIOD, BODY_MNEMONIC, BODY_LABEL, GRADE_MNEMONIC, GRADE_LABEL, TRANSMISSION_MNEMONIC, TRANSMISSION_LABEL) VALUES (913, 113, "VZN110L-CRPGEA3", "https://toyota-usa.epc-data.com/4runner/vzn110l/2808/", "3VZE", "3000CC EFI", "08.1988 - 08.1989", "T1", "TRUCK(STANDARD DECK 1-SIDE OPEN)", "SR5", "SR-5 TYPE", "ATM", "AUTOMATIC TRANSMISSION");
INSERT INTO COMPLECTATION_OPTIONS(COMPLECTATION_ID, OPTION_MNEMONIC, OPTION_LABEL) VALUES (913, "4FC", "ATM,4-SPEED FLOOR SHIFT");
INSERT INTO COMPLECTATION_OPTIONS(COMPLECTATION_ID, OPTION_MNEMONIC, OPTION_LABEL) VALUES (913, "XTR", "EXTRA CAB");
INSERT INTO COMPLECTATION_OPTIONS(COMPLECTATION_ID, OPTION_MNEMONIC, OPTION_LABEL) VALUES (913, "EFI", "ELECTRIC FUEL INJECTION SYSTEM");
INSERT INTO COMPLECTATION_OPTIONS(COMPLECTATION_ID, OPTION_MNEMONIC, OPTION_LABEL) VALUES (913, "USA", "UNITED STATES OF AMERICA");
INSERT INTO COMPLECTATION_OPTIONS(COMPLECTATION_ID, OPTION_MNEMONIC, OPTION_LABEL) VALUES (913, "IV3", "INCOMPLETE VEHICLES (CAB & CHASSIS)");
INSERT INTO COMPLECTATION_OPTIONS(COMPLECTATION_ID, OPTION_MNEMONIC, OPTION_LABEL) VALUES (913, "JPP", "JAPAN PRODUCT PARTS");
INSERT INTO COMPLECTATION(ID, FRAME_ID, NAME, URL, ENGINE_MNEMONIC, ENGINE_LABEL, PRODUCTION_PERIOD, BODY_MNEMONIC, BODY_LABEL, GRADE_MNEMONIC, GRADE_LABEL, TRANSMISSION_MNEMONIC, TRANSMISSION_LABEL) VALUES (914, 113, "VZN110L-CRMDEAB", "https://toyota-usa.epc-data.com/4runner/vzn110l/3225/", "3VZE", "3000CC EFI", "03.1993 - 01.1995", "", "", "DLX", "DELUXE TYPE", "MTM", "MANUAL TRANSMISSION");
INSERT INTO COMPLECTATION_OPTIONS(COMPLECTATION_ID, OPTION_MNEMONIC, OPTION_LABEL) VALUES (914, "5F", "MTM,5-SPEED FLOOR SHIFT");
INSERT INTO COMPLECTATION_OPTIONS(COMPLECTATION_ID, OPTION_MNEMONIC, OPTION_LABEL) VALUES (914, "NAP", "PRODUCED AT NUMMI");
INSERT INTO COMPLECTATION_OPTIONS(COMPLECTATION_ID, OPTION_MNEMONIC, OPTION_LABEL) VALUES (914, "XTR", "EXTRA CAB");
INSERT INTO COMPLECTATION_OPTIONS(COMPLECTATION_ID, OPTION_MNEMONIC, OPTION_LABEL) VALUES (914, "R", "R TYPE TRANSMISSION");
INSERT INTO COMPLECTATION_OPTIONS(COMPLECTATION_ID, OPTION_MNEMONIC, OPTION_LABEL) VALUES (914, "EFI", "ELECTRIC FUEL INJECTION SYSTEM");
INSERT INTO COMPLECTATION_OPTIONS(COMPLECTATION_ID, OPTION_MNEMONIC, OPTION_LABEL) VALUES (914, "USA", "UNITED STATES OF AMERICA");
INSERT INTO COMPLECTATION_OPTIONS(COMPLECTATION_ID, OPTION_MNEMONIC, OPTION_LABEL) VALUES (914, "CBU", "COMPLETELY BUILT UNIT");
INSERT INTO COMPLECTATION_OPTIONS(COMPLECTATION_ID, OPTION_MNEMONIC, OPTION_LABEL) VALUES (914, "T1", "TRUCK(STANDARD DECK 1-SIDE OPEN)");
INSERT INTO COMPLECTATION(ID, FRAME_ID, NAME, URL, ENGINE_MNEMONIC, ENGINE_LABEL, PRODUCTION_PERIOD, BODY_MNEMONIC, BODY_LABEL, GRADE_MNEMONIC, GRADE_LABEL, TRANSMISSION_MNEMONIC, TRANSMISSION_LABEL) VALUES (915, 113, "VZN110L-CRPDEAB", "https://toyota-usa.epc-data.com/4runner/vzn110l/3226/", "3VZE", "3000CC EFI", "03.1993 - 01.1995", "", "", "DLX", "DELUXE TYPE", "ATM", "AUTOMATIC TRANSMISSION");
INSERT INTO COMPLECTATION_OPTIONS(COMPLECTATION_ID, OPTION_MNEMONIC, OPTION_LABEL) VALUES (915, "4FC", "ATM,4-SPEED FLOOR SHIFT");
INSERT INTO COMPLECTATION_OPTIONS(COMPLECTATION_ID, OPTION_MNEMONIC, OPTION_LABEL) VALUES (915, "NAP", "PRODUCED AT NUMMI");
INSERT INTO COMPLECTATION_OPTIONS(COMPLECTATION_ID, OPTION_MNEMONIC, OPTION_LABEL) VALUES (915, "XTR", "EXTRA CAB");
INSERT INTO COMPLECTATION_OPTIONS(COMPLECTATION_ID, OPTION_MNEMONIC, OPTION_LABEL) VALUES (915, "EFI", "ELECTRIC FUEL INJECTION SYSTEM");
INSERT INTO COMPLECTATION_OPTIONS(COMPLECTATION_ID, OPTION_MNEMONIC, OPTION_LABEL) VALUES (915, "USA", "UNITED STATES OF AMERICA");
INSERT INTO COMPLECTATION_OPTIONS(COMPLECTATION_ID, OPTION_MNEMONIC, OPTION_LABEL) VALUES (915, "CBU", "COMPLETELY BUILT UNIT");
INSERT INTO COMPLECTATION_OPTIONS(COMPLECTATION_ID, OPTION_MNEMONIC, OPTION_LABEL) VALUES (915, "T1", "TRUCK(STANDARD DECK 1-SIDE OPEN)");
INSERT INTO FRAME(ID, MODEL_ID, NAME, URL) VALUES (114, 10, "VZN120L", "https://toyota-usa.epc-data.com/4runner/vzn120l");
INSERT INTO COMPLECTATION(ID, FRAME_ID, NAME, URL, ENGINE_MNEMONIC, ENGINE_LABEL, PRODUCTION_PERIOD, BODY_MNEMONIC, BODY_LABEL, GRADE_MNEMONIC, GRADE_LABEL, TRANSMISSION_MNEMONIC, TRANSMISSION_LABEL) VALUES (916, 114, "VZN120L-GKPGEA", "https://toyota-usa.epc-data.com/4runner/vzn120l/3149/", "3VZE", "3000CC EFI", "04.1989 - 11.1995", "", "", "SR5", "SR-5 TYPE", "ATM", "AUTOMATIC TRANSMISSION");
INSERT INTO COMPLECTATION_OPTIONS(COMPLECTATION_ID, OPTION_MNEMONIC, OPTION_LABEL) VALUES (916, "4FC", "ATM,4-SPEED FLOOR SHIFT");
INSERT INTO COMPLECTATION_OPTIONS(COMPLECTATION_ID, OPTION_MNEMONIC, OPTION_LABEL) VALUES (916, "WG", "WAGON(4-RUNNER)");
INSERT INTO COMPLECTATION_OPTIONS(COMPLECTATION_ID, OPTION_MNEMONIC, OPTION_LABEL) VALUES (916, "EFI", "ELECTRIC FUEL INJECTION SYSTEM");
INSERT INTO COMPLECTATION_OPTIONS(COMPLECTATION_ID, OPTION_MNEMONIC, OPTION_LABEL) VALUES (916, "USA", "UNITED STATES OF AMERICA");
INSERT INTO COMPLECTATION_OPTIONS(COMPLECTATION_ID, OPTION_MNEMONIC, OPTION_LABEL) VALUES (916, "CBU", "COMPLETELY BUILT UNIT");
INSERT INTO COMPLECTATION_OPTIONS(COMPLECTATION_ID, OPTION_MNEMONIC, OPTION_LABEL) VALUES (916, "4D", "4-DOOR WAGON");
INSERT INTO COMPLECTATION_OPTIONS(COMPLECTATION_ID, OPTION_MNEMONIC, OPTION_LABEL) VALUES (916, "JPP", "JAPAN PRODUCT PARTS");
INSERT INTO FRAME(ID, MODEL_ID, NAME, URL) VALUES (115, 10, "VZN130L", "https://toyota-usa.epc-data.com/4runner/vzn130l");
INSERT INTO COMPLECTATION(ID, FRAME_ID, NAME, URL, ENGINE_MNEMONIC, ENGINE_LABEL, PRODUCTION_PERIOD, BODY_MNEMONIC, BODY_LABEL, GRADE_MNEMONIC, GRADE_LABEL, TRANSMISSION_MNEMONIC, TRANSMISSION_LABEL) VALUES (917, 115, "VZN130L-GJMGEA", "https://toyota-usa.epc-data.com/4runner/vzn130l/2747/", "3VZE", "3000CC EFI", "04.1989 - 08.1993", "2D", "2-DOOR WAGON", "SR5", "SR-5 TYPE", "MTM", "MANUAL TRANSMISSION");
INSERT INTO COMPLECTATION_OPTIONS(COMPLECTATION_ID, OPTION_MNEMONIC, OPTION_LABEL) VALUES (917, "5F", "MTM,5-SPEED FLOOR SHIFT");
INSERT INTO COMPLECTATION_OPTIONS(COMPLECTATION_ID, OPTION_MNEMONIC, OPTION_LABEL) VALUES (917, "WG", "WAGON(4-RUNNER)");
INSERT INTO COMPLECTATION_OPTIONS(COMPLECTATION_ID, OPTION_MNEMONIC, OPTION_LABEL) VALUES (917, "R", "R TYPE TRANSMISSION");
INSERT INTO COMPLECTATION_OPTIONS(COMPLECTATION_ID, OPTION_MNEMONIC, OPTION_LABEL) VALUES (917, "EFI", "ELECTRIC FUEL INJECTION SYSTEM");
INSERT INTO COMPLECTATION_OPTIONS(COMPLECTATION_ID, OPTION_MNEMONIC, OPTION_LABEL) VALUES (917, "USA", "UNITED STATES OF AMERICA");
INSERT INTO COMPLECTATION_OPTIONS(COMPLECTATION_ID, OPTION_MNEMONIC, OPTION_LABEL) VALUES (917, "CBU", "COMPLETELY BUILT UNIT");
INSERT INTO COMPLECTATION_OPTIONS(COMPLECTATION_ID, OPTION_MNEMONIC, OPTION_LABEL) VALUES (917, "JPP", "JAPAN PRODUCT PARTS");
INSERT INTO COMPLECTATION(ID, FRAME_ID, NAME, URL, ENGINE_MNEMONIC, ENGINE_LABEL, PRODUCTION_PERIOD, BODY_MNEMONIC, BODY_LABEL, GRADE_MNEMONIC, GRADE_LABEL, TRANSMISSION_MNEMONIC, TRANSMISSION_LABEL) VALUES (918, 115, "VZN130L-GJPGEA", "https://toyota-usa.epc-data.com/4runner/vzn130l/2748/", "3VZE", "3000CC EFI", "04.1989 - 08.1993", "2D", "2-DOOR WAGON", "SR5", "SR-5 TYPE", "ATM", "AUTOMATIC TRANSMISSION");
INSERT INTO COMPLECTATION_OPTIONS(COMPLECTATION_ID, OPTION_MNEMONIC, OPTION_LABEL) VALUES (918, "4FC", "ATM,4-SPEED FLOOR SHIFT");
INSERT INTO COMPLECTATION_OPTIONS(COMPLECTATION_ID, OPTION_MNEMONIC, OPTION_LABEL) VALUES (918, "WG", "WAGON(4-RUNNER)");
INSERT INTO COMPLECTATION_OPTIONS(COMPLECTATION_ID, OPTION_MNEMONIC, OPTION_LABEL) VALUES (918, "EFI", "ELECTRIC FUEL INJECTION SYSTEM");
INSERT INTO COMPLECTATION_OPTIONS(COMPLECTATION_ID, OPTION_MNEMONIC, OPTION_LABEL) VALUES (918, "USA", "UNITED STATES OF AMERICA");
INSERT INTO COMPLECTATION_OPTIONS(COMPLECTATION_ID, OPTION_MNEMONIC, OPTION_LABEL) VALUES (918, "CBU", "COMPLETELY BUILT UNIT");
INSERT INTO COMPLECTATION_OPTIONS(COMPLECTATION_ID, OPTION_MNEMONIC, OPTION_LABEL) VALUES (918, "JPP", "JAPAN PRODUCT PARTS");
INSERT INTO COMPLECTATION(ID, FRAME_ID, NAME, URL, ENGINE_MNEMONIC, ENGINE_LABEL, PRODUCTION_PERIOD, BODY_MNEMONIC, BODY_LABEL, GRADE_MNEMONIC, GRADE_LABEL, TRANSMISSION_MNEMONIC, TRANSMISSION_LABEL) VALUES (919, 115, "VZN130L-GKMGEA", "https://toyota-usa.epc-data.com/4runner/vzn130l/2749/", "3VZE", "3000CC EFI", "04.1989 - 11.1995", "4D", "4-DOOR WAGON", "SR5", "SR-5 TYPE", "MTM", "MANUAL TRANSMISSION");
INSERT INTO COMPLECTATION_OPTIONS(COMPLECTATION_ID, OPTION_MNEMONIC, OPTION_LABEL) VALUES (919, "5F", "MTM,5-SPEED FLOOR SHIFT");
INSERT INTO COMPLECTATION_OPTIONS(COMPLECTATION_ID, OPTION_MNEMONIC, OPTION_LABEL) VALUES (919, "WG", "WAGON(4-RUNNER)");
INSERT INTO COMPLECTATION_OPTIONS(COMPLECTATION_ID, OPTION_MNEMONIC, OPTION_LABEL) VALUES (919, "R", "R TYPE TRANSMISSION");
INSERT INTO COMPLECTATION_OPTIONS(COMPLECTATION_ID, OPTION_MNEMONIC, OPTION_LABEL) VALUES (919, "EFI", "ELECTRIC FUEL INJECTION SYSTEM");
INSERT INTO COMPLECTATION_OPTIONS(COMPLECTATION_ID, OPTION_MNEMONIC, OPTION_LABEL) VALUES (919, "USA", "UNITED STATES OF AMERICA");
INSERT INTO COMPLECTATION_OPTIONS(COMPLECTATION_ID, OPTION_MNEMONIC, OPTION_LABEL) VALUES (919, "CBU", "COMPLETELY BUILT UNIT");
INSERT INTO COMPLECTATION_OPTIONS(COMPLECTATION_ID, OPTION_MNEMONIC, OPTION_LABEL) VALUES (919, "JPP", "JAPAN PRODUCT PARTS");
INSERT INTO COMPLECTATION(ID, FRAME_ID, NAME, URL, ENGINE_MNEMONIC, ENGINE_LABEL, PRODUCTION_PERIOD, BODY_MNEMONIC, BODY_LABEL, GRADE_MNEMONIC, GRADE_LABEL, TRANSMISSION_MNEMONIC, TRANSMISSION_LABEL) VALUES (920, 115, "VZN130L-GKPGEA", "https://toyota-usa.epc-data.com/4runner/vzn130l/2750/", "3VZE", "3000CC EFI", "04.1989 - 11.1995", "4D", "4-DOOR WAGON", "SR5", "SR-5 TYPE", "ATM", "AUTOMATIC TRANSMISSION");
INSERT INTO COMPLECTATION_OPTIONS(COMPLECTATION_ID, OPTION_MNEMONIC, OPTION_LABEL) VALUES (920, "4FC", "ATM,4-SPEED FLOOR SHIFT");
INSERT INTO COMPLECTATION_OPTIONS(COMPLECTATION_ID, OPTION_MNEMONIC, OPTION_LABEL) VALUES (920, "WG", "WAGON(4-RUNNER)");
INSERT INTO COMPLECTATION_OPTIONS(COMPLECTATION_ID, OPTION_MNEMONIC, OPTION_LABEL) VALUES (920, "EFI", "ELECTRIC FUEL INJECTION SYSTEM");
INSERT INTO COMPLECTATION_OPTIONS(COMPLECTATION_ID, OPTION_MNEMONIC, OPTION_LABEL) VALUES (920, "USA", "UNITED STATES OF AMERICA");
INSERT INTO COMPLECTATION_OPTIONS(COMPLECTATION_ID, OPTION_MNEMONIC, OPTION_LABEL) VALUES (920, "CBU", "COMPLETELY BUILT UNIT");
INSERT INTO COMPLECTATION_OPTIONS(COMPLECTATION_ID, OPTION_MNEMONIC, OPTION_LABEL) VALUES (920, "JPP", "JAPAN PRODUCT PARTS");
INSERT INTO FRAME(ID, MODEL_ID, NAME, URL) VALUES (116, 10, "VZN131L", "https://toyota-usa.epc-data.com/4runner/vzn131l");
INSERT INTO COMPLECTATION(ID, FRAME_ID, NAME, URL, ENGINE_MNEMONIC, ENGINE_LABEL, PRODUCTION_PERIOD, BODY_MNEMONIC, BODY_LABEL, GRADE_MNEMONIC, GRADE_LABEL, TRANSMISSION_MNEMONIC, TRANSMISSION_LABEL) VALUES (921, 116, "VZN131L-RJMGEK", "https://toyota-usa.epc-data.com/4runner/vzn131l/2809/", "3VZE", "3000CC EFI", "04.1989 - 08.1993", "2D", "2-DOOR WAGON", "SR5", "SR-5 TYPE", "MTM", "MANUAL TRANSMISSION");
INSERT INTO COMPLECTATION_OPTIONS(COMPLECTATION_ID, OPTION_MNEMONIC, OPTION_LABEL) VALUES (921, "5F", "MTM,5-SPEED FLOOR SHIFT");
INSERT INTO COMPLECTATION_OPTIONS(COMPLECTATION_ID, OPTION_MNEMONIC, OPTION_LABEL) VALUES (921, "WG", "WAGON(4-RUNNER)");
INSERT INTO COMPLECTATION_OPTIONS(COMPLECTATION_ID, OPTION_MNEMONIC, OPTION_LABEL) VALUES (921, "R", "R TYPE TRANSMISSION");
INSERT INTO COMPLECTATION_OPTIONS(COMPLECTATION_ID, OPTION_MNEMONIC, OPTION_LABEL) VALUES (921, "EFI", "ELECTRIC FUEL INJECTION SYSTEM");
INSERT INTO COMPLECTATION_OPTIONS(COMPLECTATION_ID, OPTION_MNEMONIC, OPTION_LABEL) VALUES (921, "CND", "CANADA");
INSERT INTO COMPLECTATION_OPTIONS(COMPLECTATION_ID, OPTION_MNEMONIC, OPTION_LABEL) VALUES (921, "CBU", "COMPLETELY BUILT UNIT");
INSERT INTO COMPLECTATION_OPTIONS(COMPLECTATION_ID, OPTION_MNEMONIC, OPTION_LABEL) VALUES (921, "JPP", "JAPAN PRODUCT PARTS");
INSERT INTO COMPLECTATION(ID, FRAME_ID, NAME, URL, ENGINE_MNEMONIC, ENGINE_LABEL, PRODUCTION_PERIOD, BODY_MNEMONIC, BODY_LABEL, GRADE_MNEMONIC, GRADE_LABEL, TRANSMISSION_MNEMONIC, TRANSMISSION_LABEL) VALUES (922, 116, "VZN131L-RJPGEK", "https://toyota-usa.epc-data.com/4runner/vzn131l/2810/", "3VZE", "3000CC EFI", "04.1989 - 08.1993", "2D", "2-DOOR WAGON", "SR5", "SR-5 TYPE", "ATM", "AUTOMATIC TRANSMISSION");
INSERT INTO COMPLECTATION_OPTIONS(COMPLECTATION_ID, OPTION_MNEMONIC, OPTION_LABEL) VALUES (922, "4FC", "ATM,4-SPEED FLOOR SHIFT");
INSERT INTO COMPLECTATION_OPTIONS(COMPLECTATION_ID, OPTION_MNEMONIC, OPTION_LABEL) VALUES (922, "WG", "WAGON(4-RUNNER)");
INSERT INTO COMPLECTATION_OPTIONS(COMPLECTATION_ID, OPTION_MNEMONIC, OPTION_LABEL) VALUES (922, "EFI", "ELECTRIC FUEL INJECTION SYSTEM");
INSERT INTO COMPLECTATION_OPTIONS(COMPLECTATION_ID, OPTION_MNEMONIC, OPTION_LABEL) VALUES (922, "CND", "CANADA");
INSERT INTO COMPLECTATION_OPTIONS(COMPLECTATION_ID, OPTION_MNEMONIC, OPTION_LABEL) VALUES (922, "CBU", "COMPLETELY BUILT UNIT");
INSERT INTO COMPLECTATION_OPTIONS(COMPLECTATION_ID, OPTION_MNEMONIC, OPTION_LABEL) VALUES (922, "JPP", "JAPAN PRODUCT PARTS");
INSERT INTO COMPLECTATION(ID, FRAME_ID, NAME, URL, ENGINE_MNEMONIC, ENGINE_LABEL, PRODUCTION_PERIOD, BODY_MNEMONIC, BODY_LABEL, GRADE_MNEMONIC, GRADE_LABEL, TRANSMISSION_MNEMONIC, TRANSMISSION_LABEL) VALUES (923, 116, "VZN131L-RKMGEK", "https://toyota-usa.epc-data.com/4runner/vzn131l/2811/", "3VZE", "3000CC EFI", "04.1989 - 11.1995", "4D", "4-DOOR WAGON", "SR5", "SR-5 TYPE", "MTM", "MANUAL TRANSMISSION");
INSERT INTO COMPLECTATION_OPTIONS(COMPLECTATION_ID, OPTION_MNEMONIC, OPTION_LABEL) VALUES (923, "5F", "MTM,5-SPEED FLOOR SHIFT");
INSERT INTO COMPLECTATION_OPTIONS(COMPLECTATION_ID, OPTION_MNEMONIC, OPTION_LABEL) VALUES (923, "WG", "WAGON(4-RUNNER)");
INSERT INTO COMPLECTATION_OPTIONS(COMPLECTATION_ID, OPTION_MNEMONIC, OPTION_LABEL) VALUES (923, "R", "R TYPE TRANSMISSION");
INSERT INTO COMPLECTATION_OPTIONS(COMPLECTATION_ID, OPTION_MNEMONIC, OPTION_LABEL) VALUES (923, "EFI", "ELECTRIC FUEL INJECTION SYSTEM");
INSERT INTO COMPLECTATION_OPTIONS(COMPLECTATION_ID, OPTION_MNEMONIC, OPTION_LABEL) VALUES (923, "CND", "CANADA");
INSERT INTO COMPLECTATION_OPTIONS(COMPLECTATION_ID, OPTION_MNEMONIC, OPTION_LABEL) VALUES (923, "CBU", "COMPLETELY BUILT UNIT");
INSERT INTO COMPLECTATION_OPTIONS(COMPLECTATION_ID, OPTION_MNEMONIC, OPTION_LABEL) VALUES (923, "JPP", "JAPAN PRODUCT PARTS");
INSERT INTO COMPLECTATION(ID, FRAME_ID, NAME, URL, ENGINE_MNEMONIC, ENGINE_LABEL, PRODUCTION_PERIOD, BODY_MNEMONIC, BODY_LABEL, GRADE_MNEMONIC, GRADE_LABEL, TRANSMISSION_MNEMONIC, TRANSMISSION_LABEL) VALUES (924, 116, "VZN131L-RKPGEK", "https://toyota-usa.epc-data.com/4runner/vzn131l/2812/", "3VZE", "3000CC EFI", "04.1989 - 11.1995", "4D", "4-DOOR WAGON", "SR5", "SR-5 TYPE", "ATM", "AUTOMATIC TRANSMISSION");
INSERT INTO COMPLECTATION_OPTIONS(COMPLECTATION_ID, OPTION_MNEMONIC, OPTION_LABEL) VALUES (924, "4FC", "ATM,4-SPEED FLOOR SHIFT");
INSERT INTO COMPLECTATION_OPTIONS(COMPLECTATION_ID, OPTION_MNEMONIC, OPTION_LABEL) VALUES (924, "WG", "WAGON(4-RUNNER)");
INSERT INTO COMPLECTATION_OPTIONS(COMPLECTATION_ID, OPTION_MNEMONIC, OPTION_LABEL) VALUES (924, "EFI", "ELECTRIC FUEL INJECTION SYSTEM");
INSERT INTO COMPLECTATION_OPTIONS(COMPLECTATION_ID, OPTION_MNEMONIC, OPTION_LABEL) VALUES (924, "CND", "CANADA");
INSERT INTO COMPLECTATION_OPTIONS(COMPLECTATION_ID, OPTION_MNEMONIC, OPTION_LABEL) VALUES (924, "CBU", "COMPLETELY BUILT UNIT");
INSERT INTO COMPLECTATION_OPTIONS(COMPLECTATION_ID, OPTION_MNEMONIC, OPTION_LABEL) VALUES (924, "JPP", "JAPAN PRODUCT PARTS");
INSERT INTO FRAME(ID, MODEL_ID, NAME, URL) VALUES (117, 10, "VZN180L", "https://toyota-usa.epc-data.com/4runner/vzn180l");
INSERT INTO COMPLECTATION(ID, FRAME_ID, NAME, URL, ENGINE_MNEMONIC, ENGINE_LABEL, PRODUCTION_PERIOD, BODY_MNEMONIC, BODY_LABEL, GRADE_MNEMONIC, GRADE_LABEL, TRANSMISSION_MNEMONIC, TRANSMISSION_LABEL) VALUES (925, 117, "VZN180L-GKPGKA", "https://toyota-usa.epc-data.com/4runner/vzn180l/2818/", "5VZFE", "3400CC EFI", "11.1995 - 08.2002", "", "", "SR5V", "SR5-V6 TYPE(-0008),SR5 TYPE(0008-)", "ATM", "AUTOMATIC TRANSMISSION");
INSERT INTO COMPLECTATION_OPTIONS(COMPLECTATION_ID, OPTION_MNEMONIC, OPTION_LABEL) VALUES (925, "4FC", "ATM,4-SPEED FLOOR SHIFT");
INSERT INTO COMPLECTATION(ID, FRAME_ID, NAME, URL, ENGINE_MNEMONIC, ENGINE_LABEL, PRODUCTION_PERIOD, BODY_MNEMONIC, BODY_LABEL, GRADE_MNEMONIC, GRADE_LABEL, TRANSMISSION_MNEMONIC, TRANSMISSION_LABEL) VALUES (926, 117, "VZN180L-GKPSKA", "https://toyota-usa.epc-data.com/4runner/vzn180l/2817/", "5VZFE", "3400CC EFI", "08.2000 - 08.2002", "", "", "SR5B", "SR5 TYPE(-0008),BASE TYPE(0008-)", "ATM", "AUTOMATIC TRANSMISSION");
INSERT INTO COMPLECTATION_OPTIONS(COMPLECTATION_ID, OPTION_MNEMONIC, OPTION_LABEL) VALUES (926, "4FC", "ATM,4-SPEED FLOOR SHIFT");
INSERT INTO COMPLECTATION(ID, FRAME_ID, NAME, URL, ENGINE_MNEMONIC, ENGINE_LABEL, PRODUCTION_PERIOD, BODY_MNEMONIC, BODY_LABEL, GRADE_MNEMONIC, GRADE_LABEL, TRANSMISSION_MNEMONIC, TRANSMISSION_LABEL) VALUES (927, 117, "VZN180L-GKPZKA", "https://toyota-usa.epc-data.com/4runner/vzn180l/2819/", "5VZFE", "3400CC EFI", "08.1996 - 08.2002", "", "", "LULI", "LUXURY TYPE(-0008),LIMITED TYPE(0008-)", "ATM", "AUTOMATIC TRANSMISSION");
INSERT INTO COMPLECTATION_OPTIONS(COMPLECTATION_ID, OPTION_MNEMONIC, OPTION_LABEL) VALUES (927, "4FC", "ATM,4-SPEED FLOOR SHIFT");
INSERT INTO FRAME(ID, MODEL_ID, NAME, URL) VALUES (118, 10, "VZN185L", "https://toyota-usa.epc-data.com/4runner/vzn185l");
INSERT INTO COMPLECTATION(ID, FRAME_ID, NAME, URL, ENGINE_MNEMONIC, ENGINE_LABEL, PRODUCTION_PERIOD, BODY_MNEMONIC, BODY_LABEL, GRADE_MNEMONIC, GRADE_LABEL, TRANSMISSION_MNEMONIC, TRANSMISSION_LABEL) VALUES (928, 118, "VZN185L-GKMGKA", "https://toyota-usa.epc-data.com/4runner/vzn185l/2822/", "5VZFE", "3400CC EFI", "11.1995 - 08.2000", "", "", "SR5V", "SR5-V6 TYPE(-0008),SR5 TYPE(0008-)", "MTM", "MANUAL TRANSMISSION");
INSERT INTO COMPLECTATION_OPTIONS(COMPLECTATION_ID, OPTION_MNEMONIC, OPTION_LABEL) VALUES (928, "5F", "MTM,5-SPEED FLOOR SHIFT");
INSERT INTO COMPLECTATION(ID, FRAME_ID, NAME, URL, ENGINE_MNEMONIC, ENGINE_LABEL, PRODUCTION_PERIOD, BODY_MNEMONIC, BODY_LABEL, GRADE_MNEMONIC, GRADE_LABEL, TRANSMISSION_MNEMONIC, TRANSMISSION_LABEL) VALUES (929, 118, "VZN185L-GKPGKA", "https://toyota-usa.epc-data.com/4runner/vzn185l/2825/", "5VZFE", "3400CC EFI", "11.1995 - 08.2002", "", "", "SR5V", "SR5-V6 TYPE(-0008),SR5 TYPE(0008-)", "ATM", "AUTOMATIC TRANSMISSION");
INSERT INTO COMPLECTATION_OPTIONS(COMPLECTATION_ID, OPTION_MNEMONIC, OPTION_LABEL) VALUES (929, "4FC", "ATM,4-SPEED FLOOR SHIFT");
INSERT INTO COMPLECTATION(ID, FRAME_ID, NAME, URL, ENGINE_MNEMONIC, ENGINE_LABEL, PRODUCTION_PERIOD, BODY_MNEMONIC, BODY_LABEL, GRADE_MNEMONIC, GRADE_LABEL, TRANSMISSION_MNEMONIC, TRANSMISSION_LABEL) VALUES (930, 118, "VZN185L-GKPSKA", "https://toyota-usa.epc-data.com/4runner/vzn185l/2823/", "5VZFE", "3400CC EFI", "08.2000 - 08.2002", "", "", "SR5B", "SR5 TYPE(-0008),BASE TYPE(0008-)", "ATM", "AUTOMATIC TRANSMISSION");
INSERT INTO COMPLECTATION_OPTIONS(COMPLECTATION_ID, OPTION_MNEMONIC, OPTION_LABEL) VALUES (930, "4FC", "ATM,4-SPEED FLOOR SHIFT");
INSERT INTO COMPLECTATION(ID, FRAME_ID, NAME, URL, ENGINE_MNEMONIC, ENGINE_LABEL, PRODUCTION_PERIOD, BODY_MNEMONIC, BODY_LABEL, GRADE_MNEMONIC, GRADE_LABEL, TRANSMISSION_MNEMONIC, TRANSMISSION_LABEL) VALUES (931, 118, "VZN185L-GKPZKA", "https://toyota-usa.epc-data.com/4runner/vzn185l/2827/", "5VZFE", "3400CC EFI", "11.1995 - 08.2002", "", "", "LULI", "LUXURY TYPE(-0008),LIMITED TYPE(0008-)", "ATM", "AUTOMATIC TRANSMISSION");
INSERT INTO COMPLECTATION_OPTIONS(COMPLECTATION_ID, OPTION_MNEMONIC, OPTION_LABEL) VALUES (931, "4FC", "ATM,4-SPEED FLOOR SHIFT");
INSERT INTO FRAME(ID, MODEL_ID, NAME, URL) VALUES (119, 10, "VZN61L", "https://toyota-usa.epc-data.com/4runner/vzn61l");
INSERT INTO COMPLECTATION(ID, FRAME_ID, NAME, URL, ENGINE_MNEMONIC, ENGINE_LABEL, PRODUCTION_PERIOD, BODY_MNEMONIC, BODY_LABEL, GRADE_MNEMONIC, GRADE_LABEL, TRANSMISSION_MNEMONIC, TRANSMISSION_LABEL) VALUES (932, 119, "VZN61L-MBEA", "https://toyota-usa.epc-data.com/4runner/vzn61l/2710/", "3VZE", "3000CC EFI", "11.1987 - 08.1988", "T1", "TRUCK(STANDARD DECK 1-SIDE OPEN)", "STD", "STANDARD TYPE", "MTM", "MANUAL TRANSMISSION");
INSERT INTO COMPLECTATION_OPTIONS(COMPLECTATION_ID, OPTION_MNEMONIC, OPTION_LABEL) VALUES (932, "5F", "MTM,5-SPEED FLOOR SHIFT");
INSERT INTO COMPLECTATION_OPTIONS(COMPLECTATION_ID, OPTION_MNEMONIC, OPTION_LABEL) VALUES (932, "RCB", "REGULAR CAB");
INSERT INTO COMPLECTATION_OPTIONS(COMPLECTATION_ID, OPTION_MNEMONIC, OPTION_LABEL) VALUES (932, "R", "R TYPE TRANSMISSION");
INSERT INTO COMPLECTATION_OPTIONS(COMPLECTATION_ID, OPTION_MNEMONIC, OPTION_LABEL) VALUES (932, "HLF", "0.5TONS");
INSERT INTO COMPLECTATION_OPTIONS(COMPLECTATION_ID, OPTION_MNEMONIC, OPTION_LABEL) VALUES (932, "ST", "SINGLE TIRE");
INSERT INTO COMPLECTATION_OPTIONS(COMPLECTATION_ID, OPTION_MNEMONIC, OPTION_LABEL) VALUES (932, "USA", "UNITED STATES OF AMERICA");
INSERT INTO COMPLECTATION_OPTIONS(COMPLECTATION_ID, OPTION_MNEMONIC, OPTION_LABEL) VALUES (932, "EFI", "ELECTRIC FUEL INJECTION SYSTEM");
INSERT INTO COMPLECTATION_OPTIONS(COMPLECTATION_ID, OPTION_MNEMONIC, OPTION_LABEL) VALUES (932, "CBU", "COMPLETELY BUILT UNIT");
INSERT INTO COMPLECTATION(ID, FRAME_ID, NAME, URL, ENGINE_MNEMONIC, ENGINE_LABEL, PRODUCTION_PERIOD, BODY_MNEMONIC, BODY_LABEL, GRADE_MNEMONIC, GRADE_LABEL, TRANSMISSION_MNEMONIC, TRANSMISSION_LABEL) VALUES (933, 119, "VZN61L-MBEA3", "https://toyota-usa.epc-data.com/4runner/vzn61l/2711/", "3VZE", "3000CC EFI", "11.1987 - 08.1988", "T1", "TRUCK(STANDARD DECK 1-SIDE OPEN)", "STD", "STANDARD TYPE", "MTM", "MANUAL TRANSMISSION");
INSERT INTO COMPLECTATION_OPTIONS(COMPLECTATION_ID, OPTION_MNEMONIC, OPTION_LABEL) VALUES (933, "5F", "MTM,5-SPEED FLOOR SHIFT");
INSERT INTO COMPLECTATION_OPTIONS(COMPLECTATION_ID, OPTION_MNEMONIC, OPTION_LABEL) VALUES (933, "RCB", "REGULAR CAB");
INSERT INTO COMPLECTATION_OPTIONS(COMPLECTATION_ID, OPTION_MNEMONIC, OPTION_LABEL) VALUES (933, "R", "R TYPE TRANSMISSION");
INSERT INTO COMPLECTATION_OPTIONS(COMPLECTATION_ID, OPTION_MNEMONIC, OPTION_LABEL) VALUES (933, "HLF", "0.5TONS");
INSERT INTO COMPLECTATION_OPTIONS(COMPLECTATION_ID, OPTION_MNEMONIC, OPTION_LABEL) VALUES (933, "ST", "SINGLE TIRE");
INSERT INTO COMPLECTATION_OPTIONS(COMPLECTATION_ID, OPTION_MNEMONIC, OPTION_LABEL) VALUES (933, "USA", "UNITED STATES OF AMERICA");
INSERT INTO COMPLECTATION_OPTIONS(COMPLECTATION_ID, OPTION_MNEMONIC, OPTION_LABEL) VALUES (933, "EFI", "ELECTRIC FUEL INJECTION SYSTEM");
INSERT INTO COMPLECTATION_OPTIONS(COMPLECTATION_ID, OPTION_MNEMONIC, OPTION_LABEL) VALUES (933, "IV", "INCOMPLETE VEHICLES (CHASSIS & CAB)");
INSERT INTO COMPLECTATION(ID, FRAME_ID, NAME, URL, ENGINE_MNEMONIC, ENGINE_LABEL, PRODUCTION_PERIOD, BODY_MNEMONIC, BODY_LABEL, GRADE_MNEMONIC, GRADE_LABEL, TRANSMISSION_MNEMONIC, TRANSMISSION_LABEL) VALUES (934, 119, "VZN61L-MSEA", "https://toyota-usa.epc-data.com/4runner/vzn61l/2712/", "3VZE", "3000CC EFI", "11.1987 - 08.1988", "T1", "TRUCK(STANDARD DECK 1-SIDE OPEN)", "SR5", "SR-5 TYPE", "MTM", "MANUAL TRANSMISSION");
INSERT INTO COMPLECTATION_OPTIONS(COMPLECTATION_ID, OPTION_MNEMONIC, OPTION_LABEL) VALUES (934, "5F", "MTM,5-SPEED FLOOR SHIFT");
INSERT INTO COMPLECTATION_OPTIONS(COMPLECTATION_ID, OPTION_MNEMONIC, OPTION_LABEL) VALUES (934, "RCB", "REGULAR CAB");
INSERT INTO COMPLECTATION_OPTIONS(COMPLECTATION_ID, OPTION_MNEMONIC, OPTION_LABEL) VALUES (934, "R", "R TYPE TRANSMISSION");
INSERT INTO COMPLECTATION_OPTIONS(COMPLECTATION_ID, OPTION_MNEMONIC, OPTION_LABEL) VALUES (934, "HLF", "0.5TONS");
INSERT INTO COMPLECTATION_OPTIONS(COMPLECTATION_ID, OPTION_MNEMONIC, OPTION_LABEL) VALUES (934, "ST", "SINGLE TIRE");
INSERT INTO COMPLECTATION_OPTIONS(COMPLECTATION_ID, OPTION_MNEMONIC, OPTION_LABEL) VALUES (934, "USA", "UNITED STATES OF AMERICA");
INSERT INTO COMPLECTATION_OPTIONS(COMPLECTATION_ID, OPTION_MNEMONIC, OPTION_LABEL) VALUES (934, "EFI", "ELECTRIC FUEL INJECTION SYSTEM");
INSERT INTO COMPLECTATION_OPTIONS(COMPLECTATION_ID, OPTION_MNEMONIC, OPTION_LABEL) VALUES (934, "CBU", "COMPLETELY BUILT UNIT");
INSERT INTO COMPLECTATION(ID, FRAME_ID, NAME, URL, ENGINE_MNEMONIC, ENGINE_LABEL, PRODUCTION_PERIOD, BODY_MNEMONIC, BODY_LABEL, GRADE_MNEMONIC, GRADE_LABEL, TRANSMISSION_MNEMONIC, TRANSMISSION_LABEL) VALUES (935, 119, "VZN61L-MSEA3", "https://toyota-usa.epc-data.com/4runner/vzn61l/2713/", "3VZE", "3000CC EFI", "11.1987 - 08.1988", "T1", "TRUCK(STANDARD DECK 1-SIDE OPEN)", "SR5", "SR-5 TYPE", "MTM", "MANUAL TRANSMISSION");
INSERT INTO COMPLECTATION_OPTIONS(COMPLECTATION_ID, OPTION_MNEMONIC, OPTION_LABEL) VALUES (935, "5F", "MTM,5-SPEED FLOOR SHIFT");
INSERT INTO COMPLECTATION_OPTIONS(COMPLECTATION_ID, OPTION_MNEMONIC, OPTION_LABEL) VALUES (935, "RCB", "REGULAR CAB");
INSERT INTO COMPLECTATION_OPTIONS(COMPLECTATION_ID, OPTION_MNEMONIC, OPTION_LABEL) VALUES (935, "R", "R TYPE TRANSMISSION");
INSERT INTO COMPLECTATION_OPTIONS(COMPLECTATION_ID, OPTION_MNEMONIC, OPTION_LABEL) VALUES (935, "HLF", "0.5TONS");
INSERT INTO COMPLECTATION_OPTIONS(COMPLECTATION_ID, OPTION_MNEMONIC, OPTION_LABEL) VALUES (935, "ST", "SINGLE TIRE");
INSERT INTO COMPLECTATION_OPTIONS(COMPLECTATION_ID, OPTION_MNEMONIC, OPTION_LABEL) VALUES (935, "USA", "UNITED STATES OF AMERICA");
INSERT INTO COMPLECTATION_OPTIONS(COMPLECTATION_ID, OPTION_MNEMONIC, OPTION_LABEL) VALUES (935, "EFI", "ELECTRIC FUEL INJECTION SYSTEM");
INSERT INTO COMPLECTATION_OPTIONS(COMPLECTATION_ID, OPTION_MNEMONIC, OPTION_LABEL) VALUES (935, "IV", "INCOMPLETE VEHICLES (CHASSIS & CAB)");
INSERT INTO COMPLECTATION(ID, FRAME_ID, NAME, URL, ENGINE_MNEMONIC, ENGINE_LABEL, PRODUCTION_PERIOD, BODY_MNEMONIC, BODY_LABEL, GRADE_MNEMONIC, GRADE_LABEL, TRANSMISSION_MNEMONIC, TRANSMISSION_LABEL) VALUES (936, 119, "VZN61LG-MSEA", "https://toyota-usa.epc-data.com/4runner/vzn61l/2526/", "3VZE", "3000CC EFI", "11.1987 - 03.1989", "WG", "WAGON(4-RUNNER)", "SR5", "SR-5 TYPE", "MTM", "MANUAL TRANSMISSION");
INSERT INTO COMPLECTATION_OPTIONS(COMPLECTATION_ID, OPTION_MNEMONIC, OPTION_LABEL) VALUES (936, "5F", "MTM,5-SPEED FLOOR SHIFT");
INSERT INTO COMPLECTATION_OPTIONS(COMPLECTATION_ID, OPTION_MNEMONIC, OPTION_LABEL) VALUES (936, "R", "R TYPE TRANSMISSION");
INSERT INTO COMPLECTATION_OPTIONS(COMPLECTATION_ID, OPTION_MNEMONIC, OPTION_LABEL) VALUES (936, "ST", "SINGLE TIRE");
INSERT INTO COMPLECTATION_OPTIONS(COMPLECTATION_ID, OPTION_MNEMONIC, OPTION_LABEL) VALUES (936, "USA", "UNITED STATES OF AMERICA");
INSERT INTO COMPLECTATION_OPTIONS(COMPLECTATION_ID, OPTION_MNEMONIC, OPTION_LABEL) VALUES (936, "EFI", "ELECTRIC FUEL INJECTION SYSTEM");
INSERT INTO COMPLECTATION_OPTIONS(COMPLECTATION_ID, OPTION_MNEMONIC, OPTION_LABEL) VALUES (936, "CBU", "COMPLETELY BUILT UNIT");
INSERT INTO COMPLECTATION(ID, FRAME_ID, NAME, URL, ENGINE_MNEMONIC, ENGINE_LABEL, PRODUCTION_PERIOD, BODY_MNEMONIC, BODY_LABEL, GRADE_MNEMONIC, GRADE_LABEL, TRANSMISSION_MNEMONIC, TRANSMISSION_LABEL) VALUES (937, 119, "VZN61LG-PSEA", "https://toyota-usa.epc-data.com/4runner/vzn61l/2527/", "3VZE", "3000CC EFI", "11.1987 - 03.1989", "WG", "WAGON(4-RUNNER)", "SR5", "SR-5 TYPE", "ATM", "AUTOMATIC TRANSMISSION");
INSERT INTO COMPLECTATION_OPTIONS(COMPLECTATION_ID, OPTION_MNEMONIC, OPTION_LABEL) VALUES (937, "4FC", "ATM,4-SPEED FLOOR SHIFT");
INSERT INTO COMPLECTATION_OPTIONS(COMPLECTATION_ID, OPTION_MNEMONIC, OPTION_LABEL) VALUES (937, "ST", "SINGLE TIRE");
INSERT INTO COMPLECTATION_OPTIONS(COMPLECTATION_ID, OPTION_MNEMONIC, OPTION_LABEL) VALUES (937, "USA", "UNITED STATES OF AMERICA");
INSERT INTO COMPLECTATION_OPTIONS(COMPLECTATION_ID, OPTION_MNEMONIC, OPTION_LABEL) VALUES (937, "EFI", "ELECTRIC FUEL INJECTION SYSTEM");
INSERT INTO COMPLECTATION_OPTIONS(COMPLECTATION_ID, OPTION_MNEMONIC, OPTION_LABEL) VALUES (937, "CBU", "COMPLETELY BUILT UNIT");
INSERT INTO COMPLECTATION(ID, FRAME_ID, NAME, URL, ENGINE_MNEMONIC, ENGINE_LABEL, PRODUCTION_PERIOD, BODY_MNEMONIC, BODY_LABEL, GRADE_MNEMONIC, GRADE_LABEL, TRANSMISSION_MNEMONIC, TRANSMISSION_LABEL) VALUES (938, 119, "VZN61LV-MDEA", "https://toyota-usa.epc-data.com/4runner/vzn61l/2708/", "3VZE", "3000CC EFI", "08.1988 - 03.1989", "V", "VAN", "DLX", "DELUXE TYPE", "MTM", "MANUAL TRANSMISSION");
INSERT INTO COMPLECTATION_OPTIONS(COMPLECTATION_ID, OPTION_MNEMONIC, OPTION_LABEL) VALUES (938, "5F", "MTM,5-SPEED FLOOR SHIFT");
INSERT INTO COMPLECTATION_OPTIONS(COMPLECTATION_ID, OPTION_MNEMONIC, OPTION_LABEL) VALUES (938, "R", "R TYPE TRANSMISSION");
INSERT INTO COMPLECTATION_OPTIONS(COMPLECTATION_ID, OPTION_MNEMONIC, OPTION_LABEL) VALUES (938, "ST", "SINGLE TIRE");
INSERT INTO COMPLECTATION_OPTIONS(COMPLECTATION_ID, OPTION_MNEMONIC, OPTION_LABEL) VALUES (938, "USA", "UNITED STATES OF AMERICA");
INSERT INTO COMPLECTATION_OPTIONS(COMPLECTATION_ID, OPTION_MNEMONIC, OPTION_LABEL) VALUES (938, "EFI", "ELECTRIC FUEL INJECTION SYSTEM");
INSERT INTO COMPLECTATION_OPTIONS(COMPLECTATION_ID, OPTION_MNEMONIC, OPTION_LABEL) VALUES (938, "CBU", "COMPLETELY BUILT UNIT");
INSERT INTO COMPLECTATION(ID, FRAME_ID, NAME, URL, ENGINE_MNEMONIC, ENGINE_LABEL, PRODUCTION_PERIOD, BODY_MNEMONIC, BODY_LABEL, GRADE_MNEMONIC, GRADE_LABEL, TRANSMISSION_MNEMONIC, TRANSMISSION_LABEL) VALUES (939, 119, "VZN61LV-MSEA", "https://toyota-usa.epc-data.com/4runner/vzn61l/2704/", "3VZE", "3000CC EFI", "11.1987 - 08.1988", "V", "VAN", "SR5", "SR-5 TYPE", "MTM", "MANUAL TRANSMISSION");
INSERT INTO COMPLECTATION_OPTIONS(COMPLECTATION_ID, OPTION_MNEMONIC, OPTION_LABEL) VALUES (939, "5F", "MTM,5-SPEED FLOOR SHIFT");
INSERT INTO COMPLECTATION_OPTIONS(COMPLECTATION_ID, OPTION_MNEMONIC, OPTION_LABEL) VALUES (939, "R", "R TYPE TRANSMISSION");
INSERT INTO COMPLECTATION_OPTIONS(COMPLECTATION_ID, OPTION_MNEMONIC, OPTION_LABEL) VALUES (939, "ST", "SINGLE TIRE");
INSERT INTO COMPLECTATION_OPTIONS(COMPLECTATION_ID, OPTION_MNEMONIC, OPTION_LABEL) VALUES (939, "USA", "UNITED STATES OF AMERICA");
INSERT INTO COMPLECTATION_OPTIONS(COMPLECTATION_ID, OPTION_MNEMONIC, OPTION_LABEL) VALUES (939, "EFI", "ELECTRIC FUEL INJECTION SYSTEM");
INSERT INTO COMPLECTATION_OPTIONS(COMPLECTATION_ID, OPTION_MNEMONIC, OPTION_LABEL) VALUES (939, "CBU", "COMPLETELY BUILT UNIT");
INSERT INTO COMPLECTATION(ID, FRAME_ID, NAME, URL, ENGINE_MNEMONIC, ENGINE_LABEL, PRODUCTION_PERIOD, BODY_MNEMONIC, BODY_LABEL, GRADE_MNEMONIC, GRADE_LABEL, TRANSMISSION_MNEMONIC, TRANSMISSION_LABEL) VALUES (940, 119, "VZN61LV-MSEK", "https://toyota-usa.epc-data.com/4runner/vzn61l/2705/", "3VZE", "3000CC EFI", "11.1987 - 03.1989", "V", "VAN", "SR5", "SR-5 TYPE", "MTM", "MANUAL TRANSMISSION");
INSERT INTO COMPLECTATION_OPTIONS(COMPLECTATION_ID, OPTION_MNEMONIC, OPTION_LABEL) VALUES (940, "5F", "MTM,5-SPEED FLOOR SHIFT");
INSERT INTO COMPLECTATION_OPTIONS(COMPLECTATION_ID, OPTION_MNEMONIC, OPTION_LABEL) VALUES (940, "R", "R TYPE TRANSMISSION");
INSERT INTO COMPLECTATION_OPTIONS(COMPLECTATION_ID, OPTION_MNEMONIC, OPTION_LABEL) VALUES (940, "ST", "SINGLE TIRE");
INSERT INTO COMPLECTATION_OPTIONS(COMPLECTATION_ID, OPTION_MNEMONIC, OPTION_LABEL) VALUES (940, "CND", "CANADA");
INSERT INTO COMPLECTATION_OPTIONS(COMPLECTATION_ID, OPTION_MNEMONIC, OPTION_LABEL) VALUES (940, "EFI", "ELECTRIC FUEL INJECTION SYSTEM");
INSERT INTO COMPLECTATION_OPTIONS(COMPLECTATION_ID, OPTION_MNEMONIC, OPTION_LABEL) VALUES (940, "CBU", "COMPLETELY BUILT UNIT");
INSERT INTO COMPLECTATION(ID, FRAME_ID, NAME, URL, ENGINE_MNEMONIC, ENGINE_LABEL, PRODUCTION_PERIOD, BODY_MNEMONIC, BODY_LABEL, GRADE_MNEMONIC, GRADE_LABEL, TRANSMISSION_MNEMONIC, TRANSMISSION_LABEL) VALUES (941, 119, "VZN61LV-PDEA", "https://toyota-usa.epc-data.com/4runner/vzn61l/2709/", "3VZE", "3000CC EFI", "08.1988 - 03.1989", "V", "VAN", "DLX", "DELUXE TYPE", "ATM", "AUTOMATIC TRANSMISSION");
INSERT INTO COMPLECTATION_OPTIONS(COMPLECTATION_ID, OPTION_MNEMONIC, OPTION_LABEL) VALUES (941, "4FC", "ATM,4-SPEED FLOOR SHIFT");
INSERT INTO COMPLECTATION_OPTIONS(COMPLECTATION_ID, OPTION_MNEMONIC, OPTION_LABEL) VALUES (941, "ST", "SINGLE TIRE");
INSERT INTO COMPLECTATION_OPTIONS(COMPLECTATION_ID, OPTION_MNEMONIC, OPTION_LABEL) VALUES (941, "USA", "UNITED STATES OF AMERICA");
INSERT INTO COMPLECTATION_OPTIONS(COMPLECTATION_ID, OPTION_MNEMONIC, OPTION_LABEL) VALUES (941, "EFI", "ELECTRIC FUEL INJECTION SYSTEM");
INSERT INTO COMPLECTATION_OPTIONS(COMPLECTATION_ID, OPTION_MNEMONIC, OPTION_LABEL) VALUES (941, "CBU", "COMPLETELY BUILT UNIT");
INSERT INTO COMPLECTATION(ID, FRAME_ID, NAME, URL, ENGINE_MNEMONIC, ENGINE_LABEL, PRODUCTION_PERIOD, BODY_MNEMONIC, BODY_LABEL, GRADE_MNEMONIC, GRADE_LABEL, TRANSMISSION_MNEMONIC, TRANSMISSION_LABEL) VALUES (942, 119, "VZN61LV-PSEA", "https://toyota-usa.epc-data.com/4runner/vzn61l/2706/", "3VZE", "3000CC EFI", "11.1987 - 08.1988", "V", "VAN", "SR5", "SR-5 TYPE", "ATM", "AUTOMATIC TRANSMISSION");
INSERT INTO COMPLECTATION_OPTIONS(COMPLECTATION_ID, OPTION_MNEMONIC, OPTION_LABEL) VALUES (942, "4FC", "ATM,4-SPEED FLOOR SHIFT");
INSERT INTO COMPLECTATION_OPTIONS(COMPLECTATION_ID, OPTION_MNEMONIC, OPTION_LABEL) VALUES (942, "ST", "SINGLE TIRE");
INSERT INTO COMPLECTATION_OPTIONS(COMPLECTATION_ID, OPTION_MNEMONIC, OPTION_LABEL) VALUES (942, "USA", "UNITED STATES OF AMERICA");
INSERT INTO COMPLECTATION_OPTIONS(COMPLECTATION_ID, OPTION_MNEMONIC, OPTION_LABEL) VALUES (942, "EFI", "ELECTRIC FUEL INJECTION SYSTEM");
INSERT INTO COMPLECTATION_OPTIONS(COMPLECTATION_ID, OPTION_MNEMONIC, OPTION_LABEL) VALUES (942, "CBU", "COMPLETELY BUILT UNIT");
INSERT INTO COMPLECTATION(ID, FRAME_ID, NAME, URL, ENGINE_MNEMONIC, ENGINE_LABEL, PRODUCTION_PERIOD, BODY_MNEMONIC, BODY_LABEL, GRADE_MNEMONIC, GRADE_LABEL, TRANSMISSION_MNEMONIC, TRANSMISSION_LABEL) VALUES (943, 119, "VZN61LV-PSEK", "https://toyota-usa.epc-data.com/4runner/vzn61l/2707/", "3VZE", "3000CC EFI", "11.1987 - 03.1989", "V", "VAN", "SR5", "SR-5 TYPE", "ATM", "AUTOMATIC TRANSMISSION");
INSERT INTO COMPLECTATION_OPTIONS(COMPLECTATION_ID, OPTION_MNEMONIC, OPTION_LABEL) VALUES (943, "4FC", "ATM,4-SPEED FLOOR SHIFT");
INSERT INTO COMPLECTATION_OPTIONS(COMPLECTATION_ID, OPTION_MNEMONIC, OPTION_LABEL) VALUES (943, "ST", "SINGLE TIRE");
INSERT INTO COMPLECTATION_OPTIONS(COMPLECTATION_ID, OPTION_MNEMONIC, OPTION_LABEL) VALUES (943, "CND", "CANADA");
INSERT INTO COMPLECTATION_OPTIONS(COMPLECTATION_ID, OPTION_MNEMONIC, OPTION_LABEL) VALUES (943, "EFI", "ELECTRIC FUEL INJECTION SYSTEM");
INSERT INTO COMPLECTATION_OPTIONS(COMPLECTATION_ID, OPTION_MNEMONIC, OPTION_LABEL) VALUES (943, "CBU", "COMPLETELY BUILT UNIT");
INSERT INTO FRAME(ID, MODEL_ID, NAME, URL) VALUES (120, 10, "VZN61LG", "https://toyota-usa.epc-data.com/4runner/vzn61lg");
INSERT INTO COMPLECTATION(ID, FRAME_ID, NAME, URL, ENGINE_MNEMONIC, ENGINE_LABEL, PRODUCTION_PERIOD, BODY_MNEMONIC, BODY_LABEL, GRADE_MNEMONIC, GRADE_LABEL, TRANSMISSION_MNEMONIC, TRANSMISSION_LABEL) VALUES (944, 120, "VZN61LG-MSEA", "https://toyota-usa.epc-data.com/4runner/vzn61lg/2526/", "3VZE", "3000CC EFI", "11.1987 - 03.1989", "WG", "WAGON(4-RUNNER)", "SR5", "SR-5 TYPE", "MTM", "MANUAL TRANSMISSION");
INSERT INTO COMPLECTATION_OPTIONS(COMPLECTATION_ID, OPTION_MNEMONIC, OPTION_LABEL) VALUES (944, "5F", "MTM,5-SPEED FLOOR SHIFT");
INSERT INTO COMPLECTATION_OPTIONS(COMPLECTATION_ID, OPTION_MNEMONIC, OPTION_LABEL) VALUES (944, "R", "R TYPE TRANSMISSION");
INSERT INTO COMPLECTATION_OPTIONS(COMPLECTATION_ID, OPTION_MNEMONIC, OPTION_LABEL) VALUES (944, "ST", "SINGLE TIRE");
INSERT INTO COMPLECTATION_OPTIONS(COMPLECTATION_ID, OPTION_MNEMONIC, OPTION_LABEL) VALUES (944, "USA", "UNITED STATES OF AMERICA");
INSERT INTO COMPLECTATION_OPTIONS(COMPLECTATION_ID, OPTION_MNEMONIC, OPTION_LABEL) VALUES (944, "EFI", "ELECTRIC FUEL INJECTION SYSTEM");
INSERT INTO COMPLECTATION_OPTIONS(COMPLECTATION_ID, OPTION_MNEMONIC, OPTION_LABEL) VALUES (944, "CBU", "COMPLETELY BUILT UNIT");
INSERT INTO COMPLECTATION(ID, FRAME_ID, NAME, URL, ENGINE_MNEMONIC, ENGINE_LABEL, PRODUCTION_PERIOD, BODY_MNEMONIC, BODY_LABEL, GRADE_MNEMONIC, GRADE_LABEL, TRANSMISSION_MNEMONIC, TRANSMISSION_LABEL) VALUES (945, 120, "VZN61LG-PSEA", "https://toyota-usa.epc-data.com/4runner/vzn61lg/2527/", "3VZE", "3000CC EFI", "11.1987 - 03.1989", "WG", "WAGON(4-RUNNER)", "SR5", "SR-5 TYPE", "ATM", "AUTOMATIC TRANSMISSION");
INSERT INTO COMPLECTATION_OPTIONS(COMPLECTATION_ID, OPTION_MNEMONIC, OPTION_LABEL) VALUES (945, "4FC", "ATM,4-SPEED FLOOR SHIFT");
INSERT INTO COMPLECTATION_OPTIONS(COMPLECTATION_ID, OPTION_MNEMONIC, OPTION_LABEL) VALUES (945, "ST", "SINGLE TIRE");
INSERT INTO COMPLECTATION_OPTIONS(COMPLECTATION_ID, OPTION_MNEMONIC, OPTION_LABEL) VALUES (945, "USA", "UNITED STATES OF AMERICA");
INSERT INTO COMPLECTATION_OPTIONS(COMPLECTATION_ID, OPTION_MNEMONIC, OPTION_LABEL) VALUES (945, "EFI", "ELECTRIC FUEL INJECTION SYSTEM");
INSERT INTO COMPLECTATION_OPTIONS(COMPLECTATION_ID, OPTION_MNEMONIC, OPTION_LABEL) VALUES (945, "CBU", "COMPLETELY BUILT UNIT");
INSERT INTO FRAME(ID, MODEL_ID, NAME, URL) VALUES (121, 10, "VZN61LV", "https://toyota-usa.epc-data.com/4runner/vzn61lv");
INSERT INTO COMPLECTATION(ID, FRAME_ID, NAME, URL, ENGINE_MNEMONIC, ENGINE_LABEL, PRODUCTION_PERIOD, BODY_MNEMONIC, BODY_LABEL, GRADE_MNEMONIC, GRADE_LABEL, TRANSMISSION_MNEMONIC, TRANSMISSION_LABEL) VALUES (946, 121, "VZN61LV-MDEA", "https://toyota-usa.epc-data.com/4runner/vzn61lv/2708/", "3VZE", "3000CC EFI", "08.1988 - 03.1989", "V", "VAN", "DLX", "DELUXE TYPE", "MTM", "MANUAL TRANSMISSION");
INSERT INTO COMPLECTATION_OPTIONS(COMPLECTATION_ID, OPTION_MNEMONIC, OPTION_LABEL) VALUES (946, "5F", "MTM,5-SPEED FLOOR SHIFT");
INSERT INTO COMPLECTATION_OPTIONS(COMPLECTATION_ID, OPTION_MNEMONIC, OPTION_LABEL) VALUES (946, "R", "R TYPE TRANSMISSION");
INSERT INTO COMPLECTATION_OPTIONS(COMPLECTATION_ID, OPTION_MNEMONIC, OPTION_LABEL) VALUES (946, "ST", "SINGLE TIRE");
INSERT INTO COMPLECTATION_OPTIONS(COMPLECTATION_ID, OPTION_MNEMONIC, OPTION_LABEL) VALUES (946, "USA", "UNITED STATES OF AMERICA");
INSERT INTO COMPLECTATION_OPTIONS(COMPLECTATION_ID, OPTION_MNEMONIC, OPTION_LABEL) VALUES (946, "EFI", "ELECTRIC FUEL INJECTION SYSTEM");
INSERT INTO COMPLECTATION_OPTIONS(COMPLECTATION_ID, OPTION_MNEMONIC, OPTION_LABEL) VALUES (946, "CBU", "COMPLETELY BUILT UNIT");
INSERT INTO COMPLECTATION(ID, FRAME_ID, NAME, URL, ENGINE_MNEMONIC, ENGINE_LABEL, PRODUCTION_PERIOD, BODY_MNEMONIC, BODY_LABEL, GRADE_MNEMONIC, GRADE_LABEL, TRANSMISSION_MNEMONIC, TRANSMISSION_LABEL) VALUES (947, 121, "VZN61LV-MSEA", "https://toyota-usa.epc-data.com/4runner/vzn61lv/2704/", "3VZE", "3000CC EFI", "11.1987 - 08.1988", "V", "VAN", "SR5", "SR-5 TYPE", "MTM", "MANUAL TRANSMISSION");
INSERT INTO COMPLECTATION_OPTIONS(COMPLECTATION_ID, OPTION_MNEMONIC, OPTION_LABEL) VALUES (947, "5F", "MTM,5-SPEED FLOOR SHIFT");
INSERT INTO COMPLECTATION_OPTIONS(COMPLECTATION_ID, OPTION_MNEMONIC, OPTION_LABEL) VALUES (947, "R", "R TYPE TRANSMISSION");
INSERT INTO COMPLECTATION_OPTIONS(COMPLECTATION_ID, OPTION_MNEMONIC, OPTION_LABEL) VALUES (947, "ST", "SINGLE TIRE");
INSERT INTO COMPLECTATION_OPTIONS(COMPLECTATION_ID, OPTION_MNEMONIC, OPTION_LABEL) VALUES (947, "USA", "UNITED STATES OF AMERICA");
INSERT INTO COMPLECTATION_OPTIONS(COMPLECTATION_ID, OPTION_MNEMONIC, OPTION_LABEL) VALUES (947, "EFI", "ELECTRIC FUEL INJECTION SYSTEM");
INSERT INTO COMPLECTATION_OPTIONS(COMPLECTATION_ID, OPTION_MNEMONIC, OPTION_LABEL) VALUES (947, "CBU", "COMPLETELY BUILT UNIT");
INSERT INTO COMPLECTATION(ID, FRAME_ID, NAME, URL, ENGINE_MNEMONIC, ENGINE_LABEL, PRODUCTION_PERIOD, BODY_MNEMONIC, BODY_LABEL, GRADE_MNEMONIC, GRADE_LABEL, TRANSMISSION_MNEMONIC, TRANSMISSION_LABEL) VALUES (948, 121, "VZN61LV-MSEK", "https://toyota-usa.epc-data.com/4runner/vzn61lv/2705/", "3VZE", "3000CC EFI", "11.1987 - 03.1989", "V", "VAN", "SR5", "SR-5 TYPE", "MTM", "MANUAL TRANSMISSION");
INSERT INTO COMPLECTATION_OPTIONS(COMPLECTATION_ID, OPTION_MNEMONIC, OPTION_LABEL) VALUES (948, "5F", "MTM,5-SPEED FLOOR SHIFT");
INSERT INTO COMPLECTATION_OPTIONS(COMPLECTATION_ID, OPTION_MNEMONIC, OPTION_LABEL) VALUES (948, "R", "R TYPE TRANSMISSION");
INSERT INTO COMPLECTATION_OPTIONS(COMPLECTATION_ID, OPTION_MNEMONIC, OPTION_LABEL) VALUES (948, "ST", "SINGLE TIRE");
INSERT INTO COMPLECTATION_OPTIONS(COMPLECTATION_ID, OPTION_MNEMONIC, OPTION_LABEL) VALUES (948, "CND", "CANADA");
INSERT INTO COMPLECTATION_OPTIONS(COMPLECTATION_ID, OPTION_MNEMONIC, OPTION_LABEL) VALUES (948, "EFI", "ELECTRIC FUEL INJECTION SYSTEM");
INSERT INTO COMPLECTATION_OPTIONS(COMPLECTATION_ID, OPTION_MNEMONIC, OPTION_LABEL) VALUES (948, "CBU", "COMPLETELY BUILT UNIT");
INSERT INTO COMPLECTATION(ID, FRAME_ID, NAME, URL, ENGINE_MNEMONIC, ENGINE_LABEL, PRODUCTION_PERIOD, BODY_MNEMONIC, BODY_LABEL, GRADE_MNEMONIC, GRADE_LABEL, TRANSMISSION_MNEMONIC, TRANSMISSION_LABEL) VALUES (949, 121, "VZN61LV-PDEA", "https://toyota-usa.epc-data.com/4runner/vzn61lv/2709/", "3VZE", "3000CC EFI", "08.1988 - 03.1989", "V", "VAN", "DLX", "DELUXE TYPE", "ATM", "AUTOMATIC TRANSMISSION");
INSERT INTO COMPLECTATION_OPTIONS(COMPLECTATION_ID, OPTION_MNEMONIC, OPTION_LABEL) VALUES (949, "4FC", "ATM,4-SPEED FLOOR SHIFT");
INSERT INTO COMPLECTATION_OPTIONS(COMPLECTATION_ID, OPTION_MNEMONIC, OPTION_LABEL) VALUES (949, "ST", "SINGLE TIRE");
INSERT INTO COMPLECTATION_OPTIONS(COMPLECTATION_ID, OPTION_MNEMONIC, OPTION_LABEL) VALUES (949, "USA", "UNITED STATES OF AMERICA");
INSERT INTO COMPLECTATION_OPTIONS(COMPLECTATION_ID, OPTION_MNEMONIC, OPTION_LABEL) VALUES (949, "EFI", "ELECTRIC FUEL INJECTION SYSTEM");
INSERT INTO COMPLECTATION_OPTIONS(COMPLECTATION_ID, OPTION_MNEMONIC, OPTION_LABEL) VALUES (949, "CBU", "COMPLETELY BUILT UNIT");
INSERT INTO COMPLECTATION(ID, FRAME_ID, NAME, URL, ENGINE_MNEMONIC, ENGINE_LABEL, PRODUCTION_PERIOD, BODY_MNEMONIC, BODY_LABEL, GRADE_MNEMONIC, GRADE_LABEL, TRANSMISSION_MNEMONIC, TRANSMISSION_LABEL) VALUES (950, 121, "VZN61LV-PSEA", "https://toyota-usa.epc-data.com/4runner/vzn61lv/2706/", "3VZE", "3000CC EFI", "11.1987 - 08.1988", "V", "VAN", "SR5", "SR-5 TYPE", "ATM", "AUTOMATIC TRANSMISSION");
INSERT INTO COMPLECTATION_OPTIONS(COMPLECTATION_ID, OPTION_MNEMONIC, OPTION_LABEL) VALUES (950, "4FC", "ATM,4-SPEED FLOOR SHIFT");
INSERT INTO COMPLECTATION_OPTIONS(COMPLECTATION_ID, OPTION_MNEMONIC, OPTION_LABEL) VALUES (950, "ST", "SINGLE TIRE");
INSERT INTO COMPLECTATION_OPTIONS(COMPLECTATION_ID, OPTION_MNEMONIC, OPTION_LABEL) VALUES (950, "USA", "UNITED STATES OF AMERICA");
INSERT INTO COMPLECTATION_OPTIONS(COMPLECTATION_ID, OPTION_MNEMONIC, OPTION_LABEL) VALUES (950, "EFI", "ELECTRIC FUEL INJECTION SYSTEM");
INSERT INTO COMPLECTATION_OPTIONS(COMPLECTATION_ID, OPTION_MNEMONIC, OPTION_LABEL) VALUES (950, "CBU", "COMPLETELY BUILT UNIT");
INSERT INTO COMPLECTATION(ID, FRAME_ID, NAME, URL, ENGINE_MNEMONIC, ENGINE_LABEL, PRODUCTION_PERIOD, BODY_MNEMONIC, BODY_LABEL, GRADE_MNEMONIC, GRADE_LABEL, TRANSMISSION_MNEMONIC, TRANSMISSION_LABEL) VALUES (951, 121, "VZN61LV-PSEK", "https://toyota-usa.epc-data.com/4runner/vzn61lv/2707/", "3VZE", "3000CC EFI", "11.1987 - 03.1989", "V", "VAN", "SR5", "SR-5 TYPE", "ATM", "AUTOMATIC TRANSMISSION");
INSERT INTO COMPLECTATION_OPTIONS(COMPLECTATION_ID, OPTION_MNEMONIC, OPTION_LABEL) VALUES (951, "4FC", "ATM,4-SPEED FLOOR SHIFT");
INSERT INTO COMPLECTATION_OPTIONS(COMPLECTATION_ID, OPTION_MNEMONIC, OPTION_LABEL) VALUES (951, "ST", "SINGLE TIRE");
INSERT INTO COMPLECTATION_OPTIONS(COMPLECTATION_ID, OPTION_MNEMONIC, OPTION_LABEL) VALUES (951, "CND", "CANADA");
INSERT INTO COMPLECTATION_OPTIONS(COMPLECTATION_ID, OPTION_MNEMONIC, OPTION_LABEL) VALUES (951, "EFI", "ELECTRIC FUEL INJECTION SYSTEM");
INSERT INTO COMPLECTATION_OPTIONS(COMPLECTATION_ID, OPTION_MNEMONIC, OPTION_LABEL) VALUES (951, "CBU", "COMPLETELY BUILT UNIT");
INSERT INTO FRAME(ID, MODEL_ID, NAME, URL) VALUES (122, 10, "VZN66L", "https://toyota-usa.epc-data.com/4runner/vzn66l");
INSERT INTO COMPLECTATION(ID, FRAME_ID, NAME, URL, ENGINE_MNEMONIC, ENGINE_LABEL, PRODUCTION_PERIOD, BODY_MNEMONIC, BODY_LABEL, GRADE_MNEMONIC, GRADE_LABEL, TRANSMISSION_MNEMONIC, TRANSMISSION_LABEL) VALUES (952, 122, "VZN66L-MDCEA3", "https://toyota-usa.epc-data.com/4runner/vzn66l/2723/", "3VZE", "3000CC EFI", "11.1987 - 08.1988", "T1", "TRUCK(STANDARD DECK 1-SIDE OPEN)", "DLX", "DELUXE TYPE", "MTM", "MANUAL TRANSMISSION");
INSERT INTO COMPLECTATION_OPTIONS(COMPLECTATION_ID, OPTION_MNEMONIC, OPTION_LABEL) VALUES (952, "5F", "MTM,5-SPEED FLOOR SHIFT");
INSERT INTO COMPLECTATION_OPTIONS(COMPLECTATION_ID, OPTION_MNEMONIC, OPTION_LABEL) VALUES (952, "XTR", "EXTRA CAB");
INSERT INTO COMPLECTATION_OPTIONS(COMPLECTATION_ID, OPTION_MNEMONIC, OPTION_LABEL) VALUES (952, "R", "R TYPE TRANSMISSION");
INSERT INTO COMPLECTATION_OPTIONS(COMPLECTATION_ID, OPTION_MNEMONIC, OPTION_LABEL) VALUES (952, "HLF", "0.5TONS");
INSERT INTO COMPLECTATION_OPTIONS(COMPLECTATION_ID, OPTION_MNEMONIC, OPTION_LABEL) VALUES (952, "ST", "SINGLE TIRE");
INSERT INTO COMPLECTATION_OPTIONS(COMPLECTATION_ID, OPTION_MNEMONIC, OPTION_LABEL) VALUES (952, "USA", "UNITED STATES OF AMERICA");
INSERT INTO COMPLECTATION_OPTIONS(COMPLECTATION_ID, OPTION_MNEMONIC, OPTION_LABEL) VALUES (952, "EFI", "ELECTRIC FUEL INJECTION SYSTEM");
INSERT INTO COMPLECTATION_OPTIONS(COMPLECTATION_ID, OPTION_MNEMONIC, OPTION_LABEL) VALUES (952, "IV", "INCOMPLETE VEHICLES (CHASSIS & CAB)");
INSERT INTO COMPLECTATION(ID, FRAME_ID, NAME, URL, ENGINE_MNEMONIC, ENGINE_LABEL, PRODUCTION_PERIOD, BODY_MNEMONIC, BODY_LABEL, GRADE_MNEMONIC, GRADE_LABEL, TRANSMISSION_MNEMONIC, TRANSMISSION_LABEL) VALUES (953, 122, "VZN66L-MDCEK", "https://toyota-usa.epc-data.com/4runner/vzn66l/2724/", "3VZE", "3000CC EFI", "11.1987 - 08.1988", "T1", "TRUCK(STANDARD DECK 1-SIDE OPEN)", "DLX", "DELUXE TYPE", "MTM", "MANUAL TRANSMISSION");
INSERT INTO COMPLECTATION_OPTIONS(COMPLECTATION_ID, OPTION_MNEMONIC, OPTION_LABEL) VALUES (953, "5F", "MTM,5-SPEED FLOOR SHIFT");
INSERT INTO COMPLECTATION_OPTIONS(COMPLECTATION_ID, OPTION_MNEMONIC, OPTION_LABEL) VALUES (953, "XTR", "EXTRA CAB");
INSERT INTO COMPLECTATION_OPTIONS(COMPLECTATION_ID, OPTION_MNEMONIC, OPTION_LABEL) VALUES (953, "R", "R TYPE TRANSMISSION");
INSERT INTO COMPLECTATION_OPTIONS(COMPLECTATION_ID, OPTION_MNEMONIC, OPTION_LABEL) VALUES (953, "HLF", "0.5TONS");
INSERT INTO COMPLECTATION_OPTIONS(COMPLECTATION_ID, OPTION_MNEMONIC, OPTION_LABEL) VALUES (953, "ST", "SINGLE TIRE");
INSERT INTO COMPLECTATION_OPTIONS(COMPLECTATION_ID, OPTION_MNEMONIC, OPTION_LABEL) VALUES (953, "CND", "CANADA");
INSERT INTO COMPLECTATION_OPTIONS(COMPLECTATION_ID, OPTION_MNEMONIC, OPTION_LABEL) VALUES (953, "EFI", "ELECTRIC FUEL INJECTION SYSTEM");
INSERT INTO COMPLECTATION_OPTIONS(COMPLECTATION_ID, OPTION_MNEMONIC, OPTION_LABEL) VALUES (953, "CBU", "COMPLETELY BUILT UNIT");
INSERT INTO COMPLECTATION(ID, FRAME_ID, NAME, URL, ENGINE_MNEMONIC, ENGINE_LABEL, PRODUCTION_PERIOD, BODY_MNEMONIC, BODY_LABEL, GRADE_MNEMONIC, GRADE_LABEL, TRANSMISSION_MNEMONIC, TRANSMISSION_LABEL) VALUES (954, 122, "VZN66L-MDEA3", "https://toyota-usa.epc-data.com/4runner/vzn66l/2714/", "3VZE", "3000CC EFI", "11.1987 - 08.1988", "T1", "TRUCK(STANDARD DECK 1-SIDE OPEN)", "DLX", "DELUXE TYPE", "MTM", "MANUAL TRANSMISSION");
INSERT INTO COMPLECTATION_OPTIONS(COMPLECTATION_ID, OPTION_MNEMONIC, OPTION_LABEL) VALUES (954, "5F", "MTM,5-SPEED FLOOR SHIFT");
INSERT INTO COMPLECTATION_OPTIONS(COMPLECTATION_ID, OPTION_MNEMONIC, OPTION_LABEL) VALUES (954, "RCB", "REGULAR CAB");
INSERT INTO COMPLECTATION_OPTIONS(COMPLECTATION_ID, OPTION_MNEMONIC, OPTION_LABEL) VALUES (954, "R", "R TYPE TRANSMISSION");
INSERT INTO COMPLECTATION_OPTIONS(COMPLECTATION_ID, OPTION_MNEMONIC, OPTION_LABEL) VALUES (954, "HLF", "0.5TONS");
INSERT INTO COMPLECTATION_OPTIONS(COMPLECTATION_ID, OPTION_MNEMONIC, OPTION_LABEL) VALUES (954, "ST", "SINGLE TIRE");
INSERT INTO COMPLECTATION_OPTIONS(COMPLECTATION_ID, OPTION_MNEMONIC, OPTION_LABEL) VALUES (954, "USA", "UNITED STATES OF AMERICA");
INSERT INTO COMPLECTATION_OPTIONS(COMPLECTATION_ID, OPTION_MNEMONIC, OPTION_LABEL) VALUES (954, "EFI", "ELECTRIC FUEL INJECTION SYSTEM");
INSERT INTO COMPLECTATION_OPTIONS(COMPLECTATION_ID, OPTION_MNEMONIC, OPTION_LABEL) VALUES (954, "IV", "INCOMPLETE VEHICLES (CHASSIS & CAB)");
INSERT INTO COMPLECTATION(ID, FRAME_ID, NAME, URL, ENGINE_MNEMONIC, ENGINE_LABEL, PRODUCTION_PERIOD, BODY_MNEMONIC, BODY_LABEL, GRADE_MNEMONIC, GRADE_LABEL, TRANSMISSION_MNEMONIC, TRANSMISSION_LABEL) VALUES (955, 122, "VZN66L-MDEK", "https://toyota-usa.epc-data.com/4runner/vzn66l/2715/", "3VZE", "3000CC EFI", "11.1987 - 08.1988", "T1", "TRUCK(STANDARD DECK 1-SIDE OPEN)", "DLX", "DELUXE TYPE", "MTM", "MANUAL TRANSMISSION");
INSERT INTO COMPLECTATION_OPTIONS(COMPLECTATION_ID, OPTION_MNEMONIC, OPTION_LABEL) VALUES (955, "5F", "MTM,5-SPEED FLOOR SHIFT");
INSERT INTO COMPLECTATION_OPTIONS(COMPLECTATION_ID, OPTION_MNEMONIC, OPTION_LABEL) VALUES (955, "RCB", "REGULAR CAB");
INSERT INTO COMPLECTATION_OPTIONS(COMPLECTATION_ID, OPTION_MNEMONIC, OPTION_LABEL) VALUES (955, "R", "R TYPE TRANSMISSION");
INSERT INTO COMPLECTATION_OPTIONS(COMPLECTATION_ID, OPTION_MNEMONIC, OPTION_LABEL) VALUES (955, "HLF", "0.5TONS");
INSERT INTO COMPLECTATION_OPTIONS(COMPLECTATION_ID, OPTION_MNEMONIC, OPTION_LABEL) VALUES (955, "ST", "SINGLE TIRE");
INSERT INTO COMPLECTATION_OPTIONS(COMPLECTATION_ID, OPTION_MNEMONIC, OPTION_LABEL) VALUES (955, "CND", "CANADA");
INSERT INTO COMPLECTATION_OPTIONS(COMPLECTATION_ID, OPTION_MNEMONIC, OPTION_LABEL) VALUES (955, "EFI", "ELECTRIC FUEL INJECTION SYSTEM");
INSERT INTO COMPLECTATION_OPTIONS(COMPLECTATION_ID, OPTION_MNEMONIC, OPTION_LABEL) VALUES (955, "CBU", "COMPLETELY BUILT UNIT");
INSERT INTO COMPLECTATION(ID, FRAME_ID, NAME, URL, ENGINE_MNEMONIC, ENGINE_LABEL, PRODUCTION_PERIOD, BODY_MNEMONIC, BODY_LABEL, GRADE_MNEMONIC, GRADE_LABEL, TRANSMISSION_MNEMONIC, TRANSMISSION_LABEL) VALUES (956, 122, "VZN66L-MSCEA", "https://toyota-usa.epc-data.com/4runner/vzn66l/2718/", "3VZE", "3000CC EFI", "11.1987 - 08.1988", "T1", "TRUCK(STANDARD DECK 1-SIDE OPEN)", "SR5", "SR-5 TYPE", "MTM", "MANUAL TRANSMISSION");
INSERT INTO COMPLECTATION_OPTIONS(COMPLECTATION_ID, OPTION_MNEMONIC, OPTION_LABEL) VALUES (956, "5F", "MTM,5-SPEED FLOOR SHIFT");
INSERT INTO COMPLECTATION_OPTIONS(COMPLECTATION_ID, OPTION_MNEMONIC, OPTION_LABEL) VALUES (956, "XTR", "EXTRA CAB");
INSERT INTO COMPLECTATION_OPTIONS(COMPLECTATION_ID, OPTION_MNEMONIC, OPTION_LABEL) VALUES (956, "R", "R TYPE TRANSMISSION");
INSERT INTO COMPLECTATION_OPTIONS(COMPLECTATION_ID, OPTION_MNEMONIC, OPTION_LABEL) VALUES (956, "HLF", "0.5TONS");
INSERT INTO COMPLECTATION_OPTIONS(COMPLECTATION_ID, OPTION_MNEMONIC, OPTION_LABEL) VALUES (956, "ST", "SINGLE TIRE");
INSERT INTO COMPLECTATION_OPTIONS(COMPLECTATION_ID, OPTION_MNEMONIC, OPTION_LABEL) VALUES (956, "USA", "UNITED STATES OF AMERICA");
INSERT INTO COMPLECTATION_OPTIONS(COMPLECTATION_ID, OPTION_MNEMONIC, OPTION_LABEL) VALUES (956, "EFI", "ELECTRIC FUEL INJECTION SYSTEM");
INSERT INTO COMPLECTATION_OPTIONS(COMPLECTATION_ID, OPTION_MNEMONIC, OPTION_LABEL) VALUES (956, "CBU", "COMPLETELY BUILT UNIT");
INSERT INTO COMPLECTATION(ID, FRAME_ID, NAME, URL, ENGINE_MNEMONIC, ENGINE_LABEL, PRODUCTION_PERIOD, BODY_MNEMONIC, BODY_LABEL, GRADE_MNEMONIC, GRADE_LABEL, TRANSMISSION_MNEMONIC, TRANSMISSION_LABEL) VALUES (957, 122, "VZN66L-MSCEA3", "https://toyota-usa.epc-data.com/4runner/vzn66l/2719/", "3VZE", "3000CC EFI", "11.1987 - 08.1988", "T1", "TRUCK(STANDARD DECK 1-SIDE OPEN)", "SR5", "SR-5 TYPE", "MTM", "MANUAL TRANSMISSION");
INSERT INTO COMPLECTATION_OPTIONS(COMPLECTATION_ID, OPTION_MNEMONIC, OPTION_LABEL) VALUES (957, "5F", "MTM,5-SPEED FLOOR SHIFT");
INSERT INTO COMPLECTATION_OPTIONS(COMPLECTATION_ID, OPTION_MNEMONIC, OPTION_LABEL) VALUES (957, "XTR", "EXTRA CAB");
INSERT INTO COMPLECTATION_OPTIONS(COMPLECTATION_ID, OPTION_MNEMONIC, OPTION_LABEL) VALUES (957, "R", "R TYPE TRANSMISSION");
INSERT INTO COMPLECTATION_OPTIONS(COMPLECTATION_ID, OPTION_MNEMONIC, OPTION_LABEL) VALUES (957, "HLF", "0.5TONS");
INSERT INTO COMPLECTATION_OPTIONS(COMPLECTATION_ID, OPTION_MNEMONIC, OPTION_LABEL) VALUES (957, "ST", "SINGLE TIRE");
INSERT INTO COMPLECTATION_OPTIONS(COMPLECTATION_ID, OPTION_MNEMONIC, OPTION_LABEL) VALUES (957, "USA", "UNITED STATES OF AMERICA");
INSERT INTO COMPLECTATION_OPTIONS(COMPLECTATION_ID, OPTION_MNEMONIC, OPTION_LABEL) VALUES (957, "EFI", "ELECTRIC FUEL INJECTION SYSTEM");
INSERT INTO COMPLECTATION_OPTIONS(COMPLECTATION_ID, OPTION_MNEMONIC, OPTION_LABEL) VALUES (957, "IV", "INCOMPLETE VEHICLES (CHASSIS & CAB)");
INSERT INTO COMPLECTATION(ID, FRAME_ID, NAME, URL, ENGINE_MNEMONIC, ENGINE_LABEL, PRODUCTION_PERIOD, BODY_MNEMONIC, BODY_LABEL, GRADE_MNEMONIC, GRADE_LABEL, TRANSMISSION_MNEMONIC, TRANSMISSION_LABEL) VALUES (958, 122, "VZN66L-MSCEK", "https://toyota-usa.epc-data.com/4runner/vzn66l/2720/", "3VZE", "3000CC EFI", "11.1987 - 08.1988", "T1", "TRUCK(STANDARD DECK 1-SIDE OPEN)", "SR5", "SR-5 TYPE", "MTM", "MANUAL TRANSMISSION");
INSERT INTO COMPLECTATION_OPTIONS(COMPLECTATION_ID, OPTION_MNEMONIC, OPTION_LABEL) VALUES (958, "5F", "MTM,5-SPEED FLOOR SHIFT");
INSERT INTO COMPLECTATION_OPTIONS(COMPLECTATION_ID, OPTION_MNEMONIC, OPTION_LABEL) VALUES (958, "XTR", "EXTRA CAB");
INSERT INTO COMPLECTATION_OPTIONS(COMPLECTATION_ID, OPTION_MNEMONIC, OPTION_LABEL) VALUES (958, "R", "R TYPE TRANSMISSION");
INSERT INTO COMPLECTATION_OPTIONS(COMPLECTATION_ID, OPTION_MNEMONIC, OPTION_LABEL) VALUES (958, "HLF", "0.5TONS");
INSERT INTO COMPLECTATION_OPTIONS(COMPLECTATION_ID, OPTION_MNEMONIC, OPTION_LABEL) VALUES (958, "ST", "SINGLE TIRE");
INSERT INTO COMPLECTATION_OPTIONS(COMPLECTATION_ID, OPTION_MNEMONIC, OPTION_LABEL) VALUES (958, "CND", "CANADA");
INSERT INTO COMPLECTATION_OPTIONS(COMPLECTATION_ID, OPTION_MNEMONIC, OPTION_LABEL) VALUES (958, "EFI", "ELECTRIC FUEL INJECTION SYSTEM");
INSERT INTO COMPLECTATION_OPTIONS(COMPLECTATION_ID, OPTION_MNEMONIC, OPTION_LABEL) VALUES (958, "CBU", "COMPLETELY BUILT UNIT");
INSERT INTO COMPLECTATION(ID, FRAME_ID, NAME, URL, ENGINE_MNEMONIC, ENGINE_LABEL, PRODUCTION_PERIOD, BODY_MNEMONIC, BODY_LABEL, GRADE_MNEMONIC, GRADE_LABEL, TRANSMISSION_MNEMONIC, TRANSMISSION_LABEL) VALUES (959, 122, "VZN66L-PDCEA3", "https://toyota-usa.epc-data.com/4runner/vzn66l/2725/", "3VZE", "3000CC EFI", "11.1987 - 08.1988", "T1", "TRUCK(STANDARD DECK 1-SIDE OPEN)", "DLX", "DELUXE TYPE", "ATM", "AUTOMATIC TRANSMISSION");
INSERT INTO COMPLECTATION_OPTIONS(COMPLECTATION_ID, OPTION_MNEMONIC, OPTION_LABEL) VALUES (959, "4FC", "ATM,4-SPEED FLOOR SHIFT");
INSERT INTO COMPLECTATION_OPTIONS(COMPLECTATION_ID, OPTION_MNEMONIC, OPTION_LABEL) VALUES (959, "XTR", "EXTRA CAB");
INSERT INTO COMPLECTATION_OPTIONS(COMPLECTATION_ID, OPTION_MNEMONIC, OPTION_LABEL) VALUES (959, "HLF", "0.5TONS");
INSERT INTO COMPLECTATION_OPTIONS(COMPLECTATION_ID, OPTION_MNEMONIC, OPTION_LABEL) VALUES (959, "ST", "SINGLE TIRE");
INSERT INTO COMPLECTATION_OPTIONS(COMPLECTATION_ID, OPTION_MNEMONIC, OPTION_LABEL) VALUES (959, "USA", "UNITED STATES OF AMERICA");
INSERT INTO COMPLECTATION_OPTIONS(COMPLECTATION_ID, OPTION_MNEMONIC, OPTION_LABEL) VALUES (959, "EFI", "ELECTRIC FUEL INJECTION SYSTEM");
INSERT INTO COMPLECTATION_OPTIONS(COMPLECTATION_ID, OPTION_MNEMONIC, OPTION_LABEL) VALUES (959, "IV", "INCOMPLETE VEHICLES (CHASSIS & CAB)");
INSERT INTO COMPLECTATION(ID, FRAME_ID, NAME, URL, ENGINE_MNEMONIC, ENGINE_LABEL, PRODUCTION_PERIOD, BODY_MNEMONIC, BODY_LABEL, GRADE_MNEMONIC, GRADE_LABEL, TRANSMISSION_MNEMONIC, TRANSMISSION_LABEL) VALUES (960, 122, "VZN66L-PDEA3", "https://toyota-usa.epc-data.com/4runner/vzn66l/2716/", "3VZE", "3000CC EFI", "11.1987 - 08.1988", "T1", "TRUCK(STANDARD DECK 1-SIDE OPEN)", "DLX", "DELUXE TYPE", "ATM", "AUTOMATIC TRANSMISSION");
INSERT INTO COMPLECTATION_OPTIONS(COMPLECTATION_ID, OPTION_MNEMONIC, OPTION_LABEL) VALUES (960, "4FC", "ATM,4-SPEED FLOOR SHIFT");
INSERT INTO COMPLECTATION_OPTIONS(COMPLECTATION_ID, OPTION_MNEMONIC, OPTION_LABEL) VALUES (960, "RCB", "REGULAR CAB");
INSERT INTO COMPLECTATION_OPTIONS(COMPLECTATION_ID, OPTION_MNEMONIC, OPTION_LABEL) VALUES (960, "HLF", "0.5TONS");
INSERT INTO COMPLECTATION_OPTIONS(COMPLECTATION_ID, OPTION_MNEMONIC, OPTION_LABEL) VALUES (960, "ST", "SINGLE TIRE");
INSERT INTO COMPLECTATION_OPTIONS(COMPLECTATION_ID, OPTION_MNEMONIC, OPTION_LABEL) VALUES (960, "USA", "UNITED STATES OF AMERICA");
INSERT INTO COMPLECTATION_OPTIONS(COMPLECTATION_ID, OPTION_MNEMONIC, OPTION_LABEL) VALUES (960, "EFI", "ELECTRIC FUEL INJECTION SYSTEM");
INSERT INTO COMPLECTATION_OPTIONS(COMPLECTATION_ID, OPTION_MNEMONIC, OPTION_LABEL) VALUES (960, "IV", "INCOMPLETE VEHICLES (CHASSIS & CAB)");
INSERT INTO COMPLECTATION(ID, FRAME_ID, NAME, URL, ENGINE_MNEMONIC, ENGINE_LABEL, PRODUCTION_PERIOD, BODY_MNEMONIC, BODY_LABEL, GRADE_MNEMONIC, GRADE_LABEL, TRANSMISSION_MNEMONIC, TRANSMISSION_LABEL) VALUES (961, 122, "VZN66L-PDEK", "https://toyota-usa.epc-data.com/4runner/vzn66l/2717/", "3VZE", "3000CC EFI", "11.1987 - 08.1988", "T1", "TRUCK(STANDARD DECK 1-SIDE OPEN)", "DLX", "DELUXE TYPE", "ATM", "AUTOMATIC TRANSMISSION");
INSERT INTO COMPLECTATION_OPTIONS(COMPLECTATION_ID, OPTION_MNEMONIC, OPTION_LABEL) VALUES (961, "4FC", "ATM,4-SPEED FLOOR SHIFT");
INSERT INTO COMPLECTATION_OPTIONS(COMPLECTATION_ID, OPTION_MNEMONIC, OPTION_LABEL) VALUES (961, "RCB", "REGULAR CAB");
INSERT INTO COMPLECTATION_OPTIONS(COMPLECTATION_ID, OPTION_MNEMONIC, OPTION_LABEL) VALUES (961, "HLF", "0.5TONS");
INSERT INTO COMPLECTATION_OPTIONS(COMPLECTATION_ID, OPTION_MNEMONIC, OPTION_LABEL) VALUES (961, "ST", "SINGLE TIRE");
INSERT INTO COMPLECTATION_OPTIONS(COMPLECTATION_ID, OPTION_MNEMONIC, OPTION_LABEL) VALUES (961, "CND", "CANADA");
INSERT INTO COMPLECTATION_OPTIONS(COMPLECTATION_ID, OPTION_MNEMONIC, OPTION_LABEL) VALUES (961, "EFI", "ELECTRIC FUEL INJECTION SYSTEM");
INSERT INTO COMPLECTATION_OPTIONS(COMPLECTATION_ID, OPTION_MNEMONIC, OPTION_LABEL) VALUES (961, "CBU", "COMPLETELY BUILT UNIT");
INSERT INTO COMPLECTATION(ID, FRAME_ID, NAME, URL, ENGINE_MNEMONIC, ENGINE_LABEL, PRODUCTION_PERIOD, BODY_MNEMONIC, BODY_LABEL, GRADE_MNEMONIC, GRADE_LABEL, TRANSMISSION_MNEMONIC, TRANSMISSION_LABEL) VALUES (962, 122, "VZN66L-PSCEA3", "https://toyota-usa.epc-data.com/4runner/vzn66l/2721/", "3VZE", "3000CC EFI", "11.1987 - 08.1988", "T1", "TRUCK(STANDARD DECK 1-SIDE OPEN)", "SR5", "SR-5 TYPE", "ATM", "AUTOMATIC TRANSMISSION");
INSERT INTO COMPLECTATION_OPTIONS(COMPLECTATION_ID, OPTION_MNEMONIC, OPTION_LABEL) VALUES (962, "4FC", "ATM,4-SPEED FLOOR SHIFT");
INSERT INTO COMPLECTATION_OPTIONS(COMPLECTATION_ID, OPTION_MNEMONIC, OPTION_LABEL) VALUES (962, "XTR", "EXTRA CAB");
INSERT INTO COMPLECTATION_OPTIONS(COMPLECTATION_ID, OPTION_MNEMONIC, OPTION_LABEL) VALUES (962, "HLF", "0.5TONS");
INSERT INTO COMPLECTATION_OPTIONS(COMPLECTATION_ID, OPTION_MNEMONIC, OPTION_LABEL) VALUES (962, "ST", "SINGLE TIRE");
INSERT INTO COMPLECTATION_OPTIONS(COMPLECTATION_ID, OPTION_MNEMONIC, OPTION_LABEL) VALUES (962, "USA", "UNITED STATES OF AMERICA");
INSERT INTO COMPLECTATION_OPTIONS(COMPLECTATION_ID, OPTION_MNEMONIC, OPTION_LABEL) VALUES (962, "EFI", "ELECTRIC FUEL INJECTION SYSTEM");
INSERT INTO COMPLECTATION_OPTIONS(COMPLECTATION_ID, OPTION_MNEMONIC, OPTION_LABEL) VALUES (962, "IV", "INCOMPLETE VEHICLES (CHASSIS & CAB)");
INSERT INTO COMPLECTATION(ID, FRAME_ID, NAME, URL, ENGINE_MNEMONIC, ENGINE_LABEL, PRODUCTION_PERIOD, BODY_MNEMONIC, BODY_LABEL, GRADE_MNEMONIC, GRADE_LABEL, TRANSMISSION_MNEMONIC, TRANSMISSION_LABEL) VALUES (963, 122, "VZN66L-PSCEK", "https://toyota-usa.epc-data.com/4runner/vzn66l/2722/", "3VZE", "3000CC EFI", "11.1987 - 08.1988", "T1", "TRUCK(STANDARD DECK 1-SIDE OPEN)", "SR5", "SR-5 TYPE", "ATM", "AUTOMATIC TRANSMISSION");
INSERT INTO COMPLECTATION_OPTIONS(COMPLECTATION_ID, OPTION_MNEMONIC, OPTION_LABEL) VALUES (963, "4FC", "ATM,4-SPEED FLOOR SHIFT");
INSERT INTO COMPLECTATION_OPTIONS(COMPLECTATION_ID, OPTION_MNEMONIC, OPTION_LABEL) VALUES (963, "XTR", "EXTRA CAB");
INSERT INTO COMPLECTATION_OPTIONS(COMPLECTATION_ID, OPTION_MNEMONIC, OPTION_LABEL) VALUES (963, "HLF", "0.5TONS");
INSERT INTO COMPLECTATION_OPTIONS(COMPLECTATION_ID, OPTION_MNEMONIC, OPTION_LABEL) VALUES (963, "ST", "SINGLE TIRE");
INSERT INTO COMPLECTATION_OPTIONS(COMPLECTATION_ID, OPTION_MNEMONIC, OPTION_LABEL) VALUES (963, "CND", "CANADA");
INSERT INTO COMPLECTATION_OPTIONS(COMPLECTATION_ID, OPTION_MNEMONIC, OPTION_LABEL) VALUES (963, "EFI", "ELECTRIC FUEL INJECTION SYSTEM");
INSERT INTO COMPLECTATION_OPTIONS(COMPLECTATION_ID, OPTION_MNEMONIC, OPTION_LABEL) VALUES (963, "CBU", "COMPLETELY BUILT UNIT");
INSERT INTO FRAME(ID, MODEL_ID, NAME, URL) VALUES (123, 10, "VZN85L", "https://toyota-usa.epc-data.com/4runner/vzn85l");
INSERT INTO COMPLECTATION(ID, FRAME_ID, NAME, URL, ENGINE_MNEMONIC, ENGINE_LABEL, PRODUCTION_PERIOD, BODY_MNEMONIC, BODY_LABEL, GRADE_MNEMONIC, GRADE_LABEL, TRANSMISSION_MNEMONIC, TRANSMISSION_LABEL) VALUES (964, 123, "VZN85L-THMDEA", "https://toyota-usa.epc-data.com/4runner/vzn85l/3198/", "3VZE", "3000CC EFI", "08.1988 - 08.1992", "", "", "DLX", "DELUXE TYPE", "MTM", "MANUAL TRANSMISSION");
INSERT INTO COMPLECTATION_OPTIONS(COMPLECTATION_ID, OPTION_MNEMONIC, OPTION_LABEL) VALUES (964, "5F", "MTM,5-SPEED FLOOR SHIFT");
INSERT INTO COMPLECTATION_OPTIONS(COMPLECTATION_ID, OPTION_MNEMONIC, OPTION_LABEL) VALUES (964, "RCB", "REGULAR CAB");
INSERT INTO COMPLECTATION_OPTIONS(COMPLECTATION_ID, OPTION_MNEMONIC, OPTION_LABEL) VALUES (964, "ST", "SINGLE TIRE");
INSERT INTO COMPLECTATION_OPTIONS(COMPLECTATION_ID, OPTION_MNEMONIC, OPTION_LABEL) VALUES (964, "10T", "1.0TONS");
INSERT INTO COMPLECTATION_OPTIONS(COMPLECTATION_ID, OPTION_MNEMONIC, OPTION_LABEL) VALUES (964, "R", "R TYPE TRANSMISSION");
INSERT INTO COMPLECTATION_OPTIONS(COMPLECTATION_ID, OPTION_MNEMONIC, OPTION_LABEL) VALUES (964, "EFI", "ELECTRIC FUEL INJECTION SYSTEM");
INSERT INTO COMPLECTATION_OPTIONS(COMPLECTATION_ID, OPTION_MNEMONIC, OPTION_LABEL) VALUES (964, "USA", "UNITED STATES OF AMERICA");
INSERT INTO COMPLECTATION_OPTIONS(COMPLECTATION_ID, OPTION_MNEMONIC, OPTION_LABEL) VALUES (964, "CBU", "COMPLETELY BUILT UNIT");
INSERT INTO COMPLECTATION_OPTIONS(COMPLECTATION_ID, OPTION_MNEMONIC, OPTION_LABEL) VALUES (964, "T1", "TRUCK(STANDARD DECK 1-SIDE OPEN)");
INSERT INTO COMPLECTATION_OPTIONS(COMPLECTATION_ID, OPTION_MNEMONIC, OPTION_LABEL) VALUES (964, "JPP", "JAPAN PRODUCT PARTS");
INSERT INTO COMPLECTATION(ID, FRAME_ID, NAME, URL, ENGINE_MNEMONIC, ENGINE_LABEL, PRODUCTION_PERIOD, BODY_MNEMONIC, BODY_LABEL, GRADE_MNEMONIC, GRADE_LABEL, TRANSMISSION_MNEMONIC, TRANSMISSION_LABEL) VALUES (965, 123, "VZN85L-THMDEA3", "https://toyota-usa.epc-data.com/4runner/vzn85l/3199/", "3VZE", "3000CC EFI", "08.1988 - 08.1989", "", "", "DLX", "DELUXE TYPE", "MTM", "MANUAL TRANSMISSION");
INSERT INTO COMPLECTATION_OPTIONS(COMPLECTATION_ID, OPTION_MNEMONIC, OPTION_LABEL) VALUES (965, "5F", "MTM,5-SPEED FLOOR SHIFT");
INSERT INTO COMPLECTATION_OPTIONS(COMPLECTATION_ID, OPTION_MNEMONIC, OPTION_LABEL) VALUES (965, "RCB", "REGULAR CAB");
INSERT INTO COMPLECTATION_OPTIONS(COMPLECTATION_ID, OPTION_MNEMONIC, OPTION_LABEL) VALUES (965, "ST", "SINGLE TIRE");
INSERT INTO COMPLECTATION_OPTIONS(COMPLECTATION_ID, OPTION_MNEMONIC, OPTION_LABEL) VALUES (965, "10T", "1.0TONS");
INSERT INTO COMPLECTATION_OPTIONS(COMPLECTATION_ID, OPTION_MNEMONIC, OPTION_LABEL) VALUES (965, "R", "R TYPE TRANSMISSION");
INSERT INTO COMPLECTATION_OPTIONS(COMPLECTATION_ID, OPTION_MNEMONIC, OPTION_LABEL) VALUES (965, "EFI", "ELECTRIC FUEL INJECTION SYSTEM");
INSERT INTO COMPLECTATION_OPTIONS(COMPLECTATION_ID, OPTION_MNEMONIC, OPTION_LABEL) VALUES (965, "USA", "UNITED STATES OF AMERICA");
INSERT INTO COMPLECTATION_OPTIONS(COMPLECTATION_ID, OPTION_MNEMONIC, OPTION_LABEL) VALUES (965, "IV3", "INCOMPLETE VEHICLES (CAB & CHASSIS)");
INSERT INTO COMPLECTATION_OPTIONS(COMPLECTATION_ID, OPTION_MNEMONIC, OPTION_LABEL) VALUES (965, "T1", "TRUCK(STANDARD DECK 1-SIDE OPEN)");
INSERT INTO COMPLECTATION_OPTIONS(COMPLECTATION_ID, OPTION_MNEMONIC, OPTION_LABEL) VALUES (965, "JPP", "JAPAN PRODUCT PARTS");
INSERT INTO COMPLECTATION(ID, FRAME_ID, NAME, URL, ENGINE_MNEMONIC, ENGINE_LABEL, PRODUCTION_PERIOD, BODY_MNEMONIC, BODY_LABEL, GRADE_MNEMONIC, GRADE_LABEL, TRANSMISSION_MNEMONIC, TRANSMISSION_LABEL) VALUES (966, 123, "VZN85L-THSDEA", "https://toyota-usa.epc-data.com/4runner/vzn85l/3200/", "3VZE", "3000CC EFI", "08.1988 - 08.1992", "", "", "DLX", "DELUXE TYPE", "ATM", "AUTOMATIC TRANSMISSION");
INSERT INTO COMPLECTATION_OPTIONS(COMPLECTATION_ID, OPTION_MNEMONIC, OPTION_LABEL) VALUES (966, "4HC", "ATM,4-SPEED COLUMN SHIFT");
INSERT INTO COMPLECTATION_OPTIONS(COMPLECTATION_ID, OPTION_MNEMONIC, OPTION_LABEL) VALUES (966, "RCB", "REGULAR CAB");
INSERT INTO COMPLECTATION_OPTIONS(COMPLECTATION_ID, OPTION_MNEMONIC, OPTION_LABEL) VALUES (966, "ST", "SINGLE TIRE");
INSERT INTO COMPLECTATION_OPTIONS(COMPLECTATION_ID, OPTION_MNEMONIC, OPTION_LABEL) VALUES (966, "10T", "1.0TONS");
INSERT INTO COMPLECTATION_OPTIONS(COMPLECTATION_ID, OPTION_MNEMONIC, OPTION_LABEL) VALUES (966, "EFI", "ELECTRIC FUEL INJECTION SYSTEM");
INSERT INTO COMPLECTATION_OPTIONS(COMPLECTATION_ID, OPTION_MNEMONIC, OPTION_LABEL) VALUES (966, "USA", "UNITED STATES OF AMERICA");
INSERT INTO COMPLECTATION_OPTIONS(COMPLECTATION_ID, OPTION_MNEMONIC, OPTION_LABEL) VALUES (966, "CBU", "COMPLETELY BUILT UNIT");
INSERT INTO COMPLECTATION_OPTIONS(COMPLECTATION_ID, OPTION_MNEMONIC, OPTION_LABEL) VALUES (966, "T1", "TRUCK(STANDARD DECK 1-SIDE OPEN)");
INSERT INTO COMPLECTATION_OPTIONS(COMPLECTATION_ID, OPTION_MNEMONIC, OPTION_LABEL) VALUES (966, "JPP", "JAPAN PRODUCT PARTS");
INSERT INTO COMPLECTATION(ID, FRAME_ID, NAME, URL, ENGINE_MNEMONIC, ENGINE_LABEL, PRODUCTION_PERIOD, BODY_MNEMONIC, BODY_LABEL, GRADE_MNEMONIC, GRADE_LABEL, TRANSMISSION_MNEMONIC, TRANSMISSION_LABEL) VALUES (967, 123, "VZN85L-THSDEA3", "https://toyota-usa.epc-data.com/4runner/vzn85l/3201/", "3VZE", "3000CC EFI", "08.1988 - 08.1989", "", "", "DLX", "DELUXE TYPE", "ATM", "AUTOMATIC TRANSMISSION");
INSERT INTO COMPLECTATION_OPTIONS(COMPLECTATION_ID, OPTION_MNEMONIC, OPTION_LABEL) VALUES (967, "4HC", "ATM,4-SPEED COLUMN SHIFT");
INSERT INTO COMPLECTATION_OPTIONS(COMPLECTATION_ID, OPTION_MNEMONIC, OPTION_LABEL) VALUES (967, "RCB", "REGULAR CAB");
INSERT INTO COMPLECTATION_OPTIONS(COMPLECTATION_ID, OPTION_MNEMONIC, OPTION_LABEL) VALUES (967, "ST", "SINGLE TIRE");
INSERT INTO COMPLECTATION_OPTIONS(COMPLECTATION_ID, OPTION_MNEMONIC, OPTION_LABEL) VALUES (967, "10T", "1.0TONS");
INSERT INTO COMPLECTATION_OPTIONS(COMPLECTATION_ID, OPTION_MNEMONIC, OPTION_LABEL) VALUES (967, "EFI", "ELECTRIC FUEL INJECTION SYSTEM");
INSERT INTO COMPLECTATION_OPTIONS(COMPLECTATION_ID, OPTION_MNEMONIC, OPTION_LABEL) VALUES (967, "USA", "UNITED STATES OF AMERICA");
INSERT INTO COMPLECTATION_OPTIONS(COMPLECTATION_ID, OPTION_MNEMONIC, OPTION_LABEL) VALUES (967, "IV3", "INCOMPLETE VEHICLES (CAB & CHASSIS)");
INSERT INTO COMPLECTATION_OPTIONS(COMPLECTATION_ID, OPTION_MNEMONIC, OPTION_LABEL) VALUES (967, "T1", "TRUCK(STANDARD DECK 1-SIDE OPEN)");
INSERT INTO COMPLECTATION_OPTIONS(COMPLECTATION_ID, OPTION_MNEMONIC, OPTION_LABEL) VALUES (967, "JPP", "JAPAN PRODUCT PARTS");
INSERT INTO COMPLECTATION(ID, FRAME_ID, NAME, URL, ENGINE_MNEMONIC, ENGINE_LABEL, PRODUCTION_PERIOD, BODY_MNEMONIC, BODY_LABEL, GRADE_MNEMONIC, GRADE_LABEL, TRANSMISSION_MNEMONIC, TRANSMISSION_LABEL) VALUES (968, 123, "VZN85L-TRMDEA", "https://toyota-usa.epc-data.com/4runner/vzn85l/3192/", "3VZE", "3000CC EFI", "08.1988 - 08.1990", "", "", "DLX", "DELUXE TYPE", "MTM", "MANUAL TRANSMISSION");
INSERT INTO COMPLECTATION_OPTIONS(COMPLECTATION_ID, OPTION_MNEMONIC, OPTION_LABEL) VALUES (968, "5F", "MTM,5-SPEED FLOOR SHIFT");
INSERT INTO COMPLECTATION_OPTIONS(COMPLECTATION_ID, OPTION_MNEMONIC, OPTION_LABEL) VALUES (968, "RCB", "REGULAR CAB");
INSERT INTO COMPLECTATION_OPTIONS(COMPLECTATION_ID, OPTION_MNEMONIC, OPTION_LABEL) VALUES (968, "ST", "SINGLE TIRE");
INSERT INTO COMPLECTATION_OPTIONS(COMPLECTATION_ID, OPTION_MNEMONIC, OPTION_LABEL) VALUES (968, "HLF", "0.5TONS");
INSERT INTO COMPLECTATION_OPTIONS(COMPLECTATION_ID, OPTION_MNEMONIC, OPTION_LABEL) VALUES (968, "R", "R TYPE TRANSMISSION");
INSERT INTO COMPLECTATION_OPTIONS(COMPLECTATION_ID, OPTION_MNEMONIC, OPTION_LABEL) VALUES (968, "EFI", "ELECTRIC FUEL INJECTION SYSTEM");
INSERT INTO COMPLECTATION_OPTIONS(COMPLECTATION_ID, OPTION_MNEMONIC, OPTION_LABEL) VALUES (968, "USA", "UNITED STATES OF AMERICA");
INSERT INTO COMPLECTATION_OPTIONS(COMPLECTATION_ID, OPTION_MNEMONIC, OPTION_LABEL) VALUES (968, "CBU", "COMPLETELY BUILT UNIT");
INSERT INTO COMPLECTATION_OPTIONS(COMPLECTATION_ID, OPTION_MNEMONIC, OPTION_LABEL) VALUES (968, "T1", "TRUCK(STANDARD DECK 1-SIDE OPEN)");
INSERT INTO COMPLECTATION_OPTIONS(COMPLECTATION_ID, OPTION_MNEMONIC, OPTION_LABEL) VALUES (968, "JPP", "JAPAN PRODUCT PARTS");
INSERT INTO COMPLECTATION(ID, FRAME_ID, NAME, URL, ENGINE_MNEMONIC, ENGINE_LABEL, PRODUCTION_PERIOD, BODY_MNEMONIC, BODY_LABEL, GRADE_MNEMONIC, GRADE_LABEL, TRANSMISSION_MNEMONIC, TRANSMISSION_LABEL) VALUES (969, 123, "VZN85L-TRMDEA3", "https://toyota-usa.epc-data.com/4runner/vzn85l/3193/", "3VZE", "3000CC EFI", "08.1988 - 08.1989", "", "", "DLX", "DELUXE TYPE", "MTM", "MANUAL TRANSMISSION");
INSERT INTO COMPLECTATION_OPTIONS(COMPLECTATION_ID, OPTION_MNEMONIC, OPTION_LABEL) VALUES (969, "5F", "MTM,5-SPEED FLOOR SHIFT");
INSERT INTO COMPLECTATION_OPTIONS(COMPLECTATION_ID, OPTION_MNEMONIC, OPTION_LABEL) VALUES (969, "RCB", "REGULAR CAB");
INSERT INTO COMPLECTATION_OPTIONS(COMPLECTATION_ID, OPTION_MNEMONIC, OPTION_LABEL) VALUES (969, "ST", "SINGLE TIRE");
INSERT INTO COMPLECTATION_OPTIONS(COMPLECTATION_ID, OPTION_MNEMONIC, OPTION_LABEL) VALUES (969, "HLF", "0.5TONS");
INSERT INTO COMPLECTATION_OPTIONS(COMPLECTATION_ID, OPTION_MNEMONIC, OPTION_LABEL) VALUES (969, "R", "R TYPE TRANSMISSION");
INSERT INTO COMPLECTATION_OPTIONS(COMPLECTATION_ID, OPTION_MNEMONIC, OPTION_LABEL) VALUES (969, "EFI", "ELECTRIC FUEL INJECTION SYSTEM");
INSERT INTO COMPLECTATION_OPTIONS(COMPLECTATION_ID, OPTION_MNEMONIC, OPTION_LABEL) VALUES (969, "USA", "UNITED STATES OF AMERICA");
INSERT INTO COMPLECTATION_OPTIONS(COMPLECTATION_ID, OPTION_MNEMONIC, OPTION_LABEL) VALUES (969, "IV3", "INCOMPLETE VEHICLES (CAB & CHASSIS)");
INSERT INTO COMPLECTATION_OPTIONS(COMPLECTATION_ID, OPTION_MNEMONIC, OPTION_LABEL) VALUES (969, "T1", "TRUCK(STANDARD DECK 1-SIDE OPEN)");
INSERT INTO COMPLECTATION_OPTIONS(COMPLECTATION_ID, OPTION_MNEMONIC, OPTION_LABEL) VALUES (969, "JPP", "JAPAN PRODUCT PARTS");
INSERT INTO COMPLECTATION(ID, FRAME_ID, NAME, URL, ENGINE_MNEMONIC, ENGINE_LABEL, PRODUCTION_PERIOD, BODY_MNEMONIC, BODY_LABEL, GRADE_MNEMONIC, GRADE_LABEL, TRANSMISSION_MNEMONIC, TRANSMISSION_LABEL) VALUES (970, 123, "VZN85L-TRMDEK", "https://toyota-usa.epc-data.com/4runner/vzn85l/3194/", "3VZE", "3000CC EFI", "08.1988 - 08.1990", "", "", "DLX", "DELUXE TYPE", "MTM", "MANUAL TRANSMISSION");
INSERT INTO COMPLECTATION_OPTIONS(COMPLECTATION_ID, OPTION_MNEMONIC, OPTION_LABEL) VALUES (970, "5F", "MTM,5-SPEED FLOOR SHIFT");
INSERT INTO COMPLECTATION_OPTIONS(COMPLECTATION_ID, OPTION_MNEMONIC, OPTION_LABEL) VALUES (970, "RCB", "REGULAR CAB");
INSERT INTO COMPLECTATION_OPTIONS(COMPLECTATION_ID, OPTION_MNEMONIC, OPTION_LABEL) VALUES (970, "ST", "SINGLE TIRE");
INSERT INTO COMPLECTATION_OPTIONS(COMPLECTATION_ID, OPTION_MNEMONIC, OPTION_LABEL) VALUES (970, "HLF", "0.5TONS");
INSERT INTO COMPLECTATION_OPTIONS(COMPLECTATION_ID, OPTION_MNEMONIC, OPTION_LABEL) VALUES (970, "R", "R TYPE TRANSMISSION");
INSERT INTO COMPLECTATION_OPTIONS(COMPLECTATION_ID, OPTION_MNEMONIC, OPTION_LABEL) VALUES (970, "EFI", "ELECTRIC FUEL INJECTION SYSTEM");
INSERT INTO COMPLECTATION_OPTIONS(COMPLECTATION_ID, OPTION_MNEMONIC, OPTION_LABEL) VALUES (970, "CND", "CANADA");
INSERT INTO COMPLECTATION_OPTIONS(COMPLECTATION_ID, OPTION_MNEMONIC, OPTION_LABEL) VALUES (970, "CBU", "COMPLETELY BUILT UNIT");
INSERT INTO COMPLECTATION_OPTIONS(COMPLECTATION_ID, OPTION_MNEMONIC, OPTION_LABEL) VALUES (970, "T1", "TRUCK(STANDARD DECK 1-SIDE OPEN)");
INSERT INTO COMPLECTATION_OPTIONS(COMPLECTATION_ID, OPTION_MNEMONIC, OPTION_LABEL) VALUES (970, "JPP", "JAPAN PRODUCT PARTS");
INSERT INTO COMPLECTATION(ID, FRAME_ID, NAME, URL, ENGINE_MNEMONIC, ENGINE_LABEL, PRODUCTION_PERIOD, BODY_MNEMONIC, BODY_LABEL, GRADE_MNEMONIC, GRADE_LABEL, TRANSMISSION_MNEMONIC, TRANSMISSION_LABEL) VALUES (971, 123, "VZN85L-TRMREA6", "https://toyota-usa.epc-data.com/4runner/vzn85l/3213/", "3VZE", "3000CC EFI", "08.1988 - 08.1990", "", "", "STD", "STANDARD TYPE", "MTM", "MANUAL TRANSMISSION");
INSERT INTO COMPLECTATION_OPTIONS(COMPLECTATION_ID, OPTION_MNEMONIC, OPTION_LABEL) VALUES (971, "5F", "MTM,5-SPEED FLOOR SHIFT");
INSERT INTO COMPLECTATION_OPTIONS(COMPLECTATION_ID, OPTION_MNEMONIC, OPTION_LABEL) VALUES (971, "RCB", "REGULAR CAB");
INSERT INTO COMPLECTATION_OPTIONS(COMPLECTATION_ID, OPTION_MNEMONIC, OPTION_LABEL) VALUES (971, "ST", "SINGLE TIRE");
INSERT INTO COMPLECTATION_OPTIONS(COMPLECTATION_ID, OPTION_MNEMONIC, OPTION_LABEL) VALUES (971, "HLF", "0.5TONS");
INSERT INTO COMPLECTATION_OPTIONS(COMPLECTATION_ID, OPTION_MNEMONIC, OPTION_LABEL) VALUES (971, "R", "R TYPE TRANSMISSION");
INSERT INTO COMPLECTATION_OPTIONS(COMPLECTATION_ID, OPTION_MNEMONIC, OPTION_LABEL) VALUES (971, "EFI", "ELECTRIC FUEL INJECTION SYSTEM");
INSERT INTO COMPLECTATION_OPTIONS(COMPLECTATION_ID, OPTION_MNEMONIC, OPTION_LABEL) VALUES (971, "USA", "UNITED STATES OF AMERICA");
INSERT INTO COMPLECTATION_OPTIONS(COMPLECTATION_ID, OPTION_MNEMONIC, OPTION_LABEL) VALUES (971, "IV6", "INCOMPLETE VEHICLES (CAB & CHASSIS)");
INSERT INTO COMPLECTATION_OPTIONS(COMPLECTATION_ID, OPTION_MNEMONIC, OPTION_LABEL) VALUES (971, "T1", "TRUCK(STANDARD DECK 1-SIDE OPEN)");
INSERT INTO COMPLECTATION_OPTIONS(COMPLECTATION_ID, OPTION_MNEMONIC, OPTION_LABEL) VALUES (971, "JPP", "JAPAN PRODUCT PARTS");
INSERT INTO COMPLECTATION(ID, FRAME_ID, NAME, URL, ENGINE_MNEMONIC, ENGINE_LABEL, PRODUCTION_PERIOD, BODY_MNEMONIC, BODY_LABEL, GRADE_MNEMONIC, GRADE_LABEL, TRANSMISSION_MNEMONIC, TRANSMISSION_LABEL) VALUES (972, 123, "VZN85L-TRSDEA", "https://toyota-usa.epc-data.com/4runner/vzn85l/3195/", "3VZE", "3000CC EFI", "08.1988 - 08.1990", "", "", "DLX", "DELUXE TYPE", "ATM", "AUTOMATIC TRANSMISSION");
INSERT INTO COMPLECTATION_OPTIONS(COMPLECTATION_ID, OPTION_MNEMONIC, OPTION_LABEL) VALUES (972, "4HC", "ATM,4-SPEED COLUMN SHIFT");
INSERT INTO COMPLECTATION_OPTIONS(COMPLECTATION_ID, OPTION_MNEMONIC, OPTION_LABEL) VALUES (972, "RCB", "REGULAR CAB");
INSERT INTO COMPLECTATION_OPTIONS(COMPLECTATION_ID, OPTION_MNEMONIC, OPTION_LABEL) VALUES (972, "ST", "SINGLE TIRE");
INSERT INTO COMPLECTATION_OPTIONS(COMPLECTATION_ID, OPTION_MNEMONIC, OPTION_LABEL) VALUES (972, "HLF", "0.5TONS");
INSERT INTO COMPLECTATION_OPTIONS(COMPLECTATION_ID, OPTION_MNEMONIC, OPTION_LABEL) VALUES (972, "EFI", "ELECTRIC FUEL INJECTION SYSTEM");
INSERT INTO COMPLECTATION_OPTIONS(COMPLECTATION_ID, OPTION_MNEMONIC, OPTION_LABEL) VALUES (972, "USA", "UNITED STATES OF AMERICA");
INSERT INTO COMPLECTATION_OPTIONS(COMPLECTATION_ID, OPTION_MNEMONIC, OPTION_LABEL) VALUES (972, "CBU", "COMPLETELY BUILT UNIT");
INSERT INTO COMPLECTATION_OPTIONS(COMPLECTATION_ID, OPTION_MNEMONIC, OPTION_LABEL) VALUES (972, "T1", "TRUCK(STANDARD DECK 1-SIDE OPEN)");
INSERT INTO COMPLECTATION_OPTIONS(COMPLECTATION_ID, OPTION_MNEMONIC, OPTION_LABEL) VALUES (972, "JPP", "JAPAN PRODUCT PARTS");
INSERT INTO COMPLECTATION(ID, FRAME_ID, NAME, URL, ENGINE_MNEMONIC, ENGINE_LABEL, PRODUCTION_PERIOD, BODY_MNEMONIC, BODY_LABEL, GRADE_MNEMONIC, GRADE_LABEL, TRANSMISSION_MNEMONIC, TRANSMISSION_LABEL) VALUES (973, 123, "VZN85L-TRSDEA3", "https://toyota-usa.epc-data.com/4runner/vzn85l/3196/", "3VZE", "3000CC EFI", "08.1988 - 08.1989", "", "", "DLX", "DELUXE TYPE", "ATM", "AUTOMATIC TRANSMISSION");
INSERT INTO COMPLECTATION_OPTIONS(COMPLECTATION_ID, OPTION_MNEMONIC, OPTION_LABEL) VALUES (973, "4HC", "ATM,4-SPEED COLUMN SHIFT");
INSERT INTO COMPLECTATION_OPTIONS(COMPLECTATION_ID, OPTION_MNEMONIC, OPTION_LABEL) VALUES (973, "RCB", "REGULAR CAB");
INSERT INTO COMPLECTATION_OPTIONS(COMPLECTATION_ID, OPTION_MNEMONIC, OPTION_LABEL) VALUES (973, "ST", "SINGLE TIRE");
INSERT INTO COMPLECTATION_OPTIONS(COMPLECTATION_ID, OPTION_MNEMONIC, OPTION_LABEL) VALUES (973, "HLF", "0.5TONS");
INSERT INTO COMPLECTATION_OPTIONS(COMPLECTATION_ID, OPTION_MNEMONIC, OPTION_LABEL) VALUES (973, "EFI", "ELECTRIC FUEL INJECTION SYSTEM");
INSERT INTO COMPLECTATION_OPTIONS(COMPLECTATION_ID, OPTION_MNEMONIC, OPTION_LABEL) VALUES (973, "USA", "UNITED STATES OF AMERICA");
INSERT INTO COMPLECTATION_OPTIONS(COMPLECTATION_ID, OPTION_MNEMONIC, OPTION_LABEL) VALUES (973, "IV3", "INCOMPLETE VEHICLES (CAB & CHASSIS)");
INSERT INTO COMPLECTATION_OPTIONS(COMPLECTATION_ID, OPTION_MNEMONIC, OPTION_LABEL) VALUES (973, "T1", "TRUCK(STANDARD DECK 1-SIDE OPEN)");
INSERT INTO COMPLECTATION_OPTIONS(COMPLECTATION_ID, OPTION_MNEMONIC, OPTION_LABEL) VALUES (973, "JPP", "JAPAN PRODUCT PARTS");
INSERT INTO COMPLECTATION(ID, FRAME_ID, NAME, URL, ENGINE_MNEMONIC, ENGINE_LABEL, PRODUCTION_PERIOD, BODY_MNEMONIC, BODY_LABEL, GRADE_MNEMONIC, GRADE_LABEL, TRANSMISSION_MNEMONIC, TRANSMISSION_LABEL) VALUES (974, 123, "VZN85L-TRSDEK", "https://toyota-usa.epc-data.com/4runner/vzn85l/3197/", "3VZE", "3000CC EFI", "08.1988 - 08.1990", "", "", "DLX", "DELUXE TYPE", "ATM", "AUTOMATIC TRANSMISSION");
INSERT INTO COMPLECTATION_OPTIONS(COMPLECTATION_ID, OPTION_MNEMONIC, OPTION_LABEL) VALUES (974, "4HC", "ATM,4-SPEED COLUMN SHIFT");
INSERT INTO COMPLECTATION_OPTIONS(COMPLECTATION_ID, OPTION_MNEMONIC, OPTION_LABEL) VALUES (974, "RCB", "REGULAR CAB");
INSERT INTO COMPLECTATION_OPTIONS(COMPLECTATION_ID, OPTION_MNEMONIC, OPTION_LABEL) VALUES (974, "ST", "SINGLE TIRE");
INSERT INTO COMPLECTATION_OPTIONS(COMPLECTATION_ID, OPTION_MNEMONIC, OPTION_LABEL) VALUES (974, "HLF", "0.5TONS");
INSERT INTO COMPLECTATION_OPTIONS(COMPLECTATION_ID, OPTION_MNEMONIC, OPTION_LABEL) VALUES (974, "EFI", "ELECTRIC FUEL INJECTION SYSTEM");
INSERT INTO COMPLECTATION_OPTIONS(COMPLECTATION_ID, OPTION_MNEMONIC, OPTION_LABEL) VALUES (974, "CND", "CANADA");
INSERT INTO COMPLECTATION_OPTIONS(COMPLECTATION_ID, OPTION_MNEMONIC, OPTION_LABEL) VALUES (974, "CBU", "COMPLETELY BUILT UNIT");
INSERT INTO COMPLECTATION_OPTIONS(COMPLECTATION_ID, OPTION_MNEMONIC, OPTION_LABEL) VALUES (974, "T1", "TRUCK(STANDARD DECK 1-SIDE OPEN)");
INSERT INTO COMPLECTATION_OPTIONS(COMPLECTATION_ID, OPTION_MNEMONIC, OPTION_LABEL) VALUES (974, "JPP", "JAPAN PRODUCT PARTS");
INSERT INTO COMPLECTATION(ID, FRAME_ID, NAME, URL, ENGINE_MNEMONIC, ENGINE_LABEL, PRODUCTION_PERIOD, BODY_MNEMONIC, BODY_LABEL, GRADE_MNEMONIC, GRADE_LABEL, TRANSMISSION_MNEMONIC, TRANSMISSION_LABEL) VALUES (975, 123, "VZN85L-TRSREA6", "https://toyota-usa.epc-data.com/4runner/vzn85l/3214/", "3VZE", "3000CC EFI", "08.1988 - 08.1990", "", "", "STD", "STANDARD TYPE", "ATM", "AUTOMATIC TRANSMISSION");
INSERT INTO COMPLECTATION_OPTIONS(COMPLECTATION_ID, OPTION_MNEMONIC, OPTION_LABEL) VALUES (975, "4HC", "ATM,4-SPEED COLUMN SHIFT");
INSERT INTO COMPLECTATION_OPTIONS(COMPLECTATION_ID, OPTION_MNEMONIC, OPTION_LABEL) VALUES (975, "RCB", "REGULAR CAB");
INSERT INTO COMPLECTATION_OPTIONS(COMPLECTATION_ID, OPTION_MNEMONIC, OPTION_LABEL) VALUES (975, "ST", "SINGLE TIRE");
INSERT INTO COMPLECTATION_OPTIONS(COMPLECTATION_ID, OPTION_MNEMONIC, OPTION_LABEL) VALUES (975, "HLF", "0.5TONS");
INSERT INTO COMPLECTATION_OPTIONS(COMPLECTATION_ID, OPTION_MNEMONIC, OPTION_LABEL) VALUES (975, "EFI", "ELECTRIC FUEL INJECTION SYSTEM");
INSERT INTO COMPLECTATION_OPTIONS(COMPLECTATION_ID, OPTION_MNEMONIC, OPTION_LABEL) VALUES (975, "USA", "UNITED STATES OF AMERICA");
INSERT INTO COMPLECTATION_OPTIONS(COMPLECTATION_ID, OPTION_MNEMONIC, OPTION_LABEL) VALUES (975, "IV6", "INCOMPLETE VEHICLES (CAB & CHASSIS)");
INSERT INTO COMPLECTATION_OPTIONS(COMPLECTATION_ID, OPTION_MNEMONIC, OPTION_LABEL) VALUES (975, "T1", "TRUCK(STANDARD DECK 1-SIDE OPEN)");
INSERT INTO COMPLECTATION_OPTIONS(COMPLECTATION_ID, OPTION_MNEMONIC, OPTION_LABEL) VALUES (975, "JPP", "JAPAN PRODUCT PARTS");
INSERT INTO COMPLECTATION(ID, FRAME_ID, NAME, URL, ENGINE_MNEMONIC, ENGINE_LABEL, PRODUCTION_PERIOD, BODY_MNEMONIC, BODY_LABEL, GRADE_MNEMONIC, GRADE_LABEL, TRANSMISSION_MNEMONIC, TRANSMISSION_LABEL) VALUES (976, 123, "VZN85L-TWMREA6", "https://toyota-usa.epc-data.com/4runner/vzn85l/3215/", "3VZE", "3000CC EFI", "08.1988 - 08.1993", "", "", "STD", "STANDARD TYPE", "MTM", "MANUAL TRANSMISSION");
INSERT INTO COMPLECTATION_OPTIONS(COMPLECTATION_ID, OPTION_MNEMONIC, OPTION_LABEL) VALUES (976, "5F", "MTM,5-SPEED FLOOR SHIFT");
INSERT INTO COMPLECTATION_OPTIONS(COMPLECTATION_ID, OPTION_MNEMONIC, OPTION_LABEL) VALUES (976, "RCB", "REGULAR CAB");
INSERT INTO COMPLECTATION_OPTIONS(COMPLECTATION_ID, OPTION_MNEMONIC, OPTION_LABEL) VALUES (976, "WT", "DOUBLE TIRE");
INSERT INTO COMPLECTATION_OPTIONS(COMPLECTATION_ID, OPTION_MNEMONIC, OPTION_LABEL) VALUES (976, "HLF", "0.5TONS");
INSERT INTO COMPLECTATION_OPTIONS(COMPLECTATION_ID, OPTION_MNEMONIC, OPTION_LABEL) VALUES (976, "R", "R TYPE TRANSMISSION");
INSERT INTO COMPLECTATION_OPTIONS(COMPLECTATION_ID, OPTION_MNEMONIC, OPTION_LABEL) VALUES (976, "EFI", "ELECTRIC FUEL INJECTION SYSTEM");
INSERT INTO COMPLECTATION_OPTIONS(COMPLECTATION_ID, OPTION_MNEMONIC, OPTION_LABEL) VALUES (976, "USA", "UNITED STATES OF AMERICA");
INSERT INTO COMPLECTATION_OPTIONS(COMPLECTATION_ID, OPTION_MNEMONIC, OPTION_LABEL) VALUES (976, "IV6", "INCOMPLETE VEHICLES (CAB & CHASSIS)");
INSERT INTO COMPLECTATION_OPTIONS(COMPLECTATION_ID, OPTION_MNEMONIC, OPTION_LABEL) VALUES (976, "T1", "TRUCK(STANDARD DECK 1-SIDE OPEN)");
INSERT INTO COMPLECTATION_OPTIONS(COMPLECTATION_ID, OPTION_MNEMONIC, OPTION_LABEL) VALUES (976, "JPP", "JAPAN PRODUCT PARTS");
INSERT INTO COMPLECTATION(ID, FRAME_ID, NAME, URL, ENGINE_MNEMONIC, ENGINE_LABEL, PRODUCTION_PERIOD, BODY_MNEMONIC, BODY_LABEL, GRADE_MNEMONIC, GRADE_LABEL, TRANSMISSION_MNEMONIC, TRANSMISSION_LABEL) VALUES (977, 123, "VZN85L-TWSREA6", "https://toyota-usa.epc-data.com/4runner/vzn85l/3216/", "3VZE", "3000CC EFI", "08.1988 - 08.1993", "", "", "STD", "STANDARD TYPE", "ATM", "AUTOMATIC TRANSMISSION");
INSERT INTO COMPLECTATION_OPTIONS(COMPLECTATION_ID, OPTION_MNEMONIC, OPTION_LABEL) VALUES (977, "4HC", "ATM,4-SPEED COLUMN SHIFT");
INSERT INTO COMPLECTATION_OPTIONS(COMPLECTATION_ID, OPTION_MNEMONIC, OPTION_LABEL) VALUES (977, "RCB", "REGULAR CAB");
INSERT INTO COMPLECTATION_OPTIONS(COMPLECTATION_ID, OPTION_MNEMONIC, OPTION_LABEL) VALUES (977, "WT", "DOUBLE TIRE");
INSERT INTO COMPLECTATION_OPTIONS(COMPLECTATION_ID, OPTION_MNEMONIC, OPTION_LABEL) VALUES (977, "HLF", "0.5TONS");
INSERT INTO COMPLECTATION_OPTIONS(COMPLECTATION_ID, OPTION_MNEMONIC, OPTION_LABEL) VALUES (977, "EFI", "ELECTRIC FUEL INJECTION SYSTEM");
INSERT INTO COMPLECTATION_OPTIONS(COMPLECTATION_ID, OPTION_MNEMONIC, OPTION_LABEL) VALUES (977, "USA", "UNITED STATES OF AMERICA");
INSERT INTO COMPLECTATION_OPTIONS(COMPLECTATION_ID, OPTION_MNEMONIC, OPTION_LABEL) VALUES (977, "IV6", "INCOMPLETE VEHICLES (CAB & CHASSIS)");
INSERT INTO COMPLECTATION_OPTIONS(COMPLECTATION_ID, OPTION_MNEMONIC, OPTION_LABEL) VALUES (977, "T1", "TRUCK(STANDARD DECK 1-SIDE OPEN)");
INSERT INTO COMPLECTATION_OPTIONS(COMPLECTATION_ID, OPTION_MNEMONIC, OPTION_LABEL) VALUES (977, "JPP", "JAPAN PRODUCT PARTS");
INSERT INTO FRAME(ID, MODEL_ID, NAME, URL) VALUES (124, 10, "VZN90L", "https://toyota-usa.epc-data.com/4runner/vzn90l");
INSERT INTO COMPLECTATION(ID, FRAME_ID, NAME, URL, ENGINE_MNEMONIC, ENGINE_LABEL, PRODUCTION_PERIOD, BODY_MNEMONIC, BODY_LABEL, GRADE_MNEMONIC, GRADE_LABEL, TRANSMISSION_MNEMONIC, TRANSMISSION_LABEL) VALUES (978, 124, "VZN90L-CRMDEA", "https://toyota-usa.epc-data.com/4runner/vzn90l/3202/", "3VZE", "3000CC EFI", "08.1988 - 01.1995", "", "", "DLX", "DELUXE TYPE", "MTM", "MANUAL TRANSMISSION");
INSERT INTO COMPLECTATION_OPTIONS(COMPLECTATION_ID, OPTION_MNEMONIC, OPTION_LABEL) VALUES (978, "5F", "MTM,5-SPEED FLOOR SHIFT");
INSERT INTO COMPLECTATION_OPTIONS(COMPLECTATION_ID, OPTION_MNEMONIC, OPTION_LABEL) VALUES (978, "XTR", "EXTRA CAB");
INSERT INTO COMPLECTATION_OPTIONS(COMPLECTATION_ID, OPTION_MNEMONIC, OPTION_LABEL) VALUES (978, "ST", "SINGLE TIRE");
INSERT INTO COMPLECTATION_OPTIONS(COMPLECTATION_ID, OPTION_MNEMONIC, OPTION_LABEL) VALUES (978, "HLF", "0.5TONS");
INSERT INTO COMPLECTATION_OPTIONS(COMPLECTATION_ID, OPTION_MNEMONIC, OPTION_LABEL) VALUES (978, "R", "R TYPE TRANSMISSION");
INSERT INTO COMPLECTATION_OPTIONS(COMPLECTATION_ID, OPTION_MNEMONIC, OPTION_LABEL) VALUES (978, "EFI", "ELECTRIC FUEL INJECTION SYSTEM");
INSERT INTO COMPLECTATION_OPTIONS(COMPLECTATION_ID, OPTION_MNEMONIC, OPTION_LABEL) VALUES (978, "USA", "UNITED STATES OF AMERICA");
INSERT INTO COMPLECTATION_OPTIONS(COMPLECTATION_ID, OPTION_MNEMONIC, OPTION_LABEL) VALUES (978, "CBU", "COMPLETELY BUILT UNIT");
INSERT INTO COMPLECTATION_OPTIONS(COMPLECTATION_ID, OPTION_MNEMONIC, OPTION_LABEL) VALUES (978, "T1", "TRUCK(STANDARD DECK 1-SIDE OPEN)");
INSERT INTO COMPLECTATION_OPTIONS(COMPLECTATION_ID, OPTION_MNEMONIC, OPTION_LABEL) VALUES (978, "JPP", "JAPAN PRODUCT PARTS");
INSERT INTO COMPLECTATION(ID, FRAME_ID, NAME, URL, ENGINE_MNEMONIC, ENGINE_LABEL, PRODUCTION_PERIOD, BODY_MNEMONIC, BODY_LABEL, GRADE_MNEMONIC, GRADE_LABEL, TRANSMISSION_MNEMONIC, TRANSMISSION_LABEL) VALUES (979, 124, "VZN90L-CRMDEA3", "https://toyota-usa.epc-data.com/4runner/vzn90l/3203/", "3VZE", "3000CC EFI", "08.1988 - 08.1989", "", "", "DLX", "DELUXE TYPE", "MTM", "MANUAL TRANSMISSION");
INSERT INTO COMPLECTATION_OPTIONS(COMPLECTATION_ID, OPTION_MNEMONIC, OPTION_LABEL) VALUES (979, "5F", "MTM,5-SPEED FLOOR SHIFT");
INSERT INTO COMPLECTATION_OPTIONS(COMPLECTATION_ID, OPTION_MNEMONIC, OPTION_LABEL) VALUES (979, "XTR", "EXTRA CAB");
INSERT INTO COMPLECTATION_OPTIONS(COMPLECTATION_ID, OPTION_MNEMONIC, OPTION_LABEL) VALUES (979, "ST", "SINGLE TIRE");
INSERT INTO COMPLECTATION_OPTIONS(COMPLECTATION_ID, OPTION_MNEMONIC, OPTION_LABEL) VALUES (979, "HLF", "0.5TONS");
INSERT INTO COMPLECTATION_OPTIONS(COMPLECTATION_ID, OPTION_MNEMONIC, OPTION_LABEL) VALUES (979, "R", "R TYPE TRANSMISSION");
INSERT INTO COMPLECTATION_OPTIONS(COMPLECTATION_ID, OPTION_MNEMONIC, OPTION_LABEL) VALUES (979, "EFI", "ELECTRIC FUEL INJECTION SYSTEM");
INSERT INTO COMPLECTATION_OPTIONS(COMPLECTATION_ID, OPTION_MNEMONIC, OPTION_LABEL) VALUES (979, "USA", "UNITED STATES OF AMERICA");
INSERT INTO COMPLECTATION_OPTIONS(COMPLECTATION_ID, OPTION_MNEMONIC, OPTION_LABEL) VALUES (979, "IV3", "INCOMPLETE VEHICLES (CAB & CHASSIS)");
INSERT INTO COMPLECTATION_OPTIONS(COMPLECTATION_ID, OPTION_MNEMONIC, OPTION_LABEL) VALUES (979, "T1", "TRUCK(STANDARD DECK 1-SIDE OPEN)");
INSERT INTO COMPLECTATION_OPTIONS(COMPLECTATION_ID, OPTION_MNEMONIC, OPTION_LABEL) VALUES (979, "JPP", "JAPAN PRODUCT PARTS");
INSERT INTO COMPLECTATION(ID, FRAME_ID, NAME, URL, ENGINE_MNEMONIC, ENGINE_LABEL, PRODUCTION_PERIOD, BODY_MNEMONIC, BODY_LABEL, GRADE_MNEMONIC, GRADE_LABEL, TRANSMISSION_MNEMONIC, TRANSMISSION_LABEL) VALUES (980, 124, "VZN90L-CRMDEK", "https://toyota-usa.epc-data.com/4runner/vzn90l/3204/", "3VZE", "3000CC EFI", "08.1988 - 01.1995", "", "", "DLX", "DELUXE TYPE", "MTM", "MANUAL TRANSMISSION");
INSERT INTO COMPLECTATION_OPTIONS(COMPLECTATION_ID, OPTION_MNEMONIC, OPTION_LABEL) VALUES (980, "5F", "MTM,5-SPEED FLOOR SHIFT");
INSERT INTO COMPLECTATION_OPTIONS(COMPLECTATION_ID, OPTION_MNEMONIC, OPTION_LABEL) VALUES (980, "XTR", "EXTRA CAB");
INSERT INTO COMPLECTATION_OPTIONS(COMPLECTATION_ID, OPTION_MNEMONIC, OPTION_LABEL) VALUES (980, "ST", "SINGLE TIRE");
INSERT INTO COMPLECTATION_OPTIONS(COMPLECTATION_ID, OPTION_MNEMONIC, OPTION_LABEL) VALUES (980, "HLF", "0.5TONS");
INSERT INTO COMPLECTATION_OPTIONS(COMPLECTATION_ID, OPTION_MNEMONIC, OPTION_LABEL) VALUES (980, "R", "R TYPE TRANSMISSION");
INSERT INTO COMPLECTATION_OPTIONS(COMPLECTATION_ID, OPTION_MNEMONIC, OPTION_LABEL) VALUES (980, "EFI", "ELECTRIC FUEL INJECTION SYSTEM");
INSERT INTO COMPLECTATION_OPTIONS(COMPLECTATION_ID, OPTION_MNEMONIC, OPTION_LABEL) VALUES (980, "CND", "CANADA");
INSERT INTO COMPLECTATION_OPTIONS(COMPLECTATION_ID, OPTION_MNEMONIC, OPTION_LABEL) VALUES (980, "CBU", "COMPLETELY BUILT UNIT");
INSERT INTO COMPLECTATION_OPTIONS(COMPLECTATION_ID, OPTION_MNEMONIC, OPTION_LABEL) VALUES (980, "T1", "TRUCK(STANDARD DECK 1-SIDE OPEN)");
INSERT INTO COMPLECTATION_OPTIONS(COMPLECTATION_ID, OPTION_MNEMONIC, OPTION_LABEL) VALUES (980, "JPP", "JAPAN PRODUCT PARTS");
INSERT INTO COMPLECTATION(ID, FRAME_ID, NAME, URL, ENGINE_MNEMONIC, ENGINE_LABEL, PRODUCTION_PERIOD, BODY_MNEMONIC, BODY_LABEL, GRADE_MNEMONIC, GRADE_LABEL, TRANSMISSION_MNEMONIC, TRANSMISSION_LABEL) VALUES (981, 124, "VZN90L-CRMGEA", "https://toyota-usa.epc-data.com/4runner/vzn90l/3208/", "3VZE", "3000CC EFI", "08.1988 - 01.1995", "", "", "SR5", "SR-5 TYPE", "MTM", "MANUAL TRANSMISSION");
INSERT INTO COMPLECTATION_OPTIONS(COMPLECTATION_ID, OPTION_MNEMONIC, OPTION_LABEL) VALUES (981, "5F", "MTM,5-SPEED FLOOR SHIFT");
INSERT INTO COMPLECTATION_OPTIONS(COMPLECTATION_ID, OPTION_MNEMONIC, OPTION_LABEL) VALUES (981, "XTR", "EXTRA CAB");
INSERT INTO COMPLECTATION_OPTIONS(COMPLECTATION_ID, OPTION_MNEMONIC, OPTION_LABEL) VALUES (981, "ST", "SINGLE TIRE");
INSERT INTO COMPLECTATION_OPTIONS(COMPLECTATION_ID, OPTION_MNEMONIC, OPTION_LABEL) VALUES (981, "HLF", "0.5TONS");
INSERT INTO COMPLECTATION_OPTIONS(COMPLECTATION_ID, OPTION_MNEMONIC, OPTION_LABEL) VALUES (981, "R", "R TYPE TRANSMISSION");
INSERT INTO COMPLECTATION_OPTIONS(COMPLECTATION_ID, OPTION_MNEMONIC, OPTION_LABEL) VALUES (981, "EFI", "ELECTRIC FUEL INJECTION SYSTEM");
INSERT INTO COMPLECTATION_OPTIONS(COMPLECTATION_ID, OPTION_MNEMONIC, OPTION_LABEL) VALUES (981, "USA", "UNITED STATES OF AMERICA");
INSERT INTO COMPLECTATION_OPTIONS(COMPLECTATION_ID, OPTION_MNEMONIC, OPTION_LABEL) VALUES (981, "CBU", "COMPLETELY BUILT UNIT");
INSERT INTO COMPLECTATION_OPTIONS(COMPLECTATION_ID, OPTION_MNEMONIC, OPTION_LABEL) VALUES (981, "T1", "TRUCK(STANDARD DECK 1-SIDE OPEN)");
INSERT INTO COMPLECTATION_OPTIONS(COMPLECTATION_ID, OPTION_MNEMONIC, OPTION_LABEL) VALUES (981, "JPP", "JAPAN PRODUCT PARTS");
INSERT INTO COMPLECTATION(ID, FRAME_ID, NAME, URL, ENGINE_MNEMONIC, ENGINE_LABEL, PRODUCTION_PERIOD, BODY_MNEMONIC, BODY_LABEL, GRADE_MNEMONIC, GRADE_LABEL, TRANSMISSION_MNEMONIC, TRANSMISSION_LABEL) VALUES (982, 124, "VZN90L-CRMGEA3", "https://toyota-usa.epc-data.com/4runner/vzn90l/3209/", "3VZE", "3000CC EFI", "08.1988 - 08.1989", "", "", "SR5", "SR-5 TYPE", "MTM", "MANUAL TRANSMISSION");
INSERT INTO COMPLECTATION_OPTIONS(COMPLECTATION_ID, OPTION_MNEMONIC, OPTION_LABEL) VALUES (982, "5F", "MTM,5-SPEED FLOOR SHIFT");
INSERT INTO COMPLECTATION_OPTIONS(COMPLECTATION_ID, OPTION_MNEMONIC, OPTION_LABEL) VALUES (982, "XTR", "EXTRA CAB");
INSERT INTO COMPLECTATION_OPTIONS(COMPLECTATION_ID, OPTION_MNEMONIC, OPTION_LABEL) VALUES (982, "ST", "SINGLE TIRE");
INSERT INTO COMPLECTATION_OPTIONS(COMPLECTATION_ID, OPTION_MNEMONIC, OPTION_LABEL) VALUES (982, "HLF", "0.5TONS");
INSERT INTO COMPLECTATION_OPTIONS(COMPLECTATION_ID, OPTION_MNEMONIC, OPTION_LABEL) VALUES (982, "R", "R TYPE TRANSMISSION");
INSERT INTO COMPLECTATION_OPTIONS(COMPLECTATION_ID, OPTION_MNEMONIC, OPTION_LABEL) VALUES (982, "EFI", "ELECTRIC FUEL INJECTION SYSTEM");
INSERT INTO COMPLECTATION_OPTIONS(COMPLECTATION_ID, OPTION_MNEMONIC, OPTION_LABEL) VALUES (982, "USA", "UNITED STATES OF AMERICA");
INSERT INTO COMPLECTATION_OPTIONS(COMPLECTATION_ID, OPTION_MNEMONIC, OPTION_LABEL) VALUES (982, "IV3", "INCOMPLETE VEHICLES (CAB & CHASSIS)");
INSERT INTO COMPLECTATION_OPTIONS(COMPLECTATION_ID, OPTION_MNEMONIC, OPTION_LABEL) VALUES (982, "T1", "TRUCK(STANDARD DECK 1-SIDE OPEN)");
INSERT INTO COMPLECTATION_OPTIONS(COMPLECTATION_ID, OPTION_MNEMONIC, OPTION_LABEL) VALUES (982, "JPP", "JAPAN PRODUCT PARTS");
INSERT INTO COMPLECTATION(ID, FRAME_ID, NAME, URL, ENGINE_MNEMONIC, ENGINE_LABEL, PRODUCTION_PERIOD, BODY_MNEMONIC, BODY_LABEL, GRADE_MNEMONIC, GRADE_LABEL, TRANSMISSION_MNEMONIC, TRANSMISSION_LABEL) VALUES (983, 124, "VZN90L-CRMGEK", "https://toyota-usa.epc-data.com/4runner/vzn90l/3210/", "3VZE", "3000CC EFI", "08.1988 - 08.1991", "", "", "SR5", "SR-5 TYPE", "MTM", "MANUAL TRANSMISSION");
INSERT INTO COMPLECTATION_OPTIONS(COMPLECTATION_ID, OPTION_MNEMONIC, OPTION_LABEL) VALUES (983, "5F", "MTM,5-SPEED FLOOR SHIFT");
INSERT INTO COMPLECTATION_OPTIONS(COMPLECTATION_ID, OPTION_MNEMONIC, OPTION_LABEL) VALUES (983, "XTR", "EXTRA CAB");
INSERT INTO COMPLECTATION_OPTIONS(COMPLECTATION_ID, OPTION_MNEMONIC, OPTION_LABEL) VALUES (983, "ST", "SINGLE TIRE");
INSERT INTO COMPLECTATION_OPTIONS(COMPLECTATION_ID, OPTION_MNEMONIC, OPTION_LABEL) VALUES (983, "HLF", "0.5TONS");
INSERT INTO COMPLECTATION_OPTIONS(COMPLECTATION_ID, OPTION_MNEMONIC, OPTION_LABEL) VALUES (983, "R", "R TYPE TRANSMISSION");
INSERT INTO COMPLECTATION_OPTIONS(COMPLECTATION_ID, OPTION_MNEMONIC, OPTION_LABEL) VALUES (983, "EFI", "ELECTRIC FUEL INJECTION SYSTEM");
INSERT INTO COMPLECTATION_OPTIONS(COMPLECTATION_ID, OPTION_MNEMONIC, OPTION_LABEL) VALUES (983, "CND", "CANADA");
INSERT INTO COMPLECTATION_OPTIONS(COMPLECTATION_ID, OPTION_MNEMONIC, OPTION_LABEL) VALUES (983, "CBU", "COMPLETELY BUILT UNIT");
INSERT INTO COMPLECTATION_OPTIONS(COMPLECTATION_ID, OPTION_MNEMONIC, OPTION_LABEL) VALUES (983, "T1", "TRUCK(STANDARD DECK 1-SIDE OPEN)");
INSERT INTO COMPLECTATION_OPTIONS(COMPLECTATION_ID, OPTION_MNEMONIC, OPTION_LABEL) VALUES (983, "JPP", "JAPAN PRODUCT PARTS");
INSERT INTO COMPLECTATION(ID, FRAME_ID, NAME, URL, ENGINE_MNEMONIC, ENGINE_LABEL, PRODUCTION_PERIOD, BODY_MNEMONIC, BODY_LABEL, GRADE_MNEMONIC, GRADE_LABEL, TRANSMISSION_MNEMONIC, TRANSMISSION_LABEL) VALUES (984, 124, "VZN90L-CRPGEA", "https://toyota-usa.epc-data.com/4runner/vzn90l/3211/", "3VZE", "3000CC EFI", "08.1988 - 01.1995", "", "", "SR5", "SR-5 TYPE", "ATM", "AUTOMATIC TRANSMISSION");
INSERT INTO COMPLECTATION_OPTIONS(COMPLECTATION_ID, OPTION_MNEMONIC, OPTION_LABEL) VALUES (984, "4FC", "ATM,4-SPEED FLOOR SHIFT");
INSERT INTO COMPLECTATION_OPTIONS(COMPLECTATION_ID, OPTION_MNEMONIC, OPTION_LABEL) VALUES (984, "XTR", "EXTRA CAB");
INSERT INTO COMPLECTATION_OPTIONS(COMPLECTATION_ID, OPTION_MNEMONIC, OPTION_LABEL) VALUES (984, "ST", "SINGLE TIRE");
INSERT INTO COMPLECTATION_OPTIONS(COMPLECTATION_ID, OPTION_MNEMONIC, OPTION_LABEL) VALUES (984, "HLF", "0.5TONS");
INSERT INTO COMPLECTATION_OPTIONS(COMPLECTATION_ID, OPTION_MNEMONIC, OPTION_LABEL) VALUES (984, "EFI", "ELECTRIC FUEL INJECTION SYSTEM");
INSERT INTO COMPLECTATION_OPTIONS(COMPLECTATION_ID, OPTION_MNEMONIC, OPTION_LABEL) VALUES (984, "USA", "UNITED STATES OF AMERICA");
INSERT INTO COMPLECTATION_OPTIONS(COMPLECTATION_ID, OPTION_MNEMONIC, OPTION_LABEL) VALUES (984, "CBU", "COMPLETELY BUILT UNIT");
INSERT INTO COMPLECTATION_OPTIONS(COMPLECTATION_ID, OPTION_MNEMONIC, OPTION_LABEL) VALUES (984, "T1", "TRUCK(STANDARD DECK 1-SIDE OPEN)");
INSERT INTO COMPLECTATION_OPTIONS(COMPLECTATION_ID, OPTION_MNEMONIC, OPTION_LABEL) VALUES (984, "JPP", "JAPAN PRODUCT PARTS");
INSERT INTO COMPLECTATION(ID, FRAME_ID, NAME, URL, ENGINE_MNEMONIC, ENGINE_LABEL, PRODUCTION_PERIOD, BODY_MNEMONIC, BODY_LABEL, GRADE_MNEMONIC, GRADE_LABEL, TRANSMISSION_MNEMONIC, TRANSMISSION_LABEL) VALUES (985, 124, "VZN90L-CRPGEA3", "https://toyota-usa.epc-data.com/4runner/vzn90l/3212/", "3VZE", "3000CC EFI", "08.1988 - 08.1989", "", "", "SR5", "SR-5 TYPE", "ATM", "AUTOMATIC TRANSMISSION");
INSERT INTO COMPLECTATION_OPTIONS(COMPLECTATION_ID, OPTION_MNEMONIC, OPTION_LABEL) VALUES (985, "4FC", "ATM,4-SPEED FLOOR SHIFT");
INSERT INTO COMPLECTATION_OPTIONS(COMPLECTATION_ID, OPTION_MNEMONIC, OPTION_LABEL) VALUES (985, "XTR", "EXTRA CAB");
INSERT INTO COMPLECTATION_OPTIONS(COMPLECTATION_ID, OPTION_MNEMONIC, OPTION_LABEL) VALUES (985, "ST", "SINGLE TIRE");
INSERT INTO COMPLECTATION_OPTIONS(COMPLECTATION_ID, OPTION_MNEMONIC, OPTION_LABEL) VALUES (985, "HLF", "0.5TONS");
INSERT INTO COMPLECTATION_OPTIONS(COMPLECTATION_ID, OPTION_MNEMONIC, OPTION_LABEL) VALUES (985, "EFI", "ELECTRIC FUEL INJECTION SYSTEM");
INSERT INTO COMPLECTATION_OPTIONS(COMPLECTATION_ID, OPTION_MNEMONIC, OPTION_LABEL) VALUES (985, "USA", "UNITED STATES OF AMERICA");
INSERT INTO COMPLECTATION_OPTIONS(COMPLECTATION_ID, OPTION_MNEMONIC, OPTION_LABEL) VALUES (985, "IV3", "INCOMPLETE VEHICLES (CAB & CHASSIS)");
INSERT INTO COMPLECTATION_OPTIONS(COMPLECTATION_ID, OPTION_MNEMONIC, OPTION_LABEL) VALUES (985, "T1", "TRUCK(STANDARD DECK 1-SIDE OPEN)");
INSERT INTO COMPLECTATION_OPTIONS(COMPLECTATION_ID, OPTION_MNEMONIC, OPTION_LABEL) VALUES (985, "JPP", "JAPAN PRODUCT PARTS");
INSERT INTO COMPLECTATION(ID, FRAME_ID, NAME, URL, ENGINE_MNEMONIC, ENGINE_LABEL, PRODUCTION_PERIOD, BODY_MNEMONIC, BODY_LABEL, GRADE_MNEMONIC, GRADE_LABEL, TRANSMISSION_MNEMONIC, TRANSMISSION_LABEL) VALUES (986, 124, "VZN90L-CRSDEA", "https://toyota-usa.epc-data.com/4runner/vzn90l/3205/", "3VZE", "3000CC EFI", "08.1988 - 01.1995", "", "", "DLX", "DELUXE TYPE", "ATM", "AUTOMATIC TRANSMISSION");
INSERT INTO COMPLECTATION_OPTIONS(COMPLECTATION_ID, OPTION_MNEMONIC, OPTION_LABEL) VALUES (986, "4HC", "ATM,4-SPEED COLUMN SHIFT");
INSERT INTO COMPLECTATION_OPTIONS(COMPLECTATION_ID, OPTION_MNEMONIC, OPTION_LABEL) VALUES (986, "XTR", "EXTRA CAB");
INSERT INTO COMPLECTATION_OPTIONS(COMPLECTATION_ID, OPTION_MNEMONIC, OPTION_LABEL) VALUES (986, "ST", "SINGLE TIRE");
INSERT INTO COMPLECTATION_OPTIONS(COMPLECTATION_ID, OPTION_MNEMONIC, OPTION_LABEL) VALUES (986, "HLF", "0.5TONS");
INSERT INTO COMPLECTATION_OPTIONS(COMPLECTATION_ID, OPTION_MNEMONIC, OPTION_LABEL) VALUES (986, "EFI", "ELECTRIC FUEL INJECTION SYSTEM");
INSERT INTO COMPLECTATION_OPTIONS(COMPLECTATION_ID, OPTION_MNEMONIC, OPTION_LABEL) VALUES (986, "USA", "UNITED STATES OF AMERICA");
INSERT INTO COMPLECTATION_OPTIONS(COMPLECTATION_ID, OPTION_MNEMONIC, OPTION_LABEL) VALUES (986, "CBU", "COMPLETELY BUILT UNIT");
INSERT INTO COMPLECTATION_OPTIONS(COMPLECTATION_ID, OPTION_MNEMONIC, OPTION_LABEL) VALUES (986, "T1", "TRUCK(STANDARD DECK 1-SIDE OPEN)");
INSERT INTO COMPLECTATION_OPTIONS(COMPLECTATION_ID, OPTION_MNEMONIC, OPTION_LABEL) VALUES (986, "JPP", "JAPAN PRODUCT PARTS");
INSERT INTO COMPLECTATION(ID, FRAME_ID, NAME, URL, ENGINE_MNEMONIC, ENGINE_LABEL, PRODUCTION_PERIOD, BODY_MNEMONIC, BODY_LABEL, GRADE_MNEMONIC, GRADE_LABEL, TRANSMISSION_MNEMONIC, TRANSMISSION_LABEL) VALUES (987, 124, "VZN90L-CRSDEA3", "https://toyota-usa.epc-data.com/4runner/vzn90l/3206/", "3VZE", "3000CC EFI", "08.1988 - 08.1989", "", "", "DLX", "DELUXE TYPE", "ATM", "AUTOMATIC TRANSMISSION");
INSERT INTO COMPLECTATION_OPTIONS(COMPLECTATION_ID, OPTION_MNEMONIC, OPTION_LABEL) VALUES (987, "4HC", "ATM,4-SPEED COLUMN SHIFT");
INSERT INTO COMPLECTATION_OPTIONS(COMPLECTATION_ID, OPTION_MNEMONIC, OPTION_LABEL) VALUES (987, "XTR", "EXTRA CAB");
INSERT INTO COMPLECTATION_OPTIONS(COMPLECTATION_ID, OPTION_MNEMONIC, OPTION_LABEL) VALUES (987, "ST", "SINGLE TIRE");
INSERT INTO COMPLECTATION_OPTIONS(COMPLECTATION_ID, OPTION_MNEMONIC, OPTION_LABEL) VALUES (987, "HLF", "0.5TONS");
INSERT INTO COMPLECTATION_OPTIONS(COMPLECTATION_ID, OPTION_MNEMONIC, OPTION_LABEL) VALUES (987, "EFI", "ELECTRIC FUEL INJECTION SYSTEM");
INSERT INTO COMPLECTATION_OPTIONS(COMPLECTATION_ID, OPTION_MNEMONIC, OPTION_LABEL) VALUES (987, "USA", "UNITED STATES OF AMERICA");
INSERT INTO COMPLECTATION_OPTIONS(COMPLECTATION_ID, OPTION_MNEMONIC, OPTION_LABEL) VALUES (987, "IV3", "INCOMPLETE VEHICLES (CAB & CHASSIS)");
INSERT INTO COMPLECTATION_OPTIONS(COMPLECTATION_ID, OPTION_MNEMONIC, OPTION_LABEL) VALUES (987, "T1", "TRUCK(STANDARD DECK 1-SIDE OPEN)");
INSERT INTO COMPLECTATION_OPTIONS(COMPLECTATION_ID, OPTION_MNEMONIC, OPTION_LABEL) VALUES (987, "JPP", "JAPAN PRODUCT PARTS");
INSERT INTO COMPLECTATION(ID, FRAME_ID, NAME, URL, ENGINE_MNEMONIC, ENGINE_LABEL, PRODUCTION_PERIOD, BODY_MNEMONIC, BODY_LABEL, GRADE_MNEMONIC, GRADE_LABEL, TRANSMISSION_MNEMONIC, TRANSMISSION_LABEL) VALUES (988, 124, "VZN90L-CRSDEK", "https://toyota-usa.epc-data.com/4runner/vzn90l/3207/", "3VZE", "3000CC EFI", "08.1988 - 01.1995", "", "", "DLX", "DELUXE TYPE", "ATM", "AUTOMATIC TRANSMISSION");
INSERT INTO COMPLECTATION_OPTIONS(COMPLECTATION_ID, OPTION_MNEMONIC, OPTION_LABEL) VALUES (988, "4HC", "ATM,4-SPEED COLUMN SHIFT");
INSERT INTO COMPLECTATION_OPTIONS(COMPLECTATION_ID, OPTION_MNEMONIC, OPTION_LABEL) VALUES (988, "XTR", "EXTRA CAB");
INSERT INTO COMPLECTATION_OPTIONS(COMPLECTATION_ID, OPTION_MNEMONIC, OPTION_LABEL) VALUES (988, "ST", "SINGLE TIRE");
INSERT INTO COMPLECTATION_OPTIONS(COMPLECTATION_ID, OPTION_MNEMONIC, OPTION_LABEL) VALUES (988, "HLF", "0.5TONS");
INSERT INTO COMPLECTATION_OPTIONS(COMPLECTATION_ID, OPTION_MNEMONIC, OPTION_LABEL) VALUES (988, "EFI", "ELECTRIC FUEL INJECTION SYSTEM");
INSERT INTO COMPLECTATION_OPTIONS(COMPLECTATION_ID, OPTION_MNEMONIC, OPTION_LABEL) VALUES (988, "CND", "CANADA");
INSERT INTO COMPLECTATION_OPTIONS(COMPLECTATION_ID, OPTION_MNEMONIC, OPTION_LABEL) VALUES (988, "CBU", "COMPLETELY BUILT UNIT");
INSERT INTO COMPLECTATION_OPTIONS(COMPLECTATION_ID, OPTION_MNEMONIC, OPTION_LABEL) VALUES (988, "T1", "TRUCK(STANDARD DECK 1-SIDE OPEN)");
INSERT INTO COMPLECTATION_OPTIONS(COMPLECTATION_ID, OPTION_MNEMONIC, OPTION_LABEL) VALUES (988, "JPP", "JAPAN PRODUCT PARTS");
INSERT INTO FRAME(ID, MODEL_ID, NAME, URL) VALUES (125, 10, "VZN95L", "https://toyota-usa.epc-data.com/4runner/vzn95l");
INSERT INTO COMPLECTATION(ID, FRAME_ID, NAME, URL, ENGINE_MNEMONIC, ENGINE_LABEL, PRODUCTION_PERIOD, BODY_MNEMONIC, BODY_LABEL, GRADE_MNEMONIC, GRADE_LABEL, TRANSMISSION_MNEMONIC, TRANSMISSION_LABEL) VALUES (989, 125, "VZN95L-TWMREA6", "https://toyota-usa.epc-data.com/4runner/vzn95l/3217/", "3VZE", "3000CC EFI", "08.1988 - 08.1993", "", "", "STD", "STANDARD TYPE", "MTM", "MANUAL TRANSMISSION");
INSERT INTO COMPLECTATION_OPTIONS(COMPLECTATION_ID, OPTION_MNEMONIC, OPTION_LABEL) VALUES (989, "5F", "MTM,5-SPEED FLOOR SHIFT");
INSERT INTO COMPLECTATION_OPTIONS(COMPLECTATION_ID, OPTION_MNEMONIC, OPTION_LABEL) VALUES (989, "RCB", "REGULAR CAB");
INSERT INTO COMPLECTATION_OPTIONS(COMPLECTATION_ID, OPTION_MNEMONIC, OPTION_LABEL) VALUES (989, "WT", "DOUBLE TIRE");
INSERT INTO COMPLECTATION_OPTIONS(COMPLECTATION_ID, OPTION_MNEMONIC, OPTION_LABEL) VALUES (989, "HLF", "0.5TONS");
INSERT INTO COMPLECTATION_OPTIONS(COMPLECTATION_ID, OPTION_MNEMONIC, OPTION_LABEL) VALUES (989, "R", "R TYPE TRANSMISSION");
INSERT INTO COMPLECTATION_OPTIONS(COMPLECTATION_ID, OPTION_MNEMONIC, OPTION_LABEL) VALUES (989, "EFI", "ELECTRIC FUEL INJECTION SYSTEM");
INSERT INTO COMPLECTATION_OPTIONS(COMPLECTATION_ID, OPTION_MNEMONIC, OPTION_LABEL) VALUES (989, "USA", "UNITED STATES OF AMERICA");
INSERT INTO COMPLECTATION_OPTIONS(COMPLECTATION_ID, OPTION_MNEMONIC, OPTION_LABEL) VALUES (989, "IV6", "INCOMPLETE VEHICLES (CAB & CHASSIS)");
INSERT INTO COMPLECTATION_OPTIONS(COMPLECTATION_ID, OPTION_MNEMONIC, OPTION_LABEL) VALUES (989, "T1", "TRUCK(STANDARD DECK 1-SIDE OPEN)");
INSERT INTO COMPLECTATION_OPTIONS(COMPLECTATION_ID, OPTION_MNEMONIC, OPTION_LABEL) VALUES (989, "JPP", "JAPAN PRODUCT PARTS");
INSERT INTO COMPLECTATION(ID, FRAME_ID, NAME, URL, ENGINE_MNEMONIC, ENGINE_LABEL, PRODUCTION_PERIOD, BODY_MNEMONIC, BODY_LABEL, GRADE_MNEMONIC, GRADE_LABEL, TRANSMISSION_MNEMONIC, TRANSMISSION_LABEL) VALUES (990, 125, "VZN95L-TWSREA6", "https://toyota-usa.epc-data.com/4runner/vzn95l/3218/", "3VZE", "3000CC EFI", "08.1988 - 08.1993", "", "", "STD", "STANDARD TYPE", "ATM", "AUTOMATIC TRANSMISSION");
INSERT INTO COMPLECTATION_OPTIONS(COMPLECTATION_ID, OPTION_MNEMONIC, OPTION_LABEL) VALUES (990, "4HC", "ATM,4-SPEED COLUMN SHIFT");
INSERT INTO COMPLECTATION_OPTIONS(COMPLECTATION_ID, OPTION_MNEMONIC, OPTION_LABEL) VALUES (990, "RCB", "REGULAR CAB");
INSERT INTO COMPLECTATION_OPTIONS(COMPLECTATION_ID, OPTION_MNEMONIC, OPTION_LABEL) VALUES (990, "WT", "DOUBLE TIRE");
INSERT INTO COMPLECTATION_OPTIONS(COMPLECTATION_ID, OPTION_MNEMONIC, OPTION_LABEL) VALUES (990, "HLF", "0.5TONS");
INSERT INTO COMPLECTATION_OPTIONS(COMPLECTATION_ID, OPTION_MNEMONIC, OPTION_LABEL) VALUES (990, "EFI", "ELECTRIC FUEL INJECTION SYSTEM");
INSERT INTO COMPLECTATION_OPTIONS(COMPLECTATION_ID, OPTION_MNEMONIC, OPTION_LABEL) VALUES (990, "USA", "UNITED STATES OF AMERICA");
INSERT INTO COMPLECTATION_OPTIONS(COMPLECTATION_ID, OPTION_MNEMONIC, OPTION_LABEL) VALUES (990, "IV6", "INCOMPLETE VEHICLES (CAB & CHASSIS)");
INSERT INTO COMPLECTATION_OPTIONS(COMPLECTATION_ID, OPTION_MNEMONIC, OPTION_LABEL) VALUES (990, "T1", "TRUCK(STANDARD DECK 1-SIDE OPEN)");
INSERT INTO COMPLECTATION_OPTIONS(COMPLECTATION_ID, OPTION_MNEMONIC, OPTION_LABEL) VALUES (990, "JPP", "JAPAN PRODUCT PARTS");
INSERT INTO COMPLECTATION(ID, FRAME_ID, NAME, URL, ENGINE_MNEMONIC, ENGINE_LABEL, PRODUCTION_PERIOD, BODY_MNEMONIC, BODY_LABEL, GRADE_MNEMONIC, GRADE_LABEL, TRANSMISSION_MNEMONIC, TRANSMISSION_LABEL) VALUES (991, 125, "VZN95L-TWSREK6", "https://toyota-usa.epc-data.com/4runner/vzn95l/3219/", "3VZE", "3000CC EFI", "08.1988 - 08.1993", "", "", "STD", "STANDARD TYPE", "ATM", "AUTOMATIC TRANSMISSION");
INSERT INTO COMPLECTATION_OPTIONS(COMPLECTATION_ID, OPTION_MNEMONIC, OPTION_LABEL) VALUES (991, "4HC", "ATM,4-SPEED COLUMN SHIFT");
INSERT INTO COMPLECTATION_OPTIONS(COMPLECTATION_ID, OPTION_MNEMONIC, OPTION_LABEL) VALUES (991, "RCB", "REGULAR CAB");
INSERT INTO COMPLECTATION_OPTIONS(COMPLECTATION_ID, OPTION_MNEMONIC, OPTION_LABEL) VALUES (991, "WT", "DOUBLE TIRE");
INSERT INTO COMPLECTATION_OPTIONS(COMPLECTATION_ID, OPTION_MNEMONIC, OPTION_LABEL) VALUES (991, "HLF", "0.5TONS");
INSERT INTO COMPLECTATION_OPTIONS(COMPLECTATION_ID, OPTION_MNEMONIC, OPTION_LABEL) VALUES (991, "EFI", "ELECTRIC FUEL INJECTION SYSTEM");
INSERT INTO COMPLECTATION_OPTIONS(COMPLECTATION_ID, OPTION_MNEMONIC, OPTION_LABEL) VALUES (991, "CND", "CANADA");
INSERT INTO COMPLECTATION_OPTIONS(COMPLECTATION_ID, OPTION_MNEMONIC, OPTION_LABEL) VALUES (991, "IV6", "INCOMPLETE VEHICLES (CAB & CHASSIS)");
INSERT INTO COMPLECTATION_OPTIONS(COMPLECTATION_ID, OPTION_MNEMONIC, OPTION_LABEL) VALUES (991, "T1", "TRUCK(STANDARD DECK 1-SIDE OPEN)");
INSERT INTO COMPLECTATION_OPTIONS(COMPLECTATION_ID, OPTION_MNEMONIC, OPTION_LABEL) VALUES (991, "JPP", "JAPAN PRODUCT PARTS");
